$MeshFormat
4.1 0 8
$EndMeshFormat
$PhysicalNames
5
1 1 "inlet"
1 2 "lower"
1 3 "outlet"
1 4 "upper"
2 5 "main"
$EndPhysicalNames
$Entities
8 8 1 0
1 0 0 0 0 
2 0.05 0 0 0 
3 0.06 0.01 0 0 
4 0.13 0.01 0 0 
5 0.13 0 0 0 
6 0.18 0 0 0 
7 0.18 0.04 0 0 
8 0 0.04 0 0 
1 0 0 0 0 0.04 0 1 1 2 8 -1 
2 0 0 0 0.05 0 0 1 2 2 1 -2 
3 0.05 0 0 0.06 0.01 0 1 2 2 2 -3 
4 0.06 0.01 0 0.13 0.01 0 1 2 2 3 -4 
5 0.13 0 0 0.13 0.01 0 1 2 2 4 -5 
6 0.13 0 0 0.18 0 0 1 2 2 5 -6 
7 0.18 0 0 0.18 0.04 0 1 3 2 6 -7 
8 0 0.04 0 0.18 0.04 0 1 4 2 7 -8 
1 0 0 0 0.18 0.04 0 1 5 8 1 2 3 4 5 6 7 8 
$EndEntities
$Nodes
17 8965 1 8965
0 1 0 1
1
0 0 0
0 2 0 1
2
0.05 0 0
0 3 0 1
3
0.06 0.01 0
0 4 0 1
4
0.13 0.01 0
0 5 0 1
5
0.13 0 0
0 6 0 1
6
0.18 0 0
0 7 0 1
7
0.18 0.04 0
0 8 0 1
8
0 0.04 0
1 1 0 47
9
10
11
12
13
14
15
16
17
18
19
20
21
22
23
24
25
26
27
28
29
30
31
32
33
34
35
36
37
38
39
40
41
42
43
44
45
46
47
48
49
50
51
52
53
54
55
0 0.0391290038364329 0
0 0.0382580076736288 0
0 0.03738701151141503 0
0 0.03651601534793234 0
0 0.03571049035450322 0
0 0.03490496535960089 0
0 0.03409944036519678 0
0 0.0332939153696088 0
0 0.03244878365894953 0
0 0.03160365194553672 0
0 0.03075852023102101 0
0 0.0299133885180927 0
0 0.02909075275181558 0
0 0.02826811698620796 0
0 0.02744548122307268 0
0 0.02662284546054683 0
0 0.02578472454946926 0
0 0.02494660363817394 0
0 0.02410848273206571 0
0 0.02327036182466545 0
0 0.02232173202957595 0
0 0.02137310223335853 0
0 0.02042447243059738 0
0 0.01947584263059034 0
0 0.01861364701518831 0
0 0.01775145139937668 0
0 0.01688925578535373 0
0 0.01602706017214442 0
0 0.01519325418582757 0
0 0.01435944819963127 0
0 0.01352564220372701 0
0 0.01269183620755255 0
0 0.011881653551881 0
0 0.01107147089647201 0
0 0.01026128823777436 0
0 0.009451105578429229 0
0 0.008682352207263565 0
0 0.007913598836147298 0
0 0.007144845459849565 0
0 0.006376092083551839 0
0 0.005598865564729903 0
0 0.004821639045000332 0
0 0.004044412513733157 0
0 0.003267185981727511 0
0 0.00245038948727918 0
0 0.001633592993370743 0
0 0.000816796496685368 0
1 2 0 59
56
57
58
59
60
61
62
63
64
65
66
67
68
69
70
71
72
73
74
75
76
77
78
79
80
81
82
83
84
85
86
87
88
89
90
91
92
93
94
95
96
97
98
99
100
101
102
103
104
105
106
107
108
109
110
111
112
113
114
0.0007987376690258468 0 0
0.001597475337921953 0 0
0.00239621300628157 0 0
0.003194950674766617 0 0
0.003937779579733699 0 0
0.004680608484700781 0 0
0.005423437387263221 0 0
0.006166266289825661 0 0
0.006891627290306785 0 0
0.007616988290787908 0 0
0.008342349290666396 0 0
0.009067710290544885 0 0
0.009868513702152377 0 0
0.01066931711375987 0 0
0.01147012052099934 0 0
0.0122709239282388 0 0
0.01311589255711539 0 0
0.01396086118599197 0 0
0.01480582981700379 0 0
0.0156507984480156 0 0
0.01644849195101604 0 0
0.01724618545401647 0 0
0.01804387895248367 0 0
0.01884157245095087 0 0
0.01972446799166087 0 0
0.02060736353237088 0 0
0.02149025908289931 0 0
0.02237315463342773 0 0
0.02328310097260948 0 0
0.02419304731179123 0 0
0.0251029936410869 0 0
0.02601293996606738 0 0
0.02691412407244741 0 0
0.0278153081791296 0 0
0.02871649228195092 0 0
0.02961767638552581 0 0
0.03047604901169323 0 0
0.03133442163678715 0 0
0.03219279425489324 0 0
0.03305116687433334 0 0
0.03389532901450872 0 0
0.03473949115487934 0 0
0.03558365328465235 0 0
0.03642781541344146 0 0
0.03729580679214665 0 0
0.03816379817298238 0 0
0.03903178956307915 0 0
0.03989978095375663 0 0
0.04077096766074602 0 0
0.04164215436720431 0 0
0.04251334108001972 0 0
0.0433845277926336 0 0
0.04422827965393368 0 0
0.04507203151609887 0 0
0.04591578339595994 0 0
0.04675953527620034 0 0
0.04756965146348615 0 0
0.04837976765120037 0 0
0.04918988382619274 0 0
1 3 0 19
115
116
117
118
119
120
121
122
123
124
125
126
127
128
129
130
131
132
133
0.05051540173245986 0.000515401732459852 0
0.05103080346373053 0.001030803463730531 0
0.05154620519250285 0.001546205192502848 0
0.05206160692686242 0.002061606926862416 0
0.05254374244553735 0.002543742445537346 0
0.05302587796320501 0.003025877963205002 0
0.05350801348050631 0.003508013480506305 0
0.05399014899801671 0.003990148998016706 0
0.05450469960221115 0.004504699602211139 0
0.05501925020718876 0.005019250207188754 0
0.05553380081353898 0.00553380081353898 0
0.0560483514199766 0.006048351419976596 0
0.05652651732579955 0.00652651732579955 0
0.05700468322960202 0.007004683229602014 0
0.05748284913060277 0.007482849130602763 0
0.0579610150328556 0.007961015032855597 0
0.05847076127492084 0.008470761274920838 0
0.05898050751908286 0.008980507519082857 0
0.0594902537602735 0.009490253760273496 0
1 4 0 79
134
135
136
137
138
139
140
141
142
143
144
145
146
147
148
149
150
151
152
153
154
155
156
157
158
159
160
161
162
163
164
165
166
167
168
169
170
171
172
173
174
175
176
177
178
179
180
181
182
183
184
185
186
187
188
189
190
191
192
193
194
195
196
197
198
199
200
201
202
203
204
205
206
207
208
209
210
211
212
0.06083469411666674 0.01 0
0.06166938823258427 0.01 0
0.06250408234952351 0.01 0
0.06333877646631302 0.01 0
0.06414836516572436 0.01 0
0.06495795386555028 0.01 0
0.06576754256253137 0.01 0
0.06657713126413783 0.01 0
0.0673908012374561 0.01 0
0.06820447121256755 0.01 0
0.06901814118641252 0.01 0
0.06983181116288117 0.01 0
0.07065349223774461 0.01 0
0.07147517331412287 0.01 0
0.07229685438885128 0.01 0
0.0731185354637563 0.01 0
0.0739708649028091 0.01 0
0.07482319434753458 0.01 0
0.07567552379129658 0.01 0
0.0765278532359842 0.01 0
0.07744748270976468 0.01 0
0.07836711218328753 0.01 0
0.07928674166136448 0.01 0
0.08020637114201593 0.01 0
0.08105561591386408 0.01 0
0.08190486068671826 0.01 0
0.08275410546097103 0.01 0
0.08360335023582621 0.01 0
0.08447708978507883 0.01 0
0.08535082933426168 0.01 0
0.08622456887853452 0.01 0
0.0870983084221474 0.01 0
0.08795720469378057 0.01 0
0.0888161009638017 0.01 0
0.08967499722236209 0.01 0
0.09053389347874456 0.01 0
0.09148526708068266 0.01 0
0.09243664068523808 0.01 0
0.09338801427450927 0.01 0
0.09433938786033487 0.01 0
0.09527634863524213 0.01 0
0.09621330940288342 0.01 0
0.09715027018386754 0.01 0
0.09808723096485167 0.01 0
0.09904791766338887 0.01 0
0.1000086043619261 0.01 0
0.1009692910450633 0.01 0
0.1019299777292761 0.01 0
0.1028435846274508 0.01 0
0.1037571915243316 0.01 0
0.1046707984320424 0.01 0
0.1055844053381592 0.01 0
0.1065036252657867 0.01 0
0.1074228451924161 0.01 0
0.1083420651081149 0.01 0
0.1092612850273854 0.01 0
0.1101501250590679 0.01 0
0.1110389650894487 0.01 0
0.1119278051250893 0.01 0
0.1128166451607299 0.01 0
0.1136714227516513 0.01 0
0.1145262003434884 0.01 0
0.115380977935362 0.01 0
0.1162357555265899 0.01 0
0.1170933045005504 0.01 0
0.1179508534748629 0.01 0
0.1188084024547816 0.01 0
0.1196659514353354 0.01 0
0.1205157756287989 0.01 0
0.1213655998231852 0.01 0
0.1222154240099173 0.01 0
0.1230652481968607 0.01 0
0.1238954275005954 0.01 0
0.1247256068048789 0.01 0
0.1255557861109891 0.01 0
0.1263859654170993 0.01 0
0.1272894740564077 0.01 0
0.1281929826981279 0.01 0
0.1290964913500449 0.01 0
1 5 0 11
213
214
215
216
217
218
219
220
221
222
223
0.13 0.009148065431024059 0
0.13 0.008296130860416607 0
0.13 0.007444196290063104 0
0.13 0.006592261720458804 0
0.13 0.005783107275288005 0
0.13 0.004973952830262452 0
0.13 0.004164798386226134 0
0.13 0.003355643942189817 0
0.13 0.002516732956687603 0
0.13 0.001677821970423684 0
0.13 0.0008389109852118409 0
1 6 0 59
224
225
226
227
228
229
230
231
232
233
234
235
236
237
238
239
240
241
242
243
244
245
246
247
248
249
250
251
252
253
254
255
256
257
258
259
260
261
262
263
264
265
266
267
268
269
270
271
272
273
274
275
276
277
278
279
280
281
282
0.1308837591561244 0 0
0.1317675183095619 0 0
0.132651277464658 0 0
0.1335350366197542 0 0
0.1343762690097416 0 0
0.135217501399729 0 0
0.1360587337866715 0 0
0.136899966176172 0 0
0.1377035756259002 0 0
0.1385071850756283 0 0
0.139310794522628 0 0
0.1401144039720708 0 0
0.1409241191686888 0 0
0.1417338343686272 0 0
0.1425435495677642 0 0
0.1433532647676503 0 0
0.1441673005882427 0 0
0.1449813364149208 0 0
0.1457953722431074 0 0
0.146609408071294 0 0
0.1474241513865704 0 0
0.1482388947027111 0 0
0.1490536380121959 0 0
0.1498683813216806 0 0
0.1506689767858687 0 0
0.151469572249316 0 0
0.1522701677212853 0 0
0.1530707631983887 0 0
0.1538961706594965 0 0
0.1547215781188592 0 0
0.1555469855819953 0 0
0.1563723930382771 0 0
0.1571497377116833 0 0
0.1579270823827216 0 0
0.1587044270624794 0 0
0.1594817717401566 0 0
0.1602718631746598 0 0
0.1610619546064359 0 0
0.1618520460458882 0 0
0.1626421374868348 0 0
0.1634578217473369 0 0
0.1642735060108149 0 0
0.1650891902891213 0 0
0.1659048745643794 0 0
0.1667897586768137 0 0
0.1676746427876157 0 0
0.1685595268820365 0 0
0.1694444109764573 0 0
0.1703466612350785 0 0
0.1712489114927055 0 0
0.1721511617714654 0 0
0.1730534120467694 0 0
0.1739085702217605 0 0
0.1747637283950533 0 0
0.1756188865788213 0 0
0.1764740447652704 0 0
0.1773555335760785 0 0
0.1782370223850576 0 0
0.1791185111891373 0 0
1 7 0 51
283
284
285
286
287
288
289
290
291
292
293
294
295
296
297
298
299
300
301
302
303
304
305
306
307
308
309
310
311
312
313
314
315
316
317
318
319
320
321
322
323
324
325
326
327
328
329
330
331
332
333
0.18 0.000829518442473663 0
0.18 0.001659036884868649 0
0.18 0.002488555327200295 0
0.18 0.003318073770064892 0
0.18 0.004092639753660158 0
0.18 0.004867205737381555 0
0.18 0.005641771720961453 0
0.18 0.00641633770454135 0
0.18 0.007136085243053309 0
0.18 0.007855832781280157 0
0.18 0.008575580322283366 0
0.18 0.009295327862824568 0
0.18 0.01000664254770417 0
0.18 0.01071795723312418 0
0.18 0.0114292719142514 0
0.18 0.01214058659499158 0
0.18 0.01286529220093409 0
0.18 0.01358999780722622 0
0.18 0.01431470340762946 0
0.18 0.01503940900823161 0
0.18 0.01577217914256199 0
0.18 0.01650494927699533 0
0.18 0.01723771940902966 0
0.18 0.01797048954059917 0
0.18 0.01871301043725301 0
0.18 0.01945553133458581 0
0.18 0.02019805223166745 0
0.18 0.02094057312556095 0
0.18 0.02169675627378662 0
0.18 0.02245293942201229 0
0.18 0.02320912256591751 0
0.18 0.02396530570909313 0
0.18 0.02473781364735705 0
0.18 0.02551032158536566 0
0.18 0.02628282952037032 0
0.18 0.02705533745481227 0
0.18 0.0278471957380796 0
0.18 0.02863905402180928 0
0.18 0.0294309122974413 0
0.18 0.03022277057307332 0
0.18 0.03103493999855476 0
0.18 0.0318471094241536 0
0.18 0.03265927886444932 0
0.18 0.0334714483039957 0
0.18 0.03428844459019951 0
0.18 0.03510544087717958 0
0.18 0.03592243717940612 0
0.18 0.03673943348163267 0
0.18 0.0375545751100034 0
0.18 0.03836971673837413 0
0.18 0.03918485836832383 0
1 8 0 203
334
335
336
337
338
339
340
341
342
343
344
345
346
347
348
349
350
351
352
353
354
355
356
357
358
359
360
361
362
363
364
365
366
367
368
369
370
371
372
373
374
375
376
377
378
379
380
381
382
383
384
385
386
387
388
389
390
391
392
393
394
395
396
397
398
399
400
401
402
403
404
405
406
407
408
409
410
411
412
413
414
415
416
417
418
419
420
421
422
423
424
425
426
427
428
429
430
431
432
433
434
435
436
437
438
439
440
441
442
443
444
445
446
447
448
449
450
451
452
453
454
455
456
457
458
459
460
461
462
463
464
465
466
467
468
469
470
471
472
473
474
475
476
477
478
479
480
481
482
483
484
485
486
487
488
489
490
491
492
493
494
495
496
497
498
499
500
501
502
503
504
505
506
507
508
509
510
511
512
513
514
515
516
517
518
519
520
521
522
523
524
525
526
527
528
529
530
531
532
533
534
535
536
0.1791527184420418 0.04 0
0.1783054368866437 0.04 0
0.1774581553290241 0.04 0
0.1766108737726082 0.04 0
0.1757516925271382 0.04 0
0.1748925112830549 0.04 0
0.1740333300401862 0.04 0
0.1731741487982737 0.04 0
0.1723085820983347 0.04 0
0.1714430153976321 0.04 0
0.1705774486986356 0.04 0
0.1697118819996391 0.04 0
0.1687225327295514 0.04 0
0.1677331834598577 0.04 0
0.1667438341855324 0.04 0
0.1657544849089527 0.04 0
0.1647660188816823 0.04 0
0.1637775528549926 0.04 0
0.1627890868306712 0.04 0
0.1618006208077541 0.04 0
0.160954506739443 0.04 0
0.1601083926714116 0.04 0
0.1592622785991781 0.04 0
0.158416164527432 0.04 0
0.1575480369669217 0.04 0
0.1566799094082249 0.04 0
0.1558117818529841 0.04 0
0.1549436542994654 0.04 0
0.1540505433815234 0.04 0
0.1531574324634087 0.04 0
0.1522643215463739 0.04 0
0.1513712106282414 0.04 0
0.1505057420010754 0.04 0
0.1496402733748175 0.04 0
0.1487748047355679 0.04 0
0.1479093360929817 0.04 0
0.1470168783621419 0.04 0
0.1461244206314747 0.04 0
0.1452319628989251 0.04 0
0.1443395051666602 0.04 0
0.1433731929703103 0.04 0
0.1424068807706101 0.04 0
0.1414405685584172 0.04 0
0.1404742563478564 0.04 0
0.1395085849245338 0.04 0
0.1385429135004957 0.04 0
0.1375772420627793 0.04 0
0.1366115706232072 0.04 0
0.1356752880897414 0.04 0
0.1347390055560242 0.04 0
0.1338027230497453 0.04 0
0.132866440542651 0.04 0
0.1319176851467165 0.04 0
0.1309689297497971 0.04 0
0.1300201743655817 0.04 0
0.1290714189820591 0.04 0
0.1281539542544398 0.04 0
0.1272364895275953 0.04 0
0.1263190248023779 0.04 0
0.1254015600805436 0.04 0
0.1244834565566205 0.04 0
0.1235653530343954 0.04 0
0.1226472495145889 0.04 0
0.1217291459945471 0.04 0
0.1208537576143423 0.04 0
0.1199783692327073 0.04 0
0.1191029808665872 0.04 0
0.1182275925011235 0.04 0
0.1173526669426836 0.04 0
0.1164777413845966 0.04 0
0.115602815815839 0.04 0
0.1147278902462579 0.04 0
0.1138471678960332 0.04 0
0.1129664455458581 0.04 0
0.112085723176703 0.04 0
0.1112050008065446 0.04 0
0.1103337506207665 0.04 0
0.1094625004359751 0.04 0
0.1085912502445108 0.04 0
0.1077200000532974 0.04 0
0.1068425774732907 0.04 0
0.1059651548927109 0.04 0
0.1050877322691671 0.04 0
0.104210309646315 0.04 0
0.1033866730114278 0.04 0
0.1025630363762082 0.04 0
0.1017393997003619 0.04 0
0.1009157630244049 0.04 0
0.1000866647154602 0.04 0
0.09925756640621743 0.04 0
0.09842846808962305 0.04 0
0.09759936977350095 0.04 0
0.0967847353324436 0.04 0
0.09597010089095878 0.04 0
0.09515546646043621 0.04 0
0.0943408320291927 0.04 0
0.09347520603443292 0.04 0
0.0926095800394019 0.04 0
0.09174395404931276 0.04 0
0.09087832805917878 0.04 0
0.08997432249053668 0.04 0
0.08907031692564518 0.04 0
0.08816631139931448 0.04 0
0.08726230587272335 0.04 0
0.08646515343579156 0.04 0
0.08566800099863009 0.04 0
0.08487084856401425 0.04 0
0.0840736961293984 0.04 0
0.08322148539331373 0.04 0
0.08236927465722908 0.04 0
0.08151706393285307 0.04 0
0.08066485320836754 0.04 0
0.07983071800545467 0.04 0
0.07899658280338484 0.04 0
0.07816244758853218 0.04 0
0.07732831237343923 0.04 0
0.07641566245273573 0.04 0
0.0755030125313306 0.04 0
0.07459036264926902 0.04 0
0.07367771276747032 0.04 0
0.07281306288068079 0.04 0
0.07194841299344248 0.04 0
0.07108376311765612 0.04 0
0.07021911324297644 0.04 0
0.06937669323050602 0.04 0
0.06853427321749009 0.04 0
0.06769185321144437 0.04 0
0.0668494332066714 0.04 0
0.06600119030373766 0.04 0
0.06515294740159749 0.04 0
0.06430470446041257 0.04 0
0.06345646152031331 0.04 0
0.06256077582718168 0.04 0
0.06166509013355671 0.04 0
0.06076940437434561 0.04 0
0.05987371861683746 0.04 0
0.05900328629997149 0.04 0
0.05813285398211963 0.04 0
0.05726242161770828 0.04 0
0.05639198925233868 0.04 0
0.05549844950586345 0.04 0
0.05460490975951396 0.04 0
0.05371137002604351 0.04 0
0.05281783029541204 0.04 0
0.05191663987530137 0.04 0
0.05101544945340286 0.04 0
0.05011425907180397 0.04 0
0.04921306869123174 0.04 0
0.04834374045798431 0.04 0
0.04747441222432403 0.04 0
0.04660508394785617 0.04 0
0.04573575567111093 0.04 0
0.04487475763649906 0.04 0
0.04401375960238324 0.04 0
0.04315276160558798 0.04 0
0.04229176360857143 0.04 0
0.04144419881855216 0.04 0
0.04059663402746078 0.04 0
0.03974906929839186 0.04 0
0.03890150456860711 0.04 0
0.03808284566781978 0.04 0
0.03726418676678056 0.04 0
0.03644552790715802 0.04 0
0.03562686904748341 0.04 0
0.03483672292704124 0.04 0
0.03404657680659912 0.04 0
0.03325643073561341 0.04 0
0.0324662846646277 0.04 0
0.03166495336594716 0.04 0
0.03086362206726664 0.04 0
0.03006229078542655 0.04 0
0.02926095950338048 0.04 0
0.02840579474328475 0.04 0
0.02755062998338309 0.04 0
0.02669546529120656 0.04 0
0.0258403005984954 0.04 0
0.02495016979352632 0.04 0
0.02406003898832848 0.04 0
0.02316990812751768 0.04 0
0.02227977726670691 0.04 0
0.02134724103842264 0.04 0
0.02041470481013838 0.04 0
0.01948216859995813 0.04 0
0.01854963238977789 0.04 0
0.01762606538088515 0.04 0
0.01670249837181376 0.04 0
0.01577893135350539 0.04 0
0.01485536433423829 0.04 0
0.01393938524644081 0.04 0
0.01302340615943931 0.04 0
0.01210742711404508 0.04 0
0.01119144806960162 0.04 0
0.01025712574422341 0.04 0
0.00932280341830688 0.04 0
0.00838848104722778 0.04 0
0.007454158676138051 0.04 0
0.006508957743525196 0.04 0
0.00556375681091234 0.04 0
0.004618555918307898 0.04 0
0.00367335502546054 0.04 0
0.002755016267530719 0.04 0
0.001836677509037182 0.04 0
0.0009183387535189325 0.04 0
2 1 0 8429
537
538
539
540
541
542
543
544
545
546
547
548
549
550
551
552
553
554
555
556
557
558
559
560
561
562
563
564
565
566
567
568
569
570
571
572
573
574
575
576
577
578
579
580
581
582
583
584
585
586
587
588
589
590
591
592
593
594
595
596
597
598
599
600
601
602
603
604
605
606
607
608
609
610
611
612
613
614
615
616
617
618
619
620
621
622
623
624
625
626
627
628
629
630
631
632
633
634
635
636
637
638
639
640
641
642
643
644
645
646
647
648
649
650
651
652
653
654
655
656
657
658
659
660
661
662
663
664
665
666
667
668
669
670
671
672
673
674
675
676
677
678
679
680
681
682
683
684
685
686
687
688
689
690
691
692
693
694
695
696
697
698
699
700
701
702
703
704
705
706
707
708
709
710
711
712
713
714
715
716
717
718
719
720
721
722
723
724
725
726
727
728
729
730
731
732
733
734
735
736
737
738
739
740
741
742
743
744
745
746
747
748
749
750
751
752
753
754
755
756
757
758
759
760
761
762
763
764
765
766
767
768
769
770
771
772
773
774
775
776
777
778
779
780
781
782
783
784
785
786
787
788
789
790
791
792
793
794
795
796
797
798
799
800
801
802
803
804
805
806
807
808
809
810
811
812
813
814
815
816
817
818
819
820
821
822
823
824
825
826
827
828
829
830
831
832
833
834
835
836
837
838
839
840
841
842
843
844
845
846
847
848
849
850
851
852
853
854
855
856
857
858
859
860
861
862
863
864
865
866
867
868
869
870
871
872
873
874
875
876
877
878
879
880
881
882
883
884
885
886
887
888
889
890
891
892
893
894
895
896
897
898
899
900
901
902
903
904
905
906
907
908
909
910
911
912
913
914
915
916
917
918
919
920
921
922
923
924
925
926
927
928
929
930
931
932
933
934
935
936
937
938
939
940
941
942
943
944
945
946
947
948
949
950
951
952
953
954
955
956
957
958
959
960
961
962
963
964
965
966
967
968
969
970
971
972
973
974
975
976
977
978
979
980
981
982
983
984
985
986
987
988
989
990
991
992
993
994
995
996
997
998
999
1000
1001
1002
1003
1004
1005
1006
1007
1008
1009
1010
1011
1012
1013
1014
1015
1016
1017
1018
1019
1020
1021
1022
1023
1024
1025
1026
1027
1028
1029
1030
1031
1032
1033
1034
1035
1036
1037
1038
1039
1040
1041
1042
1043
1044
1045
1046
1047
1048
1049
1050
1051
1052
1053
1054
1055
1056
1057
1058
1059
1060
1061
1062
1063
1064
1065
1066
1067
1068
1069
1070
1071
1072
1073
1074
1075
1076
1077
1078
1079
1080
1081
1082
1083
1084
1085
1086
1087
1088
1089
1090
1091
1092
1093
1094
1095
1096
1097
1098
1099
1100
1101
1102
1103
1104
1105
1106
1107
1108
1109
1110
1111
1112
1113
1114
1115
1116
1117
1118
1119
1120
1121
1122
1123
1124
1125
1126
1127
1128
1129
1130
1131
1132
1133
1134
1135
1136
1137
1138
1139
1140
1141
1142
1143
1144
1145
1146
1147
1148
1149
1150
1151
1152
1153
1154
1155
1156
1157
1158
1159
1160
1161
1162
1163
1164
1165
1166
1167
1168
1169
1170
1171
1172
1173
1174
1175
1176
1177
1178
1179
1180
1181
1182
1183
1184
1185
1186
1187
1188
1189
1190
1191
1192
1193
1194
1195
1196
1197
1198
1199
1200
1201
1202
1203
1204
1205
1206
1207
1208
1209
1210
1211
1212
1213
1214
1215
1216
1217
1218
1219
1220
1221
1222
1223
1224
1225
1226
1227
1228
1229
1230
1231
1232
1233
1234
1235
1236
1237
1238
1239
1240
1241
1242
1243
1244
1245
1246
1247
1248
1249
1250
1251
1252
1253
1254
1255
1256
1257
1258
1259
1260
1261
1262
1263
1264
1265
1266
1267
1268
1269
1270
1271
1272
1273
1274
1275
1276
1277
1278
1279
1280
1281
1282
1283
1284
1285
1286
1287
1288
1289
1290
1291
1292
1293
1294
1295
1296
1297
1298
1299
1300
1301
1302
1303
1304
1305
1306
1307
1308
1309
1310
1311
1312
1313
1314
1315
1316
1317
1318
1319
1320
1321
1322
1323
1324
1325
1326
1327
1328
1329
1330
1331
1332
1333
1334
1335
1336
1337
1338
1339
1340
1341
1342
1343
1344
1345
1346
1347
1348
1349
1350
1351
1352
1353
1354
1355
1356
1357
1358
1359
1360
1361
1362
1363
1364
1365
1366
1367
1368
1369
1370
1371
1372
1373
1374
1375
1376
1377
1378
1379
1380
1381
1382
1383
1384
1385
1386
1387
1388
1389
1390
1391
1392
1393
1394
1395
1396
1397
1398
1399
1400
1401
1402
1403
1404
1405
1406
1407
1408
1409
1410
1411
1412
1413
1414
1415
1416
1417
1418
1419
1420
1421
1422
1423
1424
1425
1426
1427
1428
1429
1430
1431
1432
1433
1434
1435
1436
1437
1438
1439
1440
1441
1442
1443
1444
1445
1446
1447
1448
1449
1450
1451
1452
1453
1454
1455
1456
1457
1458
1459
1460
1461
1462
1463
1464
1465
1466
1467
1468
1469
1470
1471
1472
1473
1474
1475
1476
1477
1478
1479
1480
1481
1482
1483
1484
1485
1486
1487
1488
1489
1490
1491
1492
1493
1494
1495
1496
1497
1498
1499
1500
1501
1502
1503
1504
1505
1506
1507
1508
1509
1510
1511
1512
1513
1514
1515
1516
1517
1518
1519
1520
1521
1522
1523
1524
1525
1526
1527
1528
1529
1530
1531
1532
1533
1534
1535
1536
1537
1538
1539
1540
1541
1542
1543
1544
1545
1546
1547
1548
1549
1550
1551
1552
1553
1554
1555
1556
1557
1558
1559
1560
1561
1562
1563
1564
1565
1566
1567
1568
1569
1570
1571
1572
1573
1574
1575
1576
1577
1578
1579
1580
1581
1582
1583
1584
1585
1586
1587
1588
1589
1590
1591
1592
1593
1594
1595
1596
1597
1598
1599
1600
1601
1602
1603
1604
1605
1606
1607
1608
1609
1610
1611
1612
1613
1614
1615
1616
1617
1618
1619
1620
1621
1622
1623
1624
1625
1626
1627
1628
1629
1630
1631
1632
1633
1634
1635
1636
1637
1638
1639
1640
1641
1642
1643
1644
1645
1646
1647
1648
1649
1650
1651
1652
1653
1654
1655
1656
1657
1658
1659
1660
1661
1662
1663
1664
1665
1666
1667
1668
1669
1670
1671
1672
1673
1674
1675
1676
1677
1678
1679
1680
1681
1682
1683
1684
1685
1686
1687
1688
1689
1690
1691
1692
1693
1694
1695
1696
1697
1698
1699
1700
1701
1702
1703
1704
1705
1706
1707
1708
1709
1710
1711
1712
1713
1714
1715
1716
1717
1718
1719
1720
1721
1722
1723
1724
1725
1726
1727
1728
1729
1730
1731
1732
1733
1734
1735
1736
1737
1738
1739
1740
1741
1742
1743
1744
1745
1746
1747
1748
1749
1750
1751
1752
1753
1754
1755
1756
1757
1758
1759
1760
1761
1762
1763
1764
1765
1766
1767
1768
1769
1770
1771
1772
1773
1774
1775
1776
1777
1778
1779
1780
1781
1782
1783
1784
1785
1786
1787
1788
1789
1790
1791
1792
1793
1794
1795
1796
1797
1798
1799
1800
1801
1802
1803
1804
1805
1806
1807
1808
1809
1810
1811
1812
1813
1814
1815
1816
1817
1818
1819
1820
1821
1822
1823
1824
1825
1826
1827
1828
1829
1830
1831
1832
1833
1834
1835
1836
1837
1838
1839
1840
1841
1842
1843
1844
1845
1846
1847
1848
1849
1850
1851
1852
1853
1854
1855
1856
1857
1858
1859
1860
1861
1862
1863
1864
1865
1866
1867
1868
1869
1870
1871
1872
1873
1874
1875
1876
1877
1878
1879
1880
1881
1882
1883
1884
1885
1886
1887
1888
1889
1890
1891
1892
1893
1894
1895
1896
1897
1898
1899
1900
1901
1902
1903
1904
1905
1906
1907
1908
1909
1910
1911
1912
1913
1914
1915
1916
1917
1918
1919
1920
1921
1922
1923
1924
1925
1926
1927
1928
1929
1930
1931
1932
1933
1934
1935
1936
1937
1938
1939
1940
1941
1942
1943
1944
1945
1946
1947
1948
1949
1950
1951
1952
1953
1954
1955
1956
1957
1958
1959
1960
1961
1962
1963
1964
1965
1966
1967
1968
1969
1970
1971
1972
1973
1974
1975
1976
1977
1978
1979
1980
1981
1982
1983
1984
1985
1986
1987
1988
1989
1990
1991
1992
1993
1994
1995
1996
1997
1998
1999
2000
2001
2002
2003
2004
2005
2006
2007
2008
2009
2010
2011
2012
2013
2014
2015
2016
2017
2018
2019
2020
2021
2022
2023
2024
2025
2026
2027
2028
2029
2030
2031
2032
2033
2034
2035
2036
2037
2038
2039
2040
2041
2042
2043
2044
2045
2046
2047
2048
2049
2050
2051
2052
2053
2054
2055
2056
2057
2058
2059
2060
2061
2062
2063
2064
2065
2066
2067
2068
2069
2070
2071
2072
2073
2074
2075
2076
2077
2078
2079
2080
2081
2082
2083
2084
2085
2086
2087
2088
2089
2090
2091
2092
2093
2094
2095
2096
2097
2098
2099
2100
2101
2102
2103
2104
2105
2106
2107
2108
2109
2110
2111
2112
2113
2114
2115
2116
2117
2118
2119
2120
2121
2122
2123
2124
2125
2126
2127
2128
2129
2130
2131
2132
2133
2134
2135
2136
2137
2138
2139
2140
2141
2142
2143
2144
2145
2146
2147
2148
2149
2150
2151
2152
2153
2154
2155
2156
2157
2158
2159
2160
2161
2162
2163
2164
2165
2166
2167
2168
2169
2170
2171
2172
2173
2174
2175
2176
2177
2178
2179
2180
2181
2182
2183
2184
2185
2186
2187
2188
2189
2190
2191
2192
2193
2194
2195
2196
2197
2198
2199
2200
2201
2202
2203
2204
2205
2206
2207
2208
2209
2210
2211
2212
2213
2214
2215
2216
2217
2218
2219
2220
2221
2222
2223
2224
2225
2226
2227
2228
2229
2230
2231
2232
2233
2234
2235
2236
2237
2238
2239
2240
2241
2242
2243
2244
2245
2246
2247
2248
2249
2250
2251
2252
2253
2254
2255
2256
2257
2258
2259
2260
2261
2262
2263
2264
2265
2266
2267
2268
2269
2270
2271
2272
2273
2274
2275
2276
2277
2278
2279
2280
2281
2282
2283
2284
2285
2286
2287
2288
2289
2290
2291
2292
2293
2294
2295
2296
2297
2298
2299
2300
2301
2302
2303
2304
2305
2306
2307
2308
2309
2310
2311
2312
2313
2314
2315
2316
2317
2318
2319
2320
2321
2322
2323
2324
2325
2326
2327
2328
2329
2330
2331
2332
2333
2334
2335
2336
2337
2338
2339
2340
2341
2342
2343
2344
2345
2346
2347
2348
2349
2350
2351
2352
2353
2354
2355
2356
2357
2358
2359
2360
2361
2362
2363
2364
2365
2366
2367
2368
2369
2370
2371
2372
2373
2374
2375
2376
2377
2378
2379
2380
2381
2382
2383
2384
2385
2386
2387
2388
2389
2390
2391
2392
2393
2394
2395
2396
2397
2398
2399
2400
2401
2402
2403
2404
2405
2406
2407
2408
2409
2410
2411
2412
2413
2414
2415
2416
2417
2418
2419
2420
2421
2422
2423
2424
2425
2426
2427
2428
2429
2430
2431
2432
2433
2434
2435
2436
2437
2438
2439
2440
2441
2442
2443
2444
2445
2446
2447
2448
2449
2450
2451
2452
2453
2454
2455
2456
2457
2458
2459
2460
2461
2462
2463
2464
2465
2466
2467
2468
2469
2470
2471
2472
2473
2474
2475
2476
2477
2478
2479
2480
2481
2482
2483
2484
2485
2486
2487
2488
2489
2490
2491
2492
2493
2494
2495
2496
2497
2498
2499
2500
2501
2502
2503
2504
2505
2506
2507
2508
2509
2510
2511
2512
2513
2514
2515
2516
2517
2518
2519
2520
2521
2522
2523
2524
2525
2526
2527
2528
2529
2530
2531
2532
2533
2534
2535
2536
2537
2538
2539
2540
2541
2542
2543
2544
2545
2546
2547
2548
2549
2550
2551
2552
2553
2554
2555
2556
2557
2558
2559
2560
2561
2562
2563
2564
2565
2566
2567
2568
2569
2570
2571
2572
2573
2574
2575
2576
2577
2578
2579
2580
2581
2582
2583
2584
2585
2586
2587
2588
2589
2590
2591
2592
2593
2594
2595
2596
2597
2598
2599
2600
2601
2602
2603
2604
2605
2606
2607
2608
2609
2610
2611
2612
2613
2614
2615
2616
2617
2618
2619
2620
2621
2622
2623
2624
2625
2626
2627
2628
2629
2630
2631
2632
2633
2634
2635
2636
2637
2638
2639
2640
2641
2642
2643
2644
2645
2646
2647
2648
2649
2650
2651
2652
2653
2654
2655
2656
2657
2658
2659
2660
2661
2662
2663
2664
2665
2666
2667
2668
2669
2670
2671
2672
2673
2674
2675
2676
2677
2678
2679
2680
2681
2682
2683
2684
2685
2686
2687
2688
2689
2690
2691
2692
2693
2694
2695
2696
2697
2698
2699
2700
2701
2702
2703
2704
2705
2706
2707
2708
2709
2710
2711
2712
2713
2714
2715
2716
2717
2718
2719
2720
2721
2722
2723
2724
2725
2726
2727
2728
2729
2730
2731
2732
2733
2734
2735
2736
2737
2738
2739
2740
2741
2742
2743
2744
2745
2746
2747
2748
2749
2750
2751
2752
2753
2754
2755
2756
2757
2758
2759
2760
2761
2762
2763
2764
2765
2766
2767
2768
2769
2770
2771
2772
2773
2774
2775
2776
2777
2778
2779
2780
2781
2782
2783
2784
2785
2786
2787
2788
2789
2790
2791
2792
2793
2794
2795
2796
2797
2798
2799
2800
2801
2802
2803
2804
2805
2806
2807
2808
2809
2810
2811
2812
2813
2814
2815
2816
2817
2818
2819
2820
2821
2822
2823
2824
2825
2826
2827
2828
2829
2830
2831
2832
2833
2834
2835
2836
2837
2838
2839
2840
2841
2842
2843
2844
2845
2846
2847
2848
2849
2850
2851
2852
2853
2854
2855
2856
2857
2858
2859
2860
2861
2862
2863
2864
2865
2866
2867
2868
2869
2870
2871
2872
2873
2874
2875
2876
2877
2878
2879
2880
2881
2882
2883
2884
2885
2886
2887
2888
2889
2890
2891
2892
2893
2894
2895
2896
2897
2898
2899
2900
2901
2902
2903
2904
2905
2906
2907
2908
2909
2910
2911
2912
2913
2914
2915
2916
2917
2918
2919
2920
2921
2922
2923
2924
2925
2926
2927
2928
2929
2930
2931
2932
2933
2934
2935
2936
2937
2938
2939
2940
2941
2942
2943
2944
2945
2946
2947
2948
2949
2950
2951
2952
2953
2954
2955
2956
2957
2958
2959
2960
2961
2962
2963
2964
2965
2966
2967
2968
2969
2970
2971
2972
2973
2974
2975
2976
2977
2978
2979
2980
2981
2982
2983
2984
2985
2986
2987
2988
2989
2990
2991
2992
2993
2994
2995
2996
2997
2998
2999
3000
3001
3002
3003
3004
3005
3006
3007
3008
3009
3010
3011
3012
3013
3014
3015
3016
3017
3018
3019
3020
3021
3022
3023
3024
3025
3026
3027
3028
3029
3030
3031
3032
3033
3034
3035
3036
3037
3038
3039
3040
3041
3042
3043
3044
3045
3046
3047
3048
3049
3050
3051
3052
3053
3054
3055
3056
3057
3058
3059
3060
3061
3062
3063
3064
3065
3066
3067
3068
3069
3070
3071
3072
3073
3074
3075
3076
3077
3078
3079
3080
3081
3082
3083
3084
3085
3086
3087
3088
3089
3090
3091
3092
3093
3094
3095
3096
3097
3098
3099
3100
3101
3102
3103
3104
3105
3106
3107
3108
3109
3110
3111
3112
3113
3114
3115
3116
3117
3118
3119
3120
3121
3122
3123
3124
3125
3126
3127
3128
3129
3130
3131
3132
3133
3134
3135
3136
3137
3138
3139
3140
3141
3142
3143
3144
3145
3146
3147
3148
3149
3150
3151
3152
3153
3154
3155
3156
3157
3158
3159
3160
3161
3162
3163
3164
3165
3166
3167
3168
3169
3170
3171
3172
3173
3174
3175
3176
3177
3178
3179
3180
3181
3182
3183
3184
3185
3186
3187
3188
3189
3190
3191
3192
3193
3194
3195
3196
3197
3198
3199
3200
3201
3202
3203
3204
3205
3206
3207
3208
3209
3210
3211
3212
3213
3214
3215
3216
3217
3218
3219
3220
3221
3222
3223
3224
3225
3226
3227
3228
3229
3230
3231
3232
3233
3234
3235
3236
3237
3238
3239
3240
3241
3242
3243
3244
3245
3246
3247
3248
3249
3250
3251
3252
3253
3254
3255
3256
3257
3258
3259
3260
3261
3262
3263
3264
3265
3266
3267
3268
3269
3270
3271
3272
3273
3274
3275
3276
3277
3278
3279
3280
3281
3282
3283
3284
3285
3286
3287
3288
3289
3290
3291
3292
3293
3294
3295
3296
3297
3298
3299
3300
3301
3302
3303
3304
3305
3306
3307
3308
3309
3310
3311
3312
3313
3314
3315
3316
3317
3318
3319
3320
3321
3322
3323
3324
3325
3326
3327
3328
3329
3330
3331
3332
3333
3334
3335
3336
3337
3338
3339
3340
3341
3342
3343
3344
3345
3346
3347
3348
3349
3350
3351
3352
3353
3354
3355
3356
3357
3358
3359
3360
3361
3362
3363
3364
3365
3366
3367
3368
3369
3370
3371
3372
3373
3374
3375
3376
3377
3378
3379
3380
3381
3382
3383
3384
3385
3386
3387
3388
3389
3390
3391
3392
3393
3394
3395
3396
3397
3398
3399
3400
3401
3402
3403
3404
3405
3406
3407
3408
3409
3410
3411
3412
3413
3414
3415
3416
3417
3418
3419
3420
3421
3422
3423
3424
3425
3426
3427
3428
3429
3430
3431
3432
3433
3434
3435
3436
3437
3438
3439
3440
3441
3442
3443
3444
3445
3446
3447
3448
3449
3450
3451
3452
3453
3454
3455
3456
3457
3458
3459
3460
3461
3462
3463
3464
3465
3466
3467
3468
3469
3470
3471
3472
3473
3474
3475
3476
3477
3478
3479
3480
3481
3482
3483
3484
3485
3486
3487
3488
3489
3490
3491
3492
3493
3494
3495
3496
3497
3498
3499
3500
3501
3502
3503
3504
3505
3506
3507
3508
3509
3510
3511
3512
3513
3514
3515
3516
3517
3518
3519
3520
3521
3522
3523
3524
3525
3526
3527
3528
3529
3530
3531
3532
3533
3534
3535
3536
3537
3538
3539
3540
3541
3542
3543
3544
3545
3546
3547
3548
3549
3550
3551
3552
3553
3554
3555
3556
3557
3558
3559
3560
3561
3562
3563
3564
3565
3566
3567
3568
3569
3570
3571
3572
3573
3574
3575
3576
3577
3578
3579
3580
3581
3582
3583
3584
3585
3586
3587
3588
3589
3590
3591
3592
3593
3594
3595
3596
3597
3598
3599
3600
3601
3602
3603
3604
3605
3606
3607
3608
3609
3610
3611
3612
3613
3614
3615
3616
3617
3618
3619
3620
3621
3622
3623
3624
3625
3626
3627
3628
3629
3630
3631
3632
3633
3634
3635
3636
3637
3638
3639
3640
3641
3642
3643
3644
3645
3646
3647
3648
3649
3650
3651
3652
3653
3654
3655
3656
3657
3658
3659
3660
3661
3662
3663
3664
3665
3666
3667
3668
3669
3670
3671
3672
3673
3674
3675
3676
3677
3678
3679
3680
3681
3682
3683
3684
3685
3686
3687
3688
3689
3690
3691
3692
3693
3694
3695
3696
3697
3698
3699
3700
3701
3702
3703
3704
3705
3706
3707
3708
3709
3710
3711
3712
3713
3714
3715
3716
3717
3718
3719
3720
3721
3722
3723
3724
3725
3726
3727
3728
3729
3730
3731
3732
3733
3734
3735
3736
3737
3738
3739
3740
3741
3742
3743
3744
3745
3746
3747
3748
3749
3750
3751
3752
3753
3754
3755
3756
3757
3758
3759
3760
3761
3762
3763
3764
3765
3766
3767
3768
3769
3770
3771
3772
3773
3774
3775
3776
3777
3778
3779
3780
3781
3782
3783
3784
3785
3786
3787
3788
3789
3790
3791
3792
3793
3794
3795
3796
3797
3798
3799
3800
3801
3802
3803
3804
3805
3806
3807
3808
3809
3810
3811
3812
3813
3814
3815
3816
3817
3818
3819
3820
3821
3822
3823
3824
3825
3826
3827
3828
3829
3830
3831
3832
3833
3834
3835
3836
3837
3838
3839
3840
3841
3842
3843
3844
3845
3846
3847
3848
3849
3850
3851
3852
3853
3854
3855
3856
3857
3858
3859
3860
3861
3862
3863
3864
3865
3866
3867
3868
3869
3870
3871
3872
3873
3874
3875
3876
3877
3878
3879
3880
3881
3882
3883
3884
3885
3886
3887
3888
3889
3890
3891
3892
3893
3894
3895
3896
3897
3898
3899
3900
3901
3902
3903
3904
3905
3906
3907
3908
3909
3910
3911
3912
3913
3914
3915
3916
3917
3918
3919
3920
3921
3922
3923
3924
3925
3926
3927
3928
3929
3930
3931
3932
3933
3934
3935
3936
3937
3938
3939
3940
3941
3942
3943
3944
3945
3946
3947
3948
3949
3950
3951
3952
3953
3954
3955
3956
3957
3958
3959
3960
3961
3962
3963
3964
3965
3966
3967
3968
3969
3970
3971
3972
3973
3974
3975
3976
3977
3978
3979
3980
3981
3982
3983
3984
3985
3986
3987
3988
3989
3990
3991
3992
3993
3994
3995
3996
3997
3998
3999
4000
4001
4002
4003
4004
4005
4006
4007
4008
4009
4010
4011
4012
4013
4014
4015
4016
4017
4018
4019
4020
4021
4022
4023
4024
4025
4026
4027
4028
4029
4030
4031
4032
4033
4034
4035
4036
4037
4038
4039
4040
4041
4042
4043
4044
4045
4046
4047
4048
4049
4050
4051
4052
4053
4054
4055
4056
4057
4058
4059
4060
4061
4062
4063
4064
4065
4066
4067
4068
4069
4070
4071
4072
4073
4074
4075
4076
4077
4078
4079
4080
4081
4082
4083
4084
4085
4086
4087
4088
4089
4090
4091
4092
4093
4094
4095
4096
4097
4098
4099
4100
4101
4102
4103
4104
4105
4106
4107
4108
4109
4110
4111
4112
4113
4114
4115
4116
4117
4118
4119
4120
4121
4122
4123
4124
4125
4126
4127
4128
4129
4130
4131
4132
4133
4134
4135
4136
4137
4138
4139
4140
4141
4142
4143
4144
4145
4146
4147
4148
4149
4150
4151
4152
4153
4154
4155
4156
4157
4158
4159
4160
4161
4162
4163
4164
4165
4166
4167
4168
4169
4170
4171
4172
4173
4174
4175
4176
4177
4178
4179
4180
4181
4182
4183
4184
4185
4186
4187
4188
4189
4190
4191
4192
4193
4194
4195
4196
4197
4198
4199
4200
4201
4202
4203
4204
4205
4206
4207
4208
4209
4210
4211
4212
4213
4214
4215
4216
4217
4218
4219
4220
4221
4222
4223
4224
4225
4226
4227
4228
4229
4230
4231
4232
4233
4234
4235
4236
4237
4238
4239
4240
4241
4242
4243
4244
4245
4246
4247
4248
4249
4250
4251
4252
4253
4254
4255
4256
4257
4258
4259
4260
4261
4262
4263
4264
4265
4266
4267
4268
4269
4270
4271
4272
4273
4274
4275
4276
4277
4278
4279
4280
4281
4282
4283
4284
4285
4286
4287
4288
4289
4290
4291
4292
4293
4294
4295
4296
4297
4298
4299
4300
4301
4302
4303
4304
4305
4306
4307
4308
4309
4310
4311
4312
4313
4314
4315
4316
4317
4318
4319
4320
4321
4322
4323
4324
4325
4326
4327
4328
4329
4330
4331
4332
4333
4334
4335
4336
4337
4338
4339
4340
4341
4342
4343
4344
4345
4346
4347
4348
4349
4350
4351
4352
4353
4354
4355
4356
4357
4358
4359
4360
4361
4362
4363
4364
4365
4366
4367
4368
4369
4370
4371
4372
4373
4374
4375
4376
4377
4378
4379
4380
4381
4382
4383
4384
4385
4386
4387
4388
4389
4390
4391
4392
4393
4394
4395
4396
4397
4398
4399
4400
4401
4402
4403
4404
4405
4406
4407
4408
4409
4410
4411
4412
4413
4414
4415
4416
4417
4418
4419
4420
4421
4422
4423
4424
4425
4426
4427
4428
4429
4430
4431
4432
4433
4434
4435
4436
4437
4438
4439
4440
4441
4442
4443
4444
4445
4446
4447
4448
4449
4450
4451
4452
4453
4454
4455
4456
4457
4458
4459
4460
4461
4462
4463
4464
4465
4466
4467
4468
4469
4470
4471
4472
4473
4474
4475
4476
4477
4478
4479
4480
4481
4482
4483
4484
4485
4486
4487
4488
4489
4490
4491
4492
4493
4494
4495
4496
4497
4498
4499
4500
4501
4502
4503
4504
4505
4506
4507
4508
4509
4510
4511
4512
4513
4514
4515
4516
4517
4518
4519
4520
4521
4522
4523
4524
4525
4526
4527
4528
4529
4530
4531
4532
4533
4534
4535
4536
4537
4538
4539
4540
4541
4542
4543
4544
4545
4546
4547
4548
4549
4550
4551
4552
4553
4554
4555
4556
4557
4558
4559
4560
4561
4562
4563
4564
4565
4566
4567
4568
4569
4570
4571
4572
4573
4574
4575
4576
4577
4578
4579
4580
4581
4582
4583
4584
4585
4586
4587
4588
4589
4590
4591
4592
4593
4594
4595
4596
4597
4598
4599
4600
4601
4602
4603
4604
4605
4606
4607
4608
4609
4610
4611
4612
4613
4614
4615
4616
4617
4618
4619
4620
4621
4622
4623
4624
4625
4626
4627
4628
4629
4630
4631
4632
4633
4634
4635
4636
4637
4638
4639
4640
4641
4642
4643
4644
4645
4646
4647
4648
4649
4650
4651
4652
4653
4654
4655
4656
4657
4658
4659
4660
4661
4662
4663
4664
4665
4666
4667
4668
4669
4670
4671
4672
4673
4674
4675
4676
4677
4678
4679
4680
4681
4682
4683
4684
4685
4686
4687
4688
4689
4690
4691
4692
4693
4694
4695
4696
4697
4698
4699
4700
4701
4702
4703
4704
4705
4706
4707
4708
4709
4710
4711
4712
4713
4714
4715
4716
4717
4718
4719
4720
4721
4722
4723
4724
4725
4726
4727
4728
4729
4730
4731
4732
4733
4734
4735
4736
4737
4738
4739
4740
4741
4742
4743
4744
4745
4746
4747
4748
4749
4750
4751
4752
4753
4754
4755
4756
4757
4758
4759
4760
4761
4762
4763
4764
4765
4766
4767
4768
4769
4770
4771
4772
4773
4774
4775
4776
4777
4778
4779
4780
4781
4782
4783
4784
4785
4786
4787
4788
4789
4790
4791
4792
4793
4794
4795
4796
4797
4798
4799
4800
4801
4802
4803
4804
4805
4806
4807
4808
4809
4810
4811
4812
4813
4814
4815
4816
4817
4818
4819
4820
4821
4822
4823
4824
4825
4826
4827
4828
4829
4830
4831
4832
4833
4834
4835
4836
4837
4838
4839
4840
4841
4842
4843
4844
4845
4846
4847
4848
4849
4850
4851
4852
4853
4854
4855
4856
4857
4858
4859
4860
4861
4862
4863
4864
4865
4866
4867
4868
4869
4870
4871
4872
4873
4874
4875
4876
4877
4878
4879
4880
4881
4882
4883
4884
4885
4886
4887
4888
4889
4890
4891
4892
4893
4894
4895
4896
4897
4898
4899
4900
4901
4902
4903
4904
4905
4906
4907
4908
4909
4910
4911
4912
4913
4914
4915
4916
4917
4918
4919
4920
4921
4922
4923
4924
4925
4926
4927
4928
4929
4930
4931
4932
4933
4934
4935
4936
4937
4938
4939
4940
4941
4942
4943
4944
4945
4946
4947
4948
4949
4950
4951
4952
4953
4954
4955
4956
4957
4958
4959
4960
4961
4962
4963
4964
4965
4966
4967
4968
4969
4970
4971
4972
4973
4974
4975
4976
4977
4978
4979
4980
4981
4982
4983
4984
4985
4986
4987
4988
4989
4990
4991
4992
4993
4994
4995
4996
4997
4998
4999
5000
5001
5002
5003
5004
5005
5006
5007
5008
5009
5010
5011
5012
5013
5014
5015
5016
5017
5018
5019
5020
5021
5022
5023
5024
5025
5026
5027
5028
5029
5030
5031
5032
5033
5034
5035
5036
5037
5038
5039
5040
5041
5042
5043
5044
5045
5046
5047
5048
5049
5050
5051
5052
5053
5054
5055
5056
5057
5058
5059
5060
5061
5062
5063
5064
5065
5066
5067
5068
5069
5070
5071
5072
5073
5074
5075
5076
5077
5078
5079
5080
5081
5082
5083
5084
5085
5086
5087
5088
5089
5090
5091
5092
5093
5094
5095
5096
5097
5098
5099
5100
5101
5102
5103
5104
5105
5106
5107
5108
5109
5110
5111
5112
5113
5114
5115
5116
5117
5118
5119
5120
5121
5122
5123
5124
5125
5126
5127
5128
5129
5130
5131
5132
5133
5134
5135
5136
5137
5138
5139
5140
5141
5142
5143
5144
5145
5146
5147
5148
5149
5150
5151
5152
5153
5154
5155
5156
5157
5158
5159
5160
5161
5162
5163
5164
5165
5166
5167
5168
5169
5170
5171
5172
5173
5174
5175
5176
5177
5178
5179
5180
5181
5182
5183
5184
5185
5186
5187
5188
5189
5190
5191
5192
5193
5194
5195
5196
5197
5198
5199
5200
5201
5202
5203
5204
5205
5206
5207
5208
5209
5210
5211
5212
5213
5214
5215
5216
5217
5218
5219
5220
5221
5222
5223
5224
5225
5226
5227
5228
5229
5230
5231
5232
5233
5234
5235
5236
5237
5238
5239
5240
5241
5242
5243
5244
5245
5246
5247
5248
5249
5250
5251
5252
5253
5254
5255
5256
5257
5258
5259
5260
5261
5262
5263
5264
5265
5266
5267
5268
5269
5270
5271
5272
5273
5274
5275
5276
5277
5278
5279
5280
5281
5282
5283
5284
5285
5286
5287
5288
5289
5290
5291
5292
5293
5294
5295
5296
5297
5298
5299
5300
5301
5302
5303
5304
5305
5306
5307
5308
5309
5310
5311
5312
5313
5314
5315
5316
5317
5318
5319
5320
5321
5322
5323
5324
5325
5326
5327
5328
5329
5330
5331
5332
5333
5334
5335
5336
5337
5338
5339
5340
5341
5342
5343
5344
5345
5346
5347
5348
5349
5350
5351
5352
5353
5354
5355
5356
5357
5358
5359
5360
5361
5362
5363
5364
5365
5366
5367
5368
5369
5370
5371
5372
5373
5374
5375
5376
5377
5378
5379
5380
5381
5382
5383
5384
5385
5386
5387
5388
5389
5390
5391
5392
5393
5394
5395
5396
5397
5398
5399
5400
5401
5402
5403
5404
5405
5406
5407
5408
5409
5410
5411
5412
5413
5414
5415
5416
5417
5418
5419
5420
5421
5422
5423
5424
5425
5426
5427
5428
5429
5430
5431
5432
5433
5434
5435
5436
5437
5438
5439
5440
5441
5442
5443
5444
5445
5446
5447
5448
5449
5450
5451
5452
5453
5454
5455
5456
5457
5458
5459
5460
5461
5462
5463
5464
5465
5466
5467
5468
5469
5470
5471
5472
5473
5474
5475
5476
5477
5478
5479
5480
5481
5482
5483
5484
5485
5486
5487
5488
5489
5490
5491
5492
5493
5494
5495
5496
5497
5498
5499
5500
5501
5502
5503
5504
5505
5506
5507
5508
5509
5510
5511
5512
5513
5514
5515
5516
5517
5518
5519
5520
5521
5522
5523
5524
5525
5526
5527
5528
5529
5530
5531
5532
5533
5534
5535
5536
5537
5538
5539
5540
5541
5542
5543
5544
5545
5546
5547
5548
5549
5550
5551
5552
5553
5554
5555
5556
5557
5558
5559
5560
5561
5562
5563
5564
5565
5566
5567
5568
5569
5570
5571
5572
5573
5574
5575
5576
5577
5578
5579
5580
5581
5582
5583
5584
5585
5586
5587
5588
5589
5590
5591
5592
5593
5594
5595
5596
5597
5598
5599
5600
5601
5602
5603
5604
5605
5606
5607
5608
5609
5610
5611
5612
5613
5614
5615
5616
5617
5618
5619
5620
5621
5622
5623
5624
5625
5626
5627
5628
5629
5630
5631
5632
5633
5634
5635
5636
5637
5638
5639
5640
5641
5642
5643
5644
5645
5646
5647
5648
5649
5650
5651
5652
5653
5654
5655
5656
5657
5658
5659
5660
5661
5662
5663
5664
5665
5666
5667
5668
5669
5670
5671
5672
5673
5674
5675
5676
5677
5678
5679
5680
5681
5682
5683
5684
5685
5686
5687
5688
5689
5690
5691
5692
5693
5694
5695
5696
5697
5698
5699
5700
5701
5702
5703
5704
5705
5706
5707
5708
5709
5710
5711
5712
5713
5714
5715
5716
5717
5718
5719
5720
5721
5722
5723
5724
5725
5726
5727
5728
5729
5730
5731
5732
5733
5734
5735
5736
5737
5738
5739
5740
5741
5742
5743
5744
5745
5746
5747
5748
5749
5750
5751
5752
5753
5754
5755
5756
5757
5758
5759
5760
5761
5762
5763
5764
5765
5766
5767
5768
5769
5770
5771
5772
5773
5774
5775
5776
5777
5778
5779
5780
5781
5782
5783
5784
5785
5786
5787
5788
5789
5790
5791
5792
5793
5794
5795
5796
5797
5798
5799
5800
5801
5802
5803
5804
5805
5806
5807
5808
5809
5810
5811
5812
5813
5814
5815
5816
5817
5818
5819
5820
5821
5822
5823
5824
5825
5826
5827
5828
5829
5830
5831
5832
5833
5834
5835
5836
5837
5838
5839
5840
5841
5842
5843
5844
5845
5846
5847
5848
5849
5850
5851
5852
5853
5854
5855
5856
5857
5858
5859
5860
5861
5862
5863
5864
5865
5866
5867
5868
5869
5870
5871
5872
5873
5874
5875
5876
5877
5878
5879
5880
5881
5882
5883
5884
5885
5886
5887
5888
5889
5890
5891
5892
5893
5894
5895
5896
5897
5898
5899
5900
5901
5902
5903
5904
5905
5906
5907
5908
5909
5910
5911
5912
5913
5914
5915
5916
5917
5918
5919
5920
5921
5922
5923
5924
5925
5926
5927
5928
5929
5930
5931
5932
5933
5934
5935
5936
5937
5938
5939
5940
5941
5942
5943
5944
5945
5946
5947
5948
5949
5950
5951
5952
5953
5954
5955
5956
5957
5958
5959
5960
5961
5962
5963
5964
5965
5966
5967
5968
5969
5970
5971
5972
5973
5974
5975
5976
5977
5978
5979
5980
5981
5982
5983
5984
5985
5986
5987
5988
5989
5990
5991
5992
5993
5994
5995
5996
5997
5998
5999
6000
6001
6002
6003
6004
6005
6006
6007
6008
6009
6010
6011
6012
6013
6014
6015
6016
6017
6018
6019
6020
6021
6022
6023
6024
6025
6026
6027
6028
6029
6030
6031
6032
6033
6034
6035
6036
6037
6038
6039
6040
6041
6042
6043
6044
6045
6046
6047
6048
6049
6050
6051
6052
6053
6054
6055
6056
6057
6058
6059
6060
6061
6062
6063
6064
6065
6066
6067
6068
6069
6070
6071
6072
6073
6074
6075
6076
6077
6078
6079
6080
6081
6082
6083
6084
6085
6086
6087
6088
6089
6090
6091
6092
6093
6094
6095
6096
6097
6098
6099
6100
6101
6102
6103
6104
6105
6106
6107
6108
6109
6110
6111
6112
6113
6114
6115
6116
6117
6118
6119
6120
6121
6122
6123
6124
6125
6126
6127
6128
6129
6130
6131
6132
6133
6134
6135
6136
6137
6138
6139
6140
6141
6142
6143
6144
6145
6146
6147
6148
6149
6150
6151
6152
6153
6154
6155
6156
6157
6158
6159
6160
6161
6162
6163
6164
6165
6166
6167
6168
6169
6170
6171
6172
6173
6174
6175
6176
6177
6178
6179
6180
6181
6182
6183
6184
6185
6186
6187
6188
6189
6190
6191
6192
6193
6194
6195
6196
6197
6198
6199
6200
6201
6202
6203
6204
6205
6206
6207
6208
6209
6210
6211
6212
6213
6214
6215
6216
6217
6218
6219
6220
6221
6222
6223
6224
6225
6226
6227
6228
6229
6230
6231
6232
6233
6234
6235
6236
6237
6238
6239
6240
6241
6242
6243
6244
6245
6246
6247
6248
6249
6250
6251
6252
6253
6254
6255
6256
6257
6258
6259
6260
6261
6262
6263
6264
6265
6266
6267
6268
6269
6270
6271
6272
6273
6274
6275
6276
6277
6278
6279
6280
6281
6282
6283
6284
6285
6286
6287
6288
6289
6290
6291
6292
6293
6294
6295
6296
6297
6298
6299
6300
6301
6302
6303
6304
6305
6306
6307
6308
6309
6310
6311
6312
6313
6314
6315
6316
6317
6318
6319
6320
6321
6322
6323
6324
6325
6326
6327
6328
6329
6330
6331
6332
6333
6334
6335
6336
6337
6338
6339
6340
6341
6342
6343
6344
6345
6346
6347
6348
6349
6350
6351
6352
6353
6354
6355
6356
6357
6358
6359
6360
6361
6362
6363
6364
6365
6366
6367
6368
6369
6370
6371
6372
6373
6374
6375
6376
6377
6378
6379
6380
6381
6382
6383
6384
6385
6386
6387
6388
6389
6390
6391
6392
6393
6394
6395
6396
6397
6398
6399
6400
6401
6402
6403
6404
6405
6406
6407
6408
6409
6410
6411
6412
6413
6414
6415
6416
6417
6418
6419
6420
6421
6422
6423
6424
6425
6426
6427
6428
6429
6430
6431
6432
6433
6434
6435
6436
6437
6438
6439
6440
6441
6442
6443
6444
6445
6446
6447
6448
6449
6450
6451
6452
6453
6454
6455
6456
6457
6458
6459
6460
6461
6462
6463
6464
6465
6466
6467
6468
6469
6470
6471
6472
6473
6474
6475
6476
6477
6478
6479
6480
6481
6482
6483
6484
6485
6486
6487
6488
6489
6490
6491
6492
6493
6494
6495
6496
6497
6498
6499
6500
6501
6502
6503
6504
6505
6506
6507
6508
6509
6510
6511
6512
6513
6514
6515
6516
6517
6518
6519
6520
6521
6522
6523
6524
6525
6526
6527
6528
6529
6530
6531
6532
6533
6534
6535
6536
6537
6538
6539
6540
6541
6542
6543
6544
6545
6546
6547
6548
6549
6550
6551
6552
6553
6554
6555
6556
6557
6558
6559
6560
6561
6562
6563
6564
6565
6566
6567
6568
6569
6570
6571
6572
6573
6574
6575
6576
6577
6578
6579
6580
6581
6582
6583
6584
6585
6586
6587
6588
6589
6590
6591
6592
6593
6594
6595
6596
6597
6598
6599
6600
6601
6602
6603
6604
6605
6606
6607
6608
6609
6610
6611
6612
6613
6614
6615
6616
6617
6618
6619
6620
6621
6622
6623
6624
6625
6626
6627
6628
6629
6630
6631
6632
6633
6634
6635
6636
6637
6638
6639
6640
6641
6642
6643
6644
6645
6646
6647
6648
6649
6650
6651
6652
6653
6654
6655
6656
6657
6658
6659
6660
6661
6662
6663
6664
6665
6666
6667
6668
6669
6670
6671
6672
6673
6674
6675
6676
6677
6678
6679
6680
6681
6682
6683
6684
6685
6686
6687
6688
6689
6690
6691
6692
6693
6694
6695
6696
6697
6698
6699
6700
6701
6702
6703
6704
6705
6706
6707
6708
6709
6710
6711
6712
6713
6714
6715
6716
6717
6718
6719
6720
6721
6722
6723
6724
6725
6726
6727
6728
6729
6730
6731
6732
6733
6734
6735
6736
6737
6738
6739
6740
6741
6742
6743
6744
6745
6746
6747
6748
6749
6750
6751
6752
6753
6754
6755
6756
6757
6758
6759
6760
6761
6762
6763
6764
6765
6766
6767
6768
6769
6770
6771
6772
6773
6774
6775
6776
6777
6778
6779
6780
6781
6782
6783
6784
6785
6786
6787
6788
6789
6790
6791
6792
6793
6794
6795
6796
6797
6798
6799
6800
6801
6802
6803
6804
6805
6806
6807
6808
6809
6810
6811
6812
6813
6814
6815
6816
6817
6818
6819
6820
6821
6822
6823
6824
6825
6826
6827
6828
6829
6830
6831
6832
6833
6834
6835
6836
6837
6838
6839
6840
6841
6842
6843
6844
6845
6846
6847
6848
6849
6850
6851
6852
6853
6854
6855
6856
6857
6858
6859
6860
6861
6862
6863
6864
6865
6866
6867
6868
6869
6870
6871
6872
6873
6874
6875
6876
6877
6878
6879
6880
6881
6882
6883
6884
6885
6886
6887
6888
6889
6890
6891
6892
6893
6894
6895
6896
6897
6898
6899
6900
6901
6902
6903
6904
6905
6906
6907
6908
6909
6910
6911
6912
6913
6914
6915
6916
6917
6918
6919
6920
6921
6922
6923
6924
6925
6926
6927
6928
6929
6930
6931
6932
6933
6934
6935
6936
6937
6938
6939
6940
6941
6942
6943
6944
6945
6946
6947
6948
6949
6950
6951
6952
6953
6954
6955
6956
6957
6958
6959
6960
6961
6962
6963
6964
6965
6966
6967
6968
6969
6970
6971
6972
6973
6974
6975
6976
6977
6978
6979
6980
6981
6982
6983
6984
6985
6986
6987
6988
6989
6990
6991
6992
6993
6994
6995
6996
6997
6998
6999
7000
7001
7002
7003
7004
7005
7006
7007
7008
7009
7010
7011
7012
7013
7014
7015
7016
7017
7018
7019
7020
7021
7022
7023
7024
7025
7026
7027
7028
7029
7030
7031
7032
7033
7034
7035
7036
7037
7038
7039
7040
7041
7042
7043
7044
7045
7046
7047
7048
7049
7050
7051
7052
7053
7054
7055
7056
7057
7058
7059
7060
7061
7062
7063
7064
7065
7066
7067
7068
7069
7070
7071
7072
7073
7074
7075
7076
7077
7078
7079
7080
7081
7082
7083
7084
7085
7086
7087
7088
7089
7090
7091
7092
7093
7094
7095
7096
7097
7098
7099
7100
7101
7102
7103
7104
7105
7106
7107
7108
7109
7110
7111
7112
7113
7114
7115
7116
7117
7118
7119
7120
7121
7122
7123
7124
7125
7126
7127
7128
7129
7130
7131
7132
7133
7134
7135
7136
7137
7138
7139
7140
7141
7142
7143
7144
7145
7146
7147
7148
7149
7150
7151
7152
7153
7154
7155
7156
7157
7158
7159
7160
7161
7162
7163
7164
7165
7166
7167
7168
7169
7170
7171
7172
7173
7174
7175
7176
7177
7178
7179
7180
7181
7182
7183
7184
7185
7186
7187
7188
7189
7190
7191
7192
7193
7194
7195
7196
7197
7198
7199
7200
7201
7202
7203
7204
7205
7206
7207
7208
7209
7210
7211
7212
7213
7214
7215
7216
7217
7218
7219
7220
7221
7222
7223
7224
7225
7226
7227
7228
7229
7230
7231
7232
7233
7234
7235
7236
7237
7238
7239
7240
7241
7242
7243
7244
7245
7246
7247
7248
7249
7250
7251
7252
7253
7254
7255
7256
7257
7258
7259
7260
7261
7262
7263
7264
7265
7266
7267
7268
7269
7270
7271
7272
7273
7274
7275
7276
7277
7278
7279
7280
7281
7282
7283
7284
7285
7286
7287
7288
7289
7290
7291
7292
7293
7294
7295
7296
7297
7298
7299
7300
7301
7302
7303
7304
7305
7306
7307
7308
7309
7310
7311
7312
7313
7314
7315
7316
7317
7318
7319
7320
7321
7322
7323
7324
7325
7326
7327
7328
7329
7330
7331
7332
7333
7334
7335
7336
7337
7338
7339
7340
7341
7342
7343
7344
7345
7346
7347
7348
7349
7350
7351
7352
7353
7354
7355
7356
7357
7358
7359
7360
7361
7362
7363
7364
7365
7366
7367
7368
7369
7370
7371
7372
7373
7374
7375
7376
7377
7378
7379
7380
7381
7382
7383
7384
7385
7386
7387
7388
7389
7390
7391
7392
7393
7394
7395
7396
7397
7398
7399
7400
7401
7402
7403
7404
7405
7406
7407
7408
7409
7410
7411
7412
7413
7414
7415
7416
7417
7418
7419
7420
7421
7422
7423
7424
7425
7426
7427
7428
7429
7430
7431
7432
7433
7434
7435
7436
7437
7438
7439
7440
7441
7442
7443
7444
7445
7446
7447
7448
7449
7450
7451
7452
7453
7454
7455
7456
7457
7458
7459
7460
7461
7462
7463
7464
7465
7466
7467
7468
7469
7470
7471
7472
7473
7474
7475
7476
7477
7478
7479
7480
7481
7482
7483
7484
7485
7486
7487
7488
7489
7490
7491
7492
7493
7494
7495
7496
7497
7498
7499
7500
7501
7502
7503
7504
7505
7506
7507
7508
7509
7510
7511
7512
7513
7514
7515
7516
7517
7518
7519
7520
7521
7522
7523
7524
7525
7526
7527
7528
7529
7530
7531
7532
7533
7534
7535
7536
7537
7538
7539
7540
7541
7542
7543
7544
7545
7546
7547
7548
7549
7550
7551
7552
7553
7554
7555
7556
7557
7558
7559
7560
7561
7562
7563
7564
7565
7566
7567
7568
7569
7570
7571
7572
7573
7574
7575
7576
7577
7578
7579
7580
7581
7582
7583
7584
7585
7586
7587
7588
7589
7590
7591
7592
7593
7594
7595
7596
7597
7598
7599
7600
7601
7602
7603
7604
7605
7606
7607
7608
7609
7610
7611
7612
7613
7614
7615
7616
7617
7618
7619
7620
7621
7622
7623
7624
7625
7626
7627
7628
7629
7630
7631
7632
7633
7634
7635
7636
7637
7638
7639
7640
7641
7642
7643
7644
7645
7646
7647
7648
7649
7650
7651
7652
7653
7654
7655
7656
7657
7658
7659
7660
7661
7662
7663
7664
7665
7666
7667
7668
7669
7670
7671
7672
7673
7674
7675
7676
7677
7678
7679
7680
7681
7682
7683
7684
7685
7686
7687
7688
7689
7690
7691
7692
7693
7694
7695
7696
7697
7698
7699
7700
7701
7702
7703
7704
7705
7706
7707
7708
7709
7710
7711
7712
7713
7714
7715
7716
7717
7718
7719
7720
7721
7722
7723
7724
7725
7726
7727
7728
7729
7730
7731
7732
7733
7734
7735
7736
7737
7738
7739
7740
7741
7742
7743
7744
7745
7746
7747
7748
7749
7750
7751
7752
7753
7754
7755
7756
7757
7758
7759
7760
7761
7762
7763
7764
7765
7766
7767
7768
7769
7770
7771
7772
7773
7774
7775
7776
7777
7778
7779
7780
7781
7782
7783
7784
7785
7786
7787
7788
7789
7790
7791
7792
7793
7794
7795
7796
7797
7798
7799
7800
7801
7802
7803
7804
7805
7806
7807
7808
7809
7810
7811
7812
7813
7814
7815
7816
7817
7818
7819
7820
7821
7822
7823
7824
7825
7826
7827
7828
7829
7830
7831
7832
7833
7834
7835
7836
7837
7838
7839
7840
7841
7842
7843
7844
7845
7846
7847
7848
7849
7850
7851
7852
7853
7854
7855
7856
7857
7858
7859
7860
7861
7862
7863
7864
7865
7866
7867
7868
7869
7870
7871
7872
7873
7874
7875
7876
7877
7878
7879
7880
7881
7882
7883
7884
7885
7886
7887
7888
7889
7890
7891
7892
7893
7894
7895
7896
7897
7898
7899
7900
7901
7902
7903
7904
7905
7906
7907
7908
7909
7910
7911
7912
7913
7914
7915
7916
7917
7918
7919
7920
7921
7922
7923
7924
7925
7926
7927
7928
7929
7930
7931
7932
7933
7934
7935
7936
7937
7938
7939
7940
7941
7942
7943
7944
7945
7946
7947
7948
7949
7950
7951
7952
7953
7954
7955
7956
7957
7958
7959
7960
7961
7962
7963
7964
7965
7966
7967
7968
7969
7970
7971
7972
7973
7974
7975
7976
7977
7978
7979
7980
7981
7982
7983
7984
7985
7986
7987
7988
7989
7990
7991
7992
7993
7994
7995
7996
7997
7998
7999
8000
8001
8002
8003
8004
8005
8006
8007
8008
8009
8010
8011
8012
8013
8014
8015
8016
8017
8018
8019
8020
8021
8022
8023
8024
8025
8026
8027
8028
8029
8030
8031
8032
8033
8034
8035
8036
8037
8038
8039
8040
8041
8042
8043
8044
8045
8046
8047
8048
8049
8050
8051
8052
8053
8054
8055
8056
8057
8058
8059
8060
8061
8062
8063
8064
8065
8066
8067
8068
8069
8070
8071
8072
8073
8074
8075
8076
8077
8078
8079
8080
8081
8082
8083
8084
8085
8086
8087
8088
8089
8090
8091
8092
8093
8094
8095
8096
8097
8098
8099
8100
8101
8102
8103
8104
8105
8106
8107
8108
8109
8110
8111
8112
8113
8114
8115
8116
8117
8118
8119
8120
8121
8122
8123
8124
8125
8126
8127
8128
8129
8130
8131
8132
8133
8134
8135
8136
8137
8138
8139
8140
8141
8142
8143
8144
8145
8146
8147
8148
8149
8150
8151
8152
8153
8154
8155
8156
8157
8158
8159
8160
8161
8162
8163
8164
8165
8166
8167
8168
8169
8170
8171
8172
8173
8174
8175
8176
8177
8178
8179
8180
8181
8182
8183
8184
8185
8186
8187
8188
8189
8190
8191
8192
8193
8194
8195
8196
8197
8198
8199
8200
8201
8202
8203
8204
8205
8206
8207
8208
8209
8210
8211
8212
8213
8214
8215
8216
8217
8218
8219
8220
8221
8222
8223
8224
8225
8226
8227
8228
8229
8230
8231
8232
8233
8234
8235
8236
8237
8238
8239
8240
8241
8242
8243
8244
8245
8246
8247
8248
8249
8250
8251
8252
8253
8254
8255
8256
8257
8258
8259
8260
8261
8262
8263
8264
8265
8266
8267
8268
8269
8270
8271
8272
8273
8274
8275
8276
8277
8278
8279
8280
8281
8282
8283
8284
8285
8286
8287
8288
8289
8290
8291
8292
8293
8294
8295
8296
8297
8298
8299
8300
8301
8302
8303
8304
8305
8306
8307
8308
8309
8310
8311
8312
8313
8314
8315
8316
8317
8318
8319
8320
8321
8322
8323
8324
8325
8326
8327
8328
8329
8330
8331
8332
8333
8334
8335
8336
8337
8338
8339
8340
8341
8342
8343
8344
8345
8346
8347
8348
8349
8350
8351
8352
8353
8354
8355
8356
8357
8358
8359
8360
8361
8362
8363
8364
8365
8366
8367
8368
8369
8370
8371
8372
8373
8374
8375
8376
8377
8378
8379
8380
8381
8382
8383
8384
8385
8386
8387
8388
8389
8390
8391
8392
8393
8394
8395
8396
8397
8398
8399
8400
8401
8402
8403
8404
8405
8406
8407
8408
8409
8410
8411
8412
8413
8414
8415
8416
8417
8418
8419
8420
8421
8422
8423
8424
8425
8426
8427
8428
8429
8430
8431
8432
8433
8434
8435
8436
8437
8438
8439
8440
8441
8442
8443
8444
8445
8446
8447
8448
8449
8450
8451
8452
8453
8454
8455
8456
8457
8458
8459
8460
8461
8462
8463
8464
8465
8466
8467
8468
8469
8470
8471
8472
8473
8474
8475
8476
8477
8478
8479
8480
8481
8482
8483
8484
8485
8486
8487
8488
8489
8490
8491
8492
8493
8494
8495
8496
8497
8498
8499
8500
8501
8502
8503
8504
8505
8506
8507
8508
8509
8510
8511
8512
8513
8514
8515
8516
8517
8518
8519
8520
8521
8522
8523
8524
8525
8526
8527
8528
8529
8530
8531
8532
8533
8534
8535
8536
8537
8538
8539
8540
8541
8542
8543
8544
8545
8546
8547
8548
8549
8550
8551
8552
8553
8554
8555
8556
8557
8558
8559
8560
8561
8562
8563
8564
8565
8566
8567
8568
8569
8570
8571
8572
8573
8574
8575
8576
8577
8578
8579
8580
8581
8582
8583
8584
8585
8586
8587
8588
8589
8590
8591
8592
8593
8594
8595
8596
8597
8598
8599
8600
8601
8602
8603
8604
8605
8606
8607
8608
8609
8610
8611
8612
8613
8614
8615
8616
8617
8618
8619
8620
8621
8622
8623
8624
8625
8626
8627
8628
8629
8630
8631
8632
8633
8634
8635
8636
8637
8638
8639
8640
8641
8642
8643
8644
8645
8646
8647
8648
8649
8650
8651
8652
8653
8654
8655
8656
8657
8658
8659
8660
8661
8662
8663
8664
8665
8666
8667
8668
8669
8670
8671
8672
8673
8674
8675
8676
8677
8678
8679
8680
8681
8682
8683
8684
8685
8686
8687
8688
8689
8690
8691
8692
8693
8694
8695
8696
8697
8698
8699
8700
8701
8702
8703
8704
8705
8706
8707
8708
8709
8710
8711
8712
8713
8714
8715
8716
8717
8718
8719
8720
8721
8722
8723
8724
8725
8726
8727
8728
8729
8730
8731
8732
8733
8734
8735
8736
8737
8738
8739
8740
8741
8742
8743
8744
8745
8746
8747
8748
8749
8750
8751
8752
8753
8754
8755
8756
8757
8758
8759
8760
8761
8762
8763
8764
8765
8766
8767
8768
8769
8770
8771
8772
8773
8774
8775
8776
8777
8778
8779
8780
8781
8782
8783
8784
8785
8786
8787
8788
8789
8790
8791
8792
8793
8794
8795
8796
8797
8798
8799
8800
8801
8802
8803
8804
8805
8806
8807
8808
8809
8810
8811
8812
8813
8814
8815
8816
8817
8818
8819
8820
8821
8822
8823
8824
8825
8826
8827
8828
8829
8830
8831
8832
8833
8834
8835
8836
8837
8838
8839
8840
8841
8842
8843
8844
8845
8846
8847
8848
8849
8850
8851
8852
8853
8854
8855
8856
8857
8858
8859
8860
8861
8862
8863
8864
8865
8866
8867
8868
8869
8870
8871
8872
8873
8874
8875
8876
8877
8878
8879
8880
8881
8882
8883
8884
8885
8886
8887
8888
8889
8890
8891
8892
8893
8894
8895
8896
8897
8898
8899
8900
8901
8902
8903
8904
8905
8906
8907
8908
8909
8910
8911
8912
8913
8914
8915
8916
8917
8918
8919
8920
8921
8922
8923
8924
8925
8926
8927
8928
8929
8930
8931
8932
8933
8934
8935
8936
8937
8938
8939
8940
8941
8942
8943
8944
8945
8946
8947
8948
8949
8950
8951
8952
8953
8954
8955
8956
8957
8958
8959
8960
8961
8962
8963
8964
8965
0.003645348740331428 0.03649186877317719 0
0.003546907144940479 0.03304994026280048 0
0.04747658575907548 0.00290163422043925 0
0.05697312468316953 0.013216765099891 0
0.06323493644338382 0.01321589656069603 0
0.1334009600342279 0.01006810658891957 0
0.1299802596750092 0.01366930615983411 0
0.00341162691452572 0.02967101940533685 0
0.003309534622838131 0.02634438578163992 0
0.04337441185868406 0.003219165255242049 0
0.03984381310567863 0.003255444102321228 0
0.05019402912810799 0.003829823701757263 0
0.05080031467456767 0.006713799589280265 0
0.05368713151502365 0.008793996687794375 0
0.08711347578865504 0.01375999927455985 0
0.08356512986096437 0.01374426919273179 0
0.08001927716963633 0.01369729395164327 0
0.06974526680411623 0.01334992337497149 0
0.0730511634655094 0.01345563121969605 0
0.07647444649651605 0.01359382459017149 0
0.06648937306037592 0.01328053327410628 0
0.05589424924341988 0.01067457911445941 0
0.09802860691819339 0.01375758795677357 0
0.1125388446251456 0.01374711384592009 0
0.09434316497154482 0.01376062162514021 0
0.09068912215145142 0.01376270453818364 0
0.1053692958538674 0.01375222192039244 0
0.1017193351191026 0.01375484898341549 0
0.1089813010056427 0.01374987014397146 0
0.03255861107346297 0.02978567677735053 0
0.03592220547230581 0.02979051663708972 0
0.03929566924782089 0.02978316752449012 0
0.04268826498968428 0.0297684743175141 0
0.04610200165022221 0.0297530630688618 0
0.02919166584658063 0.02976397998120932 0
0.02581134508822136 0.02971884186362969 0
0.02241797156341681 0.02963908260577791 0
0.01902718701776993 0.02950427011648495 0
0.01568717861045162 0.02927486226504963 0
0.01257281568061631 0.02888630319875744 0
0.009887630054008334 0.02890497604704889 0
0.006765192709944925 0.02935444734025366 0
0.02230834965784971 0.03304911855229677 0
0.01881811816772724 0.03292109971189075 0
0.01526159710171748 0.03267393451074364 0
0.01121887994842091 0.03197735774286033 0
0.007138645337257749 0.03274034224544344 0
0.01118298469218172 0.03623253914358493 0
0.007356631973834349 0.03635893383198887 0
0.01498670886731321 0.03632570740025504 0
0.01865426026841972 0.03643825385940672 0
0.02224363587496381 0.03651055438271609 0
0.02575260702975733 0.03312035901747274 0
0.02914899343881749 0.03315964120836652 0
0.03250621224644028 0.03317935684471097 0
0.02574404471931493 0.03655186302226311 0
0.02914960827601063 0.03657446018706565 0
0.03246936946479772 0.03658604900669962 0
0.04601087964318872 0.0331713648888496 0
0.04259375998995502 0.03317854734736922 0
0.03920708831851652 0.03318480280596436 0
0.0358495707117186 0.03318629232184191 0
0.03908731380371336 0.03659110683184445 0
0.0357613880647744 0.03659071477027265 0
0.04589349905522275 0.03658631339915389 0
0.04246751685593411 0.03658909599411853 0
0.04945286618904953 0.03316688603628338 0
0.05290819283352517 0.03316641828983175 0
0.05635874913222554 0.03316707335590625 0
0.04935890321329017 0.03658427897004076 0
0.05286012846680685 0.03658345881655021 0
0.05635849377923555 0.03658226501274008 0
0.06660013865925926 0.03310451038593747 0
0.06320616640232397 0.03314447295949445 0
0.05979244614967534 0.03316248782842515 0
0.05983424502885409 0.0365780297323522 0
0.06329728684974389 0.03656664207001127 0
0.06671824441563626 0.03654475909505989 0
0.08733102119792525 0.03629979349591982 0
0.08391600420105638 0.03632562573403676 0
0.08049245798174266 0.0363625287645057 0
0.07012802308704968 0.03651001180235027 0
0.07357149939765159 0.03646313207008321 0
0.07704979203957199 0.03641017856912931 0
0.06999101392294371 0.03303516937351222 0
0.07340449638634669 0.03293515056487362 0
0.07685266314344572 0.03281911082681747 0
0.0803222089120768 0.03271547463933532 0
0.08379827824727415 0.0326397413250331 0
0.08727674873534831 0.03258954833499005 0
0.08014344332857765 0.02903746240412383 0
0.08367866369247488 0.02892576118335215 0
0.06982930310254304 0.02959560858601374 0
0.07319654764249704 0.0294292096842831 0
0.07663267473818147 0.02921563507372943 0
0.05637718030543457 0.02975652214342431 0
0.06648758349525236 0.02969542340339858 0
0.05977062080209768 0.02975980421500252 0
0.06313947527012297 0.02974425885329994 0
0.05296092491037174 0.02974762986143812 0
0.04953076879993001 0.02974477598350133 0
0.04969123290221626 0.02284298172087607 0
0.04960651401053539 0.02631020299665026 0
0.05302801352402685 0.02632215206740437 0
0.05641929413264076 0.02635138228882205 0
0.07994177384256304 0.02528209969704942 0
0.07291021051491062 0.02598738906161534 0
0.07631566943606584 0.0255599415630342 0
0.07247518978568737 0.02278834734089717 0
0.08356560223904105 0.02516277652932791 0
0.07977965558240645 0.02137116428219858 0
0.08349688198180451 0.02134387847621591 0
0.08711917663993281 0.02132003976498723 0
0.07555963581712355 0.0213998897323466 0
0.07245843019980727 0.02005046518219089 0
0.05649905192553246 0.02295268230617922 0
0.05312856159930687 0.02287876065210973 0
0.05663761342485763 0.0195728688100841 0
0.05330938079016535 0.0194004257948551 0
0.04979834079745012 0.01927570796873845 0
0.03936416929913333 0.02638866719330389 0
0.0427603890928914 0.02635864350870283 0
0.0461767205100965 0.0263266744338349 0
0.0359846521770639 0.02640686572021526 0
0.03261510757059922 0.02640871883731288 0
0.02588491163194295 0.02635036463899483 0
0.02924926924386906 0.02639117876786033 0
0.03944959412250977 0.0196441025684511 0
0.0428307062436598 0.01955567842771126 0
0.04625770431368412 0.01941432268324581 0
0.04281096258374934 0.02295060673016529 0
0.04623588202053138 0.02288340624374257 0
0.03941541644557475 0.02300577695855194 0
0.006564291338386846 0.02610637285035746 0
0.0127727027320822 0.02589227351566439 0
0.009709903517116591 0.0259118044413454 0
0.02252781341281172 0.02628056325975468 0
0.01919607674900929 0.02617489867881782 0
0.01592656069395909 0.02603240038762275 0
0.043190907570816 0.006530327971058568 0
0.03973668283186715 0.006525239338170793 0
0.04614395207403155 0.01597129291171091 0
0.04280864700661095 0.01621374349691304 0
0.0394735965917501 0.01631958173945299 0
0.03951559281290475 0.01304119749047916 0
0.04280203553678507 0.012979513488418 0
0.04589745942098474 0.01288066395177477 0
0.04294440645379309 0.009788611119291156 0
0.03960859632644651 0.009787143919122214 0
0.04674522553690887 0.006604050431726284 0
0.04617942282664459 0.009893465046794498 0
0.04921004279862203 0.01039627477737866 0
0.05995502383612142 0.01311093667063735 0
0.04828774770518339 0.01270542188041378 0
0.05191693996363771 0.01170637026129285 0
0.05449927099602712 0.01291222012437896 0
0.05684503403458564 0.01627505046596283 0
0.04998088982884416 0.01509445099392232 0
0.05371637448064585 0.01592713207686015 0
0.07284350718245919 0.01686439173253378 0
0.07624254611764472 0.01723970366820753 0
0.0835117582629219 0.01752104611546571 0
0.07987790127684893 0.01745851964701371 0
0.08711420676555984 0.01753310779152948 0
0.1515998364548979 0.02884204750448537 0
0.1479386915851353 0.02890475973265571 0
0.1407468214716655 0.02893658098739587 0
0.144332431373809 0.02895590862560916 0
0.137122578920102 0.02884859122368412 0
0.1553073136197983 0.0288112961070929 0
0.1590609309906832 0.02880654101850242 0
0.1673678342797058 0.02878582631516389 0
0.1629241536124177 0.02880831881808537 0
0.1767562113435271 0.03030070183387388 0
0.1735620628554592 0.03029756749061738 0
0.1705102012620974 0.03013064288115517 0
0.1626645581607472 0.03263783708706484 0
0.1664853006852107 0.03285051434233831 0
0.158897414894223 0.03257521744996178 0
0.1766991366164625 0.03348537192961978 0
0.173394530813106 0.033431338266938 0
0.1700443695980588 0.03323921071867471 0
0.1766397944098576 0.03672828675707944 0
0.1732470565254441 0.03668742851218376 0
0.1697617980017815 0.03658975320415601 0
0.1623202867326063 0.03634336859569118 0
0.166081641549625 0.03644587975633742 0
0.1586665484626675 0.03630118677010069 0
0.1552027346780776 0.03256209593381097 0
0.1515466398949524 0.03257354785781389 0
0.1479126823846725 0.03259739029181831 0
0.1550659233269373 0.03628825556410039 0
0.1514710418915297 0.03628984022329026 0
0.147883497257102 0.03629710925680575 0
0.1369537480692646 0.03256505091404432 0
0.1406306418094451 0.03260168903020121 0
0.1442814622757656 0.03261334360602381 0
0.144252546678476 0.03630143517468659 0
0.1405407478242699 0.0362961206317141 0
0.1367985928576032 0.03628160821283487 0
0.1259223050484743 0.03249558826362545 0
0.1293558395225273 0.03625511244886774 0
0.1330693683648121 0.03626614151585948 0
0.1256842627877646 0.03624958232983418 0
0.1151681101574044 0.0324964884320066 0
0.1187207704396819 0.03249405979738686 0
0.1223027549134698 0.03249308182303899 0
0.1220574692418952 0.03624743640232918 0
0.1184888396974494 0.03624757558860199 0
0.1149532762233938 0.03624860185041506 0
0.09424759147050346 0.03627047009354785 0
0.09079803976550055 0.0362821619821946 0
0.0976496317309308 0.0362629551721162 0
0.1010449958619997 0.03625796496699298 0
0.1114334921698898 0.03625008655241307 0
0.1079340036660145 0.0362520705547152 0
0.1044632142500611 0.03625440902498751 0
0.1081227855552994 0.03250326231146225 0
0.1116361990867904 0.03249957791779091 0
0.1046299314836885 0.032507851863393 0
0.1011589441822577 0.03251412126240741 0
0.09769993421644604 0.03252311601029487 0
0.0907608050197351 0.03255727839500928 0
0.09423757246896544 0.03253657031542682 0
0.09775636301695427 0.02877843851811676 0
0.101261708300272 0.02876737095861841 0
0.1118196620338388 0.0287483472007037 0
0.1082900674626576 0.02875346141216407 0
0.1047713831498849 0.02875949114428569 0
0.1332624327882968 0.03252803595719204 0
0.1295785318644661 0.03250539471940007 0
0.1225046678875799 0.0287349936801689 0
0.118921360096393 0.02873892987085881 0
0.1153620083952419 0.02874356678091438 0
0.1261190911859839 0.02873403647457405 0
0.1297682510440763 0.02874237032016805 0
0.1334462477935645 0.02877430809216851 0
0.1262763387631677 0.02496288031092434 0
0.1336277389828804 0.02497279885805703 0
0.1299238332834261 0.02495516787816554 0
0.122671163467863 0.02497362135152335 0
0.09781739712083616 0.02502822481627646 0
0.09788350082438803 0.02127336919829288 0
0.09429822854060149 0.0212851004628681 0
0.09071203947095691 0.02130047293602755 0
0.101465604253619 0.02126446955142081 0
0.1228041881121058 0.02121350618276873 0
0.1263865065084421 0.02118893170817842 0
0.1300160683374012 0.0211462482355261 0
0.1337483402202079 0.02106757722909799 0
0.1409060659508652 0.02535789896165777 0
0.1443544488948423 0.02537608633344183 0
0.1478999376607038 0.02521879861698389 0
0.1516093041242655 0.02506856807232219 0
0.1553741186599558 0.02503303519469357 0
0.1476558350124754 0.02152293594969501 0
0.1373605861872083 0.0251045198900668 0
0.1442509190321662 0.02197738779403789 0
0.1409784081131464 0.01936950322843247 0
0.1438494660190461 0.0188905833830312 0
0.1379889240969835 0.02089163083963582 0
0.141164148023169 0.0220739470367554 0
0.1519767907941828 0.01711605615581825 0
0.148677282328104 0.01616210031348951 0
0.1467049846261169 0.01821531421460066 0
0.1554534520209105 0.02122819207542878 0
0.1735881603920154 0.02726816949261518 0
0.1767690369288659 0.02717686013726495 0
0.1705462545090495 0.02745605340086237 0
0.1629200246478297 0.02498175057513 0
0.159136939549395 0.02502998631348623 0
0.1666980351535181 0.02476611855481551 0
0.170186965567886 0.02438412149148209 0
0.173481535284414 0.02418568552190287 0
0.1767406352820567 0.02407916509236984 0
0.173393410216083 0.02102481219441629 0
0.1767111481039303 0.0209888433319854 0
0.166502900490595 0.02122114512717597 0
0.1700073868503516 0.02110099646274841 0
0.1591887762504483 0.02129392381763754 0
0.1628754527471151 0.02129829021274606 0
0.155648085422726 0.01745944239058355 0
0.1771795729320197 0.008933295850411251 0
0.1700275643320987 0.01091710129597482 0
0.1629518719548455 0.01060760324600553 0
0.159491961203247 0.01048693323856585 0
0.1560823186060593 0.01033890285939222 0
0.166462032506542 0.01073175980310637 0
0.1629179551855287 0.01414506026980625 0
0.1768771785809498 0.0118029033013914 0
0.1735932382028781 0.01128812057115403 0
0.1767072130357463 0.01790698138492088 0
0.1733660996801977 0.01782269929662571 0
0.1664433672601713 0.01773328638521192 0
0.1699452751365284 0.01776189168224426 0
0.1767491062412217 0.0148376161501413 0
0.1734156034009659 0.01458937929359792 0
0.1699618078849891 0.01438197631764496 0
0.162879213677947 0.01769956729887894 0
0.1592784644611684 0.01762069602524721 0
0.1558955852161039 0.01384296822266679 0
0.1664470513854221 0.01424843950501347 0
0.1593950053500153 0.01402410895143389 0
0.1367590384676194 0.01000229028767222 0
0.1432182248256287 0.009816924813761348 0
0.1400317419547418 0.009895275460269139 0
0.1527417784239448 0.01015101046251653 0
0.1495026971681052 0.009951537149640735 0
0.1462503702771601 0.01292127014851108 0
0.14325736182441 0.01296429076770105 0
0.1368824667944902 0.01339976294659828 0
0.1401476553883475 0.0131542829954707 0
0.1524668863316885 0.01355293952631227 0
0.1492450534296223 0.01315380691879641 0
0.1461764467760971 0.01573227100596898 0
0.1434318243908654 0.01597564038726355 0
0.1404332596983983 0.01635471982213975 0
0.1371754444250381 0.01688185932023483 0
0.09432731161718094 0.01752285008941709 0
0.09071245949645189 0.01752990130808085 0
0.09795463524031915 0.01751584102172942 0
0.1015807016543657 0.01750991962224173 0
0.1336137157230604 0.01722684675390696 0
0.1300158629973924 0.01736985916119792 0
0.1264453449657912 0.01743227855207403 0
0.122906798517971 0.01746280074821215 0
0.1334703578114634 0.01358579105828285 0
0.1264621263664881 0.01370669893217524 0
0.1229866515351062 0.01372639053503203 0
0.1160420244805273 0.01374315884390865 0
0.1195200375142483 0.01373707052693283 0
0.1333863599943748 0.006663826988507012 0
0.1334182378266401 0.003329990941406108 0
0.1629373300623326 0.007069747220075419 0
0.1595408069792222 0.006980496721800927 0
0.156199272940739 0.006881673753048649 0
0.1771721965080607 0.006383028428420047 0
0.1700386790100105 0.007284597042300618 0
0.1742043449374892 0.007532985861239088 0
0.1664172284859001 0.007162832261692877 0
0.1463528356408675 0.009825052243407082 0
0.143240636736605 0.006581245958401333 0
0.1400116110940269 0.006608064565951647 0
0.1367301899663096 0.006648729164353549 0
0.1529023301180606 0.00677165973061564 0
0.149654125132352 0.006666850408351449 0
0.1464435991236585 0.006597456085340106 0
0.1530066415088537 0.003388538731311598 0
0.1497626469428492 0.003342248484796663 0
0.1465271773154673 0.003310627736369285 0
0.1432927064767044 0.003300045856724165 0
0.140048371433532 0.003307074910864064 0
0.1367700124882259 0.003320740158288555 0
0.1662455373771079 0.003574240808319175 0
0.1628414281704434 0.003531851251991618 0
0.1595352298971586 0.003487239481679189 0
0.1562715548951794 0.003439240955082409 0
0.1733896796654828 0.003538356286376789 0
0.1767720986128143 0.003323255458526054 0
0.1697861245249807 0.003602811104008258 0
0.1690166914551225 0.02982085555148634 0
0.169052470958229 0.02775297744951494 0
0.1707208290126533 0.02879351910143845 0
0.1501670053871298 0.01675400036778421 0
0.01122969848578168 0.02870144641885803 0
0.0122617012853662 0.03035261425690861 0
0.01019368973343361 0.03036805532230857 0
0.1773529173629231 0.007668005173562935 0
0.1757796769685779 0.008592034798787939 0
0.1757603160577766 0.006621756391222554 0
0.1030156337966029 0.02876312782056733 0
0.1013116065002293 0.02689274501071295 0
0.05840043369201201 0.01305678803194872 0
0.04891242698783322 0.001652301973495269 0
0.04686690459390878 0.001372365828892518 0
0.07394798781476188 0.02246361014662064 0
0.07227026291006611 0.02141976432161981 0
0.07393287287958057 0.02035753335681017 0
0.1479971907424444 0.01749486377289797 0
0.1462445435066067 0.01699306659545508 0
0.1474361483212084 0.01574291817569506 0
0.05675028595838175 0.01178597912609289 0
0.05570731089873576 0.01327282957470459 0
0.05500475032468512 0.01168851844149722 0
0.1395524269583613 0.01976926197446953 0
0.1412658141599282 0.02069728973293769 0
0.1396590558834486 0.02185279386357934 0
0.01433241297225427 0.02595577820728991 0
0.1177829332448249 0.01374050299964355 0
0.1161375362285009 0.01187133523336099 0
0.1195898752842939 0.01186816377541072 0
0.117865435854274 0.01186996006305394 0
0.0131056911837987 0.03626482575695095 0
0.01491498019379081 0.03816390075095204 0
0.01118032399303953 0.03812984330394869 0
0.01305591252910711 0.03813945582431259 0
0.1715917876002729 0.00359332816694078 0
0.169624275692442 0.00179607534514549 0
0.1731948713277361 0.001761704500250812 0
0.1714149502447928 0.001788430935833904 0
0.1514281783831686 0.03814526231204077 0
0.1478842958262582 0.03814838269966518 0
0.149678591139197 0.03629331903296339 0
0.1496575939145962 0.03814679083902447 0
0.1292260398624027 0.0381276800769924 0
0.1255478011021686 0.03812503296428434 0
0.1275145437135883 0.03625178387809189 0
0.1273813280685587 0.03812613418583119 0
0.0817940056899121 0.01372630849792585 0
0.08009390700268237 0.01184548809630856 0
0.08359082633064017 0.01187002010360589 0
0.08184614667174597 0.01186034210550633 0
0.04238751254097997 0.03829452842357915 0
0.04417558354377926 0.03658770302621685 0
0.04582058015793607 0.03829324436371969 0
0.04409946132870581 0.03829392334690554 0
0.07716412274250133 0.03820460118253127 0
0.07363896588077375 0.03823106863018824 0
0.07531068078412625 0.03643680014344185 0
0.07540315238228068 0.03821813089298459 0
0.1096810127723284 0.0362510238201321 0
0.1113234978213404 0.03812507417818886 0
0.1078289924866489 0.03812618765824256 0
0.1095740629627666 0.0381255974065086 0
0.04929751234792179 0.03829221783422353 0
0.05110735938872239 0.03658380523662567 0
0.0528372181864166 0.03829181556427655 0
0.05106464623628439 0.03829206068193493 0
0.1351036956656622 0.003326151703142047 0
0.1334596856312075 0.001665546963960391 0
0.1368188810692078 0.001660152891698831 0
0.135149941888781 0.001662846070912723 0
0.1317136934126283 0.00333525681716006 0
0.1317350734323623 0.001669388168150366 0
0.1312093060814219 0.03625994613070278 0
0.1329672213590162 0.03813327554832661 0
0.1310935305115785 0.03813022902069475 0
0.02224354833576322 0.03825368527950179 0
0.01859902805443166 0.03821680415852285 0
0.02045823272088722 0.03647920620963525 0
0.02042909032149585 0.03823761731590891 0
0.007408694395612884 0.03817997785332382 0
0.009253480777121403 0.03628278155593405 0
0.009291289313147308 0.03814794077339483 0
0.1142954077755483 0.01374530080356582 0
0.112663092476938 0.01187353298771024 0
0.1144058135250586 0.0118724450485802 0
0.09434169530401366 0.0118800504001545 0
0.09250877614909574 0.01376186654835016 0
0.09064428052015906 0.01188103423866732 0
0.0924834817340608 0.01188047308837537 0
0.1349321402515999 0.03627350846782132 0
0.1367145568573835 0.03814057740057485 0
0.1348383112720555 0.03813676420392589 0
0.1783566931927231 0.01794439028265349 0
0.1767207465613991 0.01637035257624302 0
0.1783793431942979 0.01494671170970112 0
0.1783642260164309 0.01644255217892431 0
0.003603925585004678 0.03476268558637755 0
0.001818650579272315 0.03652843591737334 0
0.001772367186340815 0.03316709328660491 0
0.001798699249934602 0.03484202481702021 0
0.1167185366204186 0.03624800525097291 0
0.1183608650233688 0.03812388382040175 0
0.1148400292677303 0.03812438116628323 0
0.1165990850713384 0.03812407129217355 0
0.1784446107951581 0.01198896252192533 0
0.1769999608845085 0.01032947041046346 0
0.1785750353703378 0.009128792146926096 0
0.1785023423660733 0.01054254638029187 0
0.1766672931516459 0.03510121523279763 0
0.1783496566426856 0.03348424647746628 0
0.1783216631331635 0.0367354048798039 0
0.1783347563186181 0.0351067157903051 0
0.1131913978574952 0.03624929531532042 0
0.1130804644076542 0.03812470728426461 0
0.07018304069073995 0.03825402967415324 0
0.06678127373214417 0.03827134328934696 0
0.06842149940408915 0.0365290527246732 0
0.06848022780531582 0.03826346844966645 0
0.01683267633006075 0.03638660699649562 0
0.01676238834080782 0.03819159738037952 0
0.176798124056635 0.01331241779811506 0
0.1784048011199072 0.0134612956598729 0
0.1751123208506048 0.003416970170217387 0
0.1766227111791008 0.001674183464557215 0
0.1749235257558107 0.001715015275404904 0
0.08058065746958443 0.03818161922159106 0
0.08220633047453595 0.03634258489422606 0
0.0839803775510644 0.03816341753283387 0
0.08228394146376587 0.03817177704407004 0
0.06336078578680057 0.03828250083416134 0
0.05985866421030072 0.03828867025908049 0
0.06156912894872708 0.03657351705102826 0
0.06161307918718371 0.03828629300337241 0
0.1783572083481267 0.02097043040946243 0
0.1767048410448597 0.01944678622231217 0
0.1783548018375224 0.01945460094650031 0
0.1202670529561852 0.03624736051730307 0
0.1219102511015705 0.03812367525414663 0
0.1201288574376509 0.03812381934094825 0
0.1611797440752165 0.003509847205449956 0
0.1595146485548734 0.001743140882467555 0
0.1627569200563281 0.001765085916694966 0
0.1611281965689627 0.001754234358817698 0
0.1333956781200147 0.004993048128656477 0
0.1316960515648654 0.006645686219309626 0
0.1317013644423575 0.004987017436484343 0
0.1783699756537109 0.02402867653671882 0
0.1767239626221418 0.0225333628219884 0
0.1783627464273461 0.02249640823041574 0
0.1767307608424785 0.03188463375268689 0
0.1783756489273063 0.03027269271506132 0
0.178364202997144 0.03187250661332661 0
0.03246179961402183 0.03829256654244326 0
0.03411451607244968 0.0365890713952729 0
0.03570472132393537 0.03829498352312571 0
0.03408165080382365 0.03829415979213989 0
0.1783818631956613 0.02712489638980926 0
0.1767574091088207 0.02562689293147373 0
0.1783771688620337 0.02557285220978291 0
0.1212540226148828 0.01373251150229352 0
0.1230223364543055 0.01186249956507658 0
0.1213080569306538 0.01186573087091524 0
0.1009812210846239 0.03812915285565493 0
0.1027488252082023 0.03625607076637916 0
0.1043572373385338 0.03812715712723334 0
0.1026624831461777 0.03812822538498476 0
0.04077120224104174 0.03659032808803193 0
0.03900723249442316 0.03829533119204151 0
0.04069080388427054 0.03829511673438211 0
0.0476212848370123 0.03658514430117453 0
0.04755342987997144 0.03829270149951006 0
0.1680007168225265 0.003592252401722354 0
0.1661049051332379 0.001785523150742204 0
0.1678515433688385 0.001792896975625378 0
0.1054736033400904 0.01187597389514165 0
0.1091069438697968 0.01187492350497998 0
0.1071805183448075 0.0137510141260985 0
0.1072952354498377 0.01187536389657163 0
0.1767698007814798 0.02873339615127835 0
0.1783818583525901 0.02869287802326947 0
0.1766198304702537 0.03836241490568437 0
0.178311794251789 0.03836691885655587 0
0.1264480084974342 0.01185250381254752 0
0.1247201913267906 0.01371805966939143 0
0.1247295813763048 0.01185809896264192 0
0.02400506131041199 0.03653422072180612 0
0.0257739310027799 0.03827498184437796 0
0.02402062968047224 0.03826595020787683 0
0.065011954243019 0.03655720905081088 0
0.06507684671114142 0.03827769707554373 0
0.0998762338378642 0.01375610867671328 0
0.09806349423027937 0.0118786152507168 0
0.1018078829578239 0.01187744026062148 0
0.09993834948752514 0.01187784626059136 0
0.05636772394085484 0.03829097639135338 0
0.05461153609298332 0.03658304839844619 0
0.05460544492619922 0.03829150745253446 0
0.03741829719654711 0.03659134471413815 0
0.03734857601601552 0.03829544338327816 0
0.07310341547088933 0.01172985437173229 0
0.0713880546280708 0.01339708380277436 0
0.06979523808495006 0.0116773724395385 0
0.07144082296355843 0.0117012377159846 0
0.08906107921792639 0.03629015678285055 0
0.09082607126971561 0.03814165911230048 0
0.08733184367517294 0.03815073994889345 0
0.08907280678286625 0.03814600803480258 0
0.05809825846293455 0.03658074468686212 0
0.05811439289632514 0.03829010046731977 0
0.153267481992533 0.03628782141166909 0
0.154997030062839 0.03814505949373644 0
0.1532124513986668 0.03814454121672418 0
0.09427397967699563 0.03813548503476509 0
0.09595230874571906 0.03626634063956979 0
0.0976268993170929 0.03813167246316571 0
0.09595533139007417 0.03813346808950846 0
0.1035495413973958 0.01375351125841358 0
0.1036468628375422 0.01187666050472574 0
0.0853379997379493 0.01375463324747738 0
0.08710580794876538 0.01187897688600979 0
0.0853465111396248 0.01187585691121304 0
0.05238543796832413 0.007824118878735986 0
0.05264479922787796 0.005258695962541953 0
0.05483873991099945 0.007400062726938793 0
0.05372682601659212 0.00636833809996223 0
0.05485058306340138 0.009722777374902613 0
0.05698273010442007 0.009488607677743916 0
0.0559157005672964 0.008405557843113733 0
0.1785746564565956 0.006348269975018306 0
0.1786289575900809 0.007746898400185311 0
0.09934626528824042 0.03626020589975697 0
0.09930286926408798 0.03813025341507775 0
0.001709312121368559 0.0298012966840389 0
0.003478776029665523 0.03135172149708322 0
0.001741000683554567 0.03148107897014855 0
0.1386701126576233 0.03628958081372587 0
0.1405053138187474 0.03814765962031327 0
0.1386086732675054 0.03814450024712653 0
0.02918273920749463 0.0382865405809865 0
0.03081696183749016 0.03658133462051986 0
0.03083112974126638 0.03829016573592588 0
0.02745825119006372 0.03656495494752 0
0.02749116214125312 0.03828179246575803 0
0.09618387624325199 0.01375916298391933 0
0.09620055537214725 0.01187944362327285 0
0.07823947975070693 0.01365343054831323 0
0.07652819023172494 0.01179477346510222 0
0.07830693122568999 0.01182330876607778 0
0.1696939130431158 0.0382921419476065 0
0.1715227231988311 0.03664670843572968 0
0.1732011323415316 0.03834044346668346 0
0.171465888916041 0.03831995387639816 0
0.1783944918774519 0.003287294170050591 0
0.1783153335676523 0.001654821037554145 0
0.03987672899386652 0.001625641738162 0
0.1442689941056177 0.03815015783526357 0
0.1460766087777161 0.03630015470340821 0
0.1460884066265259 0.0381497068946043 0
0.08562012463504198 0.0363115733242992 0
0.08565091033005709 0.0381568149964487 0
0.1080317559188071 0.03437777309731752 0
0.1098771276553494 0.0325013360587664 0
0.1115375244855575 0.03437492517436291 0
0.1097819634210029 0.03437627502872234 0
0.151382282247019 0.003364211707410243 0
0.1498123714448885 0.001672305694246857 0
0.1530462456064597 0.001694725724596064 0
0.1514278161884629 0.001682945596577927 0
0.1604802211509515 0.03631714403446644 0
0.1621061270167236 0.03817281359321452 0
0.15853741023087 0.03815232162175086 0
0.1603050729375382 0.03816072694897253 0
0.1563080493587578 0.001719614719574172 0
0.1546380682743876 0.003413922473914671 0
0.1546783397189669 0.001707120769607602 0
0.07184421737496577 0.03648782134542043 0
0.07190377980692353 0.03824307450492874 0
0.1424041936334542 0.03630024021920497 0
0.1423963906069744 0.03814971466645827 0
0.1061934015203023 0.03625318875885374 0
0.1060870694515311 0.03812676177575629 0
0.1384160116721144 0.003313891085095614 0
0.1400803544131299 0.001653890017156823 0
0.1384557398772229 0.001656900850054623 0
0.09252838996504392 0.03627568032611572 0
0.09255870094562113 0.03813825391484633 0
0.1317010777048248 0.01006059976648888 0
0.1334262889961234 0.01181361035960942 0
0.1317315263907101 0.01363819632166895 0
0.129973229573716 0.01183813509167607 0
0.131707481718785 0.01183731625010201 0
0.1579017736916435 0.003463725079079109 0
0.1579128068722337 0.001731548382784869 0
0.0016587317227819 0.02647606061942608 0
0.003354258866348964 0.02800570884431444 0
0.00168136776555132 0.02813818321951272 0
0.05977873226444784 0.03145917081401984 0
0.05807797701314982 0.03316592142316887 0
0.05636557042233758 0.03146113653665097 0
0.05807698968012239 0.0297596816644178 0
0.05807480970561245 0.03146150267108962 0
0.1107672410675107 0.01374853510850915 0
0.1108935624068188 0.01187411878388806 0
0.06811466274531469 0.01331226716481616 0
0.06653389505625225 0.01164028423639457 0
0.06816216001654402 0.01165763442588257 0
0.07877538535686171 0.03638521286608271 0
0.07887958507362022 0.03819268551761609 0
0.1314180969570498 0.03251480048174793 0
0.1331677701235555 0.03439806187813848 0
0.1294720301052024 0.03438131716909198 0
0.1313170408686186 0.03438848597788847 0
0.1465682863116725 0.00165673177796026 0
0.1481443935958784 0.003324002756115173 0
0.1481909142979867 0.001663361100149582 0
0.1568641165616206 0.03629220208199536 0
0.1567687333289268 0.03814730448720187 0
0.1238645697537595 0.03624822055472687 0
0.1237227115709434 0.03812432403417193 0
0.04253548447060281 0.03488375328636017 0
0.04429876329805674 0.0331748223126141 0
0.04595631483556878 0.03487908271851605 0
0.04424158678439928 0.03488136467313012 0
0.003670216825739564 0.0382409872206799 0
0.005489653895375118 0.03643236073072052 0
0.005532855650170171 0.03821347276140905 0
0.05042592917374514 0.004946785092404124 0
0.05103983356960706 0.003060134573767221 0
0.05181118645387518 0.004082224764064709 0
0.001831203695365519 0.03825731546453389 0
0.1659176248272236 0.03822371644399897 0
0.1679434519782272 0.03651922645624679 0
0.1678244878038728 0.03825855616264 0
0.04159310114285946 0.003244467368236435 0
0.04338054076580086 0.001596277241723489 0
0.04162283578078978 0.001616976366019731 0
0.1749496890494802 0.03671355115099954 0
0.1749160122971553 0.03835417532979576 0
0.07474525110267834 0.01352378285290278 0
0.07480057246023102 0.01176209528628326 0
0.1282193074656908 0.01369098528928772 0
0.1282085530949072 0.01184522759592757 0
0.08889413190677822 0.01376226545620268 0
0.08886527386974133 0.01188037307283295 0
0.1769516687386598 0.004911194524137333 0
0.1784833904147226 0.00485348752064341 0
0.0494090923930333 0.03487592020340065 0
0.05117996659944966 0.03316623111084276 0
0.05288390527613526 0.03487501492473481 0
0.05114518287737141 0.0348752626011679 0
0.1433236123816745 0.001651119825023358 0
0.141672896116364 0.003301938079185759 0
0.1417026689524257 0.001651734611745097 0
0.1449103407339833 0.0033026851937396 0
0.1449458470748075 0.001652670293366246 0
0.1333881428232772 0.008354088637972611 0
0.1316961964049383 0.008339060872374855 0
0.1641974334093134 0.03638574638981413 0
0.1640016883369069 0.03819471075329757 0
0.151510358151306 0.03443289875097993 0
0.1478953502087376 0.03444661419169617 0
0.1497278452145569 0.03258496012961598 0
0.1497029356157505 0.03443947860226709 0
0.04264421380988419 0.03147346754985239 0
0.04439267546390817 0.02976036162602255 0
0.0460589537375169 0.03146284901742556 0
0.04434867842985592 0.03146790620581388 0
0.1479292892293136 0.03074997374473024 0
0.1497622716192755 0.02887073651138329 0
0.1515774889972464 0.03071059999969539 0
0.1497492493865862 0.03072917640479568 0
0.05320362906891246 0.02114478844025167 0
0.05499027630185774 0.01949361218530665 0
0.05655952753116074 0.02125841736542469 0
0.05482239510306772 0.02291506402137383 0
0.05489367636500879 0.02120279046038374 0
0.1752685590205952 0.01156874756721723 0
0.1750974259560684 0.01471551859323308 0
0.1734814878960571 0.01295315485698613 0
0.1751617674380121 0.01313959287732353 0
0.08385705416293507 0.03448502703446209 0
0.08040689669925614 0.03454120730868264 0
0.0820600241114418 0.03267400710177145 0
0.08213270011448483 0.03451071179742861 0
0.1645281365589112 0.00355335345223615 0
0.164415420339415 0.001775337654116214 0
0.1221865448021834 0.03437065273200839 0
0.1186089360826409 0.0343709997324075 0
0.1205074164551696 0.03249329778644698 0
0.1203926606322271 0.03437058867072045 0
0.04523795498691902 0.003150882436323249 0
0.04513911166047097 0.001543023194059992 0
0.05293352762049057 0.03145743935552456 0
0.05467154724916971 0.02975197183539166 0
0.05463509369338692 0.03316694282066499 0
0.05465147278492261 0.03145938060446759 0
0.04772929293454008 0.03316861963525612 0
0.04781521518292754 0.02974760057501363 0
0.04949281856361218 0.03145674155024424 0
0.04777411448846481 0.03145896576938566 0
0.1350655876765079 0.006662277959458092 0
0.1367416545029501 0.004982860485371913 0
0.1350766290265207 0.004991091544509855 0
0.04910776081274727 0.003492412114887708 0
0.05002687337175554 0.002311026837819762 0
0.1526238979466144 0.01184515610252778 0
0.1544013345651554 0.01024960037096226 0
0.1559984086602493 0.01208177422143265 0
0.1541665931652897 0.01371470089228189 0
0.1542979334178156 0.0119726361640794 0
0.1229489570512881 0.01559286149051287 0
0.1211452794627971 0.0174721986823406 0
0.1212005092193283 0.01560114280565021 0
0.1699309583694643 0.005431298350519904 0
0.1682034609579628 0.007217769517560722 0
0.1663483643443998 0.005367493080937836 0
0.1681205287104172 0.005401340935429827 0
0.05124670540270924 0.02974490367192694 0
0.05121331128057873 0.03145632719443081 0
0.06486452534115532 0.01325024998518416 0
0.06327008869632372 0.01159867576025593 0
0.06490670788855042 0.01162246446985815 0
0.04767906547465262 0.03487720668658197 0
0.1750453531307181 0.01786443237328787 0
0.1733796401640178 0.01621070659474383 0
0.1750612538429584 0.0162908928470291 0
0.02577824655127485 0.03141541016491278 0
0.02403641946412718 0.03308986277742847 0
0.02236064728368937 0.03133705558555987 0
0.02411574426794548 0.0296842706640421 0
0.02407276522318287 0.03138170898831759 0
0.0341777000891068 0.03318411951798347 0
0.03580824046199989 0.034887650309274 0
0.03248495966744921 0.03488138409480226 0
0.03414625359336986 0.0348855186733947 0
0.05635626208605882 0.03487419428557736 0
0.05462176103325034 0.03487482642484594 0
0.02226735989706473 0.03477449094389727 0
0.02573929464961772 0.034832984919914 0
0.02401201052020729 0.03480798391376197 0
0.03423997721441654 0.02978989388008804 0
0.03588727925307985 0.03148710357522689 0
0.03253127927647495 0.03148061465865259 0
0.03420902040346546 0.03148541858212472 0
0.0242046738875982 0.02631951843373079 0
0.02584791282725374 0.02803066565045202 0
0.02247493096149057 0.02795425923247071 0
0.02416083690980522 0.02799723161881098 0
0.05810130298961122 0.02636532356169403 0
0.05639458952964357 0.02805327122673775 0
0.05808541007796928 0.02806083489331446 0
0.07296574238561268 0.0151712395594933 0
0.07121712174079736 0.01674189708084162 0
0.06968244779856454 0.01501237923043004 0
0.0713136472910245 0.01508084803971314 0
0.149737846440125 0.02512750378456402 0
0.1516109264239835 0.02696398213783466 0
0.1479328361086275 0.02706155536532432 0
0.1497610478999818 0.02700625033182882 0
0.07349222107331127 0.03469744112633878 0
0.07512465138500025 0.03287742089352837 0
0.07695037858572766 0.03461533787037493 0
0.07521946029820382 0.03465654057775383 0
0.09767381713810439 0.03439353517489406 0
0.09423833403502357 0.03440432597235449 0
0.09597014461292996 0.03252914356996881 0
0.09595837007054028 0.03439837071599405 0
0.1612307930275324 0.007025701196705219 0
0.1595444575756694 0.005232810352731687 0
0.162900828939094 0.005300292142704849 0
0.1612140140035998 0.005266968540554983 0
0.1335340432868823 0.01538708872135895 0
0.1318124475706128 0.01731378148537602 0
0.1299978092467332 0.01551077886378811 0
0.131768967130833 0.01546197303725072 0
0.1553439074158996 0.02692568783643646 0
0.1572549191789844 0.02503243266642612 0
0.1591074542326717 0.02691527286094033 0
0.1571765392444047 0.02880689798490652 0
0.1572207034165743 0.02692007402980079 0
0.1750579949871321 0.02100459739761583 0
0.1733713081520127 0.01942747032132048 0
0.1750452118485271 0.01943589143443374 0
0.05981122247256675 0.03486903013929229 0
0.05808592458767502 0.03487250259305332 0
0.1336965264066297 0.01911844845848191 0
0.1318619451509767 0.02111321439252637 0
0.1300253456212237 0.01924927690084539 0
0.1318498310513107 0.01919839830034822 0
0.1561484122105562 0.008607130299190491 0
0.1528318678571513 0.008461180989828575 0
0.1545449886849674 0.006827523299822535 0
0.1544819513552531 0.008536299104888572 0
0.1736681776327069 0.005378072864834963 0
0.1719695585229661 0.007374655967466344 0
0.1717838375366637 0.005442354717110591 0
0.04956820983918198 0.02802985830441474 0
0.05131998880640314 0.02631273877155631 0
0.0529917902553112 0.0280362465024816 0
0.05128167791613004 0.02803092005971414 0
0.08901858691908736 0.03257162433929665 0
0.08724335667770319 0.03072770613266173 0
0.09074617071253654 0.03069041494608105 0
0.08899525722641294 0.03070689567168751 0
0.04614107543073462 0.02804132211050971 0
0.04789098046569364 0.02631528411948456 0
0.04785387134449124 0.02803353794249269 0
0.02056887707482354 0.03299463060947573 0
0.01872627873787609 0.03467021846273012 0
0.02050529870348766 0.03472978511711855 0
0.09077773674262124 0.03442095066893763 0
0.08730776654432816 0.03444646689109674 0
0.08904141084398863 0.03443237325653115 0
0.1751116930253131 0.02412789505997067 0
0.173431005681521 0.02261238834612126 0
0.1750812601828877 0.02256931146057601 0
0.005330840375154287 0.03291514008633976 0
0.005100988457611075 0.02952453410049584 0
0.006935831280998381 0.03101774905227927 0
0.005212364793230603 0.03120291251746402 0
0.1387951182913526 0.03258514678354491 0
0.1370342850205128 0.03070727882685247 0
0.1389424193340044 0.02889703101682015 0
0.1406851040308517 0.03076340206342235 0
0.1388642976606754 0.03073806420129957 0
0.1245910316144992 0.02120281699599251 0
0.1263379297865096 0.02307523990842572 0
0.1244693464780833 0.02496832543156333 0
0.1227417706394698 0.02309293153942148 0
0.1245353695057584 0.02308486829145431 0
0.136876466362514 0.03442307782706897 0
0.1405825102938928 0.03444684771985857 0
0.1387312547594193 0.03443612191259588 0
0.1716663432537212 0.01778747077353481 0
0.1699452995378526 0.01607854535130963 0
0.1717008769611883 0.01447541897771173 0
0.1716734826064993 0.01613826862316751 0
0.1612159514953406 0.01054914414353065 0
0.1595232666666603 0.008731306641956777 0
0.1629531575042062 0.008839110774924979 0
0.1612308118699153 0.008786209360420285 0
0.1751679872923056 0.02722134516450994 0
0.1735386570515164 0.02573889186053071 0
0.175143672153555 0.02567855669543241 0
0.08553683772609769 0.03261192656575176 0
0.08558068931441612 0.03446382654182811 0
0.1750481120599776 0.03347008711246011 0
0.1734832301684233 0.03184586270132268 0
0.1751484379969924 0.03031016954946877 0
0.1751028529691309 0.03187827079751407 0
0.151272220089275 0.006716814611697205 0
0.1497113696614716 0.005007890915866571 0
0.1529591630493615 0.005080905605087541 0
0.1513314349182311 0.005042581892000951 0
0.06829433206859263 0.03307384173684642 0
0.07006292938978907 0.03476969792941036 0
0.06665827391917321 0.03482186351919492 0
0.06835925333933891 0.03479849382230434 0
0.1188247179842971 0.03061669522087366 0
0.1207095319816001 0.02873679019889307 0
0.1224083997851814 0.03061454750676835 0
0.1206127161909379 0.03061536605707666 0
0.1357240878973709 0.02100161267724076 0
0.1354107332524195 0.01709087100683465 0
0.1374516654948881 0.01872227595906034 0
0.1355703342029415 0.01898302841611797 0
0.1562385428545582 0.005159606922107079 0
0.1545953826307342 0.005120517572904651 0
0.06159600807659651 0.01317062449381533 0
0.1682381007177507 0.01081120365058199 0
0.1664524880065459 0.008953302805751342 0
0.1700548252739996 0.009125088325411824 0
0.1682375731682128 0.009026312697994017 0
0.07169358159794087 0.03298856351307189 0
0.07177328730843037 0.03473570752478396 0
0.173604764822242 0.0287799675923763 0
0.1751725164155899 0.02876162581774748 0
0.1258088863531449 0.03437327465677992 0
0.1277461463020866 0.0324992455896681 0
0.1276356589979868 0.03437639923612897 0
0.04089647079258132 0.03318204175211716 0
0.03915233367935141 0.03488750451836592 0
0.04083890254739259 0.03488592100733866 0
0.1065294357565315 0.02875631031264535 0
0.1082084229728432 0.03062849778420453 0
0.1063735492967027 0.03250540542133236 0
0.1047024954743803 0.03063391599102787 0
0.1064534778062128 0.03063104058716471 0
0.1045514257993395 0.03438133298051498 0
0.10628771738229 0.03437943445012709 0
0.09250101282041562 0.03254578892031434 0
0.09251111889904796 0.0344117361590584 0
0.1228589082853107 0.01933648667115663 0
0.12467269094171 0.01745002956008559 0
0.1264218450416549 0.01930704182852251 0
0.1246365145345345 0.01932401685360175 0
0.1264588328059522 0.01556578020406206 0
0.1247005589971601 0.01558153778909385 0
0.1351086230170903 0.03254514151360376 0
0.1350214382768498 0.03440985796702029 0
0.03429907469533471 0.0264100260900889 0
0.03595465110387682 0.0280969553362259 0
0.03258690385678895 0.02809494307354971 0
0.03427014595586517 0.02809796648530699 0
0.07150697149273468 0.02952101193193343 0
0.0733071297476682 0.03117802627470773 0
0.06991317419662707 0.03130918720190799 0
0.07160529714158648 0.03124898482516746 0
0.1578643206629805 0.006932727302292744 0
0.1578873944375127 0.005197123668091695 0
0.05472815758085837 0.02633604305478227 0
0.05469652159748487 0.02804436791913687 0
0.04620876386374748 0.02460786412982117 0
0.04796127957893227 0.02285584578727416 0
0.04964703499561411 0.02458290752859162 0
0.04792693644000928 0.02459055805837615 0
0.08169989813179362 0.01750021193310603 0
0.07994977210310703 0.0155645026759911 0
0.0835371190108638 0.01562682756682863 0
0.08174520091904401 0.01560410789892925 0
0.1210237208233175 0.02122186028703987 0
0.121086767164413 0.01934585616970073 0
0.07858590146910684 0.03276421580106355 0
0.07867970672027166 0.03457635102980644 0
0.1587882363855958 0.03444324308641945 0
0.1551366354652528 0.034427795414724 0
0.1570435548060796 0.03256477172042386 0
0.1569577201480444 0.03443204764895898 0
0.05826688371078671 0.01963468792334303 0
0.05673454146861379 0.01790585549560797 0
0.05839767202568485 0.01633981899048435 0
0.0583333789912685 0.01797775355278394 0
0.0726762664407347 0.01850873124876514 0
0.07098373178515484 0.01992592644453774 0
0.07110170727300377 0.0183637615736185 0
0.08531535508154584 0.01753028668207447 0
0.08711545494512482 0.01564444815806556 0
0.08532648153581684 0.0156388916247373 0
0.1717120622567102 0.02105568785631125 0
0.1699646992989042 0.01943582686668181 0
0.1716789782758231 0.01942656901248654 0
0.1552603483655681 0.03069008006974132 0
0.1589900173770059 0.0306955786662664 0
0.1571174539335745 0.03068942137817729 0
0.1296770843222221 0.03062621024827457 0
0.1316047354876982 0.02875410618931046 0
0.1333547490988651 0.03065439913592077 0
0.1315137558832181 0.03063739263029552 0
0.0871319656616496 0.02321333085552323 0
0.08891734390544986 0.02130971181989475 0
0.09071302379004753 0.02318472854269563 0
0.08892460241864092 0.02319758745246869 0
0.1282264391843413 0.01740697219586032 0
0.1281934685351722 0.02117064903402384 0
0.1282172658477839 0.01928334872557443 0
0.1150631846015885 0.03437264783026536 0
0.1133998460649818 0.03249796719773315 0
0.1132980620959918 0.03437372230919784 0
0.1241077093140758 0.03249371737540743 0
0.1239922219352774 0.03437148317041687 0
0.135190646363866 0.01350607972915399 0
0.1350890518740286 0.01004493605493669 0
0.1368057378445953 0.01169442639658039 0
0.1351276272826513 0.01176447464788672 0
0.09071269874343579 0.01941513451614309 0
0.08711408280695185 0.0194255999735079 0
0.08891206760825408 0.01753242299895097 0
0.08891400481228116 0.01942069824144159 0
0.09424159526656178 0.03066680024051725 0
0.09772754961482591 0.03065146239757925 0
0.09598547961584636 0.03065833795258471 0
0.1385356783790955 0.01327659388632006 0
0.1384070227991769 0.009949362689134178 0
0.1400740667508965 0.01152960978336292 0
0.1384552188882539 0.01161226234210838 0
0.1538169119753477 0.01732376964647556 0
0.1522557422181443 0.01529522611897055 0
0.1557759186231149 0.01563215191534603 0
0.1540042878364092 0.01549118642895076 0
0.1554062884763599 0.02313309721621133 0
0.1573297604324658 0.02126698137839934 0
0.1591606783848225 0.02315538989707661 0
0.1572878908957181 0.02314687843970779 0
0.04272685339182492 0.02806352243141347 0
0.04446611367305819 0.02634195949320222 0
0.04443168810545084 0.02805184532599061 0
0.1117300134941793 0.03062404730846922 0
0.1135890502952626 0.02874593880030484 0
0.1152676441980104 0.03062011758338704 0
0.1134967107351084 0.03062203093796573 0
0.1718446754871018 0.02426577734423527 0
0.1700788489877078 0.02275393643947688 0
0.1717669880267015 0.02267140685145316 0
0.116941439683499 0.03249516534729011 0
0.1168330841190883 0.03437171921575657 0
0.1400244235718367 0.004958731071685966 0
0.1383786355107705 0.006628940562902496 0
0.1383900813858356 0.004971044987982906 0
0.06150199571383849 0.03315570135221079 0
0.06324778998896802 0.03485351767444522 0
0.0615324506425311 0.03486296535465575 0
0.01270465062010147 0.027414324472883 0
0.009765633344580747 0.0274346327880224 0
0.0112405753756043 0.02586831735849565 0
0.01123443546103732 0.0273508140079015 0
0.02072044373446542 0.02958041173623571 0
0.01892339787207141 0.03119905758661189 0
0.02064340690706828 0.03127793101169593 0
0.07127120297883444 0.02613035123686037 0
0.0730670128329515 0.02769478848066174 0
0.07139626880881682 0.02781121334695693 0
0.07490392978864858 0.02932409256706614 0
0.07674909008592568 0.03102007144673549 0
0.07502146713889946 0.03109970262035114 0
0.1011039885170567 0.03438634376555104 0
0.1028920617104996 0.03251072262669941 0
0.1028241313544986 0.03438362760753045 0
0.1720431862384052 0.02733372488721589 0
0.170341615529795 0.02596751039333658 0
0.1719421775970193 0.02582537473275538 0
0.1012111382521236 0.03064115842679256 0
0.1029552733206144 0.0306372432990806 0
0.004947027708266397 0.02622220398450907 0
0.006644286181179404 0.02772616650617849 0
0.00501203721056262 0.02786939140949036 0
0.1369996750424382 0.01512385738896741 0
0.1352835027699384 0.01527619590491719 0
0.008378184632087338 0.02914964973983859 0
0.008153562105052581 0.02599903786661617 0
0.00823516938383094 0.02757642533765108 0
0.1171391726293294 0.02874122154389366 0
0.1170433702342357 0.03061832067130842 0
0.0397963484115422 0.004889799855128231 0
0.144260838895171 0.03445517651784753 0
0.1460982767630025 0.03260786614776585 0
0.1460826868671572 0.03445244613641593 0
0.1402630817689987 0.0147652486082731 0
0.1388437685506171 0.01660331720801311 0
0.1386596815220395 0.01494158148002875 0
0.03752524853395283 0.03318637073878356 0
0.03747600087339794 0.03488820104257376 0
0.04105984401951879 0.02637469584069712 0
0.03939194772607688 0.02469533349621339 0
0.04111033280519867 0.02298070225014663 0
0.04278870117166848 0.02465408662543648 0
0.04108772962685794 0.02467629667132607 0
0.09976886404255991 0.01751273146193667 0
0.09799156364438398 0.01563671021438732 0
0.1016457720876909 0.01563238037296289 0
0.0998203095144001 0.01563443962648179 0
0.1424593655851128 0.03261153000134787 0
0.1424267917559436 0.03445346423415125 0
0.07805080518357316 0.01737976069466967 0
0.07638219665335083 0.01540369134482178 0
0.07815607231416287 0.0154998453026315 0
0.06644437800139794 0.01491914035341868 0
0.06806161916830408 0.01496059684778229 0
0.1720112447647377 0.03025002304385276 0
0.172097132942059 0.02879034226491088 0
0.128225814240651 0.01554337639761039 0
0.02921980680806455 0.02807466743700797 0
0.02750345708354499 0.02974489266753504 0
0.0275667772446199 0.02637399088620176 0
0.02753449889356033 0.02805607738865998 0
0.1280938655663519 0.0249579761066237 0
0.1299809299949839 0.02305154062086003 0
0.1281519702808305 0.02306398632938946 0
0.085445413474998 0.02888847021652546 0
0.08373868597538381 0.03078752298622437 0
0.08549112572895358 0.0307540805335025 0
0.04098926774485781 0.02977637846797865 0
0.03933212592967205 0.02808482421115159 0
0.04102703159021761 0.02807490506512244 0
0.09070701502296724 0.01564563384821177 0
0.08890735812433689 0.01564614937200652 0
0.03925431341213972 0.03148326663132658 0
0.04094607559581945 0.03147881578054493 0
0.05816149854361345 0.02298657796906098 0
0.05820846789689173 0.02130589406558598 0
0.1452982570394505 0.01861441519901746 0
0.1436075591551173 0.01743504284521047 0
0.1448441847057639 0.01583185809029343 0
0.1449940487240304 0.01722076401205334 0
0.1649779961201101 0.0288046914862164 0
0.1667952888032896 0.03097147896128524 0
0.1645789594955579 0.03271313739527896 0
0.1628138639855622 0.03074099350568302 0
0.1647866689323869 0.03080622965336013 0
0.02085700270833628 0.02623259085423702 0
0.01911934557995693 0.02783184528254385 0
0.02079297828108746 0.02789987172134174 0
0.02916707387924939 0.03145907058783861 0
0.02745662138942881 0.03314304075326969 0
0.02747632534166393 0.03144061096572515 0
0.06490500779028811 0.03312775325899264 0
0.06495566975997345 0.03484003692609133 0
0.137226172172144 0.02698515340400551 0
0.1391582972279451 0.02525341983501793 0
0.1408185705320939 0.0271294791381864 0
0.1390361076378733 0.02706588997881731 0
0.02914134484390946 0.03486508214244803 0
0.02744878075785484 0.03485152954098705 0
0.06145803914610323 0.02975523403889425 0
0.06317022999123194 0.03144091221844741 0
0.06147718820535319 0.03145277725504721 0
0.1432642167160603 0.00494437586890277 0
0.1416312733851185 0.006590794468238813 0
0.1416480853554389 0.004948939823318788 0
0.1260255134646763 0.03061598736382364 0
0.1279393523650628 0.02873638255741487 0
0.127847215355765 0.03061951250837489 0
0.1684805749062218 0.02455468769605541 0
0.1665757680563002 0.02298003278133842 0
0.1682724475089995 0.02115934214327469 0
0.1683523247229126 0.02286157587184843 0
0.0411708647470248 0.01301390904963609 0
0.04279370603892384 0.01458333119248505 0
0.04114375378316816 0.01627603697720239 0
0.03948970013950283 0.01467517804757138 0
0.0411497569070727 0.01463708116171486 0
0.09942887287053009 0.03251818864433186 0
0.09938810791227758 0.03438959027171899 0
0.06481556031060363 0.02972502154509141 0
0.03967142881849741 0.008158189197319813 0
0.03083120909138468 0.03317143448486418 0
0.03081849183554268 0.03487477339870448 0
0.1625000030438682 0.03450172767673002 0
0.1662633276247074 0.03465977075204864 0
0.1643845808948523 0.03456381514700475 0
0.04451901969234221 0.02291703930258604 0
0.04449564998490986 0.02463035880762686 0
0.1698808396810147 0.03490087599673068 0
0.1683036998187461 0.03306271197446186 0
0.1680991358695722 0.03478494766727119 0
0.1511082808490734 0.01004827932681975 0
0.1495865116124595 0.00831609690610521 0
0.1512000445118134 0.008385694593122609 0
0.09614018887052853 0.01751923783825475 0
0.09433802588087931 0.0156415888672435 0
0.09616336174403396 0.01563914036152076 0
0.0665432218802724 0.03139486189784155 0
0.06485841609085674 0.03142211601201324 0
0.0681577238583094 0.029653102176945 0
0.06822706400913808 0.0313576396451449 0
0.1443072135168354 0.03077879400674076 0
0.1425408072991713 0.0289571117661004 0
0.1424982441143929 0.0307776689936014 0
0.0564532840041094 0.02465097785717506 0
0.05812615500096484 0.02467361958957109 0
0.1664619578256659 0.01947452962475556 0
0.1682036616483669 0.01774524608292447 0
0.1682259055986614 0.01945383269521266 0
0.04330227592451859 0.00487420140844155 0
0.0414569942273801 0.006524482866033924 0
0.04153599508461326 0.004883609494425457 0
0.1443510301880344 0.02715151024016663 0
0.1426280186106431 0.0253965279169916 0
0.1425849436146113 0.02715856947044247 0
0.148045765672795 0.006625966129032821 0
0.1464858420720858 0.00495874788963439 0
0.148096869686356 0.004979290016773935 0
0.1432268803031202 0.01140499354180141 0
0.1417202394503438 0.01304678113659252 0
0.1416343810564257 0.009848576976861144 0
0.1416634340810113 0.01145736364356707 0
0.1352879789540019 0.02880565436311292 0
0.1351964189569285 0.03067801568444312 0
0.1015212014374192 0.01938733223931518 0
0.09967522603668898 0.02126862056730147 0
0.09791850535451443 0.01939480695019195 0
0.09972075180902665 0.01939085245691988 0
0.0395552477175205 0.01141351021733906 0
0.04128382808865854 0.00978289454271675 0
0.04285263744707909 0.01138716469508044 0
0.04121554386950521 0.01139891977332185 0
0.09249516155625576 0.03067729893557467 0
0.01509331761954609 0.0344884040666341 0
0.01705314469781082 0.0328197886397339 0
0.01692664128269486 0.03459127585066658 0
0.07838170264839392 0.02911787084004356 0
0.08023529625590213 0.03088235621160153 0
0.07848829514560041 0.03094617457570593 0
0.1607695715344535 0.03259702104122409 0
0.1606337098351307 0.03446456780944035 0
0.1014127420684379 0.0231411841024848 0
0.09958981601945499 0.02502232174584872 0
0.09784978381612772 0.02315126917660374 0
0.09963173611846475 0.0231458449964413 0
0.1335377819114226 0.0268829580043333 0
0.1354984618451783 0.02501389793994058 0
0.135387226744917 0.02692198844156663 0
0.1100534229569991 0.02875083506367752 0
0.1099672810475402 0.03062618920195839 0
0.07981114461368283 0.01939259271705573 0
0.07781161093553908 0.02138549060848187 0
0.07601858279674541 0.01915105789745799 0
0.07792430086253997 0.01932548528784257 0
0.0158279574071854 0.02764639162094808 0
0.01755031612903778 0.02610752163366789 0
0.01734510711958219 0.02940504080074225 0
0.01746082030404373 0.02774784860839683 0
0.04306385662925672 0.008170849665090338 0
0.04136832861586899 0.008158789651550606 0
0.07271523097194077 0.02433383559700616 0
0.07099786417823141 0.0229256554252816 0
0.07113339552345589 0.02449502628397088 0
0.07984320331588889 0.02334919081031649 0
0.07812000514506741 0.02539072119561988 0
0.07605674034280374 0.02364653017213392 0
0.07795927198568708 0.02344482966224314 0
0.153371127190532 0.03256542560358888 0
0.1533212406730076 0.03442854261942584 0
0.01549391456289223 0.0309428358975166 0
0.01720427431667432 0.03109207511393342 0
0.1410187965910456 0.02365295239863415 0
0.1426753462345825 0.02208031406189231 0
0.1443286922704121 0.02364488095255515 0
0.1426640657970138 0.02369374788037881 0
0.1495688986004297 0.02120507784355881 0
0.1515973448371854 0.0231407177821807 0
0.1478202098753086 0.02337302201380737 0
0.1496809684463197 0.02321385701098451 0
0.1208802554853226 0.02497850102696563 0
0.12095513292842 0.02309965034306552 0
0.07091637482239729 0.02142490199393138 0
0.162938308266152 0.01237565251060456 0
0.1611548061291113 0.01408942193648057 0
0.1594482852856904 0.01225001541932823 0
0.1611892666825787 0.01231605267699 0
0.09251760389930426 0.01752651043773608 0
0.09251803889792733 0.0156438711131648 0
0.1243076418649184 0.02873388471606293 0
0.1242125515943464 0.03061458499332562 0
0.1610243693999076 0.02501683769505003 0
0.1629418423866472 0.02687579554937975 0
0.1609700579431524 0.0288077962812744 0
0.1610110245177856 0.02690418388475554 0
0.03760697292714891 0.02978808898630841 0
0.03756843642876295 0.03148621219979768 0
0.1608853327358135 0.03071057431433429 0
0.146129709167523 0.02893612046995328 0
0.1461162293832561 0.0307682330132213 0
0.05157931238495413 0.01931373705142423 0
0.05141681244015197 0.02285181388665949 0
0.04974084198505657 0.021080941296459 0
0.05148458365386822 0.02109782164499417 0
0.08175875257081677 0.02521119745029685 0
0.08361981765655364 0.02705162929499974 0
0.08191062283349383 0.02897435686453627 0
0.08004510529534643 0.02717405614300375 0
0.08183359172749459 0.02710323876464751 0
0.1628964453182608 0.01591861023344291 0
0.1610823125672013 0.0176677759610024 0
0.1593364381934466 0.01581320257326244 0
0.161117398065671 0.01587231838571574 0
0.1424004070384107 0.01912105390074388 0
0.1406709884373488 0.01790395470157038 0
0.1419590135027527 0.01614844940463301 0
0.1421591027006259 0.01765221028921985 0
0.1733128286113985 0.03504821612723061 0
0.1749947770499956 0.03508357636193997 0
0.01339760318304289 0.03244316328847148 0
0.0111941487059075 0.03425213021169332 0
0.01319727621940696 0.03436300718331375 0
0.05307225642483934 0.0246037183289971 0
0.05136390790008585 0.02458777023498776 0
0.092505327104889 0.02129228728996715 0
0.09428346596676472 0.02316514422993419 0
0.09249896754866055 0.0231740640441182 0
0.1337071676448571 0.02303462079251349 0
0.131768173908087 0.02495779916880771 0
0.1318300242468567 0.02303977089846886 0
0.09431334608395389 0.01940416112285994 0
0.09251225526113245 0.01940951159042784 0
0.1577802293477193 0.01041765472958828 0
0.1578292013955774 0.008672077479065215 0
0.1447642538095793 0.01291747900914047 0
0.1462012908283811 0.01437578463641988 0
0.1433205793726805 0.01448847473673791 0
0.1447815114903266 0.01440305059953359 0
0.1418149666495558 0.01461197908126053 0
0.03946173403765646 0.01797614447635274 0
0.03767271574338479 0.02639959939061814 0
0.03764161598725897 0.02809239601075186 0
0.1391146326732947 0.01824156275654004 0
0.1753632778323506 0.00508170650052479 0
0.08165826650819843 0.02135719174201862 0
0.08349548945600374 0.01942797411961868 0
0.08166557019331072 0.01941906068262586 0
0.08198631017851493 0.03082974665128132 0
0.08531414009726393 0.02133144801553765 0
0.08530949593708308 0.01942872957526782 0
0.1490278449136216 0.01469522216673938 0
0.1508183284305101 0.01335798775222509 0
0.1505700678064471 0.01502250187120594 0
0.04113746928303459 0.0196058488675768 0
0.04282564725480047 0.02124996060960273 0
0.03943453465410042 0.02132140053473396 0
0.04112706500318451 0.02128963867580207 0
0.1493938439418492 0.01156722748410399 0
0.1509867705182751 0.0117046181041647 0
0.05476893910820406 0.02462639751814871 0
0.1375650614415074 0.02316010317359483 0
0.1356214700083533 0.02305436056244347 0
0.1033881561299575 0.01750733578951435 0
0.1034642732685886 0.01563042260479785 0
0.04625466839423133 0.02115202381456541 0
0.04801126172728282 0.01933210458003281 0
0.04799170738204137 0.02110568764159408 0
0.05694560142973574 0.01470549336959833 0
0.05999042797906795 0.01475519133203498 0
0.058435957911683 0.01471648817271416 0
0.07451191794584397 0.01703522713410117 0
0.07465218957496564 0.01528344148676805 0
0.1534487426903521 0.02882230896173554 0
0.1534143500418144 0.03069719504773864 0
0.1367353076090467 0.00832109782358023 0
0.1350694044908246 0.00834552829088926 0
0.1448433635138525 0.006582740318234068 0
0.1448758611431322 0.004947198828978916 0
0.146107064578518 0.02531059271702878 0
0.1461305679827831 0.02711516385383516 0
0.09778628971504427 0.0269040023451009 0
0.05271927643470253 0.01024208430160558 0
0.05323849515401525 0.01236997151472674 0
0.05393998772621273 0.01100191198957777 0
0.1459013153550513 0.02179020009379654 0
0.1460405069025413 0.02353053362113415 0
0.0853628489295491 0.02512810618258764 0
0.08540172865916121 0.02701344893018242 0
0.09950889509817931 0.02877239845976988 0
0.09946899042602268 0.03064582613426617 0
0.03087635749755509 0.02977727480294915 0
0.03085144108383698 0.03147208140235364 0
0.1576407160147274 0.01394389840059447 0
0.1574676766054729 0.01755371442516907 0
0.1575551776894739 0.01573567109246911 0
0.1577169817855111 0.01217321876781551 0
0.1664569009533639 0.01249611430003152 0
0.1699913991219604 0.0126650882673144 0
0.1682082078153956 0.01430814353471981 0
0.1682238781966626 0.01257020304279266 0
0.007275862559218887 0.03453959362793532 0
0.005424878655602151 0.03466329661731263 0
0.0835219911626527 0.02325882572987037 0
0.0816949140606142 0.02329457637418311 0
0.1447885523606482 0.009807162841141845 0
0.1463028059198066 0.01139670868750156 0
0.144770260706326 0.01138161718967291 0
0.0428245080354837 0.01787395625615466 0
0.0411420464035506 0.01793319818676845 0
0.08533241944206141 0.02323307280968112 0
0.1646644291791072 0.007114605200006301 0
0.1646104309640628 0.005333593546410628 0
0.07458491400131567 0.02579171155439856 0
0.07649392086342655 0.02740031882797505 0
0.07476323449035055 0.02755258581130524 0
0.1473136310566631 0.01969926310896595 0
0.1493420110536941 0.01884192356428129 0
0.1298513325591761 0.02685236879293586 0
0.1316905377310865 0.02686201176141413 0
0.04724340098525515 0.01280994791682445 0
0.04597999793092879 0.01140926258461617 0
0.04772517717532075 0.01006188051016466 0
0.04870728400025827 0.01172305065159732 0
0.04740547443297075 0.01149343860370544 0
0.04494873314309457 0.006551016578457491 0
0.04702149044223567 0.004846989058842324 0
0.0451187078347829 0.00485888630288174 0
0.009017648650329127 0.03248183461569081 0
0.00918477456772486 0.03439176478092822 0
0.09609101514126532 0.02127882569347677 0
0.09611568769122121 0.01939924061766671 0
0.1479206890405789 0.009873864021490986 0
0.1463995709148903 0.008221871581216544 0
0.1479882327804828 0.008259631647079749 0
0.1432243101601358 0.008207009713420437 0
0.1448137957163327 0.008204773742198444 0
0.1400127782524667 0.008254070253093814 0
0.138383235044717 0.008288255357069049 0
0.1534916996060948 0.02504119096504154 0
0.1534737308344281 0.0269383519553671 0
0.04453453958617219 0.0194917120444016 0
0.04453353150196743 0.02120300422001684 0
0.06320866199576344 0.01484398124812566 0
0.06482710081059215 0.01488201136295375 0
0.1737895394836016 0.009550788167170206 0
0.1718225536190553 0.01106812747270838 0
0.1719115344567405 0.009276778315877116 0
0.01407944322207239 0.02910369977726701 0
0.01423638387920585 0.02752994669887483 0
0.0309320052971142 0.02640257877082899 0
0.03090376872972312 0.02808737568166113 0
0.1262029602164827 0.02684955117686153 0
0.1280221003645566 0.0268492112952883 0
0.1535469593695131 0.02118436993575601 0
0.1535102759205382 0.02312478077210697 0
0.06159209207707805 0.01480136284826735 0
0.1225921667331775 0.02685455019199751 0
0.1207985412577668 0.0268577239776204 0
0.147734902070452 0.01299535871741033 0
0.147838347814001 0.01145844372260087 0
0.05058793238502782 0.01099376180692116 0
0.0498436090592889 0.008795991263791899 0
0.05137153919164543 0.009468634717381715 0
0.1647002409784629 0.01066658110304715 0
0.1646926096122344 0.008893273608329396 0
0.164700419214426 0.02127010728734034 0
0.1628710726688667 0.01949143944677952 0
0.164667318269106 0.01771993174200071 0
0.164675216155145 0.01948917430158342 0
0.171731845552029 0.03335880875788682 0
0.1716129161500624 0.03498902527970173 0
0.07826072228313942 0.02727130887708275 0
0.1416254472296213 0.008225061393254469 0
0.07434231375777331 0.02406552376622698 0
0.103254056446484 0.02126079591020469 0
0.1033187222048002 0.01938416311875477 0
0.008625706283003881 0.03076781548012276 0
0.07430094770819212 0.01875590878639009 0
0.04447083479629842 0.01612063625787778 0
0.04439025437694145 0.01293603867960895 0
0.04599141889775845 0.01437346802157849 0
0.04441243485986335 0.01450332172122965 0
0.1646827019312395 0.01419619023896751 0
0.1646944833762876 0.01243371347437099 0
0.1476030441964299 0.01444897348318195 0
0.04458081385075972 0.009817202350349595 0
0.04644926613378085 0.008294438514397238 0
0.04475761240965857 0.008207734816239074 0
0.1664403914970503 0.01599270134978958 0
0.1681995113120082 0.01603133712909596 0
0.1440921057829127 0.02039175884062074 0
0.1426131360683141 0.02057315533811567 0
0.1669114338191074 0.02662580228148237 0
0.1686854739337435 0.02621446176721788 0
0.1702552293315265 0.03163180152474569 0
0.1718716323073587 0.03177283120081874 0
0.1648198190429462 0.02490712479583316 0
0.1649117323440454 0.02680625269188921 0
0.09954901852005767 0.02689788084391049 0
0.1393356781851123 0.02348603699775087 0
0.04893059724061471 0.0135986962775797 0
0.04788405320054562 0.01570417196572001 0
0.04750788262790179 0.0141346653897472 0
0.1717501322806437 0.01279077652781123 0
0.09606701206616172 0.02315763013226971 0
0.05112534643720933 0.01323108157729445 0
0.05408410905865978 0.01432794404147095 0
0.05201921214708741 0.0155897916486572 0
0.05261844777578926 0.01387416915621373 0
0.04444986891169314 0.01138543744582709 0
0.1456503460230539 0.02012510185033293 0
0.124393293149262 0.02685165398400267 0
0.04986927202024078 0.01736761340642385 0
0.05346769745830245 0.01765107295390441 0
0.05173001653214743 0.0174809558511278 0
0.1610369339818959 0.02130538476051478 0
0.1592276831938876 0.01944804228314172 0
0.1610544752232528 0.01947822448395727 0
0.175445721418985 0.010025441170176 0
0.1628931434442307 0.02312569427851872 0
0.164747589665292 0.02307104731866438 0
0.0485877530297219 0.006714970886509048 0
0.04813850829720249 0.008471962464763739 0
0.04622992306034013 0.01767796639373825 0
0.04451543000442041 0.01779178502900699 0
0.161028883901934 0.02315089321776363 0
0.1031926279512769 0.0231371171382869 0
0.05529876252432436 0.01615268954469361 0
0.05512224016220377 0.01779992230876226 0
0.05551100852591011 0.01461499202336998 0
0.0138170863195181 0.03072480057756971 0
0.04799941775995541 0.01752731024218144 0
0.1685828735532583 0.03137746285118267 0
0.1555316820051846 0.01932900828869212 0
0.1573891404328734 0.01939934032814036 0
0.1536365023665342 0.01923014367895488 0
0.04985802528251942 0.0123857691085212 0
0.1646716387387525 0.01595701881768333 0
0.04878868677625043 0.005004346198306375 0
0.1696063260666077 0.02878743305104244 0
0.01122950952520362 0.02979664851446538 0
0.17630808984509 0.007633626418374318 0
0.1030745373901382 0.02688837337242381 0
0.04808080581502933 0.001003772889752205 0
0.07337192511674102 0.02141348564605287 0
0.1472162234223496 0.01673565073767298 0
0.05581347394135734 0.01224861410525937 0
0.140170188121462 0.0207702189907706 0
0.05817914667803702 0.01098806827888968 0
0.05983913513631936 0.01142701390132665 0
0.06159784556951372 0.01155395102230358 0
0.1515900492446832 0.02115477722295928 0
0.1516491353023954 0.01908599056552817 0
0.1013616844450125 0.02501731777984758 0
0.1031331675645275 0.02501300985735854 0
0.001578073981715084 0.001618957419318494 0
0.001571150935265511 0.003230149128104483 0
0.001571672435209198 0.004814121410316815 0
0.001575650254257336 0.006388819706124766 0
0.001580846969527872 0.007959234539166637 0
0.001586368071434419 0.009538912941555242 0
0.001591320172267222 0.01115039410241904 0
0.001596017031815819 0.01277987111106383 0
0.001600131876977967 0.01443459975275178 0
0.001604155916566624 0.0161068649369212 0
0.001608088852323525 0.01780881766864955 0
0.001612700691250857 0.01953514909750272 0
0.001618642174970861 0.02131640604919873 0
0.001628834807963775 0.02309327825875129 0
0.001641306416871186 0.02479808454340457 0
0.003145089434539644 0.00161245240971862 0
0.003135129062768652 0.003219486755773861 0
0.003139975463343131 0.004815729357715668 0
0.003150217623935511 0.00640645172763304 0
0.003161888033648128 0.007997214888778935 0
0.003173297033955024 0.009596193519106204 0
0.003183602484561648 0.01121189778339281 0
0.003192804774756017 0.01284360035878455 0
0.003200952643983123 0.01449291289475235 0
0.003208542023285743 0.01615876880745281 0
0.003216129784593041 0.0178436598154625 0
0.003224815047602497 0.01954639386594386 0
0.003236263567682141 0.02126796163216832 0
0.003253152327190173 0.02298503848052843 0
0.003276595564320209 0.02467424356688862 0
0.004675321719302225 0.001610876413248835 0
0.004685201743456394 0.003219050223168849 0
0.004703216614331289 0.004822845857487617 0
0.004723641925302724 0.006424548559484542 0
0.004743519970588708 0.008027913177268997 0
0.004761561085040181 0.0096376821705185 0
0.004777308675301184 0.01125805543056215 0
0.004790871971264501 0.01289032063248135 0
0.004802599806406182 0.0145351988436618 0
0.004813149560860083 0.01619236707909425 0
0.004823446796174566 0.01786151298239045 0
0.004834928842806827 0.01954052717168309 0
0.004849751154837629 0.0212253431098152 0
0.004870923370083811 0.02290503045165073 0
0.004901770928859947 0.02457004490092653 0
0.006192029809756805 0.001611837290343966 0
0.006228167740597118 0.00322274798979955 0
0.006264619364879639 0.004832177037263444 0
0.006298016578737659 0.006441427729683711 0
0.006327309646194462 0.008052841311591072 0
0.006352352199961247 0.009669181470292929 0
0.006373389957752772 0.01129278389150695 0
0.006390910359983918 0.01292477080041145 0
0.006405553487864438 0.01456543434432219 0
0.006418166163422695 0.01621420111773162 0
0.006429876743410876 0.01786971657327167 0
0.006442293365764447 0.01952924725976272 0
0.006457766222613737 0.02118834264764029 0
0.006479680405432898 0.0228403633835756 0
0.006512803491461217 0.02447979816506875 0
0.007701260761450932 0.001613896505312219 0
0.007772098810241004 0.003228032756205406 0
0.007829750482653872 0.00484193368424978 0
0.007876910142557481 0.006456532637853564 0
0.007915619697358364 0.008073287932305847 0
0.007947312629106792 0.009693809045116672 0
0.007973079776006961 0.01131940131476748 0
0.007993862142841784 0.0129506976082094 0
0.008010560745340872 0.01458760996551739 0
0.008024147860968361 0.0162292497012354 0
0.008035788053271528 0.01787382384998461 0
0.008047021339414373 0.0195183605934676 0
0.008060035362531887 0.0211585272876922 0
0.008078096321664049 0.02278874144651382 0
0.008106352971340589 0.02440345672669338 0
0.009227239292392277 0.001616943415080171 0
0.009330299681507129 0.003233839415904164 0
0.009405901887871229 0.004851266084469934 0
0.0094645537905996 0.006469795188466794 0
0.009511110556069138 0.008090272521353987 0
0.009548264543166776 0.009713600614708173 0
0.009577749716105408 0.01134045371084628 0
0.009600845968015026 0.01297104672368204 0
0.009618613313682245 0.01460500223828741 0
0.009632042213013961 0.01624123021934655 0
0.009642168590687603 0.01787778566261242 0
0.009650210579382604 0.01951166586904564 0
0.009657766096587278 0.02113859304804739 0
0.009667158574313358 0.0227528400185079 0
0.009682175346492711 0.02434707409667601 0
0.01080796152233608 0.001619170536295161 0
0.01091588181226551 0.003239137895455907 0
0.01099913064275302 0.004859701438835314 0
0.01106439378635567 0.00648134309576574 0
0.01111604145974686 0.008104611377845935 0
0.01115685657954542 0.009730007281796977 0
0.01118872671845094 0.01135782885229129 0
0.01121303687821426 0.01298801987405892 0
0.01123086904488127 0.01462004028017746 0
0.01124312132551329 0.01625274668891927 0
0.01125057550671399 0.01788425240922402 0
0.01125394950829786 0.01951174504480891 0
0.01125393097229467 0.02113121956874083 0
0.01125120758006004 0.02273702607613948 0
0.01124649169494385 0.02432078214709827 0
0.01241773790777477 0.001621843653255635 0
0.01252556128533035 0.003244157680809038 0
0.01261017620914522 0.004867283443258215 0
0.01267778876713084 0.006491455225909502 0
0.01273174461812736 0.008116968880536752 0
0.01277429910761947 0.009744077681619454 0
0.01280713297817625 0.01137286779033575 0
0.01283154411010328 0.01300314582375726 0
0.01284852809229459 0.01463433438211569 0
0.01285882426498486 0.01626537747836031 0
0.01286291567258349 0.01789463178674287 0
0.01286099079414837 0.01951973989617858 0
0.01285281868043746 0.02113744588198477 0
0.01283745408211746 0.02274331394426759 0
0.01281255826549826 0.02433118839824193 0
0.01406432426346123 0.001623810237647388 0
0.01415756990182218 0.003248550314929335 0
0.01423790986830591 0.004874025225010639 0
0.01430470544758787 0.006500391955180526 0
0.01435874725615098 0.008127850635366189 0
0.01440134254329568 0.009756539774679718 0
0.01443381698397765 0.01138645316980474 0
0.0144573090703294 0.01301736564047696 0
0.01447269117029029 0.01464876203570856 0
0.01448053922921507 0.01627977847903105 0
0.01448107996270634 0.0179091431793133 0
0.0144740980902014 0.01953513014109351 0
0.01445873334326743 0.02115552734371589 0
0.01443307690547666 0.02276766116187092 0
0.01439337301145495 0.02436857310752687 0
0.01571804696739237 0.001625774496231386 0
0.01580162749131056 0.00325261217147756 0
0.01587893801575424 0.004880118115505051 0
0.01594427071680619 0.006508398152662428 0
0.01599710889508317 0.00813761132521716 0
0.01603840266300733 0.009767850238985238 0
0.01606935675022747 0.01139908841483049 0
0.01609103561222333 0.01303113652057984 0
0.01610422637517274 0.01466360289100352 0
0.01610938625434072 0.01629587024129584 0
0.01610658143464001 0.01792708232410016 0
0.0160953889197189 0.01955617215458404 0
0.01607471417478384 0.0211819467722349 0
0.01604246858284987 0.02280330813651801 0
0.01599504948103526 0.02441973977828836 0
0.01735553967838774 0.001627806807429952 0
0.01745212652571594 0.003256459834517079 0
0.01753203105783142 0.004885665067919514 0
0.01759634833719792 0.006515613830667545 0
0.01764698418017224 0.008146446412165958 0
0.01768573738328755 0.009778236781707731 0
0.01771408489998246 0.01141097540183365 0
0.01773314546614922 0.01304454556103675 0
0.0177436751873906 0.01467870492064692 0
0.01774606785542379 0.01631308820842849 0
0.01774032591417391 0.01794722598311369 0
0.01772599868767011 0.01958061544027906 0
0.01770206868283447 0.02121285878648332 0
0.01766678233662519 0.0228439327457861 0
0.01761745120433192 0.02447465902263538 0
0.01901040996600559 0.001629967646125659 0
0.01912065083356342 0.003259934584942854 0
0.01920114519914429 0.004890583388584929 0
0.01926225188959597 0.006522044161053108 0
0.01930877887623116 0.008154407269347987 0
0.01934346670424761 0.009787746840518937 0
0.0193680665388223 0.01142209614913398 0
0.01938373698236036 0.01305742916131789 0
0.01939120091555824 0.01469365285862297 0
0.01939081167642892 0.01633062640559209 0
0.01938256998431287 0.01796819498781798 0
0.01936610535080714 0.01960627424530679 0
0.01934064332664126 0.02124498769593634 0
0.01930496206709401 0.02288489661429419 0
0.01925741058490936 0.0245273409365685 0
0.02072752376159936 0.001630876887583729 0
0.0208201923831753 0.003262533485194483 0
0.02089011937432469 0.004894722588278007 0
0.02094292922435695 0.006527642316508398 0
0.02098250274528455 0.008161460210886836 0
0.0210113279507496 0.009796308797274802 0
0.02103100041989678 0.01143228953754113 0
0.02104254417827628 0.01306947344320281 0
0.02104657748023238 0.0147079038563958 0
0.02104339384918368 0.01634762090655917 0
0.02103300657091975 0.01798870003126158 0
0.02101516145554236 0.01963132780842243 0
0.02098936095050652 0.02127591599861364 0
0.02095490113310242 0.02292326190606162 0
0.02091099013884899 0.02457475512166959 0
0.0224712331035092 0.001632164876257718 0
0.02254272108204289 0.003264880149037333 0
0.02259646287325339 0.004898258720991627 0
0.02263701412762678 0.006532424653875442 0
0.022667096276762 0.008167541694235725 0
0.02268843322656251 0.009803783005935629 0
0.02270213781923099 0.01144131556015669 0
0.02270892442751489 0.01308029933869025 0
0.02270921904229799 0.01472089092195777 0
0.02270321430711157 0.01636326709518173 0
0.02269091610483241 0.01800765755723865 0
0.02267216742311355 0.01965440177376363 0
0.02264670284788789 0.0213040313792783 0
0.02261422286387801 0.02295737205215221 0
0.02257453820417063 0.02461564909385469 0
0.0242421349458474 0.001633043673010336 0
0.02428319680680268 0.003266757488922419 0
0.02431615832167273 0.0049011365823653 0
0.02434171786036997 0.006536330406674 0
0.0243605756310868 0.00817253969084311 0
0.02437329818367985 0.009809985441786344 0
0.0243803081153298 0.01144889620974837 0
0.02438189957374957 0.01308951084982075 0
0.02437824412276194 0.014732077796225 0
0.02436939695079959 0.0163768714683376 0
0.02435532067042835 0.01802421621404981 0
0.02433590897789052 0.019674522737992 0
0.02431104835498633 0.02132833820798445 0
0.0242807025594136 0.02298640744288615 0
0.02424504735447796 0.02464972065957143 0
0.02602007239173801 0.001633833371172802 0
0.02603152929307678 0.003268240675529718 0
0.02604326541149812 0.004903329641181179 0
0.02605322929722775 0.006539277512812402 0
0.02606033249591531 0.008176316308818965 0
0.02606402359548762 0.009814709589689228 0
0.0260640383445897 0.01145474234068519 0
0.02606024939734224 0.01309672364704518 0
0.02605256803672383 0.01474097865494502 0
0.02604089662799437 0.01638785414903983 0
0.02602512111036256 0.01803772773261293 0
0.02600513127423328 0.01969102806216337 0
0.02598087800556359 0.02134826287762305 0
0.02595245401832819 0.02301004703539211 0
0.02592020946361968 0.02467712843587882 0
0.02779245201114978 0.00163434667987385 0
0.02777912284304725 0.003269222634254814 0
0.02777203788847661 0.00490474709818235 0
0.02776765849111023 0.006541156088706466 0
0.02776362946366882 0.008178719984302866 0
0.02775857484894573 0.009817744777056088 0
0.02775172271541418 0.01145857218098482 0
0.02774262952549271 0.01310157923641716 0
0.02773100023275339 0.01474716348826721 0
0.02771659558592825 0.01639573114450497 0
0.02769920137523243 0.01804769357102561 0
0.02767865198831237 0.01970346687807507 0
0.02765487933204096 0.02136349006433393 0
0.02762799165409843 0.02302823462574721 0
0.02759836756934574 0.02469821865845425 0
0.02955453220147374 0.001634686467058808 0
0.0295198955021244 0.00326967194534904 0
0.02949789367009804 0.004905310410317229 0
0.02948173948198254 0.006541861082910866 0
0.0294680555780193 0.008179609967857148 0
0.02945506299721454 0.009818897475812811 0
0.02944179402506451 0.01146012340451004 0
0.02942768159796775 0.01310374225087911 0
0.02941232519432416 0.01475023558996775 0
0.02939537456403513 0.01640007380586083 0
0.02937649937330965 0.01805369887486069 0
0.02935542669708144 0.01971150286357959 0
0.0293319948888455 0.02137383752399638 0
0.02930623313202926 0.02304102719946798 0
0.02927844086473946 0.02471337747273064 0
0.03128500493194687 0.001634528668118775 0
0.03124694929503322 0.003269424633094164 0
0.03121755256941623 0.004904925663218485 0
0.03119330299824763 0.006541314016988062 0
0.03117187142342888 0.008178886459978073 0
0.03115195179643937 0.009818013218593619 0
0.031132840471178 0.01145916296763299 0
0.03111410146145496 0.0131028941696789 0
0.03109535083848423 0.01474980602225901 0
0.0310761571686043 0.01640046418341932 0
0.03105604831715275 0.01805535238937902 0
0.03103458252530789 0.01971483565841592 0
0.03101143443412475 0.0213791649764776 0
0.03098647530701599 0.02304850514167893 0
0.03095984741468424 0.02472295684743549 0
0.03300273700637088 0.001634095897999989 0
0.03296461573226409 0.003268529720170325 0
0.03293179408971673 0.004903598368134554 0
0.03290202132821402 0.006539519298588649 0
0.03287425845925044 0.008176532038801358 0
0.03284814841701088 0.009815006089409186 0
0.03282363025481821 0.01145549510707016 0
0.03280063672799993 0.01309871637774944 0
0.03277890340549448 0.01474545570544681 0
0.03275791444074588 0.01639643771201459 0
0.03273699088823567 0.01805221837565772 0
0.03271543373204971 0.01971313232860701 0
0.03269267317563153 0.02137930699913857 0
0.03266836076863479 0.02305071732151274 0
0.03264243114796839 0.02472724376302939 0
0.03470892024356349 0.001633227660580119 0
0.03467648083626772 0.003266935986756397 0
0.0346428660262402 0.004901366309178283 0
0.03460878555844336 0.00653658553172229 0
0.03457511299456906 0.008172664955022536 0
0.03454287553147531 0.009809911225788176 0
0.03451299617632989 0.01144898693307196 0
0.03448598835491624 0.01309087209035875 0
0.03446176236238479 0.01473667858807121 0
0.03443963833848575 0.01638740460410168 0
0.03441857999665013 0.01804373460404805 0
0.03439748692553141 0.01970595855372298 0
0.03437544408109711 0.02137402321572208 0
0.03435183785161732 0.02304765063609598 0
0.03432638064166296 0.02472645480415897 0
0.03641665177706038 0.001631866354818497 0
0.03638954011321013 0.003264567249062503 0
0.03635458753225917 0.004898308637061644 0
0.03631537786972026 0.006532785204037526 0
0.0362747474526337 0.008167642592763842 0
0.03623539890662769 0.009802982962412291 0
0.03619957884872612 0.01143961838933153 0
0.03616859513894435 0.01307898836030073 0
0.03614251967856375 0.01472280009808839 0
0.03612028203472469 0.01637254248670409 0
0.03610017708965284 0.01802911261815012 0
0.03608045830671287 0.01969270479458606 0
0.03605974160322587 0.02136295970281536 0
0.03603712838309389 0.0230392226452783 0
0.03601214990685271 0.02472075536931647 0
0.03814182086246084 0.001629687190575313 0
0.03811127218072671 0.003261103767494854 0
0.03807122433273908 0.004894492736260797 0
0.03802393603940523 0.006528662465654663 0
0.03797350097938916 0.008162264496796939 0
0.03792462720075698 0.009794893380543759 0
0.0378814080131998 0.0114275831107117 0
0.03784626880692406 0.01306262114701737 0
0.03781935368440478 0.01470282916853043 0
0.03779869266826794 0.01635060491877281 0
0.03778129079533053 0.01800718114033368 0
0.03776434451707912 0.01967249714231631 0
0.03774586699522457 0.02134562486211451 0
0.0377247246578982 0.02302530236251244 0
0.03770039839025585 0.02471030348806694 0
0.1048382294186061 0.0268845876906485 0
0.1066029951037724 0.02688123608276177 0
0.1083690681881166 0.02687818755836389 0
0.1101366601077592 0.02687532562820402 0
0.1119060291347174 0.02687255055081883 0
0.1136775582491588 0.02686978125535155 0
0.1154517709492726 0.02686694458472849 0
0.1172293981148274 0.02686399583320373 0
0.1190113142394399 0.02686091092276718 0
0.1049044237309689 0.02500923720519704 0
0.1066755773940993 0.02500584782729574 0
0.1084467768756626 0.02500271423458181 0
0.1102182179855849 0.02499971139093646 0
0.1119901914815526 0.0249967273550126 0
0.1137631580295341 0.0249936572316436 0
0.115537735777649 0.02499039255867634 0
0.1173147588777386 0.02498683630673131 0
0.1190952140588759 0.02498289684826645 0
0.104971271006201 0.02313350963694089 0
0.1067485922263808 0.023130217294797 0
0.1085246103011644 0.02312712131134684 0
0.1102994504103734 0.02312408967884669 0
0.1120734043365244 0.02312100022586367 0
0.1138469757122116 0.02311772175564605 0
0.1156208891771856 0.02311411353624225 0
0.1173960992437374 0.02311002190936716 0
0.1191737405118295 0.02310527076015151 0
0.1050401336894579 0.02125748419528907 0
0.1068235437126778 0.02125441771015047 0
0.1086041325775574 0.021251480101185 0
0.1103819112947978 0.02124854146515883 0
0.112157135714526 0.02124547332831282 0
0.1139303487455906 0.02124212569736769 0
0.1157024025175552 0.02123832630527033 0
0.1174744153118416 0.02123387061511629 0
0.1192476895103084 0.02122849685536952 0
0.1051125279628075 0.01938126050289181 0
0.1069021193295484 0.01937853131114339 0
0.1086871417958868 0.01937587399631375 0
0.1104674213126909 0.01937316094821758 0
0.1122431275854013 0.01937026378925735 0
0.1140148566164835 0.01936701895975473 0
0.1157836514454174 0.01936324101459639 0
0.1175508739496499 0.01935869241434634 0
0.1193180282287893 0.01935304657114243 0
0.1051902016531421 0.01750492757674864 0
0.1069862757583734 0.01750263457728566 0
0.1087757835921475 0.01750037326202323 0
0.1105581790745397 0.01749801586991355 0
0.11233349316717 0.01749544890563713 0
0.1141023641323572 0.01749249937290466 0
0.1158662169047255 0.01748899858013871 0
0.1176268209979943 0.01748470373034462 0
0.1193859267984024 0.01747926597641129 0
0.105275132628346 0.01562856070639947 0
0.1070782612087543 0.01562678175890483 0
0.1088726889833693 0.01562502630355107 0
0.1106569356497941 0.01562314291921873 0
0.1124308792934783 0.01562106586491064 0
0.1141950566838787 0.01561860601947484 0
0.1159518094861982 0.01561565677857357 0
0.1177037083034675 0.01561200011257069 0
0.1194527375522115 0.01560731226571712 0
0.09600323940835095 0.02878577258118097 0
0.09602289394197283 0.0269113822543221 0
0.09604420884689163 0.02503525930561602 0
0.09424875023983448 0.02879476636677726 0
0.0942583250332545 0.02692036961574116 0
0.09426999179903117 0.02504372521317167 0
0.09249233670466397 0.02880589964565599 0
0.09249211767813784 0.02693142656954741 0
0.09249438334440684 0.02505400623649167 0
0.09073375402261312 0.02881981169122216 0
0.09072385313063536 0.02694518010816197 0
0.09071686461020986 0.02506663045223802 0
0.08897300991744279 0.02883736282701474 0
0.08895308619696324 0.02696250567014782 0
0.08893663115279776 0.02508234195223637 0
0.08721021557120516 0.02885971660871486 0
0.08717927343336901 0.02698464970676075 0
0.08715250832040759 0.02510225247451427 0
0.0597688784761117 0.02806504987559982 0
0.06144512436792959 0.02806402426520708 0
0.06311440167298356 0.02805584488584291 0
0.06477714166936155 0.02803836216728884 0
0.0664341884837512 0.02800893183029316 0
0.06808720321969544 0.02796416843806975 0
0.06973934721827157 0.02789983394035765 0
0.05977455664079214 0.02637550291687327 0
0.06143946228799795 0.02637993831674267 0
0.06309622883699469 0.02637673913080414 0
0.06474484359909993 0.02636372876935147 0
0.0663852751351121 0.02633798794105647 0
0.06801794126517885 0.0262952466590548 0
0.06964474011784588 0.02622911328370018 0
0.05978884573360278 0.02469172041105111 0
0.06144227737818768 0.02470350349867676 0
0.06308662679499343 0.02470747971031491 0
0.06472124550908713 0.02470191722550667 0
0.06634474182614933 0.02468424656251411 0
0.06795520819488329 0.02465013748810009 0
0.06955099337437229 0.02459183146111345 0
0.05981273831681129 0.02301433782709618 0
0.06145458359430069 0.02303494332729347 0
0.063087257897416 0.0230478286387168 0
0.06470941538940261 0.02305230901003959 0
0.0663180895727157 0.02304709862967266 0
0.06790828239125529 0.02302952388389312 0
0.06947206835009288 0.02299371081130246 0
0.05984643317656414 0.02134426450959379 0
0.06147651059637885 0.0213742192380356 0
0.0630989631950401 0.02139667743748877 0
0.06471181704987478 0.02141247628417878 0
0.06631100990956766 0.0214223931938943 0
0.06788947363726883 0.02142720521360611 0
0.06943399795242208 0.02142773813425471 0
0.05988841534500061 0.01968283802505748 0
0.0615064853948445 0.01972113604797274 0
0.0631207982556351 0.01975228404365155 0
0.06472862645754877 0.01977858905351852 0
0.06632583044277018 0.01980281532523635 0
0.06790673468766406 0.01982913415894876 0
0.06946318476344049 0.01986497897083451 0
0.05993409433227329 0.01803156062406035 0
0.06154048501103355 0.01807534951216587 0
0.06314950116712179 0.01811281228910675 0
0.06475662114967635 0.01814681582594804 0
0.06635782013814827 0.01818112981463227 0
0.06794986054623427 0.01822147543133456 0
0.06953067265455649 0.01827709625221245 0
0.05997385525505725 0.01639061447519404 0
0.06157180620990025 0.01643601491173922 0
0.06318023172634521 0.01647686343894291 0
0.0647908305405181 0.01651474971760626 0
0.06639943786215324 0.01655335118003223 0
0.06800488675974052 0.01659831843507441 0
0.06960879494501926 0.01665757923264055 0
0.1186514853795366 0.01373878676328819 0
0.1178241845495494 0.01280523153134875 0
0.1187276555692839 0.01186906191923233 0
0.1195549563992711 0.01280261715117178 0
0.1186895704744103 0.01280392434126026 0
0.1169124788626761 0.0137418309217761 0
0.1160897803545141 0.01280724703863482 0
0.1170014860413875 0.01187064764820746 0
0.1169569824520318 0.01280623928499178 0
0.1161866458775454 0.01093566761668049 0
0.1179081446645684 0.01093498003152697 0
0.117047395270969 0.01093532382410373 0
0.1196279133598147 0.01093408188770536 0
0.1187680290120328 0.01093453095961617 0
0.01214433793799021 0.03624868245026794 0
0.0130808018564529 0.03720214079063176 0
0.01211811826107332 0.03813464956413064 0
0.01118165434261063 0.03718119122376681 0
0.01213122809953177 0.03719166600719929 0
0.01404620002555595 0.03629526657860299 0
0.01495084453055201 0.03724480407560354 0
0.01398544636144896 0.03815167828763232 0
0.01401582319350246 0.03722347243311765 0
0.01488517226401455 0.03908195037547602 0
0.01303965934427321 0.03906972791215629 0
0.01396241580394489 0.03907583914381615 0
0.01118588603132058 0.03906492165197435 0
0.0121127726875592 0.03906732478206532 0
0.1724907336328779 0.003565842226658784 0
0.1715033689225328 0.002690879551387342 0
0.1723049107862644 0.001775067718042358 0
0.1732922754966095 0.002650030393313801 0
0.1723978222095712 0.002670454972350572 0
0.1706889560626268 0.003598069635474519 0
0.1697052001087113 0.002699443224576874 0
0.1705196129686174 0.001792253140489697 0
0.1706042845156221 0.002695161387982108 0
0.1695343433344497 0.0008980376725727449 0
0.1713319308687491 0.000894215467916952 0
0.1704331371018479 0.0008961265702448484 0
0.1731241416872528 0.0008808522501254062 0
0.1722280362788649 0.0008875338590211791 0
0.1514496101373491 0.03721755126766552 0
0.1505428861488824 0.03814602657553262 0
0.1496680925268966 0.03722005493599393 0
0.1505748165153633 0.03629157962812682 0
0.1505588513321229 0.03721880310182972 0
0.151399694505705 0.03907263115602039 0
0.1496489336447069 0.03907339541951224 0
0.1505243140749789 0.03907301328776631 0
0.1478968159596199 0.03907419134983259 0
0.1487709448704272 0.03814758676934483 0
0.1487728748029976 0.03907379338467241 0
0.1478838965416801 0.03722274597823547 0
0.1487810441981495 0.03629521414488457 0
0.1487759945342884 0.0372214004571147 0
0.129290939692465 0.03719139626293007 0
0.1283036839654807 0.03812690713141179 0
0.1274479358910735 0.03718895903196154 0
0.1284351916180578 0.03625344816347981 0
0.1283694377917692 0.0371901776474458 0
0.1291487294222309 0.03906384003849619 0
0.127308908798077 0.0390630670929156 0
0.1282288191099603 0.0390634535657059 0
0.1254746805913561 0.03906251648214216 0
0.1264645645853636 0.03812558357505776 0
0.1263917946938708 0.03906279178752887 0
0.1256160319449666 0.03718730764705926 0
0.1265994032506764 0.03625068310396303 0
0.1265319839180201 0.0371881333395104 0
0.08267956777543824 0.01373528884532882 0
0.08182007618082904 0.01279332530171609 0
0.08271848650119307 0.01186518110455611 0
0.08357797809580228 0.01280714464816884 0
0.08269902713831565 0.01280023497494247 0
0.08090664142977422 0.01371180122478456 0
0.08005659208615935 0.01277139102397591 0
0.08097002683721417 0.01185291510090745 0
0.0809383341334942 0.012782358162846 0
0.08015013907234915 0.01092274404815428 0
0.08187550367923212 0.01093017105275317 0
0.08101282137553913 0.01092645755045372 0
0.0835970882832332 0.01093501005180295 0
0.08273629598108206 0.01093259055227806 0
0.04405661046554452 0.03914696167345277 0
0.04496002074332094 0.03829358385531262 0
0.04577816791452351 0.03914662218185985 0
0.04491738918991001 0.03914679192765631 0
0.0423396380747757 0.03914726421178957 0
0.04324348693484289 0.03829422588524234 0
0.04319812427021544 0.03914711294262117 0
0.04242751469845704 0.03744181220884883 0
0.04332155019985669 0.03658839951016769 0
0.04413752243624253 0.0374408131865612 0
0.04328251856734979 0.03744131269770502 0
0.045034541299501 0.03658700821268537 0
0.04585703960657941 0.03743977888143679 0
0.04499728102141097 0.037440296033999 0
0.07710695739103665 0.03730738987583029 0
0.07628363756239101 0.03821136603775793 0
0.07535691658320347 0.03732746551821323 0
0.07618023641184912 0.03642348935628559 0
0.07623193698712008 0.03731742769702176 0
0.07724621755797029 0.03910230059126563 0
0.07545308245680564 0.0391090654464923 0
0.07634965000756336 0.03910568301887897 0
0.07365833932412202 0.03911553431509412 0
0.07452105913152721 0.03822459976158642 0
0.07455571089039811 0.03911229988079321 0
0.07360523263921268 0.03734710035013573 0
0.07444109009088892 0.03644996610676253 0
0.07448107461120806 0.03733728293417447 0
0.03204766216323082 0.006540416657788355 0
0.03288813989373223 0.007358025668695004 0
0.03202306494133966 0.008177709249389715 0
0.03118258721083825 0.007360100238483068 0
0.03203536355228524 0.007359062953589035 0
0.02178997167599186 0.00653003348519192 0
0.02265205520219439 0.007349983174055583 0
0.02182479951102328 0.008164500952561281 0
0.02096271598482075 0.007344551263697617 0
0.02180738559350757 0.0073472672188766 0
0.01828638867963968 0.003258197209729966 0
0.01916089801635385 0.004075258986763891 0
0.01836658812848786 0.004888124228252222 0
0.01749207879177368 0.004071062451218297 0
0.01832648840406377 0.004073160718991093 0
0.01026447378847763 0.006475569142116267 0
0.01109021762305126 0.007292977236805837 0
0.010313576007908 0.008097441949599962 0
0.009487832173334369 0.007280033854910391 0
0.01028902489819282 0.007286505545858114 0
0.1088075082191715 0.03625154718742366 0
0.1096275378675475 0.03718831061332036 0
0.1087015277247078 0.03812589253237558 0
0.1078814980763317 0.03718912910647888 0
0.1087545179719396 0.03718871985989962 0
0.1105572524711091 0.03625055518627258 0
0.1113784949956151 0.03718758036530097 0
0.1104487803920535 0.03812533579234873 0
0.1105030164315813 0.03718794548931066 0
0.1112642493139425 0.03906253708909443 0
0.1095182816993709 0.0390627987032543 0
0.11039126550641 0.03906266789617437 0
0.1077744962699732 0.03906309382912128 0
0.1086463889846093 0.03906294626618778 0
0.05104004784484363 0.03914603034096746 0
0.0519509322113505 0.03829193812310574 0
0.05282752424091432 0.03914590778213828 0
0.05193378604332594 0.03914596906155287 0
0.04925529051957676 0.03914610891711176 0
0.0501810792921031 0.03829213925807923 0
0.05014766918195353 0.0391460696290396 0
0.04932820778060598 0.03743824840213214 0
0.05023313130100628 0.03658404210333321 0
0.05108600281250339 0.0374379329592803 0
0.05020710529655469 0.03743809068070622 0
0.05198374392776462 0.03658363202658794 0
0.05284867332661172 0.03743763719041338 0
0.05196733806955756 0.03743778507484684 0
0.135936854076944 0.003323445930715301 0
0.1351268187772216 0.002494498887027385 0
0.1359844114789944 0.001661499481305777 0
0.1367944467787169 0.002490446524993693 0
0.1359606327779692 0.002492472706010539 0
0.1342609667461512 0.003328071322274077 0
0.1334389617289238 0.00249776895268325 0
0.1343048137599942 0.001664196517436557 0
0.1342828902530727 0.002496133919855318 0
0.1334973611254808 0.0008327734819801957 0
0.135183721644255 0.0008314230354563616 0
0.1343405413848679 0.0008320982587182787 0
0.1368594236226899 0.0008300764458494157 0
0.136021572632833 0.0008307497406528886 0
0.1317512958709621 0.0008346940840751831 0
0.1308675367161812 0.001673605069287025 0
0.1308756479361528 0.000836802534643512 0
0.1325973795317849 0.001667467566055379 0
0.1326243284982215 0.0008337337830276895 0
0.1325659656196342 0.003332623879283084 0
0.1317243834224953 0.002502322492655213 0
0.1325816725757095 0.002500045722669231 0
0.1308568467063141 0.003345450379674938 0
0.1308621917112477 0.002509527724671408 0
0.1302825728019746 0.03625752928978526 0
0.1311514182965002 0.03719508757569877 0
0.1301597851869906 0.03812895454884357 0
0.1302211789944826 0.03719324191931442 0
0.132139337223117 0.03626304382328113 0
0.1330182948619141 0.03719970853209305 0
0.1320303759352973 0.03813175228451068 0
0.1320848565792072 0.03719739805389591 0
0.1329168309508336 0.0390666377741633 0
0.1310312301306878 0.03906511451034737 0
0.1319740305410069 0.03906587614225534 0
0.1300899797762861 0.03906447727442178 0
0.02224359210536352 0.03738211983110894 0
0.02133631932862954 0.03824565129770535 0
0.02044366152119154 0.03735841176277208 0
0.02135093429792551 0.03649488029617567 0
0.02134362681327753 0.03737026579694051 0
0.02226166280123507 0.0391268426397509 0
0.02042189756581712 0.03911880865795446 0
0.02134178018352609 0.03912282564885268 0
0.01857433022210477 0.03910840207926142 0
0.01951405918796376 0.03822721073721588 0
0.01949811389396094 0.03911360536860794 0
0.01862664416142569 0.03732752900896479 0
0.01955624649465347 0.03645873003452098 0
0.01953515284130861 0.03734297038586843 0
0.01023580665309342 0.03813889203867175 0
0.009272385045134356 0.03721536116466444 0
0.01021823273465156 0.03625766034975949 0
0.01022701969387249 0.03719827619421562 0
0.009307046365727094 0.03907397038669741 0
0.01024646619865842 0.03906944601933588 0
0.007431426535875467 0.03908998892666191 0
0.008349991854380096 0.03816395931335932 0
0.008369236450803938 0.03908197965667966 0
0.007382663184723616 0.03726945584265634 0
0.008305056375477876 0.03632085769396146 0
0.008327524114928986 0.03724240850366039 0
0.1144660069342735 0.0109362225242901 0
0.1135344530009983 0.01187298901814522 0
0.1127398688188339 0.01093676649385512 0
0.1136029378763248 0.01093649450907261 0
0.1152716748767798 0.0118718901409706 0
0.1153263264060709 0.0109359450704853 0
0.1151687161280378 0.01374422982373723 0
0.1143506106503035 0.01280887292607301 0
0.1152201955024088 0.01280805998235392 0
0.113417126200347 0.01374620732474295 0
0.1126009685510418 0.01281032341681516 0
0.1134757896006726 0.01280959817144409 0
0.09246006120964945 0.01094023654418769 0
0.09156388112710993 0.01188075366352134 0
0.09058908699945181 0.01094051711933366 0
0.09152457410389631 0.01094037683176067 0
0.09434054158217427 0.01094002520007725 0
0.09341258851903723 0.01188026174426493 0
0.09340030139677326 0.01094013087213247 0
0.09434243013777924 0.01282033601264735 0
0.09342597056032029 0.01376124408674519 0
0.09249612894157827 0.01282116981836277 0
0.09341927953967877 0.01282075291550506 0
0.09159894915027358 0.0137622855432669 0
0.09066670133580523 0.01282186938842548 0
0.09158141513869175 0.01282151960339412 0
0.1339027663155359 0.03813501987612625 0
0.1347886584140399 0.03906838210196295 0
0.1338527446826406 0.03906750993806313 0
0.134000754308206 0.0362698249918404 0
0.1348852257618277 0.03720513633587361 0
0.1339517603118709 0.03720242243398332 0
0.1358653665546016 0.0362775583403281 0
0.1367565748574934 0.03721109280670486 0
0.1357764340647195 0.03813867080225038 0
0.1358209003096605 0.03720811457128924 0
0.1366630637402954 0.03907028870028743 0
0.1357258610772304 0.03906933540112519 0
0.1791783465963615 0.01795743991162633 0
0.178360459604577 0.0171934712307889 0
0.1791821130082154 0.01647375072795982 0
0.1791802298022885 0.01721559531990928 0
0.1775319531142347 0.01792568583378718 0
0.1767139797985727 0.01713866698058195 0
0.177542486288915 0.01640645237758367 0
0.1775372197015748 0.01716606910568542 0
0.1767349264013104 0.01560398436319216 0
0.1775642247177598 0.01489216392992121 0
0.1783717846053644 0.01569463194431272 0
0.1775533555033374 0.01564930815375244 0
0.1791896715971489 0.01499306035896637 0
0.1791858923026822 0.01573340554343736 0
0.008814587029511559 0.0145963061019024 0
0.009625327763348103 0.01542311622881698 0
0.008828095036991161 0.01623523996029097 0
0.008017354303154617 0.01540842983337639 0
0.00882134103325136 0.01541577303109669 0
0.03525937854315148 0.01803642361109909 0
0.03609031769818286 0.01886090870636809 0
0.03523897261612214 0.01969933167415452 0
0.03440803346109077 0.01887484657888552 0
0.03524917557963681 0.0188678776426268 0
0.03031996350072409 0.008179248213917609 0
0.03116191160993412 0.008998449839285846 0
0.03030350739682695 0.009818455347203214 0
0.02946155928761692 0.008999253721834979 0
0.03031173544877552 0.008998851780560414 0
0.02689178413473861 0.01474407107160611 0
0.02772379790934082 0.01557144731638609 0
0.02687874610696131 0.0163917926467724 0
0.0260467323323591 0.01556441640199242 0
0.02688526512084996 0.01556793185918926 0
0.003575416364972578 0.03390631292458901 0
0.00270131241746964 0.03480235520169888 0
0.001785533218137708 0.03400455905181256 0
0.002659637165640646 0.0331085167747027 0
0.002680474791555143 0.03395543598820079 0
0.003624637162668053 0.03562727717977737 0
0.002731999659801872 0.03651015234527526 0
0.001808674914603459 0.03568523036719677 0
0.002716656038635756 0.03565625377348707 0
0.0009093252896361577 0.03652222563265284 0
0.0008993496249673008 0.03487349508831054 0
0.0009043374573017293 0.03569786036084999 0
0.0008861835931704073 0.03323050432810686 0
0.0008927666090688541 0.03405199970850467 0
0.1158359064219062 0.03624830355069399 0
0.1166588108458785 0.03718603827157323 0
0.1157195571695343 0.03812422622922839 0
0.1148966527455621 0.03718649150834914 0
0.1157777317957203 0.03718626488996118 0
0.117603688158934 0.03624779041978745 0
0.1184248523604091 0.03718572970450187 0
0.1174799750473536 0.03812397755628765 0
0.1175418316031438 0.03718588398803755 0
0.1182942287622461 0.03906194191020088 0
0.1165384132279675 0.03906203564608678 0
0.1174163209950186 0.03906198877814383 0
0.1147839597569941 0.03906219058314161 0
0.1156611864926867 0.0390621131146142 0
0.01113644901964614 0.008917309329821457 0
0.0103525605613561 0.009721803948252575 0
0.009529687549617957 0.00890193656803108 0
0.01033306828463205 0.008909622948926268 0
0.007221157012195528 0.01622172540948351 0
0.008029967957119945 0.01705153677561 0
0.007232832398341202 0.01787177021162814 0
0.006424021453416785 0.01704195884550165 0
0.007226994705268365 0.01704674781055582 0
0.03521759284216149 0.02136849145926872 0
0.03604843499315988 0.02220109117404683 0
0.03519448311735561 0.02304343664068714 0
0.03436364096635722 0.02221083692590903 0
0.03520603797975855 0.02220596404997793 0
0.03302695194035211 0.0008170479489999944 0
0.03214387096915887 0.001634312283059382 0
0.03130971328436701 0.0008172643340593877 0
0.03216833261202605 0.0008171561415296911 0
0.1792223053975791 0.01206477455845846 0
0.1784734765806157 0.0112657544511086 0
0.1792511711830366 0.01063025180670802 0
0.1792367382903078 0.01134751318268 0
0.177660894688054 0.01189593291165837 0
0.1769385697327291 0.01106618685592743 0
0.1777511516252909 0.01043600839537766 0
0.1777060231566724 0.01116597065351801 0
0.1770897669082641 0.009631383130437356 0
0.1778773041511788 0.009031043998668675 0
0.1785386888682055 0.00983566926360898 0
0.1778142278882348 0.009733526197023168 0
0.1792875176851689 0.009212060004875332 0
0.1792693444341028 0.009921155905656575 0
0.1766535437807517 0.03591475099493854 0
0.177501024735132 0.03510396551155136 0
0.1783282097258908 0.0359210603350545 0
0.1774807287715105 0.03673184581844167 0
0.1774908767533213 0.03591790566499652 0
0.1766832148840542 0.03429329358120871 0
0.1775243966295741 0.03348480920354303 0
0.1783422064806519 0.03429548113388569 0
0.177512710682353 0.0342943873575472 0
0.1791748283213428 0.03347784739073099 0
0.1791673781593091 0.03510607833374234 0
0.1791711032403259 0.0342919628620426 0
0.1791608315665817 0.03673741918071828 0
0.1791641048629454 0.03592174875723031 0
0.1122019811144973 0.03812489073122674 0
0.1130234549767561 0.03906235364213231 0
0.1121438521456002 0.03906244536561337 0
0.1123124450136925 0.03624969093386675 0
0.1131359311325747 0.03718700129979252 0
0.1122572130640949 0.03718729083254674 0
0.1140723370404445 0.03624894858286774 0
0.1139602468376923 0.03812454422527392 0
0.1140162919390684 0.03718674640407083 0
0.1139037073668627 0.03906227211263696 0
0.03372468572690974 0.008174598496911947 0
0.03455899426302218 0.008991288090405357 0
0.0336955119742431 0.00981245865759868 0
0.03286120343813066 0.008995769064105272 0
0.03371009885057642 0.008993528577255314 0
0.02515736304993973 0.003267499082226068 0
0.02603739735228745 0.004085785158355448 0
0.02517971186658543 0.004902233111773239 0
0.02429967756423771 0.004083947035643859 0
0.02516853745826258 0.004084866096999654 0
0.02861584252084406 0.008179164976080008 0
0.02860681892308014 0.009818321126434449 0
0.02776110215630728 0.008998232380679476 0
0.0286113307219621 0.008998743051257228 0
0.01505842394203007 0.004877071670257845 0
0.01591160436628022 0.00569425813408374 0
0.01512448808219703 0.006504395053921477 0
0.01427130765794689 0.005687208590095583 0
0.01509145601211355 0.005690733362089661 0
0.07015553188889481 0.03738202073825175 0
0.06933163424802788 0.03825874906190985 0
0.06845086360470248 0.03739626058716983 0
0.06927476124556942 0.03651953226351173 0
0.06930319774679865 0.03738914066271079 0
0.07020107696685821 0.03912701483707662 0
0.06850725051140295 0.03913173422483322 0
0.06935416373926695 0.03912937453095491 0
0.06681535346940778 0.03913567164467348 0
0.06763075076872999 0.03826740586950671 0
0.06766130199008719 0.03913370293475335 0
0.06674975907389022 0.03740805119220342 0
0.0675698719098627 0.03653690590986654 0
0.06760031133929637 0.03740215588968662 0
0.01583868426729931 0.03817774906566578 0
0.01673244335631079 0.03909579869018976 0
0.01580880781040235 0.03908887453283289 0
0.01590969259868698 0.03635615719837533 0
0.01679753233543428 0.03728910218843758 0
0.01587418843299315 0.03726695313202055 0
0.01774346829924024 0.03641243042795117 0
0.01768070819761974 0.03820420076945118 0
0.01771208824842999 0.03730831559870118 0
0.01765338678925244 0.03910210038472559 0
0.1783920721571025 0.01420400368478701 0
0.1792024005599536 0.01352564673354956 0
0.1791960360785513 0.01425935354620823 0
0.1767736151489283 0.01407501697412818 0
0.1776014625882711 0.01338685672899398 0
0.1775828436530154 0.01413951032945759 0
0.1768376513187924 0.01255766054975323 0
0.1784247059575327 0.01272512909089911 0
0.1776311786381625 0.01264139482032617 0
0.1792123529787663 0.0127952106459166 0
0.1759422097317095 0.003370112814371721 0
0.1750179233032077 0.002565992722811146 0
0.1757731184674557 0.001694599369981059 0
0.1766974048959575 0.002498719461541634 0
0.1758576640995826 0.00253235609217639 0
0.1742510002580438 0.003477663228297088 0
0.1740591985417734 0.001738359887827858 0
0.1741550993999086 0.002608011558062473 0
0.174843627075432 0.0008575076377024519 0
0.173983884381767 0.0008691799439139291 0
0.1765483779721856 0.0008370917322786073 0
0.1756960025231385 0.0008472996849905296 0
0.08062275533897598 0.03909080961079553 0
0.08143229946667516 0.03817669813283055 0
0.08232660806049748 0.03908588852203503 0
0.0814746816997641 0.03908834906641528 0
0.08053655772566354 0.03727207399304838 0
0.0813493942281393 0.03635255682936588 0
0.08224513596915091 0.03725718096914805 0
0.08139084684740722 0.03726462748109821 0
0.08306116733779617 0.03633410531413141 0
0.0839481908760604 0.03724452163343531 0
0.08313215950741513 0.03816759728845195 0
0.08309666342260566 0.03725085130129167 0
0.0840270368402314 0.03908170876641694 0
0.08317682245036442 0.03908379864422598 0
0.06332903631827223 0.0374245714520863 0
0.06248693248699214 0.03828439691876687 0
0.0615911040679554 0.03742990502720034 0
0.06243320789923549 0.03657007956051977 0
0.06246007019311382 0.03742723823964332 0
0.06340862365355694 0.03914125041708067 0
0.06163908466037021 0.0391431465016862 0
0.0625238541570869 0.03914219845938344 0
0.05986619141356909 0.03914433512954024 0
0.06073587169874221 0.03828748163122644 0
0.06075263803654391 0.03914374081561322 0
0.0598464546195774 0.03743334999571635 0
0.06070168698879058 0.03657577339169023 0
0.06071877934376639 0.03743162751145834 0
0.1791786041740634 0.02095550176751169 0
0.1783560050928246 0.02021251567798137 0
0.1791774009187612 0.01945506614054306 0
0.1791780025464123 0.02020528395482441 0
0.1775341782260285 0.02097963687072392 0
0.176707994574395 0.02021781477714878 0
0.1775298214411911 0.01945069358440624 0
0.1775319998336098 0.02021516522756508 0
0.176706027040303 0.01867688380361652 0
0.1783557475151228 0.0186994956145769 0
0.1775308872777129 0.01868818970909671 0
0.1791778737575614 0.01870625302591496 0
0.1192448612305099 0.03812385158067499 0
0.1200536133351791 0.03906190967047413 0
0.1191739210485485 0.0390619257903375 0
0.1193779463268173 0.03624746805295253 0
0.1201979551969181 0.03718558992912566 0
0.1193114037786636 0.03718565981681377 0
0.1211622610990402 0.03624739845981613 0
0.1219838601717328 0.0371855558282379 0
0.1210195542696107 0.03812374729754744 0
0.1210909076843254 0.03718557287868178 0
0.1218196985480588 0.03906183762707331 0
0.1209366559419765 0.03906187364877372 0
0.1620105861228299 0.003520849228720787 0
0.1611539703220896 0.002632040782133827 0
0.1619425583126454 0.001759660137756332 0
0.1627991741133858 0.002648468584343292 0
0.1619765722177377 0.002640254683238559 0
0.1603574869861875 0.003498543343564572 0
0.159524939226016 0.002615190182073372 0
0.160321422561918 0.001748687620642626 0
0.1603394547740528 0.002623615482103599 0
0.159498210147515 0.0008715704412337774 0
0.1610950755876993 0.0008771171794088491 0
0.1602966428682889 0.0008743438103213132 0
0.1626995287715814 0.000882542958347483 0
0.1618973021792668 0.000879830068878166 0
0.1317075289274929 0.004161137126822202 0
0.1308506822211788 0.004980485133373397 0
0.1308537644637464 0.004162967756524168 0
0.1334069579733274 0.004161519535031293 0
0.1325485212811861 0.00499003278257041 0
0.1325572434504102 0.004161328330926747 0
0.1333910190571947 0.005828437558581744 0
0.1325412057796201 0.006654756603908319 0
0.1316987080036115 0.005816351827896984 0
0.1325448635304031 0.005822394693239364 0
0.1308480257824327 0.006618973969884215 0
0.1308493540018058 0.005799729551592494 0
0.1791849878268554 0.02399699112290598 0
0.1783663610405285 0.02326254238356728 0
0.1791813732136731 0.02247467382621402 0
0.1791831805202642 0.0232358324747424 0
0.1775553054678838 0.02405392081454433 0
0.1767322989520992 0.02330626395717912 0
0.177543354524744 0.02251488552620207 0
0.1775493299963139 0.0232844031703732 0
0.1767175553630361 0.0217611030769869 0
0.1783599773877365 0.02173341931993909 0
0.1775387663753862 0.02174726119846299 0
0.1791799886938683 0.02171508779686285 0
0.1783569298199148 0.03267837654539645 0
0.179182101498572 0.03185980801874011 0
0.1791784649099574 0.03266882770492289 0
0.1767149487294705 0.03268500284115334 0
0.1775474819198113 0.03187857018300676 0
0.1775359392746927 0.0326816896932749 0
0.1767434860930028 0.03109266779328038 0
0.1775659301354167 0.0302866972744676 0
0.1783699259622252 0.03107259966419397 0
0.177556706027614 0.03108263372873717 0
0.1791878244636531 0.03024773164406732 0
0.1791849629811126 0.03105376983137436 0
0.03406411380521138 0.03914707989606994 0
0.03489318606387951 0.0382945716576328 0
0.03566579518570939 0.03914749176156286 0
0.03486495449546038 0.0391472858288164 0
0.03246404213932477 0.03914628327122163 0
0.03327172520892274 0.03829336316729157 0
0.03326407797226807 0.03914668158364579 0
0.03246558453940977 0.03743930777457144 0
0.0332919427686237 0.03658756020098626 0
0.03409808343813667 0.03744161559370639 0
0.03328183398877321 0.03744046168413891 0
0.03493795206861204 0.03658989308277277 0
0.03573305469435489 0.03744284914669918 0
0.03491556906624577 0.03744223237020278 0
0.1791909315978307 0.02709011692231076 0
0.1783795160288475 0.02634887429979609 0
0.1791885844310168 0.02554158689757429 0
0.1791897580144237 0.0263158519100832 0
0.1775754500622636 0.02715087826353711 0
0.1767632230188433 0.02640187653436934 0
0.1775672889854272 0.02559987257062832 0
0.1775713695238454 0.02637537541708271 0
0.1767490221954387 0.02485302901192179 0
0.1783735722578723 0.02480076437325087 0
0.1775612972266555 0.02482689669258633 0
0.1791867861289362 0.02476928901030396 0
0.1221203370749945 0.01372945101866278 0
0.1212810397727683 0.01279912118660438 0
0.1221651966924796 0.01186411521799591 0
0.1230044939947058 0.01279444505005431 0
0.1221427668837371 0.01279678311832934 0
0.1203870300645656 0.01373479101461317 0
0.1204489661074739 0.01186694732316298 0
0.1204179980860197 0.01280086916888808 0
0.1213368283769195 0.01093286543545762 0
0.1204823708681364 0.01093347366158149 0
0.1230437923255831 0.01093124978253829 0
0.1221903103511984 0.01093205760899795 0
0.1009484920545144 0.03906457642782746 0
0.1018218521154008 0.03812868912031984 0
0.102612759761193 0.03906411269249238 0
0.1017806259078813 0.03906434456015992 0
0.1010131084733118 0.03719355891132395 0
0.101896910535101 0.03625701786668607 0
0.10270565417719 0.03719214807568196 0
0.1018593813252509 0.03719285349350296 0
0.1036060197291317 0.03625523989568333 0
0.1044102257942975 0.03719078307611043 0
0.1035098602423557 0.03812769125610905 0
0.1035579399857437 0.03719146557589619 0
0.1042837734924244 0.03906357856361667 0
0.1034482666268917 0.03906384562805452 0
0.03992925802237755 0.03659071745993819 0
0.04073100306265615 0.03744272241120702 0
0.03984901818934685 0.03829522396321181 0
0.03904727314906826 0.03744321901194297 0
0.03988913810586221 0.03744297071157499 0
0.04161935954848793 0.03658971204107522 0
0.04153915821262526 0.03829482257898063 0
0.04157925888055659 0.03744226731002793 0
0.04064371895586566 0.03914755836719105 0
0.04149167851558871 0.03914741128949031 0
0.03895436853151513 0.03914766559602076 0
0.03979904374386936 0.03914761198160591 0
0.04751392105214773 0.03914635074975503 0
0.04842547111394661 0.03829245966686679 0
0.04838460578596546 0.0391462298334334 0
0.04668700501895376 0.03829297293161488 0
0.04664604448340497 0.03914648646580744 0
0.04675739194611753 0.03658572885016421 0
0.04758735735849187 0.03743892290034229 0
0.04672219848253564 0.03743935089088955 0
0.04849009402515124 0.03658471163560764 0
0.04845778256954893 0.03743858565123721 0
0.1688934206737536 0.003597531752865306 0
0.1679261300956825 0.002692574688673866 0
0.1687379095306403 0.001794486160385434 0
0.1688156651021969 0.00269600895662537 0
0.1671231270998172 0.003583246605020764 0
0.1661752212551729 0.002679881979530689 0
0.1669782242510382 0.001789210063183791 0
0.1670506756754277 0.002686228334102278 0
0.1660048898488086 0.0008927615753711022 0
0.1677630930782271 0.0008964484878126889 0
0.166883991463926 0.0008946050315918955 0
0.1686487182063384 0.0008972430801927169 0
0.1054214495969789 0.01281409790776705 0
0.106384419394964 0.01187566889585664 0
0.1072378768973226 0.01281318901133507 0
0.1062749070993375 0.01375161802324547 0
0.1063296632471508 0.01281364345955106 0
0.1055290043391248 0.01093798694757082 0
0.1073590403211269 0.01093768194828582 0
0.1064440223303754 0.01093783444792832 0
0.1091841144485911 0.01093746175248999 0
0.1082010896598173 0.0118751437007758 0
0.1082715773839661 0.0109375718503879 0
0.1090441224377198 0.01281239682447572 0
0.1080809096752251 0.01375044213503498 0
0.1081409996675212 0.01281279291790539 0
0.1783787536399482 0.02948278536916539 0
0.1791909291762951 0.02866596602253937 0
0.1791893768199741 0.02945684883330335 0
0.1767630060625034 0.02951704899257611 0
0.177575829567035 0.02871313708727391 0
0.1775708798512258 0.02949991718087075 0
0.1767694188551728 0.02795512814427165 0
0.1783818607741257 0.02790888720653936 0
0.1775756398146493 0.0279320076754055 0
0.1791909303870629 0.02787804147230948 0
0.1791558971258945 0.038368317797465 0
0.1783167286924763 0.03755116186817989 0
0.1791583643462382 0.03755286848909165 0
0.1783086155692164 0.03918345942827794 0
0.1791543077839682 0.03918415889830088 0
0.176615352121431 0.03918120745284218 0
0.1774658123610214 0.03836466688112012 0
0.1774619838450227 0.03918233344056006 0
0.1766298124400556 0.0375453508313819 0
0.1774732705662659 0.03754825634978089 0
0.1264169869572667 0.01092625190627376 0
0.1255887949368695 0.01185530138759472 0
0.1247275940905918 0.01092904948132096 0
0.1255722905239293 0.01092765069379736 0
0.1264550674319611 0.01277960137236138 0
0.1255911588466394 0.01371237930078333 0
0.1247248863515477 0.01278807931601667 0
0.1255899768917544 0.01278384034418903 0
0.1238534214309484 0.01372222510221173 0
0.1238759589153051 0.01186029926385925 0
0.1238646901731268 0.01279126218303549 0
0.1238856932079503 0.01093014963192962 0
0.02313208900811773 0.03825981774368931 0
0.02404033433440036 0.03913297510393841 0
0.02315099856781771 0.03912990887184466 0
0.0231243485926879 0.0365223875522611 0
0.02401284549544212 0.03740008546484148 0
0.02312821880040282 0.0373911026479752 0
0.02487455301486347 0.03654304187203462 0
0.02575898786104742 0.03741342243332053 0
0.02489728034162607 0.03827046602612739 0
0.02488591667824477 0.037406753949081 0
0.02580711580063765 0.03913749092218897 0
0.0249237250675762 0.03913523301306369 0
0.06421881624897099 0.03828009895485254 0
0.06511489705636946 0.03913884853777187 0
0.06426176035469178 0.03914004947742627 0
0.06415462054638145 0.03656192556041107 0
0.06504440047708021 0.0374174530631773 0
0.06418671839767622 0.03742101225763181 0
0.06586509932932763 0.03655098407293538 0
0.0659290602216428 0.03827452018244534 0
0.06589707977548522 0.03741275212769037 0
0.06596512526269022 0.03913726009122267 0
0.1007977844784834 0.01375547883006439 0
0.09990729166269467 0.01281697746865232 0
0.1008731162226745 0.01187764326060642 0
0.1017636090384633 0.01281614462201849 0
0.100835450350579 0.0128165610453354 0
0.09895242037802879 0.01375684831674343 0
0.09804605057423638 0.01281810160374519 0
0.09900092185890225 0.01187823075565408 0
0.0989766711184655 0.01281753953619875 0
0.09807536259756552 0.0109393076253584 0
0.09997347692472561 0.01093892313029568 0
0.09902441976114557 0.01093911537782704 0
0.10186893034355 0.01093872013031074 0
0.1009212036338689 0.01093882163030321 0
0.005590891165624209 0.0129075457164464 0
0.006398231923924177 0.01374510257236682 0
0.00560407664713531 0.014550316593992 0
0.004796735888835342 0.01371275973807157 0
0.00559748390637976 0.0137289311552192 0
0.01521987260315151 0.009762195006832477 0
0.0160538797066174 0.01058346932690786 0
0.01525158686710256 0.01139277079231761 0
0.01441757976363667 0.01057149647224223 0
0.01523572973512704 0.01057748289957505 0
0.03114239613380868 0.0106385880931133 0
0.03028731724812125 0.01145964318607151 0
0.02944842851113953 0.01063951044016143 0
0.0302954123224741 0.01063904926663737 0
0.02004563228673449 0.004892652988431468 0
0.02091652429934082 0.005711182452393202 0
0.02010259055697646 0.006524843238780753 0
0.01923169854437013 0.005706313774819018 0
0.02007411142185548 0.00570874811360611 0
0.0563631088600452 0.03743662070204673 0
0.05548658443352703 0.03829124192194391 0
0.05460849050959127 0.03743727792549032 0
0.05548501493610943 0.03658265670559313 0
0.05548579968481823 0.03743694931376852 0
0.05637985659659676 0.03914548819567669 0
0.0546051773428566 0.03914575372626723 0
0.05549251696969525 0.03914562096097196 0
0.05372133155630791 0.0382916615084055 0
0.05371635079117571 0.03914583075420275 0
0.05373583227989508 0.0365832536074982 0
0.0537285819181015 0.03743745755795184 0
0.03658984263066076 0.0365910297422054 0
0.03738343660628131 0.03744339404870815 0
0.03652664866997545 0.03829521345320194 0
0.03655824565031809 0.03744312159770367 0
0.03825280550013023 0.0365912257729913 0
0.03817790425521934 0.03829538728765983 0
0.03821535487767478 0.03744330653032556 0
0.03730638139139804 0.03914772169163908 0
0.03813037496151955 0.03914769364382992 0
0.03648608828856673 0.03914760672660097 0
0.03035772311975713 0.004905118036767858 0
0.03120542778383192 0.005723119840103274 0
0.03033752124011508 0.006541587549949464 0
0.02948981657604029 0.005723585746614048 0
0.03034762217993611 0.005723352793358661 0
0.03200005010672512 0.009816509654001403 0
0.03201155752403239 0.008997109451695559 0
0.02174276417150981 0.02459520210776214 0
0.02255117580849118 0.02544810617680468 0
0.021692408060574 0.02625657705699585 0
0.02088399642359264 0.0254036729879533 0
0.02171758611604191 0.025425889582379 0
0.03182741803782539 0.02304961123159584 0
0.03265539595830159 0.02388898054227107 0
0.03180113928132632 0.02472510030523244 0
0.03097316136085012 0.02388573099455722 0
0.03181427865957585 0.02388735576841414 0
0.07311097546732281 0.01086492718586615 0
0.07227211921722387 0.01171554604385844 0
0.07145799813884066 0.0108506188579923 0
0.07228448680303759 0.01085777302192922 0
0.07307728946819936 0.01259274279571417 0
0.07221960904679009 0.0134263575112352 0
0.07141443879581461 0.01254916075937948 0
0.07224586413200698 0.01257095177754682 0
0.07056666071609352 0.01337350358887292 0
0.06977025244453314 0.012513647907255 0
0.07061803052425425 0.01168930507776155 0
0.07059234562017387 0.01253140433331724 0
0.06981352462391562 0.01083868621976925 0
0.07063576138099942 0.01084465253888078 0
0.08819605020792581 0.03629497513938518 0
0.08906694300039632 0.03721808240882657 0
0.08820232522901959 0.03814837399184801 0
0.08733143243654909 0.03722526672240663 0
0.08819918771847271 0.0372216745656166 0
0.08992955949171347 0.03628615938252257 0
0.09081205551760807 0.03721191054724754 0
0.08994943902629093 0.03814383357355153 0
0.08993949925900221 0.03721499647803705 0
0.09085219966444719 0.03907082955615024 0
0.08907156185425572 0.03907300401740129 0
0.0899618807584138 0.03907191678677576 0
0.08729707477394814 0.03907536997444672 0
0.08818431831416704 0.03907418699592401 0
0.05812362343922239 0.03914505023365988 0
0.05898652855331293 0.03828938536320013 0
0.05899490742664222 0.03914469268160006 0
0.05724105841858999 0.03829053842933657 0
0.05725174001814914 0.03914526921466829 0
0.05722837612108505 0.03658150484980111 0
0.05810632567962985 0.03743542257709094 0
0.05723471726983752 0.03743602163956884 0
0.05896625174589432 0.03657938720960716 0
0.05897639014960362 0.03743438628640364 0
0.1523692619420313 0.03628883081747968 0
0.1532399666955999 0.03721618131419663 0
0.1523203148909177 0.03814490176438247 0
0.1523447884164745 0.03721686629093107 0
0.1541667026597352 0.03628803848788474 0
0.1550314766948881 0.03721665752891841 0
0.1541047407307529 0.03814480035523031 0
0.154135721695244 0.03721641942155752 0
0.1549703421811522 0.03907252974686821 0
0.1531849419310377 0.03907227060836209 0
0.1540776420561382 0.03907240017761515 0
0.1522923182186458 0.03907245088219123 0
0.09430740585309416 0.03906774251738254 0
0.0951146555335349 0.03813447656213678 0
0.09596271614051648 0.03906673404475423 0
0.09513506099698554 0.03906723828106839 0
0.09426078557374955 0.03720297756415647 0
0.09509995010811126 0.03626840536655881 0
0.09595382006789661 0.03719990436453913 0
0.09510730282082308 0.0372014409643478 0
0.09680097023832493 0.03626464790584299 0
0.09763826552401185 0.03719731381764095 0
0.09679111535358353 0.03813257027633708 0
0.09679604279595423 0.03719860909109004 0
0.09761313454529692 0.03906583623158286 0
0.09678792534301356 0.03906628513816854 0
0.1044594186256316 0.01375286658940301 0
0.103598202117469 0.01281508588156966 0
0.1045602330888163 0.01187631719993369 0
0.104509825857224 0.01281459189466835 0
0.1026344382582492 0.01375418012091454 0
0.1027273728976831 0.0118770503826736 0
0.1026809055779661 0.01281561525179407 0
0.1037020271809369 0.01093833025236287 0
0.1027854787625669 0.0109385251913368 0
0.1046155157604294 0.01093815859996685 0
0.08622573776330217 0.01375731626101862 0
0.08534225543878704 0.01281524507934521 0
0.08622615954419509 0.01187741689861141 0
0.0871096418687102 0.01281948808028482 0
0.08622594865374864 0.01281736657981501 0
0.08445156479945684 0.01374945122010458 0
0.08446866873513248 0.01187293850740946 0
0.08446011676729465 0.01281119486375702 0
0.08534867023694323 0.01093792845560652 0
0.08447287926010566 0.01093646925370473 0
0.08710205818545638 0.0109394884430049 0
0.08622536421136481 0.01093870844930571 0
0.05303628474167389 0.00830905778326518 0
0.05305613199245812 0.007096228489349108 0
0.05428278296379579 0.006884200413450512 0
0.05426293571301155 0.008097029707366584 0
0.05365953385273484 0.007596629098357846 0
0.0515928763214459 0.007268959234008126 0
0.05172255695122281 0.005986247775911109 0
0.05318581262223504 0.005813517031252092 0
0.05238934447184046 0.006541238132630108 0
0.05331747411294734 0.00462442248027933 0
0.05437303811189044 0.005693794153575492 0
0.05384525611222309 0.005159108316731616 0
0.05544354566548802 0.006724207073457694 0
0.05490829188866739 0.006209000613494746 0
0.05537241615341063 0.01019867824468101 0
0.05538314181534889 0.009064167609008172 0
0.05644921533585823 0.008947082760428824 0
0.05643848967391997 0.01008159339610166 0
0.05591081574463443 0.009572880502554917 0
0.05426885728921251 0.009258387031348493 0
0.05537722023914793 0.007902810285026263 0
0.05482303876418022 0.008580598658187378 0
0.05646019189844921 0.007705120536357873 0
0.05595186878247374 0.007214663805412906 0
0.05747187256863783 0.008724811355299757 0
0.0569660322332305 0.008214965945515795 0
0.1772662451474714 0.008300650511987093 0
0.177990937476502 0.007707451786874123 0
0.1786019964802093 0.008437845273555704 0
0.1779341208138404 0.008369247892771398 0
0.1772625569354919 0.007025516800991491 0
0.1778734264823282 0.006365649201719176 0
0.1786018070233382 0.007047584187601808 0
0.1779321819794151 0.00703655049429665 0
0.1792873282282978 0.006382303839779828 0
0.1793144787950404 0.007801365590732734 0
0.1793009035116691 0.007091834715327558 0
0.1793009982401047 0.008506712797919536 0
0.09849794850958561 0.03626158053593658 0
0.09932456727616421 0.03719522965741735 0
0.09846488429059044 0.03813096293912173 0
0.09848141640008803 0.03719627173752915 0
0.10019563057512 0.03625908543337497 0
0.100142045174356 0.03812970313536634 0
0.100168837874738 0.03719439428437064 0
0.0992802178351527 0.03906512670753887 0
0.1001143549449081 0.03906485156768317 0
0.09844667619010675 0.03906548146956086 0
0.01854107571940238 0.01141653577548382 0
0.01937590176059133 0.01223976265522593 0
0.01855844122425479 0.01305098736117732 0
0.01772361518306584 0.0122277604814352 0
0.01854975847182858 0.01223376156833057 0
0.03871832786536015 0.01142054666402538 0
0.03953542026521262 0.01222735385390911 0
0.03868093080991441 0.01305190931874826 0
0.03786383841006193 0.01224510212886454 0
0.03869962933763728 0.01223622799138682 0
0.01367199781764492 0.01790188748302808 0
0.01447758902645387 0.0187221366602034 0
0.01366754444217489 0.01952743501863605 0
0.01286195323336593 0.01870718584146072 0
0.0136697711299099 0.01871466125083206 0
0.03542493022360138 0.008170153773893189 0
0.0362550731796307 0.008985312777588066 0
0.0353891372190515 0.009806447094100234 0
0.03540703372132644 0.008988300433996711 0
0.001756683934947691 0.03232408612837673 0
0.002609888356610045 0.03141640023361589 0
0.003512841587303001 0.03220083087994185 0
0.002634762761125346 0.03226245850415929 0
0.0008705003417772833 0.03154236545784264 0
0.0008783419674738453 0.03238643489366314 0
0.0008546560606842793 0.0298573426010658 0
0.001725156402461563 0.03064118782709373 0
0.0008625782012307813 0.03069985402905737 0
0.002560469517947139 0.02973615804468787 0
0.003445201472095621 0.03051137045121003 0
0.002585178937278592 0.03057627913915188 0
0.01568442270770399 0.0008128872481156928 0
0.0148911856154268 0.001624792366939387 0
0.0140125927247266 0.0008119051188236939 0
0.01484850771621529 0.0008123961834696934 0
0.01528474350496015 0.01954565114783877 0
0.01608505154725137 0.02036905946340947 0
0.01526672375902564 0.0211687370579754 0
0.01446641571673442 0.0203453287424047 0
0.0152757336319929 0.02035719410290709 0
0.0184858722018596 0.02286441468004015 0
0.01928118632600168 0.02370611877543135 0
0.01843743089462064 0.02450099997960194 0
0.01764211677047856 0.02365929588421074 0
0.01846165154824012 0.02368270732982105 0
0.005707287210160582 0.02452492153299764 0
0.006538547414924031 0.02529308550771311 0
0.005755659523326621 0.02616428841743327 0
0.004924399318563172 0.0253961244427178 0
0.005731473366743602 0.02534460497521545 0
0.1385757933840006 0.03907225012356326 0
0.1395569935431264 0.03814607993371989 0
0.1404897850833019 0.03907382981015663 0
0.1395327892338301 0.03907303996685994 0
0.1376616150624445 0.03814253882385069 0
0.1376194285626119 0.03907126941192534 0
0.1377343527576133 0.03628559451328037 0
0.1386393929625644 0.0372170405304262 0
0.1376979839100289 0.03721406666856553 0
0.1396054302409466 0.03629285072271998 0
0.1405230308215086 0.03722189012601368 0
0.1395812118920365 0.03721946532821993 0
0.02922184935543756 0.03914327029049325 0
0.0300069344743805 0.03828835315845619 0
0.03084737590426651 0.03914508286796294 0
0.03003461262990353 0.0391441765792281 0
0.02916617374175263 0.03743050038402608 0
0.0299832850567504 0.03657789740379276 0
0.03082404578937827 0.03743575017822287 0
0.02999510976556545 0.03743312528112448 0
0.03164316565114395 0.03658369181360974 0
0.03164646467764411 0.03829136613918457 0
0.03164481516439403 0.03743752897639716 0
0.03165570902179563 0.03914568306959228 0
0.02663254657201651 0.038278387155068 0
0.02752089606231811 0.03914089623287902 0
0.02666400593161154 0.039139193577534 0
0.02660114795468933 0.03655840898489156 0
0.02747470666565842 0.03742337370663902 0
0.02661684726335292 0.03741839806997978 0
0.02830392973303718 0.03656970756729283 0
0.02833695067437388 0.03828416652337227 0
0.02832044020370553 0.03742693704533255 0
0.02837137270882931 0.03914208326168614 0
0.0971320248012133 0.01187902943699483 0
0.09620693238751533 0.01093972181163642 0
0.09714114749254041 0.01093951471849741 0
0.09710624158072269 0.01375837547034645 0
0.09619221580769963 0.01281930330359609 0
0.09711913319096802 0.01281870245367064 0
0.0952635206073984 0.01375989230452977 0
0.09527112533808046 0.01187974701171367 0
0.09526732297273943 0.01281981965812172 0
0.09527373698666131 0.01093987350585683 0
0.02859675837023934 0.01145934779274743 0
0.02943473781151613 0.01228193282769457 0
0.02858515556173023 0.01310266074364813 0
0.02774717612045344 0.01228007570870099 0
0.02859095696598479 0.01228100426819778 0
0.02853785037427104 0.01805069622294315 0
0.02936596303519555 0.01888260086922014 0
0.0285170393426969 0.01970748487082733 0
0.0276889266817724 0.01887558022455034 0
0.02852744485848397 0.01887909054688524 0
0.03535628751252801 0.01144430266120175 0
0.03618408699383523 0.01225930337481613 0
0.03532729174693029 0.01308493022532974 0
0.03449949226562307 0.01226992951171536 0
0.03534178962972914 0.01226461644326574 0
0.01670548453679283 0.004882891591712282 0
0.01756418969751467 0.00570063944929353 0
0.01677030952700206 0.006512005991664987 0
0.01673789703189744 0.005697448791688636 0
0.07912937846017162 0.01367536224997825 0
0.07827320548819847 0.0127383696571955 0
0.07920041911418618 0.01183439843119317 0
0.07916489878717892 0.01275488034058571 0
0.07735696312361148 0.01362362756924236 0
0.0765013183641205 0.01269429902763685 0
0.07741756072870747 0.01180904111559 0
0.0773872619261595 0.01271633434241618 0
0.07652802173385456 0.01089738673255111 0
0.07833702170448875 0.01091165438303889 0
0.07743252171923606 0.010904520557795 0
0.07924358038777535 0.01091719921559658 0
0.1697028975213775 0.03914607097380325 0
0.1705799009795784 0.03830604791200233 0
0.1714544521568365 0.03915997693819908 0
0.170578674839107 0.03915302395600116 0
0.1697278555224487 0.03744094757588126 0
0.1706422606003063 0.03661823081994285 0
0.171494306057436 0.03748333115606392 0
0.1706110807899423 0.03746213936597259 0
0.1723848898621376 0.03666706847395672 0
0.1732240944334878 0.03751393598943362 0
0.1723335106287863 0.03833019867154081 0
0.1723592002454619 0.03749863357274877 0
0.1731876405699026 0.03917022173334173 0
0.1723210463635605 0.03916509933577041 0
0.179197245938726 0.003302683970057741 0
0.1783549127225521 0.002471057603802368 0
0.1791576667838261 0.001656928961211397 0
0.1791774563612761 0.002479806465501332 0
0.1775832952451331 0.003305274814288323 0
0.1774690223733765 0.00166450225105568 0
0.1775261588092548 0.002484888532672001 0
0.178276177976355 0.0008274105187770725 0
0.1774122779747275 0.0008322511255278399 0
0.1791380889864818 0.0008284644806253677 0
0.01349124710735936 0.006495923590545015 0
0.01433172635186943 0.007314121295273358 0
0.01354524593713917 0.00812240975795147 0
0.0127047666926291 0.007304212053223126 0
0.01351824652224926 0.007309166674248241 0
0.03725040614696842 0.003262835508278678 0
0.03809124825673289 0.004077798251877826 0
0.03721290593249912 0.00489640068666122 0
0.03637206382273465 0.004081437943062073 0
0.03723165603973377 0.00407961809746995 0
0.03027089152971135 0.013103318210279 0
0.03110472614996959 0.01392635009596895 0
0.0302538380164042 0.01475002080611338 0
0.02942000339614596 0.01392698892042343 0
0.03026236477305778 0.01392666950819619 0
0.03385582862496718 0.001633661779290054 0
0.03469270053991561 0.002450081823668258 0
0.03382054828426591 0.003267732853463361 0
0.03298367636931748 0.002451312809085157 0
0.03383818845461654 0.002450697316376708 0
0.1469863512263921 0.03814904479713474 0
0.146082507702121 0.03722493079900625 0
0.146980053017409 0.03629863198010698 0
0.1469832021219005 0.03722383838862086 0
0.1461064136290003 0.03907485344730215 0
0.147001614794267 0.03907452239856736 0
0.1443042496361389 0.03907507891763179 0
0.1451787003660718 0.03814993236493393 0
0.1452053316324984 0.03907496618246697 0
0.1442607703920468 0.03722579650497508 0
0.145164577728096 0.0363007949390474 0
0.1451716390470839 0.03722536365199067 0
0.08476806441804918 0.03631859952916798 0
0.08563551748254954 0.03723419416037395 0
0.08481564394056074 0.03816011626464128 0
0.08479185417930496 0.03723935789690463 0
0.08647557291648361 0.03630568341010951 0
0.08649137700261501 0.03815377747267107 0
0.08648347495954932 0.03722973044139029 0
0.08565945566434359 0.03907840749822435 0
0.08647826521920329 0.03907688873633553 0
0.08484324625228749 0.03908005813232064 0
0.1097314880966656 0.03531364942442722 0
0.1106597439532802 0.03437560010154263 0
0.1114855083277237 0.03531250586338799 0
0.1106084982121947 0.03531307764390761 0
0.1079828797924108 0.03531492182601637 0
0.108906859669905 0.03437702406301993 0
0.1088571839445382 0.03531428562522179 0
0.1080772707370533 0.03344051770438988 0
0.1089999566053244 0.03250229918511433 0
0.1098295455381761 0.03343880554374437 0
0.1089534081376147 0.03343966162406713 0
0.1107566633710699 0.03250045698827865 0
0.111586861786174 0.03343725154607691 0
0.110708203662175 0.03343802854491064 0
0.1521944618779363 0.003376375219360921 0
0.151405049217741 0.002523578651994085 0
0.1522370308974613 0.001688835660586996 0
0.1530264435576567 0.002541632227953831 0
0.1522157463876988 0.002532605439973958 0
0.1505724645949341 0.003353230096103453 0
0.1497875091938689 0.00250727708952176 0
0.1506200938166757 0.001677625645412392 0
0.1505962792058049 0.002515427870757922 0
0.1498403763832846 0.0008361528471234285 0
0.1514486942188895 0.0008414727982889635 0
0.1506445353012722 0.000838812822706196 0
0.1530585044024242 0.0008473628622980322 0
0.1522535993093733 0.0008444178302934979 0
0.1595733848068095 0.03630916540228356 0
0.1603926470442449 0.03723893549171949 0
0.1594212415842041 0.0381565242853617 0
0.1586019793467688 0.03722675419592578 0
0.1594973131955068 0.03723284484382263 0
0.1614002539417789 0.03633025631507881 0
0.1622132068746649 0.03725809109445285 0
0.1612055999771309 0.03816677027109353 0
0.1613029269594549 0.03724851329308617 0
0.1619533739122388 0.03908640679660726 0
0.1602067328044749 0.03908036347448626 0
0.1610800533582869 0.03908338513554675 0
0.158476787379151 0.03907616081087543 0
0.1593417600916911 0.03907826214268085 0
0.03863614463000902 0.0163350933291129 0
0.03946766531470328 0.01714786310790287 0
0.0386215124164935 0.01799166280834321 0
0.03778999173179924 0.01717889302955324 0
0.03862882852325126 0.01716337806872805 0
0.03191703580467509 0.01639845094771695 0
0.03274745266449078 0.01722432804383615 0
0.03189651960269421 0.01805378538251837 0
0.03106610274287853 0.01722790828639917 0
0.03190677770368466 0.01722611816511766 0
0.01529496274177789 0.01628782436016344 0
0.01610798384449037 0.017111476282698 0
0.01529383069867318 0.01791811275170673 0
0.0144808095959607 0.01709446082917217 0
0.01529439672022553 0.01710296855593509 0
0.03527996018660522 0.01637997354540289 0
0.03611022956218876 0.01720082755242711 0
0.03442910916756795 0.01721556960407487 0
0.03526966936487835 0.01720819857825099 0
0.1563402211985175 0.0008598073597870861 0
0.1554931945388624 0.001713367744590887 0
0.154699958918913 0.0008535603848038009 0
0.1555200900604288 0.0008566838722954435 0
0.1562898021269686 0.00257942783732829 0
0.1554548115847835 0.00342658171449854 0
0.1546582039966772 0.002560521621761137 0
0.1554740030618229 0.002569974729544714 0
0.1538223548916206 0.003401230602613135 0
0.1538622926627133 0.001700923247101833 0
0.153842323777167 0.002551076924857483 0
0.1538792316611049 0.0008504616235509165 0
0.03716965695456274 0.006530723834846095 0
0.03799871850939719 0.007345463481225801 0
0.03712412421601143 0.00816495354478039 0
0.03629506266117698 0.007350213898400684 0
0.03714689058528708 0.007347838689813243 0
0.005675301887758354 0.02287269691761316 0
0.006496241948447057 0.02366008077432218 0
0.004886347149471879 0.02373753767628863 0
0.005691294548959468 0.0236988092253054 0
0.03193712712198936 0.01474763086385291 0
0.03276840892312018 0.0155709467087307 0
0.03108575400354427 0.01557513510283916 0
0.03192708146333223 0.01557304090578493 0
0.03882246489894328 0.008160226847058376 0
0.03964001257247196 0.008972666558221013 0
0.03876661176360174 0.009791018649832986 0
0.03794906409007307 0.008978578938670349 0
0.03879453833127251 0.008975622748445681 0
0.07192609640018301 0.03912153725246437 0
0.07277137284384863 0.03823707156755849 0
0.0727922178622647 0.03911853578377925 0
0.07104341024883173 0.03824855208954099 0
0.07106358668324393 0.03912427604477049 0
0.07098612023100773 0.03649891657388535 0
0.07187399859094465 0.03736544792517459 0
0.07101476523991973 0.03737373433171316 0
0.07270785838630868 0.03647547670775182 0
0.07273961561507866 0.03735627413765515 0
0.1414508522128609 0.03814868714338577 0
0.1424016356887923 0.03907485733322914 0
0.141445710385639 0.03907434357169288 0
0.1414724707288621 0.03629818042545953 0
0.1424002921202143 0.03722497744283162 0
0.1414616614708615 0.03722343378442265 0
0.1433283701559651 0.03630083769694578 0
0.143332692356296 0.03814993625086092 0
0.1433305312561306 0.03722538697390335 0
0.1433529426633031 0.03907496812543047 0
0.1053283078851817 0.03625379889192062 0
0.1061402354859167 0.03718997526730501 0
0.1052221533950325 0.03812695945149482 0
0.1052752306401071 0.03719037917170772 0
0.1070637025931584 0.03625262965678447 0
0.10695803096909 0.03812647471699943 0
0.1070108667811242 0.03718955218689195 0
0.106026112172121 0.03906338088787814 0
0.1069003042211904 0.0390632373584997 0
0.1051549428320998 0.0390634797257474 0
0.1392321915528232 0.003310482997979839 0
0.1384358757746686 0.002485395967575119 0
0.1392680471451764 0.001655395433605723 0
0.140064362923331 0.002480482464010444 0
0.1392501193489998 0.002482939215792781 0
0.1375930120801701 0.003317315621692084 0
0.1376373104732154 0.001658526870876727 0
0.1376151612766927 0.002487921246284406 0
0.1384814624764256 0.0008284504250273116 0
0.1376704430495578 0.0008292634354383636 0
0.1400973791926003 0.0008269450085784115 0
0.1392894208339022 0.0008276977168028615 0
0.09169238610766836 0.03813995651357341 0
0.09258414049251151 0.03906912695742316 0
0.09171817007849056 0.03906997825678671 0
0.09166321486527224 0.03627892115415516 0
0.09254354545533253 0.03720696712048103 0
0.0916778004864703 0.03720943883386429 0
0.09338799071777369 0.03627307520983179 0
0.09341634031130838 0.03813686947480571 0
0.09340216551454103 0.03720497234231875 0
0.09344577317287064 0.03906843473740286 0
0.1308505388524124 0.01003029988324444 0
0.1317042797118049 0.01094895800829545 0
0.1308403556462505 0.01183772567088904 0
0.129986614786858 0.01091906754583804 0
0.1308454472493314 0.01093401277706674 0
0.1325510188695263 0.01006435317770423 0
0.1334136245151756 0.0109408584742645 0
0.1325668853574542 0.01182546330485572 0
0.1325589521134903 0.01094490824127997 0
0.1334483234037934 0.01269970070894614 0
0.1326009421010867 0.0136119936899759 0
0.1317195040547475 0.01273775628588548 0
0.1325839137292705 0.01271872849741581 0
0.1308558930328596 0.01365375124075153 0
0.1299767446243626 0.01275372062575509 0
0.1308481243395551 0.01274573845582028 0
0.1587185017944011 0.003475482280379149 0
0.1579072902819386 0.002597636730931989 0
0.1587137277135535 0.001737344632626212 0
0.1587161147539773 0.00260641345650268 0
0.1570866642934114 0.003451483017080759 0
0.1571104281154958 0.001725581551179521 0
0.1570985462044536 0.00258853228413014 0
0.1579199446274777 0.0008657741913924346 0
0.1571300829135896 0.0008627907755897604 0
0.1587090773880165 0.0008686723163131059 0
0.0008406838827756599 0.02820315010286034 0
0.001695339943459939 0.02896973995177581 0
0.0008476699717299696 0.02903024635179569 0
0.0008293658613909499 0.02654945303998645 0
0.00167004974416661 0.0273071219194694 0
0.0008350248720833048 0.02737630157127104 0
0.002484133172810015 0.026410223200533 0
0.003331896744593547 0.02717504731297718 0
0.002517813315950142 0.02807194603191358 0
0.002500973244380078 0.02724108461622329 0
0.003382942890437342 0.02883836412482564 0
0.002539141416948641 0.02890405203830073 0
0.05977467653327276 0.03060948751451118 0
0.05892677098503014 0.03146033674255473 0
0.05807589969286742 0.03061059216775371 0
0.05892380524111003 0.02975974293971016 0
0.05892528811307008 0.03061003984113245 0
0.05978558920706159 0.03231082932122249 0
0.05893521158141258 0.03316420462579701 0
0.05807639335938113 0.03231371204712925 0
0.05893099128322136 0.03231227068417587 0
0.05721836307268768 0.03316649738953756 0
0.05636215977728156 0.03231410494627861 0
0.05722019006397501 0.0314613196038703 0
0.05721927656833135 0.03231390849670393 0
0.05637137536388608 0.03060882934003764 0
0.05722708499277848 0.02975810190392106 0
0.05722363752837675 0.03060971075389568 0
0.1109662637481338 0.01093705939194403 0
0.1100002531383078 0.01187452114443402 0
0.1100751890986879 0.01093726057221701 0
0.1117783274418784 0.01187382588579915 0
0.1118530662834838 0.01093691294289957 0
0.1116530428463282 0.01374782447721462 0
0.1108304017371648 0.0128113269461986 0
0.1117156851441033 0.01281082518150688 0
0.1098742710365767 0.0137492026262403 0
0.1099372620874423 0.01281186188533716 0
0.06892996477471547 0.01333109526989383 0
0.06813841138092935 0.01248495079534936 0
0.06897869905074704 0.01166750343271054 0
0.06895433191273123 0.01249929935130218 0
0.0673020179028453 0.01329640021946122 0
0.06651163405831409 0.01246040875525043 0
0.06734802753639813 0.01164895933113857 0
0.06732502271962171 0.0124726797752999 0
0.06655551316019503 0.01082014211819729 0
0.06818331561455579 0.01082881721294128 0
0.06736941438692712 0.01082447966556929 0
0.06899842011857979 0.01083375171635527 0
0.07973012127160232 0.03818715236960358 0
0.07882748521524097 0.0372889491918494 0
0.07963392166930219 0.0363738708152942 0
0.07968202147045225 0.03728051159244889 0
0.07893808393850253 0.03909634275880805 0
0.0797804196385285 0.03909357618480179 0
0.07802185390806077 0.03819864335007368 0
0.07809215074829648 0.03909932167503684 0
0.07791258869821685 0.03639769571760601 0
0.0779672213031388 0.03729816953383985 0
0.130498314410758 0.032510097600574 0
0.1313675689128342 0.0334516432298182 0
0.1303945354869105 0.03438490157349023 0
0.1295252809848343 0.03344335594424602 0
0.1304464249488342 0.03344749958703212 0
0.1323402648726733 0.03252141821946998 0
0.1332151014559261 0.03346304891766526 0
0.1322424054960871 0.03439327392801347 0
0.1322913351843802 0.03345734607374172 0
0.1331185692441838 0.03533210169699898 0
0.1312631734750203 0.03532421605429563 0
0.132190871359602 0.0353281588756473 0
0.1294139348138649 0.03531821480897986 0
0.1303385541444426 0.03532121543163775 0
0.1465477318135699 0.002483679757164772 0
0.1473796003048296 0.001660046439054921 0
0.1481676539469325 0.002493681928132378 0
0.1473357854556728 0.003317315246242229 0
0.1473576928802512 0.002488680842648575 0
0.1465888471914832 0.0008283658889801298 0
0.1482149045003489 0.0008316805500747908 0
0.1474018758457 0.0008300232195274603 0
0.1490016428714376 0.001667833397198219 0
0.1490276404418168 0.0008339166985991096 0
0.1489535202693638 0.003333125620455919 0
0.1489775815704007 0.002500479508827069 0
0.1558828816958829 0.03814618199046915 0
0.1567243213685758 0.03907365224360093 0
0.1558473317744335 0.03907309099523458 0
0.155965019944279 0.03629022882304787 0
0.1568164249452737 0.03721975328459862 0
0.1559239508200809 0.03721820540675852 0
0.1577653325121441 0.03629669442604802 0
0.1576530717798984 0.03814981305447637 0
0.1577092021460212 0.0372232537402622 0
0.15760055437341 0.03907490652723818 0
0.002353139999017081 0.003224817941939172 0
0.003137552263055891 0.004017608056744764 0
0.002355823949276165 0.004814925384016242 0
0.001571411685237355 0.004022135269210649 0
0.002354481974146623 0.004019871662977707 0
0.03283588933591455 0.01063525059823968 0
0.03197823536299811 0.01145732903735158 0
0.03198914273486162 0.01063691934567649 0
0.01662687700851325 0.00325453600299732 0
0.0158402827535324 0.004066365143491305 0
0.01666618077265304 0.004068713797354801 0
0.008848615959398488 0.01951501323125662 0
0.009653988337984941 0.02032512945854652 0
0.008858900729559582 0.02114856016786979 0
0.00805352835097313 0.0203384439405799 0
0.008853758344479035 0.02033178669956321 0
0.03516926527425783 0.02472360508673772 0
0.03599840104195831 0.02556381054476586 0
0.03514186343619931 0.02640844590515208 0
0.03431272766849883 0.02556824044712394 0
0.03515556435522857 0.0255660254959449 0
0.005535414808391585 0.008040377244430035 0
0.006339830923077855 0.008861011390941999 0
0.005556956642500714 0.009653431820405714 0
0.004752540527814444 0.00883279767389375 0
0.00554618572544615 0.008846904532417875 0
0.03694073394249169 0.0180181468792419 0
0.03777281765620483 0.01883983914132499 0
0.036922401411896 0.01968260096845119 0
0.03693156767719384 0.01885037392384654 0
0.03950264647620379 0.01385818776902527 0
0.03865452691195381 0.01468900360805091 0
0.03783281124566443 0.0138827251577739 0
0.03866772886093411 0.01387045646339959 0
0.1229610194978274 0.03624782847852803 0
0.1237936406623514 0.0371862722944494 0
0.1228164813362569 0.03812399964415928 0
0.1228887504170421 0.03718591406134365 0
0.1247744162707621 0.03624890144228052 0
0.124635256336556 0.03812467849922813 0
0.124704836303659 0.03718678997075433 0
0.1236440323026694 0.03906216201708597 0
0.1245593564465882 0.03906233924961407 0
0.1227318654254229 0.03906199982207964 0
0.03272621231014269 0.01888267535213236 0
0.0318750081286788 0.01971398399351146 0
0.03104531542123032 0.01888509402389747 0
0.03188576386568651 0.01888388468801491 0
0.01528845877273152 0.01465618246335604 0
0.01610680631475673 0.01547973656614968 0
0.01447661519975268 0.0154642702573698 0
0.0152917107572547 0.01547200341175974 0
0.008747788586136784 0.009703704829912422 0
0.009563007129636092 0.01052702716277723 0
0.008775414746056184 0.01132992751280688 0
0.007960196202556877 0.01050660517994207 0
0.008761601666096484 0.01051681617135965 0
0.0104591830771867 0.02274493304732369 0
0.01124884963750195 0.02352890411161888 0
0.01046433352071828 0.02433392812188714 0
0.009674666960403033 0.02354995705759196 0
0.01046175829895249 0.02353943058460541 0
0.01045208004384023 0.01951170545692727 0
0.01125394024029627 0.02032148230677487 0
0.01045584853444097 0.02113490630839411 0
0.0104539642891406 0.02032330588266069 0
0.008838978321979565 0.01787580475629851 0
0.009646189585035103 0.01869472576582903 0
0.008041404696342951 0.0186960922217261 0
0.008843797140689027 0.01869540899377756 0
0.0302162738452312 0.01805452563211985 0
0.03019500461119466 0.01971316926099775 0
0.03020563922821293 0.0188838474465588 0
0.03281213349140907 0.0122771057424098 0
0.03195736909472745 0.01310080527371417 0
0.03112347096631648 0.01228102856865594 0
0.03196780222886278 0.01227906715553287 0
0.04420858516408927 0.03573453384967348 0
0.04509895080998403 0.03488022369582308 0
0.04592490694539576 0.03573269805883497 0
0.04506674605474251 0.03573361595425423 0
0.04250150066326847 0.03573642464023935 0
0.04338853562750104 0.03488255897974514 0
0.04335504291367887 0.03573547924495642 0
0.04256462223027892 0.0340311503168647 0
0.04344626164400588 0.03317668482999166 0
0.04427017504122802 0.03402809349287211 0
0.04341739863575347 0.03402962190486841 0
0.04515482147062273 0.03317309360073185 0
0.04598359723937875 0.03402522380368282 0
0.04512688614030338 0.03402665864827747 0
0.006470775022891527 0.03819672530736643 0
0.005511254772772645 0.03732291674606478 0
0.006423142934604734 0.03639564728135469 0
0.00644695897874813 0.03729618629436057 0
0.005548306230541256 0.03910673638070453 0
0.006489866383208361 0.03909836265368322 0
0.003671785925600052 0.03912049361033995 0
0.004601536237954867 0.03822722999104447 0
0.004610046078131383 0.03911361499552224 0
0.003657782783035496 0.03736642799692854 0
0.004567501317853273 0.03646211475194885 0
0.00458451877790407 0.03734467237149666 0
0.05222799284087657 0.004670460363303331 0
0.05241853220854009 0.003554051363634855 0
0.05286800316069143 0.004089236921904819 0
0.05061312192415641 0.005830292340842194 0
0.05111855781381017 0.004514504928234416 0
0.0514205573825165 0.005250376352072763 0
0.05030997915092657 0.004388304397080693 0
0.05061693134885753 0.003444979137762242 0
0.05142551001174112 0.003571179668915965 0
0.05086774458133385 0.003979742032998329 0
0.05155072024823474 0.002560870750314819 0
0.05198462622863924 0.003057461057226656 0
0.002750710260552541 0.0382491513426069 0
0.001824927137318917 0.03739287569095362 0
0.002741354960177207 0.03737965184394108 0
0.001833940602201351 0.03912865773226695 0
0.00275286326404163 0.03912457567130345 0
0.0009156018476827595 0.03825766156908134 0
0.000916970300600846 0.03912883078434992 0
0.0009124635686594586 0.03738994360118432 0
0.1658360548680881 0.03911185822199949 0
0.1668710563155482 0.03824113630331948 0
0.1677788356318652 0.03912927808132 0
0.1668074452505403 0.03912056815165974 0
0.1659996331884243 0.0373347981001682 0
0.1670125467639261 0.0364825531062921 0
0.16788396989105 0.0373888913094434 0
0.1669418015397371 0.03736184470480579 0
0.1688526249900044 0.0365544898302014 0
0.1687592004234943 0.03827534905512325 0
0.1688059127067493 0.03741491944266233 0
0.1687408665765228 0.03913767452756163 0
0.04248375650077175 0.003231816311739242 0
0.04160796846182462 0.002430721867128083 0
0.04250168827329532 0.00160662680387161 0
0.04337747631224246 0.002407721248482769 0
0.04249272238703354 0.002419221557805426 0
0.04071845712426905 0.003249955735278831 0
0.03986027104977258 0.002440542920241614 0
0.04074978238732815 0.001621309052090866 0
0.0407341197557986 0.002435632393684849 0
0.03988825497381157 0.0008128208690810002 0
0.04163249507399704 0.0008084881830098655 0
0.04076037502403708 0.0008106545260454329 0
0.04338253427921723 0.0007981386208617443 0
0.04250751467665752 0.0008033134019358049 0
0.1740585723193434 0.03834730939823962 0
0.1749042617901051 0.03917708766489789 0
0.1740459511797648 0.03917365469911981 0
0.1740983727874622 0.03670048983159165 0
0.1749328506733178 0.03753386324039765 0
0.1740784725534028 0.03752389961491563 0
0.1757947417296689 0.03672091895403949 0
0.1757679213837045 0.03835829511774007 0
0.1757813315566867 0.03753960703588978 0
0.1757598069554213 0.03917914755887003 0
0.07566438134597797 0.01177843437569274 0
0.0748118834038828 0.01088104764314163 0
0.07566995256863726 0.01088921718784637 0
0.0756098487995972 0.01355880372153714 0
0.07477291178145468 0.01264293906959302 0
0.07563711507278759 0.01266861904861494 0
0.07389820728409387 0.01348970703629941 0
0.07395199396556018 0.01174597482900777 0
0.07392510062482702 0.01261784093265359 0
0.07396142943418466 0.01087298741450389 0
0.1290908913343116 0.01184168134380182 0
0.1282007678965176 0.01092261379796378 0
0.1290936913421783 0.01092084067190091 0
0.12909978357035 0.01368014572456092 0
0.128213930280299 0.01276810644260765 0
0.1290953374523308 0.01276091353418137 0
0.1273407169160894 0.01369884211073148 0
0.1273282807961707 0.01184886570423755 0
0.1273344988561301 0.01277385390748451 0
0.1273088774262892 0.01092443285211877 0
0.08798554090925335 0.01187967497942137 0
0.08887970288825978 0.01282131926451781 0
0.08800380384771664 0.01376113236538127 0
0.08799467237848499 0.01282040367240132 0
0.08884068741677151 0.01094018653641647 0
0.08797137280151696 0.01093983748971069 0
0.0897547771949502 0.01188070365575013 0
0.08971488720865614 0.01094035182787506 0
0.08979162702911482 0.01376248499719316 0
0.08977320211203252 0.01282159432647165 0
0.1770619326233603 0.00564711147627869 0
0.1777175295766912 0.004882341022390372 0
0.1785290234356591 0.005600878747830858 0
0.1777954780295097 0.005623995112054774 0
0.176861883675737 0.004117224991331694 0
0.1784389411460872 0.004070390845347001 0
0.1776504124109122 0.004093807918339348 0
0.1792416952073613 0.004860346629012482 0
0.1792194705730436 0.004081515299503579 0
0.1792645117178296 0.005621325234396155 0
0.0511262711330469 0.03572953391889679 0
0.05201454407675334 0.03487513876295135 0
0.05287201687147106 0.03572923687064251 0
0.05199914400225898 0.03572938539476965 0
0.04938399780316174 0.0357300995867207 0
0.05027713763520236 0.03487559140228427 0
0.05025513446810432 0.03572981675280874 0
0.04943097929104141 0.03402140311984202 0
0.05031641639424959 0.03316655857356307 0
0.05116257473841054 0.03402074685600533 0
0.05029677701472598 0.03402107498792367 0
0.05204407971648742 0.03316632470033726 0
0.05289604905483021 0.03402071660728328 0
0.05202931189662038 0.0340207317316443 0
0.002361581708127364 0.001615704914518557 0
0.003140109248654148 0.002415969582746241 0
0.001574612458490297 0.002424553273711489 0
0.002357360853572223 0.002420261428228865 0
0.002427452871326501 0.02129218384068352 0
0.003244707947436157 0.02212650005634837 0
0.002440993567576974 0.02303915836963986 0
0.001623738491467318 0.02220484215397501 0
0.002434223219451738 0.02216567110516169 0
0.01856743805147442 0.01468617888963494 0
0.01939100629599358 0.01551213963210753 0
0.01856843976592636 0.01632185730701029 0
0.0177448715214072 0.01549589656453771 0
0.01856793890870039 0.01550401809832262 0
0.007258900792572812 0.02117343496766625 0
0.008069065842097968 0.02197363436710301 0
0.007278888363548473 0.02281455241504472 0
0.006468723314023317 0.02201435301560795 0
0.007268894578060642 0.02199399369135548 0
0.05828979018502452 0.0120224281554192 0
0.05768677918759077 0.01313677656591986 0
0.05686170532077564 0.01250137211299194 0
0.05746471631820939 0.01138702370249129 0
0.05757574775290008 0.01226190013420557 0
0.06243396713291872 0.01157631339127975 0
0.06325251256985377 0.01240728616047598 0
0.06241547225999017 0.01319326052725568 0
0.06159692682305512 0.01236228775805946 0
0.06242471969645445 0.01238478695926772 0
0.05632226760090081 0.01123027912027615 0
0.05758093839122855 0.0102383379783168 0
0.05695160299606468 0.01073430854929647 0
0.1433384385746624 0.000825559912511679 0
0.1425131406670501 0.001651427218384228 0
0.1417182516605265 0.0008258673058725487 0
0.1425283451174071 0.0008257136091921139 0
0.1433081594291895 0.002475582840873762 0
0.1424828012965342 0.003300991967954962 0
0.1416877825343948 0.002476836345465428 0
0.1424979709817921 0.002476209593169595 0
0.140860633774948 0.003304506495024912 0
0.1408915116827778 0.00165281231445096 0
0.1408760727288629 0.002478659404737936 0
0.1409078154257333 0.00082640615722548 0
0.1457187590247253 0.003306656465054443 0
0.1449280939043954 0.002477677743552923 0
0.14575706669324 0.001654701035663253 0
0.1457379128589826 0.002480678750358848 0
0.1441015236053439 0.003301365525231883 0
0.144134729728241 0.001651895059194802 0
0.1441181266667924 0.002476630292213343 0
0.1449635917448641 0.0008263351466831232 0
0.1441510151582418 0.0008259475295974011 0
0.1457762194681737 0.0008273505178316265 0
0.133387251408826 0.007508957813239812 0
0.1325421696141078 0.008346574755173733 0
0.1316961239849019 0.007492373545842241 0
0.1325416876968639 0.007500665679541025 0
0.1333945514287526 0.009211097613446092 0
0.1316986370548816 0.009199830319431869 0
0.132546594241817 0.00920546396643898 0
0.1308480982024692 0.00831759586639573 0
0.1308493185274408 0.009173947875227965 0
0.1308480619924509 0.007468284917952671 0
0.1632588600709598 0.03636455749275265 0
0.1640995608731101 0.03729022857155585 0
0.1630539076768152 0.03818376217325604 0
0.1631563838738875 0.03727415983300435 0
0.1651395374794692 0.03641581307307577 0
0.1649596565820652 0.03820921359864827 0
0.1650495970307672 0.03731251333586202 0
0.1638896205959497 0.03909735537664878 0
0.1648628377318738 0.03910460679932413 0
0.1629214972537432 0.03909188108662802 0
0.01334156559357626 0.003246353997869187 0
0.01419773988506404 0.004061287769969987 0
0.01342404303872556 0.004870654334134427 0
0.01256786874723778 0.004055720562033627 0
0.01338280431615091 0.004058504166001807 0
0.0008063503456254285 0.01950549586404653 0
0.001615671433110859 0.02042577757335072 0
0.0008093210874854305 0.02134475414127863 0
0.0008078357165554295 0.02042512500197405 0
0.01042474117928176 0.01461252125923244 0
0.01123699518519728 0.01543639348454836 0
0.01043758176926363 0.01624698845413291 0
0.01043116147427269 0.01542975485668267 0
0.0335777854424429 0.01804797648985289 0
0.03355646032879056 0.019709545441165 0
0.03356712288561673 0.01887876096550894 0
0.1515284990231292 0.03350322330439691 0
0.1506066468835282 0.03443618867662351 0
0.1497153904151537 0.03351221936594154 0
0.1506372425547547 0.03257925399371493 0
0.1506219447191414 0.03350772133516922 0
0.1514907000214178 0.0353613694871351 0
0.1496907633774737 0.03536639881761524 0
0.1505907316994458 0.03536388415237517 0
0.1478894237329198 0.03537186172425096 0
0.1487991429122441 0.03444304639698163 0
0.1487900935551967 0.0353691302709331 0
0.1479040162967051 0.03352200224175724 0
0.1488202637996147 0.03259117521071715 0
0.1488097033559294 0.03351711080384939 0
0.04261898689991961 0.03232600744861081 0
0.04349644611987005 0.03147068687783314 0
0.04432372086395633 0.03232136425921399 0
0.04347135388193797 0.0323236858539124 0
0.04266623939978424 0.03062097093368325 0
0.04354047022679623 0.02976441797176832 0
0.04437067694688204 0.03061413391591821 0
0.04351845817333314 0.03061755242480073 0
0.04524733855706518 0.02975671234744217 0
0.04608047769386955 0.03060795604314368 0
0.04520381608368641 0.03146537761161972 0
0.0452255773203758 0.03061104497953095 0
0.04603491669035281 0.03231710695313758 0
0.04517931877715457 0.03231923560617579 0
0.147920985806993 0.03167368201827427 0
0.1488392693079499 0.03073957507476296 0
0.1497385473005716 0.03165706826720583 0
0.1488297665537823 0.03166537514274005 0
0.1479339904072244 0.02982736673869297 0
0.1488504816022054 0.0288877481220195 0
0.1497557605029308 0.02979995645808949 0
0.1488448754550776 0.02981366159839123 0
0.1506810540370866 0.02885639200793433 0
0.1515886627260721 0.02977632375209038 0
0.1506633691919163 0.03071988820224553 0
0.1506722116145015 0.02978814010508993 0
0.1515620644460994 0.03164207392875464 0
0.1506503058733355 0.03164957109798023 0
0.05316609533410967 0.0220117745461807 0
0.05404865271696063 0.02117378945031771 0
0.05485803573403826 0.02205892724087878 0
0.05397547835118729 0.02289691233674178 0
0.05401206553407396 0.02203535089352974 0
0.0532565049295389 0.02027260711755339 0
0.05414982854601154 0.01944701899008087 0
0.05494197633343326 0.02034820132284519 0
0.05409924063148609 0.02031040422019929 0
0.05581394486335768 0.01953324049769537 0
0.05659857047800919 0.02041564308775439 0
0.05572660194808476 0.02123060391290421 0
0.05577027340572122 0.02038192220529979 0
0.0565292897283466 0.02210554983580195 0
0.0556607235143001 0.02293387316377652 0
0.05569366273119243 0.02208223853834037 0
0.1744308986117367 0.01142843406918563 0
0.1752151632293036 0.01235417022227038 0
0.1743216276670346 0.01304637386715483 0
0.1735373630494676 0.01212063771407008 0
0.1743762631393856 0.01223740396817023 0
0.1760728688007725 0.01168582543430432 0
0.1759799457473235 0.0132260053377193 0
0.176026407274048 0.01245591538601181 0
0.1759232660986451 0.01477656737168719 0
0.1751295966970403 0.01392755573527831 0
0.1759516059229843 0.01400128635470324 0
0.1742565146785172 0.0146524489434155 0
0.1734485456485115 0.01377126707529203 0
0.1742890711727759 0.01384941140528517 0
0.08382766620510461 0.03356238417974759 0
0.08299487713870995 0.03449786941594535 0
0.08209636211296331 0.03359235944960003 0
0.08292915117935798 0.03265687421340228 0
0.08296201415903395 0.03357737181467381 0
0.08388652918199573 0.03540532638424942 0
0.08216951529451039 0.03542664834582733 0
0.08302802223825306 0.03541598736503837 0
0.0804496773404994 0.03545186803659417 0
0.08126979840687049 0.03452595955305562 0
0.0813095963175049 0.03543925819121075 0
0.08036455280566647 0.03362834097400898 0
0.0811911165117593 0.03269474087055338 0
0.08123045745931488 0.0336103502118045 0
0.1652601627363264 0.001780430402429209 0
0.1643444631751149 0.0008876688270581072 0
0.1651746765127239 0.0008902152012146046 0
0.1653868369680096 0.003563797130277662 0
0.1644717784491631 0.002664345553176182 0
0.165323499852168 0.002672113766353436 0
0.1636847823646773 0.003542602352113884 0
0.1635861701978716 0.00177021178540559 0
0.1636354762812744 0.002656407068759737 0
0.1635219959726042 0.0008851058927027951 0
0.02780388009513969 0.0008171733399369252 0
0.0269062622014439 0.001634090025523326 0
0.0260165061789027 0.0008169166855864008 0
0.02691019313694566 0.000817045012761663 0
0.02849343711044323 0.02136866379416515 0
0.02931911401043738 0.02220743236173218 0
0.02846711239306385 0.0230346309126076 0
0.0276414354930697 0.02219586234504057 0
0.02848027475175354 0.02220164735338637 0
0.03642223359525092 0.0008159331774092484 0
0.03556278601031193 0.001632547007699308 0
0.03472420569922141 0.0008166138302900596 0
0.03557321964748214 0.000816273503849654 0
0.01597068980594468 0.007323004738939794 0
0.01517792807561708 0.008132730980291675 0
0.01515120807890705 0.007318563017106576 0
0.1222446498578266 0.03343186727752369 0
0.1212896027172052 0.03437062070136442 0
0.1204500385436983 0.03343194322858371 0
0.1214050856843197 0.03249318980474299 0
0.1213473442007625 0.0334319052530537 0
0.1221220070220393 0.03530904456716878 0
0.1203298567942061 0.03530897459401176 0
0.1212259319081227 0.03530900958059027 0
0.1185488878900451 0.03530928766050474 0
0.119500798357434 0.03437079420156398 0
0.1194393723421256 0.03530913112725825 0
0.1186648532611614 0.03343252976489718 0
0.1196140934474258 0.03249367879191692 0
0.1195574459024299 0.03343223649674044 0
0.007173234866879867 0.01130609260313721 0
0.007983470959424373 0.01213504946148844 0
0.007192386251412851 0.01293773420431043 0
0.006382150158868345 0.0121087773459592 0
0.007182810559146359 0.01212191340372382 0
0.02184988058865606 0.009800045901605214 0
0.02269528552289675 0.01062254928304616 0
0.02186656911956388 0.01143680254884891 0
0.02102116418532319 0.01061429916740796 0
0.02185822485410997 0.01061842422522706 0
0.01365577601185244 0.02114648661285033 0
0.01285690473729292 0.02032859288908168 0
0.01366166022701367 0.02033696081574319 0
0.02520514678939698 0.01638236280868872 0
0.02603300886917847 0.01721279094082638 0
0.02519022089039546 0.01803097197333137 0
0.02436235881061397 0.0172005438411937 0
0.02519768383989622 0.01720666739101004 0
0.02675928851648271 0.02468767354716653 0
0.02758257240698282 0.025536104772328 0
0.02672584443828142 0.02636217776259829 0
0.02590256054778132 0.02551374653743682 0
0.02674256647738207 0.02552492565488242 0
0.0251311036687927 0.001633438522091569 0
0.02421759112881931 0.0008165218365051678 0
0.0251170486549398 0.0008167192610457843 0
0.01358782082545758 0.009750308728149585 0
0.01362047498107695 0.01137966048007025 0
0.01279071604289786 0.0105584727359776 0
0.01360414790326726 0.01056498460410992 0
0.03945566408008312 0.01881012352240193 0
0.03860696931979445 0.01965829985538371 0
0.03861424086814397 0.01882498133186346 0
0.04681321993505456 0.0006861829144462589 0
0.04600300812718987 0.001457694511476255 0
0.04510557158828492 0.0007715115970299958 0
0.04595939576157491 0.0007288472557381273 0
0.04717174517649213 0.002137000024665884 0
0.04635727037299725 0.00302625832838125 0
0.04518853332369499 0.00234695281519162 0
0.04618013925009356 0.002241976419928752 0
0.04430618342280154 0.003185023845782649 0
0.04425982621313591 0.00156965021789174 0
0.04428300481796872 0.002377337031837195 0
0.0442440529335348 0.00078482510894587 0
0.05292086022700787 0.03231192882267815 0
0.05379250020270659 0.03145840997999608 0
0.05464328323915477 0.03231316171256629 0
0.05377164326345604 0.03316668055524837 0
0.05378207173308132 0.03231254526762222 0
0.05294722626543115 0.03060253460848134 0
0.05381623607977072 0.02974980084841489 0
0.05466151001704616 0.03060567621992962 0
0.05380436814123866 0.03060410541420548 0
0.05552436377730215 0.02975424698940798 0
0.0555085216036301 0.03146025857055929 0
0.05551644269046611 0.03060725277998363 0
0.05549692141280623 0.03316700808828562 0
0.05550272150821816 0.03231363332942246 0
0.04859107956179481 0.03316775283576975 0
0.04775170371150245 0.03231379270232089 0
0.04863346652603849 0.03145785365981495 0
0.04947284237633086 0.03231181379326381 0
0.04861227304391665 0.03231280324779235 0
0.0468700862888644 0.03316999226205286 0
0.04691653411299086 0.03146090739340561 0
0.04689331020092763 0.03231544982772924 0
0.04695860841657487 0.02975033182193771 0
0.04779466483569618 0.03060328317219964 0
0.04693757126478287 0.03060561960767166 0
0.04867299199142878 0.02974618827925748 0
0.0495117936817711 0.03060075876687279 0
0.04865322925873364 0.03060202096953622 0
0.1358978888214088 0.006655503561905821 0
0.1350711083515143 0.005826684751983974 0
0.1359091417647353 0.004986976014940884 0
0.1367359222346298 0.005815794824862731 0
0.135903515293072 0.005821239788423352 0
0.1342259738354414 0.006663052473982552 0
0.1342361535732677 0.004992069836583166 0
0.1342310637043545 0.005827561155282858 0
0.1350901623460914 0.004158621623825951 0
0.1342485601597094 0.004160070579428621 0
0.136755833495588 0.004151800321830234 0
0.1359229979208397 0.004155210972828093 0
0.04965089497042763 0.003661117908322485 0
0.0495673170922514 0.002901719476353735 0
0.0505333534706813 0.002685580705793491 0
0.05009212422055447 0.003173349307057988 0
0.04829217328591137 0.003197023167663479 0
0.04819450637345435 0.00227696809696726 0
0.04946965017979438 0.001981664405657516 0
0.04888091173285287 0.002589343786660498 0
0.04945621349391661 0.0008261509867476344 0
0.05052883841774303 0.001670915150775147 0
0.04999252595612712 0.001248533069058684 0
0.05103977933159207 0.00211589294914817 0
0.1525453921391514 0.01269904781442003 0
0.153460915682215 0.01190889613330359 0
0.1542322632915526 0.01284366852818064 0
0.1533167397484891 0.01363382020929708 0
0.153388827715352 0.01277135817130034 0
0.1526828381852796 0.01099808328252216 0
0.1535715564945501 0.0102003054167394 0
0.1543496339914855 0.01111111826752083 0
0.1535162360883826 0.0110546007750215 0
0.1552418265856074 0.01029425161517724 0
0.1560403636331543 0.01121033854041243 0
0.1551481710390324 0.01202720519275602 0
0.1551949988123199 0.01116072840396663 0
0.1559469969381766 0.01296237122204972 0
0.1550310891906967 0.01377883455747434 0
0.1550896301148646 0.01290301987511518 0
0.03207467332956648 0.004904262015676519 0
0.03291690770896538 0.005721558833361602 0
0.03206116774639865 0.005722339336732437 0
0.03348440589481567 0.02472684928359418 0
0.03345709113296697 0.02640937246370089 0
0.03262876935928381 0.02556798130017114 0
0.03347074851389131 0.02556811087364754 0
0.02863496577928733 0.00490502875424979 0
0.02862469898654638 0.006541508585808666 0
0.02776984818979342 0.005722951593444409 0
0.02862983238291685 0.005723268670029228 0
0.0184778815282017 0.008150426840756973 0
0.01932612279023938 0.008971077054933461 0
0.01851460204376758 0.009782991811113334 0
0.0176663607817299 0.008962341596936844 0
0.01849624178598464 0.008966709325935154 0
0.117355429060738 0.02404842910804923 0
0.1182849198777835 0.02310764633475933 0
0.1191344772853527 0.02404408380420898 0
0.1182049864683073 0.02498486657749888 0
0.1182449531730454 0.02404625645612911 0
0.1229678042931971 0.01465962601277245 0
0.1220747331353082 0.01559700214808154 0
0.1212272659171055 0.01466682715397186 0
0.1220975351051513 0.01466322658337216 0
0.1229278777846295 0.01652783111936251 0
0.1220260389903841 0.01746749971527637 0
0.1211728943410627 0.0165366707439954 0
0.1220503860628461 0.01653225093167895 0
0.1051513648079748 0.01844309403982022 0
0.1060882387057577 0.01750378107701715 0
0.1069441975439609 0.01844058294421452 0
0.106007323646178 0.01937989590701759 0
0.1060477811759679 0.01844183849201737 0
0.1680606227664719 0.00449679666857609 0
0.1672344465274085 0.005384417008183831 0
0.1662969508607538 0.004470866944628505 0
0.1671787868136129 0.004483831806602298 0
0.1698585414472225 0.004517054727264081 0
0.1690257435399407 0.005416319642974865 0
0.1689595821068472 0.004506925697920086 0
0.1699848186897374 0.006357947696410261 0
0.1691210699839866 0.00725118327993067 0
0.16816199483419 0.006309555226495274 0
0.1690734067619637 0.006333751461452768 0
0.1673103447219314 0.007190300889626799 0
0.1663827964151499 0.006265162671315356 0
0.1672723956246699 0.006287358948905315 0
0.05035306492209546 0.03145653437233753 0
0.05119663894001419 0.03231127915263679 0
0.05033474065817252 0.0323115464729503 0
0.05038873710131963 0.02974483982771414 0
0.05123000834164398 0.03060061543317888 0
0.05037090101170755 0.03060068710002583 0
0.05210381515654049 0.02974626676668253 0
0.05207341945053465 0.03145688327497768 0
0.05208861730353756 0.03060157502083011 0
0.05205874958351103 0.03231160398765747 0
0.06567694920076561 0.01326539162964522 0
0.06488561661485287 0.01243635722752116 0
0.06572030147240134 0.01163137435312636 0
0.06569862533658349 0.01244838299138579 0
0.06404973089226956 0.0132330732729401 0
0.06408839829243707 0.01161057011505704 0
0.06406906459235331 0.01242182169399857 0
0.06330443258131838 0.01079933788012796 0
0.06493233087705036 0.01081123223492908 0
0.06411838172908073 0.01080528505752852 0
0.06574392201746634 0.01081568717656318 0
0.1138050668708729 0.02405568949364483 0
0.1147339324446986 0.02311591764594415 0
0.1155793124774173 0.0240522530474593 0
0.1146504469035916 0.02499202489515997 0
0.1146921896741451 0.02405397127055206 0
0.1032863893256421 0.02032247951447973 0
0.1042156250838039 0.01938271181082329 0
0.1050763308261327 0.02031937234909044 0
0.104147095067971 0.02125914005274688 0
0.1041813600758874 0.02032092593178508 0
0.1189663371679165 0.02779992039681299 0
0.1199049277486034 0.02685931745019379 0
0.1207540366196835 0.02779725708825673 0
0.1198154460389965 0.02873786003487594 0
0.1198601868938 0.02779858874253486 0
0.1066392862489359 0.02594354195502875 0
0.107561177134881 0.02500428103093877 0
0.1084079225318896 0.02594045089647285 0
0.1074860316459445 0.02687971182056283 0
0.1075236043904128 0.0259419964257508 0
0.04765017515583246 0.03573117549387825 0
0.04854407893384297 0.03487656344499131 0
0.04851708647949711 0.03573063754029947 0
0.0468176901551107 0.03487814470254901 0
0.04678754105061411 0.03573193677635661 0
0.04770417920459635 0.03402291316091904 0
0.04684388822198755 0.03402406848230093 0
0.04856757924781888 0.03402215814038053 0
0.1758762830832322 0.01788570687910437 0
0.1750533034868383 0.01707766261015848 0
0.1758910002021788 0.01633062271163606 0
0.1758836416427055 0.01710816479537022 0
0.1742057264054579 0.01784356583495679 0
0.1733728699221078 0.01701670294568477 0
0.1742204470034881 0.01625079972088646 0
0.174213086704473 0.01704718277792162 0
0.1733976217824919 0.01540004294417087 0
0.1750793398995134 0.01550320572013109 0
0.1742384808410026 0.01545162433215098 0
0.1759071331504119 0.01555359504166162 0
0.02579479581974811 0.03056712601427124 0
0.02492550588722886 0.03139855957661519 0
0.02409425474556418 0.03053298982617985 0
0.02496354467808342 0.0297015562638359 0
0.02494452528265614 0.03055005792022555 0
0.02576542679051609 0.03226788459119276 0
0.02489451324694226 0.03310511089745061 0
0.02405459234365503 0.03223578588287303 0
0.02491000956708556 0.0322518352370329 0
0.02317238456098845 0.03306949066486262 0
0.02233449847076954 0.03219308706892832 0
0.02321670625343612 0.03135938228693873 0
0.02319454540721229 0.03221443647590067 0
0.02238930942355309 0.03048806909566889 0
0.02326685791568114 0.02966167663491001 0
0.02324178208455863 0.03051052946092437 0
0.03334195616777354 0.03318173818134722 0
0.03416197684123833 0.03403481909568909 0
0.03331560663040953 0.03488345138409849 0
0.03249558595694475 0.03403037046975661 0
0.03332878139909154 0.03403259478272285 0
0.0350136354004127 0.0331852059199127 0
0.03582890558685925 0.03403697131555795 0
0.03497724702768488 0.03488658449133435 0
0.03499544121404879 0.03403589520562352 0
0.03578481426338714 0.03573918253977332 0
0.03413038483290977 0.0357372950343338 0
0.03495759954814845 0.03573823878705357 0
0.03247716456612346 0.03573371655075094 0
0.03330377469951661 0.03573550579254237 0
0.05635750560914218 0.0340206338207418 0
0.05548901155965458 0.03487451035521165 0
0.05462842736331863 0.03402088462275547 0
0.05549296648623041 0.03402075922174864 0
0.05635737793264718 0.03572822964915873 0
0.05461664856311683 0.03572893741164607 0
0.05548701324788201 0.03572858353040239 0
0.0537528331546928 0.03487492067479038 0
0.05374433271729394 0.0357290871411443 0
0.05376223820907441 0.03402080061501937 0
0.02225549788601427 0.03564252266330668 0
0.02313968520863601 0.03479123742882962 0
0.02400853591530964 0.03567110231778405 0
0.02313201690066195 0.03565681249054536 0
0.02228785477745722 0.03391180474809702 0
0.02402421499216724 0.03394892334559522 0
0.02315603488481223 0.03393036404684612 0
0.02574595083968752 0.03397667196869337 0
0.02487565258491251 0.03482048441683798 0
0.02488508291592738 0.03396279765714429 0
0.02574166968446633 0.03569242397108856 0
0.02487510279988799 0.0356817631444363 0
0.119210715011069 0.02216688380776052 0
0.120135705166813 0.0212251785712047 0
0.1209894268758688 0.0221607553150527 0
0.1200644367201248 0.02310246055160851 0
0.1201000709434689 0.02216381956140661 0
0.1048713265747875 0.02594691244792277 0
0.1057900005625341 0.02500754251624639 0
0.1057206122611892 0.02688291188670514 0
0.1057553064118616 0.02594522720147576 0
0.1104246663037443 0.02031085120668821 0
0.1113552744490461 0.01937171236873747 0
0.1122001316499637 0.02030786855878508 0
0.1112695235046619 0.02124700739673582 0
0.111312398976854 0.02030935988273664 0
0.01986896686380248 0.001630422266854694 0
0.02077385807238733 0.002446705186389106 0
0.01997042160836936 0.003261234035068668 0
0.0190655303997845 0.002444951115534257 0
0.01991969423608592 0.002445828150961681 0
0.01205337482636606 0.0211343327253628 0
0.01284513638127746 0.02194037991312618 0
0.01204433083108875 0.02274017001020354 0
0.01125256927617736 0.02193412282244015 0
0.01204885282872741 0.02193725136778317 0
0.0193866908303709 0.01714941069670503 0
0.01856144794924339 0.01795771048546584 0
0.01774319688479885 0.01713015709577109 0
0.01856494385758488 0.01713978389623807 0
0.01205097279524907 0.01625906208363979 0
0.01286086996878417 0.01708000463255159 0
0.01205674558964874 0.01788944209798344 0
0.01124684841611364 0.01706849954907164 0
0.01205385919244891 0.01707425209081162 0
0.03339929414393976 0.02978778532871929 0
0.034224498808941 0.03063765623110638 0
0.03337014983997021 0.03148301662038866 0
0.03254494517496896 0.03063314571800156 0
0.03338472199195498 0.03063540097455397 0
0.03508109134336117 0.02979020525858888 0
0.03590474236269283 0.03063881010615831 0
0.03504814982827266 0.0314862610786758 0
0.03506462058581692 0.03063823316863234 0
0.03586842498239923 0.0323366979485344 0
0.03419336024628614 0.0323347690500541 0
0.03503089261434268 0.03233573349929425 0
0.03251874576145762 0.03232998575168178 0
0.03335605300387187 0.03233237740086794 0
0.1103406808525856 0.02218631557200276 0
0.1121152700255252 0.02218323677708824 0
0.1111864273734489 0.02312254495235518 0
0.1112279754390554 0.0221847761745455 0
0.1176652646507309 0.01654835192145765 0
0.1185782229278395 0.0156096561891439 0
0.119419332175307 0.0165432891210642 0
0.1185063738981984 0.01748198485337795 0
0.1185422984130189 0.01654582052126093 0
0.1071293897767809 0.01468889794250166 0
0.108926994994506 0.01468744822376127 0
0.1079754750960618 0.01562590403122795 0
0.1080281923856435 0.01468817308313147 0
0.1165084942104615 0.02311206772280471 0
0.1164262473276938 0.02498861443270382 0
0.1164673707690776 0.02405034107775426 0
0.02336624365020496 0.02630004084674274 0
0.02418275539870171 0.02715837502627089 0
0.0233178839356479 0.02797574542564085 0
0.02250137218715115 0.02711741124611269 0
0.02334206379292643 0.02713789313619179 0
0.02504479275977058 0.02633494153636281 0
0.02586641222959835 0.02719051514472343 0
0.02500437486852948 0.0280139486346315 0
0.02502458381415003 0.02717444508549716 0
0.02582962895773755 0.02887475375704086 0
0.02413829058887535 0.02884075114142654 0
0.02498395977330645 0.0288577524492337 0
0.02244645126245369 0.02879667091912431 0
0.02329237092566452 0.02881871103027543 0
0.05726029856112599 0.02635835292525804 0
0.05809335653379025 0.02721307922750425 0
0.05723999980380642 0.02805705306002611 0
0.05640694183114217 0.0272023267577799 0
0.05725014918246621 0.02720770299264207 0
0.06789887801426206 0.02222836454874962 0
0.06866173579484545 0.02142747167393041 0
0.06945303315125748 0.02221072447277858 0
0.06869017537067409 0.02301161734759779 0
0.06867595558275977 0.0222195445107641 0
0.06634182529045923 0.01899197256993431 0
0.06715384034219127 0.01820130262298342 0
0.06792829761694916 0.01902530479514166 0
0.06711628256521712 0.01981597474209256 0
0.0671350614537042 0.01900863868253799 0
0.05808119987904584 0.02891025827886613 0
0.05638588491753907 0.02890489668508103 0
0.05723354239829245 0.02890757748197358 0
0.07300845292556105 0.01431343538959467 0
0.07213969483831859 0.01512604379960322 0
0.07135085095954766 0.01423896592124375 0
0.07217965194255434 0.01427620065541921 0
0.07290462478403593 0.01601781564601354 0
0.07203031446162828 0.0168031444066877 0
0.07126538451591094 0.01591137256027738 0
0.07208500464997344 0.01596459410314546 0
0.06310531525498912 0.02721629200832353 0
0.0639205362180473 0.0263702339500778 0
0.06476099263423074 0.02720104546832015 0
0.06394577167117255 0.02804710352656587 0
0.06393315394460991 0.02720866873832184 0
0.07049804754479452 0.01504661363507159 0
0.06971385730134039 0.01418115130270076 0
0.07053235413044402 0.01421005861197226 0
0.01202229049415877 0.01299558284890809 0
0.01284003610119893 0.01381874010293648 0
0.01203969856858793 0.01462718733114658 0
0.01122195296154777 0.01380403007711819 0
0.01203099453137335 0.01381138509002734 0
0.003967429059497603 0.009616937844812351 0
0.004769434880170682 0.01044786880054033 0
0.003980455579931416 0.01123497660697748 0
0.003178449759258336 0.01040404565124951 0
0.003973942319714509 0.01042595722589492 0
0.02187330407814762 0.01635544400087045 0
0.02269706520597199 0.01718546232621019 0
0.02186196133787608 0.01799817879425011 0
0.02103820021005171 0.01716816046891037 0
0.02186763270801185 0.01717681139756028 0
0.01691209053918628 0.0130378410408083 0
0.01773841032676991 0.01386162524084184 0
0.01692395078128167 0.01467115390582522 0
0.01609763099369804 0.01384736970579168 0
0.01691802066023397 0.01385449747331676 0
0.003910205576920935 0.001611664411483728 0
0.004680261731379309 0.002414963318208842 0
0.003910165403112523 0.003219268489471355 0
0.003910185490016729 0.002415466450477541 0
0.02601512619229792 0.01886437789738815 0
0.0251705201260619 0.01968277540007769 0
0.02434561482415944 0.0188493694760209 0
0.02518037050822868 0.01885687368670453 0
0.01205747015122312 0.01951574247049374 0
0.01125226250750593 0.01869799872701646 0
0.01205710787043593 0.01870259228423859 0
0.02184366443932795 0.01964286479109303 0
0.02265943513550072 0.02047921657652097 0
0.0218180318991972 0.02128997368894597 0
0.02100226120302444 0.02045362190351803 0
0.02183084816926258 0.0204664192400195 0
0.1488188920504144 0.02517315120077395 0
0.1497494471700534 0.02606687705819642 0
0.1488469420043046 0.02703390284857657 0
0.1479163868846656 0.0261401769911541 0
0.1488329170273595 0.02610352702467526 0
0.1506735752821952 0.0250980359284431 0
0.1516101152741245 0.02601627510507843 0
0.1506859871619827 0.02698511623483174 0
0.1506797812220889 0.02604157608163742 0
0.1516053814394407 0.02790301482116002 0
0.1497616597596287 0.02793849342160605 0
0.1506835205995347 0.02792075412138303 0
0.1479357638468814 0.02798315754899001 0
0.148848711803255 0.02796082548529804 0
0.02522107448554591 0.01309311724843296 0
0.02605640871703303 0.0139188511509951 0
0.02521540607974289 0.01473652822558501 0
0.02438007184825576 0.01391079432302287 0
0.0252182402826444 0.01391482273700899 0
0.03017171466148513 0.02137650125023699 0
0.03099895487057037 0.02221383505907826 0
0.03014635421952263 0.02304476617057346 0
0.03015903444050388 0.02221063371040522 0
0.01497959869656637 0.003250581243203448 0
0.01501901131929822 0.004063826456730647 0
0.02019063340317475 0.01961880102686461 0
0.02016500213857389 0.02126045184727499 0
0.0193533743387242 0.02042563097062156 0
0.02017781777087432 0.02043962643706979 0
0.07353186023548143 0.035580286598211 0
0.07435584068575754 0.03467699085204631 0
0.07526507054116505 0.03554667036059785 0
0.07439846538832323 0.03556347847940441 0
0.07344835872982898 0.0338162958456062 0
0.07426457388567348 0.03290628572920099 0
0.07517205584160204 0.0337669807356411 0
0.07431020728571551 0.03379163829062365 0
0.07598865726422299 0.03284826586017292 0
0.07690152086458668 0.0337172243485962 0
0.07608491944196574 0.03463593922406438 0
0.07603678835309435 0.03374210254211865 0
0.07700008531264982 0.03551275821975212 0
0.07613257792690742 0.03552971429017499 0
0.02521866088958374 0.009812347515737785 0
0.02606403097003866 0.01063472596518721 0
0.02522217322995975 0.01145181927521678 0
0.02437680314950483 0.01062944082576735 0
0.02522041705977175 0.01063208339547728 0
0.03704049343096296 0.01143360075002162 0
0.03700743197293421 0.01307080475365905 0
0.03702396270194858 0.01225220275184033 0
0.02778578742709852 0.002451784657064332 0
0.02690532606806202 0.003268731654892266 0
0.0260258008424074 0.00245103702335126 0
0.02690579413475296 0.002451410840207796 0
0.03270405345384062 0.02054621966387279 0
0.03185205380487814 0.02137923598780808 0
0.03102300847971632 0.02054700031744676 0
0.03186353096677847 0.02054660999065977 0
0.09768687567727521 0.03345832559259446 0
0.09681609360432233 0.03439595294544406 0
0.09596425734173512 0.03346375714298143 0
0.096835039414688 0.03252612979013184 0
0.09682556650950518 0.03346104136778794 0
0.09766172443451759 0.03532824517350513 0
0.09595533940812967 0.03533235567778192 0
0.09680853192132363 0.03533030042564353 0
0.09424296275276352 0.03533739803295117 0
0.09509835205278193 0.03440134834417427 0
0.0950991510804466 0.03533487685536654 0
0.09423795325199451 0.03347044814389065 0
0.0951038585409477 0.03253285694269781 0
0.0951011052968648 0.03346710264343604 0
0.1620840615449325 0.007047724208390319 0
0.1612224035155661 0.006146334868630102 0
0.1620574214713469 0.005283630341629916 0
0.1629190795007133 0.006185019681390133 0
0.1620707415081397 0.006165677275010118 0
0.1603858000033773 0.007003098959253074 0
0.1595426322774458 0.006106653537266307 0
0.1603792357896346 0.005249889446643335 0
0.1603825178965059 0.006126494202948205 0
0.159539843736414 0.004360024917205438 0
0.1611968790394082 0.004388407873002469 0
0.1603683613879111 0.004374216395103954 0
0.1628711285547687 0.004416071697348234 0
0.1620340037970884 0.004402239785175351 0
0.1335022005491729 0.0144864398898209 0
0.1326515052088577 0.01542453087930483 0
0.1317502467607715 0.01455008467945983 0
0.1326262236549722 0.01451826228464037 0
0.1335738795049714 0.01630696773763295 0
0.1327130816468366 0.01727031411964149 0
0.1317907073507229 0.01638787726131337 0
0.1326822934278472 0.01634742249947316 0
0.1309141552840026 0.01734182032328697 0
0.1300068361220628 0.01644031901249302 0
0.1308833881887831 0.01548637595051941 0
0.1308987717363928 0.01641409813690319 0
0.1299890344608712 0.01459004251181111 0
0.1308696406108213 0.01457006359563547 0
0.155325610517849 0.02786849197176468 0
0.1562823054162369 0.02692288093311862 0
0.1571986213304895 0.02786348600735366 0
0.1562419264321015 0.02880909704599971 0
0.1562621159241692 0.02786598898955917 0
0.1553590130379277 0.02597936151556501 0
0.1563145189194701 0.02503273393055985 0
0.1572378112977794 0.02597625334811346 0
0.1562984121678536 0.02597780743183923 0
0.1581959293641897 0.02503120948995618 0
0.1591221968910334 0.02597262958721328 0
0.158164078824623 0.02691767344537056 0
0.1581800040944064 0.02597444146766337 0
0.1590841926116774 0.02786090693972138 0
0.1581187351175439 0.02880671950170447 0
0.1581414069710835 0.02786219647353752 0
0.1758845715455312 0.02099672036480062 0
0.1750516034178296 0.02022024441602479 0
0.1758750264466934 0.01944133882837296 0
0.1758797989961123 0.02021902959658679 0
0.1742257026016076 0.02101470479601606 0
0.1733823591840479 0.02022614125786839 0
0.1742082600002699 0.01943168087787711 0
0.1742169813009388 0.02022319283694659 0
0.1733687039161052 0.0186250848089731 0
0.1750452824896226 0.0186501619038608 0
0.1742069932028639 0.01863762335641695 0
0.1758756547649628 0.01866352285373866 0
0.03268051697213316 0.02221501216032565 0
0.03183973592135177 0.02221442360970196 0
0.007244657352589411 0.01952380392661516 0
0.006436085054587662 0.0186994819165172 0
0.007238744875465306 0.01869778706912165 0
0.02690765164998737 0.004904038369681765 0
0.02691044389416899 0.006540216800759434 0
0.02604824735436294 0.00572130357699679 0
0.02690904777207818 0.005722127585220599 0
0.03011914413971185 0.02471816716008307 0
0.03094592635589922 0.02556276780913224 0
0.03009063727049163 0.02639687876934466 0
0.02926385505430426 0.02555227812029548 0
0.03010489070510174 0.02555752296471386 0
0.05809209152530478 0.03572662363995772 0
0.05894857353012088 0.0348707663661728 0
0.05982273375071042 0.03572352993582224 0
0.05895741263800759 0.03572507678788998 0
0.05722109333686692 0.03487334843931535 0
0.05722473472897598 0.03572742664455823 0
0.05808195080041242 0.0340192120081111 0
0.0572197282047773 0.03401992291442645 0
0.05980183431112104 0.03401575898385872 0
0.05894189255576673 0.03401748549598491 0
0.1318311393109617 0.01825608989286212 0
0.1309375883362672 0.01922383760059681 0
0.1300206043093081 0.01830956803102166 0
0.1309258718101349 0.01828282896194189 0
0.1336551210648451 0.01817264760619444 0
0.1327731787289702 0.01915842337941507 0
0.1327431301879034 0.01821436874952827 0
0.1337224333134188 0.02009301284378995 0
0.1328051426855923 0.02109039581081218 0
0.1318558881011437 0.02015580634643729 0
0.1327891607072813 0.02012440959511362 0
0.130939006744189 0.02112973131402623 0
0.1300207069793124 0.02019776256818575 0
0.1309382975402281 0.02017678445731152 0
0.1561738425756476 0.00774440202611957 0
0.1553151817829047 0.008571714702039532 0
0.1545134700201102 0.007681911202355554 0
0.1553721308128532 0.006854598526435592 0
0.1553436562978789 0.007713156614237562 0
0.1561153654083078 0.009473016579291354 0
0.1544416429602042 0.009392949737925416 0
0.155278504184256 0.009432983158608386 0
0.1527868231405481 0.009306095726172553 0
0.1536569096062022 0.008498740047358573 0
0.1536142330503761 0.009349522732048986 0
0.152867098987606 0.007616420360222108 0
0.153723659401514 0.006799591515219088 0
0.1536902845038581 0.00764916578128883 0
0.1716878125684683 0.004517841442025686 0
0.170857397953064 0.005436826533815248 0
0.1707731770078454 0.004517448084644883 0
0.1735289286490948 0.004458214575605876 0
0.1727260075846853 0.005410213790972777 0
0.1726083706087816 0.00448802800881578 0
0.173936261285098 0.006455529363037026 0
0.1730869517302276 0.007453820914352716 0
0.1718766980298149 0.006408505342288468 0
0.1729064796574565 0.006432017352662747 0
0.1710041187664883 0.007329626504883481 0
0.1709307583597762 0.006383226519349364 0
0.04954948931955599 0.02888731714395804 0
0.05042494387765601 0.02803038918206444 0
0.05126419165941964 0.02888791186582054 0
0.05040684048948782 0.02888761450488929 0
0.04958736192485869 0.0271700306505325 0
0.05046325140846927 0.02631147088410329 0
0.05130083336126659 0.02717182941563523 0
0.05044409764306264 0.02717093003308386 0
0.05217400116521499 0.02631744541948034 0
0.05300990188966902 0.02717919928494298 0
0.05213673408572062 0.02803358328109787 0
0.0521553676254678 0.0271755143502891 0
0.05297635758284147 0.02889193818195986 0
0.05212027462113055 0.0288899250238902 0
0.08988969596941124 0.03256445136715297 0
0.08900692207275016 0.03163926000549208 0
0.08987071396947474 0.03069865530888428 0
0.09075348786613582 0.03162384667054516 0
0.08988020496944299 0.03163155333801862 0
0.08814766782721783 0.03258058633714335 0
0.08726005270652576 0.03165862723382588 0
0.08811930695205807 0.03071730090217462 0
0.08813348738963794 0.03164894361965898 0
0.09161304536363854 0.02881285566843908 0
0.09072880357662425 0.02788249589969207 0
0.0916079854043866 0.02693830333885469 0
0.09249222719140091 0.0278686631076017 0
0.09161051538401258 0.02787557950364688 0
0.04612153854047842 0.02889719258968575 0
0.04699747338761293 0.0280374300265012 0
0.04783454326370939 0.02889056925875316 0
0.04697804090209391 0.02889388092421945 0
0.04615889797041556 0.0271839982721723 0
0.04703385048789507 0.02632097927665972 0
0.04787242590509244 0.02717441103098862 0
0.047015661937754 0.02717920465158046 0
0.04874874723811451 0.02631274355806741 0
0.04871104059183661 0.02803169812345371 0
0.04872989391497556 0.02717222084076056 0
0.04869201629163269 0.0288889432013556 0
0.01689172082510496 0.01140503190833207 0
0.0160801961812254 0.01221511246770516 0
0.01690190568214562 0.01222143647457018 0
0.01038323821727817 0.01134914128156879 0
0.0112008817983326 0.01217292436317511 0
0.01040694142311464 0.01297953329887048 0
0.009589297842060217 0.01215575021726416 0
0.01039508982019641 0.01216433729021963 0
0.03857007055173647 0.02301553966053219 0
0.03940368208582581 0.02385055522738267 0
0.03854617305816636 0.02470281849214017 0
0.03771256152407702 0.02386780292528969 0
0.03855812180495142 0.02385917907633618 0
0.01762166625868508 0.007331030121416751 0
0.01682204653762771 0.008142028868691559 0
0.01679617803231488 0.007327017430178273 0
0.01969349762127539 0.03295786516068324 0
0.0205370878891556 0.03386220786329714 0
0.01961578872068188 0.03470000178992434 0
0.01877219845280167 0.03379565908731044 0
0.01965464317097863 0.03382893347530379 0
0.02143861336633662 0.03302187458088625 0
0.0213863293002762 0.03475213803050791 0
0.02141247133330641 0.03388700630569708 0
0.02048176571218744 0.03560449566337689 0
0.02136863179910085 0.03562350916334179 0
0.01869026950314791 0.03555423616106842 0
0.01958601760766767 0.03557936591222265 0
0.08902999888153799 0.0335019987979139 0
0.0881745886941584 0.03443942007381394 0
0.08729225763983824 0.0335180076130434 0
0.08816112826068812 0.03351000320547864 0
0.09076927088117817 0.03348911453197345 0
0.08990957379330494 0.03442666196273439 0
0.08989963488135808 0.03349555666494368 0
0.09078788825406089 0.03535155632556611 0
0.08905124503095752 0.03536126501969085 0
0.0899195666425092 0.03535641067262848 0
0.08731939387112671 0.03537313019350828 0
0.0881853194510421 0.03536719760659957 0
0.1759261641536849 0.02410353007617026 0
0.1750964766041004 0.02334860326027334 0
0.1759026114025147 0.02255133714128221 0
0.1759143877780998 0.02332743360872623 0
0.1742966141548635 0.02415679029093677 0
0.1734562704829675 0.02339903693401206 0
0.1742561329322043 0.02259084990334864 0
0.1742763735435339 0.02337382009714271 0
0.173412207948802 0.02181860027026877 0
0.1750696275850099 0.02178695442909592 0
0.1742409177669059 0.02180277734968235 0
0.1758935914740229 0.02177402875304141 0
0.006234742856206017 0.0328277411658916 0
0.005271602584192445 0.03205902630190189 0
0.006074098037114492 0.03111033078487165 0
0.007037238309128065 0.03187904564886136 0
0.006154420446660255 0.03196903597538162 0
0.004438873760047383 0.03298254017457011 0
0.004345570411448063 0.03127731700727363 0
0.004392222085747723 0.03212992859092187 0
0.004256307686068397 0.02959777675291635 0
0.005156676625420839 0.03036372330897993 0
0.00430093904875823 0.03043754688009499 0
0.005933090583778 0.02943949072037475 0
0.006850511995471653 0.03018609819626646 0
0.006003594310446246 0.0302749107526232 0
0.1397128800503989 0.03259341790687306 0
0.138829707976014 0.03166160549242224 0
0.1397747008457635 0.03075073313236096 0
0.1406578729201484 0.03168254554681178 0
0.1397437904480812 0.03167207551961701 0
0.1378744331803086 0.03257509884879461 0
0.1369940165448887 0.0316361648704484 0
0.1379492913405941 0.03072267151407602 0
0.1379118622604514 0.03164888518143533 0
0.1370784319703074 0.02977793502526829 0
0.1380324991270532 0.02887281112025213 0
0.1389033584973399 0.02981754760905986 0
0.1379908952338237 0.02979774131716408 0
0.139844620402835 0.02891680600210801 0
0.1407159627512586 0.02984999152540911 0
0.1398096606242993 0.02983376956723448 0
0.1236976098633025 0.02120816158938062 0
0.1245632005601288 0.02214384264372341 0
0.1236385700726141 0.0230888999154379 0
0.1227729793757878 0.02215321886109511 0
0.1236680899679583 0.02214853075240926 0
0.1254887690614707 0.02119587435208546 0
0.1263622181474758 0.02213208580830207 0
0.125436649646134 0.02308005409994002 0
0.1254627093538023 0.02213796422601274 0
0.1263071342748386 0.02401906010967503 0
0.1253728426206255 0.02496560287124384 0
0.1245023579919209 0.02402659686150882 0
0.1254047461333798 0.02402282848559193 0
0.1235702549729732 0.02497097339154334 0
0.1227064670536664 0.02403327644547242 0
0.1236044125227936 0.02402993665349062 0
0.01438004489972333 0.008942195205022953 0
0.01275302186287341 0.008930523281078103 0
0.01356653338129837 0.008936359243050529 0
0.0008040444261617623 0.01778013453401311 0
0.001610394771787191 0.01867198338307614 0
0.0008051973858935954 0.01864281519913222 0
0.03621748887767691 0.01062130067587191 0
0.0345279358539026 0.01062944907943007 0
0.03537271236578975 0.01062537487765099 0
0.01282500617380786 0.02353725117125476 0
0.01202952498022106 0.0243259852726701 0
0.0120369279056549 0.02353307764143681 0
0.1387006837085213 0.03536285136316088 0
0.1396568825266561 0.03444148481622723 0
0.1405616290590814 0.03537148417578634 0
0.1396311563838014 0.03536716776947361 0
0.1368375296100586 0.03535234301995192 0
0.1378038605609667 0.03442959986983243 0
0.13776910665929 0.0353575971915564 0
0.1369151072158893 0.03349406437055664 0
0.138763186525386 0.0335106343480704 0
0.1378391468706376 0.03350234935931352 0
0.140606576051669 0.03352426837502989 0
0.1396848812885275 0.03351745136155015 0
0.03549872677924969 0.004899837473119963 0
0.03633498270098971 0.005715546920549585 0
0.03546208171408181 0.006534685367879907 0
0.03462582579234178 0.005718975920450287 0
0.03548040424666575 0.005717261420499936 0
0.0394420643883051 0.02048275155159253 0
0.0385902008246625 0.02133351269842423 0
0.03775510575615185 0.02050906100221541 0
0.03859858507222847 0.02049590627690397 0
0.02159937843255429 0.001631520881920723 0
0.02250697709277605 0.002448522512647525 0
0.02168145673260909 0.003263706817115908 0
0.02164041758258169 0.002447613849518315 0
0.01187109127674325 0.006486399160837621 0
0.01192389303893711 0.008110790129191343 0
0.01189749215784018 0.007298594645014483 0
0.1725162214669595 0.01780508503508026 0
0.1716699129301102 0.01696286969835116 0
0.1725265613852585 0.01617448760895567 0
0.172521391426109 0.01698978632201797 0
0.1708058091951248 0.01777468122788954 0
0.1699452873371905 0.01692021851677695 0
0.170809391072176 0.01610840698723857 0
0.1708076001336504 0.01694154410756405 0
0.1699535537114209 0.0152302608344773 0
0.1708313424230887 0.01442869764767835 0
0.1716871797838438 0.01530684380043962 0
0.1708203667476323 0.01526855231745846 0
0.1725582401810771 0.01453239913565483 0
0.1725424007831678 0.01535344337230525 0
0.03366831321557405 0.01145224102007106 0
0.03364331254145809 0.0130947942340541 0
0.03365581287851607 0.01227351762706258 0
0.002387461328414435 0.01118114594290593 0
0.003188203629658833 0.01202774907108868 0
0.002394410903285918 0.01281173573492419 0
0.00159366860204152 0.01196513260674143 0
0.002390936115850176 0.01199644083891506 0
0.01234433091800679 0.0008109218266278176 0
0.01161284971505543 0.001620507094775398 0
0.01073863931804798 0.0008095852681475803 0
0.01154148511802738 0.0008102535473876989 0
0.0008020779582833121 0.01606696255453281 0
0.001606122384445074 0.01695784130278537 0
0.0008030611922225372 0.01692354854406955 0
0.1620839117250931 0.01057837369476809 0
0.161223381682628 0.009667676751975468 0
0.1620919846870608 0.008812660067672631 0
0.1629525147295258 0.009723357010465256 0
0.1620879482060769 0.009695516881220362 0
0.1603539563492938 0.01051803869104825 0
0.1595076139349537 0.009609119940261316 0
0.1603770392682878 0.00875875800118853 0
0.1603654978087908 0.00963839834611839 0
0.1595320368229413 0.007855901681878852 0
0.1612308024487239 0.007905955278562752 0
0.1603814196358326 0.007880928480220803 0
0.1629452437832694 0.0079544289975002 0
0.1620880231159967 0.007930192138031474 0
0.1759685121105858 0.02719910265088744 0
0.1751558297229303 0.02644995092997117 0
0.1759505406311879 0.02565272481345307 0
0.1759595263708869 0.02642591373217026 0
0.1743780738421605 0.02724475732856256 0
0.1735634087217659 0.02650353067657294 0
0.1743411646025357 0.02570872427798156 0
0.1743596192223481 0.02647674080327206 0
0.1735100961679652 0.02496228869121678 0
0.1751276825894341 0.02490322587770154 0
0.1743188893786996 0.02493275728445916 0
0.1759383523924364 0.02487812744481166 0
0.005615657862141389 0.01620328409841294 0
0.005626661769792721 0.01786561477783107 0
0.004818298178517325 0.01702694003074235 0
0.005621159815967055 0.017034449438122 0
0.02021888919789531 0.01470077835750938 0
0.02104498566470803 0.01552776238147749 0
0.0202171027628063 0.01633912365607563 0
0.0202179959803508 0.0155199510067925 0
0.01842930011339695 0.006518828995860326 0
0.0183979441209424 0.005703476612056274 0
0.02267776475166226 0.008985662350085678 0
0.02099691534801708 0.008978884504080818 0
0.02183734004983967 0.008982273427083246 0
0.08466755798668592 0.03262583394539244 0
0.0855587635202569 0.03353787655378994 0
0.08471887173867559 0.03447442678814509 0
0.08469321486268076 0.03355013036676877 0
0.08640679323072301 0.0326007374503709 0
0.08644422792937215 0.03445514671646242 0
0.08642551058004758 0.03352794208341667 0
0.08560040697472905 0.03538769993306365 0
0.08645990042292788 0.03538041506328597 0
0.08474346807836239 0.03539651315865654 0
0.1758736243382201 0.03347772952103995 0
0.1750754825145543 0.03267417895498709 0
0.1759168069058047 0.03188145227510048 0
0.1758952156220124 0.03267959089807022 0
0.1742213214365418 0.03345071268969906 0
0.1734388804907647 0.03263860048413034 0
0.1742930415687771 0.03186206674941838 0
0.1742571815026595 0.03265638971955872 0
0.1735226465119413 0.03107171509597003 0
0.1743552504262258 0.03030386852004307 0
0.1751256454830617 0.03109422017349142 0
0.1743241459975015 0.03108296763473073 0
0.1759523246702598 0.03030543569167132 0
0.1759345657880323 0.03109344398338591 0
0.1520872751036678 0.006744237171156423 0
0.151301827503753 0.005879698251849078 0
0.1521452989837963 0.005061743748544246 0
0.1529307465837111 0.005926282667851591 0
0.152116287043732 0.005902990459850335 0
0.1504631726108135 0.006691832510024327 0
0.1496827473969118 0.00583737066210901 0
0.1505214022898513 0.005025236403933761 0
0.1504922874503324 0.005858534456979044 0
0.1497370083021604 0.004175069700331617 0
0.151356858582625 0.004203396799705598 0
0.1505469334423927 0.004189233250018607 0
0.1529829022791076 0.00423472216819957 0
0.1521698804308663 0.004219059483952584 0
0.06744723536392594 0.03308917606139195 0
0.06832679270396577 0.03393616777957538 0
0.06750876362925606 0.03481017867074963 0
0.06662920628921623 0.03396318695256619 0
0.067477999496591 0.03394967736607078 0
0.06914267299576818 0.03305450555517932 0
0.0700269716563664 0.03390243365146129 0
0.06921109136456399 0.03478409587585735 0
0.06917688218016609 0.03391930071551834 0
0.07009547623841939 0.03563985486588031 0
0.06839037637171402 0.03566377327348877 0
0.0692429263050667 0.03565181406968454 0
0.06668825916740473 0.0356833113071274 0
0.06753931776955938 0.03567354229030809 0
0.1187727442119895 0.03155537750913026 0
0.1197187170876175 0.03061603063897516 0
0.1205600663230538 0.03155433192176182 0
0.1196664052675216 0.03155485471544604 0
0.118873039040345 0.02967781254586623 0
0.120661124086269 0.02967607812798486 0
0.119767081563307 0.02967694533692555 0
0.12160709993459 0.02873589193953099 0
0.1224565338363806 0.02967477059346862 0
0.1215105579880596 0.0306149567819225 0
0.1215588289613248 0.02967542436072675 0
0.1223555773493256 0.03155381466490367 0
0.1214578218361897 0.03155407329333275 0
0.1368565059971772 0.02094662175843829 0
0.1356472110501562 0.01999232054667937 0
0.1365109998489148 0.01885265218758916 0
0.1377202947959358 0.01980695339934808 0
0.136683752923046 0.01989963697301372 0
0.1347362140587894 0.02103459495316938 0
0.1346334303047856 0.01905073843729994 0
0.1346848221817875 0.02004266669523466 0
0.1345122244877399 0.01715885888037081 0
0.1354905337276805 0.01803694971147631 0
0.1345728273962628 0.01810479865883537 0
0.1362930888387288 0.01698636516353474 0
0.1373135549599631 0.01780206763964758 0
0.1364020443438218 0.01791950867556195 0
0.1562550488748688 0.004299423938594744 0
0.1554169627426462 0.005140062247505865 0
0.1546167254525609 0.004267220023409661 0
0.1554358871637148 0.004283321981002202 0
0.1562189078976486 0.006020640337577864 0
0.1545701856578508 0.005974020436363593 0
0.1553945467777497 0.005997330386970728 0
0.1537772728400478 0.005100711588996096 0
0.1537504661207809 0.005950151552107592 0
0.1537998138658342 0.004250971095804615 0
0.003936929774619118 0.006415500143558791 0
0.004733580947945716 0.00722623086837677 0
0.003952704002118418 0.008012564033023965 0
0.003156052828791819 0.007201833308205988 0
0.003944816888368768 0.007214032088291379 0
0.009662462335450317 0.02194571653327764 0
0.01045751580581384 0.0219399196778589 0
0.01922674366695933 0.02535111980769316 0
0.01837319643902353 0.02614121015624286 0
0.01758388366668485 0.02529109032815164 0
0.01840531366682209 0.0253211050679224 0
0.004043007361259884 0.02124665237099176 0
0.00486033726246072 0.02206518678073296 0
0.004062037848636992 0.02294503446608958 0
0.004052522604948439 0.02209584341854067 0
0.05857982709855994 0.009984287898986271 0
0.05991956756815968 0.01071350695066333 0
0.0590091409071782 0.01120754109010817 0
0.05924969733372585 0.01034889742519083 0
0.05989707948622039 0.012268975285982 0
0.05917772876406671 0.01308386235129304 0
0.05909343483562245 0.0121457017207006 0
0.06071849035291654 0.01149048246181511 0
0.06077551595635897 0.01314078058222634 0
0.06074700315463775 0.01231563152202073 0
0.1691328325249247 0.01086415247327841 0
0.1682378369429817 0.009918758174288004 0
0.1691461992211062 0.00907570051170292 0
0.1700411948030492 0.01002109481069332 0
0.1691395158730155 0.009969926492490663 0
0.1673500666121463 0.01077148172684418 0
0.1664572602565439 0.009842531304428859 0
0.1673450305873794 0.008989807751872679 0
0.1673475485997629 0.009880644739358431 0
0.166434858246223 0.00805806753372211 0
0.1682205170630878 0.00812204110777737 0
0.1673276876546554 0.008090054320749742 0
0.1700467521420051 0.008204842683856222 0
0.1691336346025464 0.008163441895816796 0
0.07180875234169806 0.03561176443510219 0
0.07263275419087081 0.03471657432556137 0
0.07267030628858974 0.0355960255166566 0
0.07091810834910972 0.03475270272709716 0
0.07095211429005872 0.03562580965049125 0
0.07084229776044229 0.03301186644329206 0
0.07173343445318561 0.03386213551892792 0
0.07088020305477601 0.03388228458519461 0
0.07254903899214378 0.03296185703897275 0
0.07259089659150729 0.03383921568226706 0
0.1751604772062912 0.02953589768360813 0
0.1759711585985348 0.02874751098451291 0
0.1759617416343973 0.02952647333809212 0
0.1735834138388506 0.02953876754149684 0
0.174388640618916 0.02877079670506189 0
0.1743719455225709 0.02953733261255248 0
0.1735964626071287 0.02802406854249574 0
0.1751702518539478 0.02799148549112871 0
0.1743833572305383 0.02800777701681222 0
0.1759698353545603 0.02797330681770017 0
0.1275751013557876 0.03531409155711043 0
0.1285538445515946 0.03437885820261048 0
0.1284945180848262 0.03531615318304515 0
0.1257465745704547 0.03531142849330705 0
0.1267222726755659 0.03437483694645445 0
0.1266608379631211 0.03531276002520874 0
0.1258655957008096 0.03343443146020268 0
0.1268342256752805 0.03249741692664677 0
0.1276909026500367 0.03343782241289854 0
0.1267782491754232 0.03343612693655061 0
0.1286623390832763 0.03250232015453408 0
0.1286080918174355 0.03344058917857228 0
0.009637105401850782 0.01705950794097948 0
0.008833536679485363 0.01705552235829474 0
0.01928551538291357 0.007338225715200548 0
0.01845359082079932 0.007334627918308649 0
0.02178456199849022 0.02294031697910692 0
0.02259438053402432 0.02378651057300345 0
0.0209329456359757 0.0237490085138656 0
0.02176366308500001 0.02376775954343453 0
0.03698093668148426 0.01471281463330941 0
0.03780902317633636 0.01552671704365162 0
0.03695948735149632 0.01636157370273845 0
0.03613140085664422 0.01554767129239624 0
0.0369702120164903 0.01553719416802393 0
0.04005177955554892 0.03318342227904075 0
0.04086768666998696 0.03403398137972791 0
0.039995618113372 0.03488671276285229 0
0.03917971099893396 0.03403615366216514 0
0.04002369883446046 0.03403506752094652 0
0.04174511539126817 0.03318029454974319 0
0.0416871935089977 0.03488483714684941 0
0.04171615445013294 0.03403256584829631 0
0.04080505239421717 0.0357381245476853 0
0.04165327652874282 0.03573727459396232 0
0.03911982374153238 0.03573930567510518 0
0.03996243806787478 0.03573871511139524 0
0.1056504094532082 0.02875790072846552 0
0.1064914567813722 0.02969367544990503 0
0.1055779866402965 0.03063247828909629 0
0.1047369393121326 0.02969670356765678 0
0.1056141980467524 0.02969518950878091 0
0.1074097516095945 0.02875488586240471 0
0.1082492452177504 0.0296909795981843 0
0.107330950389528 0.03062976918568462 0
0.1073703509995613 0.02969232752404466 0
0.1081656042640713 0.03156588004783339 0
0.107248167426001 0.0325043338663973 0
0.1064135135514577 0.03156822300424854 0
0.1072895589077645 0.03156705152604097 0
0.1055017403901956 0.03250662864236268 0
0.1046662134790344 0.03157088392721043 0
0.1055398635152461 0.03156955346572949 0
0.1063306333394963 0.03344241993572972 0
0.1054195715908147 0.03438038371532103 0
0.104590678641514 0.03344459242195399 0
0.1054606559905052 0.03344350617884186 0
0.1071597366505485 0.0343786037737223 0
0.1072039520382748 0.0334414688200598 0
0.1062405594512961 0.03531631160449041 0
0.1071117196218534 0.03531561671525339 0
0.1045073200247003 0.03531787100275124 0
0.1053739397379982 0.03531709130362082 0
0.0916444278208346 0.03441634341399802 0
0.09251975443204594 0.03534370824258706 0
0.09165382134305342 0.03534763228407659 0
0.09163090892007536 0.03255153365766181 0
0.09250606585973178 0.03347876253968637 0
0.09163766837045498 0.03348393853582991 0
0.09336929264469053 0.03254117961787058 0
0.09337472646703576 0.03440803106570645 0
0.09337200955586315 0.03347460534178851 0
0.09338135859240472 0.03534055313776912 0
0.1246137730745168 0.02026341692479713 0
0.1255291797880947 0.01931552934106213 0
0.1264041757750485 0.02024798676835046 0
0.1255089744247827 0.0202557018465738 0
0.1228315481987082 0.02027499642696268 0
0.1237477114099226 0.01933025176237919 0
0.1237226606366125 0.02026920667587991 0
0.1228828534016408 0.01839964370968439 0
0.1237897447298405 0.01745641515414887 0
0.1246546027381222 0.01838702320684368 0
0.1237687280698816 0.01839333345826404 0
0.1255590179537506 0.01744115405607981 0
0.1264335950037231 0.01836966019029827 0
0.1255440988709227 0.01837834169857097 0
0.124686624969435 0.01651578367458972 0
0.1255796959015561 0.01557365899657796 0
0.1264520888858717 0.01649902937806805 0
0.1255693569276534 0.01650740652632889 0
0.123824758024224 0.01558719963980336 0
0.1238072513770323 0.01652180739697612 0
0.1247103751619753 0.01464979872924264 0
0.1238390897275863 0.01465471237100755 0
0.1264604795862201 0.01463623956811865 0
0.1255854273740977 0.01464301914868064 0
0.1340946042002026 0.03440395992257939 0
0.1349767892642249 0.0353416832174208 0
0.1340476792542043 0.03533689245720989 0
0.1341855279026935 0.0325365887353979 0
0.13506503064697 0.03347749974031203 0
0.1341400660514481 0.03347027432898864 0
0.1360311855431774 0.03255509621382405 0
0.1359489523196819 0.03441646789704463 0
0.1359900689314297 0.03348578205543434 0
0.1359071594371417 0.03534701311868636 0
0.03615555740875405 0.01390089422919456 0
0.03530214102047427 0.0147297393430798 0
0.03447387535865051 0.01391377533921498 0
0.03531471638370228 0.01390733478420477 0
0.0008144174039818877 0.02318182004170837 0
0.001635070612417481 0.02394568140107793 0
0.000820653208435593 0.02487234409078926 0
0.0008175353062087403 0.02402708206657182 0
0.02066744364698512 0.0008154384437918644 0
0.01892599120847823 0.0008149838230628297 0
0.01979671742773167 0.000815211133427347 0
0.004001776225194652 0.01451405586920708 0
0.004807874683633133 0.01536378296137803 0
0.004010845792072913 0.01617556794327353 0
0.003204747333634433 0.01532584085110258 0
0.004006311008633783 0.0153448119062403 0
0.03428461032559994 0.02725399628769795 0
0.03342852490632706 0.02809645477942835 0
0.03260100571369409 0.02725183095543129 0
0.03344280801964701 0.02725291362156462 0
0.03596965164047036 0.02725191052822058 0
0.035112398529871 0.02809746091076645 0
0.03512713098303515 0.02725295340795927 0
0.03593842828809132 0.02894373598665781 0
0.03425506158514086 0.02894393018269752 0
0.03509674493661608 0.02894383308467766 0
0.03257275746512596 0.02894030992545012 0
0.03341390952513341 0.02894212005407382 0
0.07066813729763885 0.02955831025897358 0
0.07155613431716057 0.03038499837855044 0
0.07075923566910677 0.03127908601353772 0
0.06987123864958505 0.03045239789396086 0
0.07071368648337281 0.03041869813625565 0
0.07235175956761586 0.02947511080810827 0
0.07325183869508262 0.03030361797949541 0
0.07245621344462734 0.03121350554993759 0
0.07240398650612159 0.03034430817902293 0
0.07335581306700745 0.03205658841979067 0
0.07164943936976367 0.03211877416911967 0
0.07250262621838556 0.03208768129445518 0
0.06995209405978539 0.03217217828771011 0
0.07080076671477453 0.03214547622841489 0
0.1587025638211014 0.006956612012046836 0
0.1578758575502466 0.00606492548519222 0
0.158715926006591 0.005214967010411692 0
0.1587092449138462 0.006085789511229264 0
0.1570317968018598 0.006907200527670697 0
0.1570629686460354 0.005178365295099387 0
0.1570473827239476 0.006042782911385042 0
0.1578945840645781 0.004330424373585402 0
0.1570748164697234 0.004314924156090073 0
0.158717213900496 0.00434522464539542 0
0.05384415592639803 0.02804030721080924 0
0.05468403442332729 0.02889816987726427 0
0.05383019600308438 0.02889505402961206 0
0.05387808555244261 0.02632909756109332 0
0.05471233958917162 0.02719020548695957 0
0.05386112073942032 0.02718470238595128 0
0.05557372585674956 0.02634371267180216 0
0.05554555556356422 0.02804881957293731 0
0.0555596407101569 0.02719626612236974 0
0.05553495967043318 0.02890153328117265 0
0.04619274218692199 0.02546726928182803 0
0.04706785015187838 0.02459921109409866 0
0.04790895845285145 0.02545292108893035 0
0.04705085031988672 0.02546009518537919 0
0.04622232294213943 0.02374563518678187 0
0.04709858079973182 0.02286962601550836 0
0.04794410800947077 0.02372320192282516 0
0.0470832154758051 0.02373441855480351 0
0.04882625624057427 0.02284941375407512 0
0.04966913394891519 0.02371294462473385 0
0.04878698571781169 0.02458673279348389 0
0.04880662097919297 0.0237180732737795 0
0.04962677450307475 0.02544655526262094 0
0.04876786647796309 0.02544973817577564 0
0.03640309594513526 0.0024482168019405 0
0.03553301047473892 0.00326575161790945 0
0.03554789824252543 0.002449149312804379 0
0.01124353353527408 0.02509454975279696 0
0.01047523944636045 0.02589006089992053 0
0.009696039431804651 0.02512943926901071 0
0.01046978648353936 0.02511199451090383 0
0.03362033288393963 0.01474106714675901 0
0.0327897700667472 0.01392208604159813 0
0.03363182271269886 0.01391793069040656 0
0.008713365126713751 0.008081780226829916 0
0.007931466163232578 0.00888354848871126 0
0.008730576856425268 0.008892742528371172 0
0.08260582819735776 0.01751062902428587 0
0.08172254952541883 0.01655215991601764 0
0.08264115996495391 0.01561546773287894 0
0.08352443863689285 0.01657393684114717 0
0.08262349408115584 0.0165630483785824 0
0.08078889970432128 0.01747936579005987 0
0.07991383668997798 0.0165115111615024 0
0.08084748651107551 0.01558430528746017 0
0.08081819310769839 0.01653183553876002 0
0.07998452463637168 0.01463089831381718 0
0.08176960330447805 0.01466520819842755 0
0.08087706397042486 0.01464805325612237 0
0.08355112443591409 0.01468554837978021 0
0.08266036387019607 0.01467537828910388 0
0.005456684742026756 0.003220899106484199 0
0.006246393552738379 0.004027462513531497 0
0.005483917989605465 0.00482751144737553 0
0.004694209178893842 0.004020948040328233 0
0.00547030136581611 0.004024205276929865 0
0.02690143946141747 0.01309915144173117 0
0.02773681487912305 0.01392437136234218 0
0.02689661179807804 0.01392161125666864 0
0.02008420036187918 0.02455104802911905 0
0.02002653972867278 0.02620374476652742 0
0.02005537004527598 0.02537739639782323 0
0.03023576586631972 0.01640026899464007 0
0.02940384987917964 0.01557515469791429 0
0.03024480194136196 0.01557514490037673 0
0.1219728377248618 0.01934117142042868 0
0.121116023313605 0.01840902742602066 0
0.1219994383576229 0.01840433556785252 0
0.1219139544677116 0.0212176832349043 0
0.1210552439938652 0.0202838582283703 0
0.1219433960962867 0.02027942732766649 0
0.1137203581393465 0.02593171924349758 0
0.1154947533634608 0.02592866857170242 0
0.1145646645992157 0.02686836292004002 0
0.1146075557514036 0.0259301939076 0
0.1084856935884135 0.02406491777296432 0
0.1094120303557689 0.02312560549509676 0
0.1102588341979791 0.02406190053489158 0
0.1093324974306238 0.02500121281275914 0
0.1093722638931963 0.02406340915392795 0
0.07781504265299966 0.03459584445009069 0
0.07872754603856669 0.03548078194794457 0
0.07786381567560825 0.03549677008384835 0
0.07771928230627628 0.03279166331394051 0
0.07863280409468926 0.03367028341543499 0
0.07776716247963797 0.0336937538820156 0
0.07945405519059182 0.03273984522019943 0
0.0795433017097639 0.03455877916924454 0
0.07949867845017786 0.03364931219472198 0
0.07958861168953305 0.03546632499226937 0
0.0360246391449733 0.02387998900729739 0
0.03433910924664014 0.02388705272012748 0
0.03518187419580672 0.02388352086371243 0
0.01575983722935147 0.002439193333854473 0
0.0141109470826417 0.002436180276288362 0
0.01493539215599659 0.002437686805071417 0
0.008092224646502319 0.0235960990866036 0
0.007309578231400903 0.02444162744588107 0
0.007294233297474688 0.02362808993046289 0
0.01519421124624511 0.02439415644290761 0
0.01596080508749718 0.02522607008295556 0
0.01512948683310668 0.02599408929745633 0
0.01436289299185461 0.02516217565740839 0
0.01516184903967589 0.02519412287018197 0
0.1588428256399094 0.03350923026819062 0
0.1578729782668201 0.03443764536768922 0
0.157000637477062 0.03349840968469142 0
0.1579704848501512 0.03256999458519282 0
0.1579217315584857 0.03350381997644102 0
0.1587273924241316 0.03537221492826007 0
0.1569109183548325 0.03536212486547717 0
0.1578191553894821 0.03536716989686861 0
0.1551012793960951 0.03535802548941219 0
0.1560471778066486 0.03442992153184149 0
0.1560060988754638 0.03536007517744467 0
0.1551696850716652 0.03349494567426749 0
0.1561231447420786 0.03256343382711741 0
0.1560851612743636 0.03349667767947945 0
0.05841681496868392 0.01552815358159925 0
0.05921319294537548 0.01473583975237457 0
0.0599821416170626 0.01557290290361451 0
0.05918576364037105 0.01636521673283919 0
0.05919947829287327 0.01555052824260688 0
0.05745224856782218 0.01960377836671356 0
0.05668607744673571 0.01873936215284604 0
0.05753396022994114 0.01794180452419596 0
0.05830013135102761 0.01880622073806348 0
0.05749310439888166 0.01877279144545476 0
0.05678978775159971 0.0170904529807854 0
0.05762135303013524 0.01630743472822359 0
0.05836552550847668 0.01715878627163414 0
0.05757765663003819 0.01712461962620977 0
0.06473304455409354 0.02553282299742907 0
0.06553299366761822 0.02469308189401039 0
0.06636500848063071 0.02551111725178529 0
0.06556505936710602 0.02635085835520397 0
0.06554902651736212 0.02552197012460718 0
0.02187789826126518 0.01471439738917679 0
0.02270621667470478 0.01554207900856975 0
0.0218756011697064 0.01553492069502362 0
0.0104463720487008 0.01788101903591822 0
0.01044197690898221 0.01706400374502556 0
0.03690280429922523 0.02135429228246493 0
0.03773529582656138 0.02218546361231348 0
0.03688092652049604 0.02303226250389537 0
0.03689186540986063 0.02219327739318015 0
0.0268621612427975 0.01804271065181927 0
0.02684189163127282 0.01969724747011922 0
0.02685202643703516 0.01886997906096925 0
0.05986742426078238 0.02051355126732564 0
0.06069745036992255 0.01970198703651511 0
0.06149149799561167 0.02054767764300417 0
0.06066147188647149 0.0213592418738147 0
0.06067946112819702 0.0205306144551649 0
0.07275988681159695 0.01768656149064946 0
0.07188898685686923 0.01843624641119182 0
0.07115941450690057 0.01755282932723006 0
0.07195965065924875 0.01761969540893976 0
0.07256734832027098 0.01927959821547801 0
0.07172108099248106 0.01998819581336431 0
0.07104271952907931 0.01914484400907812 0
0.07180503392467515 0.01921222111227806 0
0.06144843048624418 0.02386922341298511 0
0.06227092074585834 0.02304138598300513 0
0.06308694234620471 0.02387765417451585 0
0.06226445208659055 0.02470549160449584 0
0.06226768641622445 0.02387343879375049 0
0.08621478092355284 0.01753169723680197 0
0.08532091830868134 0.01658458915340588 0
0.08622096824047083 0.01564166989140143 0
0.08711483085534233 0.01658877797479752 0
0.08621787458201184 0.0165866835641017 0
0.08441355667223387 0.01752566639877009 0
0.08443180027334032 0.01563285959578296 0
0.08442267847278709 0.01657926299727653 0
0.08533224063688308 0.01469676243610734 0
0.08444168253639858 0.01469115540794377 0
0.08711446536688994 0.0147022237163127 0
0.08622335300188652 0.01469949307621002 0
0.002458950990595698 0.02473616405514659 0
0.00329306509357917 0.02550931467426427 0
0.001650019069826543 0.02563707258141532 0
0.002471542081702856 0.0255731936278398 0
0.02348936599399837 0.006534377530274721 0
0.02435114674572839 0.007354435048758555 0
0.0235138359539244 0.008170040692539418 0
0.02350160097396139 0.00735220911140707 0
0.02014564081075786 0.008157933740117411 0
0.02012411568386716 0.007341388489449083 0
0.01653679332289006 0.001626790651830669 0
0.01740383310205184 0.002442133320973516 0
0.01658183516570165 0.002440663327413994 0
0.1725527362363966 0.02104025002536377 0
0.1716955202662667 0.0202411284343989 0
0.1725251432139179 0.01942701966690351 0
0.1725389397251573 0.02023363484613364 0
0.1708597245535309 0.02107834215952983 0
0.1699860430746279 0.02026841166471511 0
0.1708218387873636 0.01943119793958417 0
0.1708407816704473 0.020254770049557 0
0.1699549872177163 0.01859885927446304 0
0.1716726607647722 0.01860701989301067 0
0.1708138239912443 0.01860293958373686 0
0.1725206823404387 0.01861605235099189 0
0.1552315415218228 0.03162608800177615 0
0.1561889011495713 0.0306897507239593 0
0.157080504369827 0.03162709654930058 0
0.1561560229458249 0.03162659227553836 0
0.1552838309926832 0.02975068808841711 0
0.1571469965889896 0.02974815968154191 0
0.1562154137908364 0.02974942388497951 0
0.1590254741838446 0.02975105984238442 0
0.1580537356552902 0.03069250002222185 0
0.1580862353864171 0.02974960976196316 0
0.1589437161356144 0.03163539805811409 0
0.1580121102527207 0.03163124730370732 0
0.1314659264201339 0.03157609655602173 0
0.1324342524910416 0.03064589588310815 0
0.1333085909435809 0.0315912175465564 0
0.1323872586818574 0.03158365705128906 0
0.1296278080933441 0.03156580248383732 0
0.1305954201027201 0.03063180143928505 0
0.130546867256739 0.03157094951992953 0
0.1297226676831492 0.02968429028422131 0
0.1306864932658873 0.02874823825473926 0
0.1315592456854582 0.02969574940980299 0
0.1306409566843037 0.02969001984701215 0
0.1325254916406314 0.02876420714073949 0
0.1334004984462148 0.02971435361404464 0
0.1324798720658365 0.02970505151192381 0
0.0871255711507912 0.02226668531025523 0
0.08801826027269133 0.02131487579244099 0
0.08892097316204539 0.02225364963618172 0
0.08802828404014526 0.02320545915399596 0
0.08802327215641829 0.02226016747321847 0
0.08981469168820339 0.02130509237796115 0
0.09071253163050222 0.02224260073936159 0
0.08981881310434423 0.02319115799758216 0
0.08981675239627381 0.02224812518777166 0
0.0898384696637993 0.0269538428891549 0
0.0889448586748805 0.0260224238111921 0
0.08982674788150381 0.02507448620223719 0
0.09072035887042261 0.02600590528019999 0
0.08983260877265155 0.02601416454569604 0
0.105232667140744 0.01656674414157406 0
0.1061766969185501 0.01562767123265215 0
0.1070322684835638 0.01656470816809524 0
0.1061324678121539 0.01656572615483465 0
0.117272078496283 0.02592541606996752 0
0.11634058453205 0.02686547020896611 0
0.1163834159298719 0.02592704232083497 0
0.1190532641491579 0.02592190388551682 0
0.1181203561771337 0.02686245337798546 0
0.1181626713227205 0.02592365997774217 0
0.1273195554447194 0.01929519527704847 0
0.1282053671914781 0.02022699887979914 0
0.1272899875218072 0.02117979037110113 0
0.1273047714832633 0.0202374928240748 0
0.1273358920750663 0.01741962537396717 0
0.1282218525160626 0.01834516046071738 0
0.1273277237598928 0.01835741032550782 0
0.1291211510908669 0.01738841567852912 0
0.1291213057345038 0.01926631281320991 0
0.1291212284126853 0.01832736424586951 0
0.1291047684362867 0.02115844863477497 0
0.1291130370853952 0.02021238072399244 0
0.1151156473794964 0.03343456813113598 0
0.1141806233487902 0.0343731850697316 0
0.1133489540804868 0.0334358447534655 0
0.1142839781111931 0.03249722781486988 0
0.1142323007299916 0.03343520644230074 0
0.1150082304124912 0.03531062484034021 0
0.1132447299767435 0.03531150881225913 0
0.1141264801946174 0.03531106682629968 0
0.1124177932907747 0.03437432374178038 0
0.1123651191522336 0.03531200733782356 0
0.1125180225758861 0.03249877255776203 0
0.1124679079333304 0.0334365481497712 0
0.1239283958445185 0.03530985186257187 0
0.1249005541442112 0.0343723789135984 0
0.1248374852074866 0.03531064017793947 0
0.1230893833687304 0.03437106795121263 0
0.1230252014332789 0.03530944821487032 0
0.1232052321137728 0.03249339959922321 0
0.1240499656246766 0.03343260027291215 0
0.1231473077412516 0.03343223377521792 0
0.1250150071812751 0.03249465281951644 0
0.1249577806627431 0.03343351586655742 0
0.1360365565791781 0.01345292133787614 0
0.1351591368232587 0.01263527718852036 0
0.1359666825636233 0.01172945052223356 0
0.1368441023195427 0.01254709467158934 0
0.1360016195714007 0.01259118593005485 0
0.1343305020876647 0.01354593539371842 0
0.1342769581393873 0.01178904250374807 0
0.134303730113526 0.01266748894873325 0
0.1342450059541282 0.01005652132192813 0
0.13510833957834 0.01090470535141171 0
0.1342609820467578 0.0109227819128381 0
0.135924045170824 0.01002361317130445 0
0.1367823881561073 0.0108483583421263 0
0.1359453638672236 0.01087653184676901 0
0.09071257911994385 0.01847251791211197 0
0.08981335177785849 0.01941791637879234 0
0.08891303621026762 0.01847656062019628 0
0.08981226355235299 0.01753116215351591 0
0.08981280766510573 0.01847453926615412 0
0.09071236910719635 0.02035780372608532 0
0.08891567435886552 0.02036520503066817 0
0.08981402173303094 0.02036150437837675 0
0.08711662972344233 0.02037281986924756 0
0.0880140438096165 0.01942314910747474 0
0.08801615204115391 0.02036901244995786 0
0.08711414478625584 0.01847935388251869 0
0.08801313718690695 0.01753276539524022 0
0.08801359049826171 0.01847795725135748 0
0.09423958386776361 0.03160168527797204 0
0.09511353744120407 0.03066256909655098 0
0.09597781211438816 0.03159374076127676 0
0.09510869799107589 0.0315977130196244 0
0.08636724120332839 0.03074089333308212 0
0.08546826960197579 0.02982127537501398 0
0.08632781452310158 0.02887409341262016 0
0.08722678612445417 0.0297937113706883 0
0.08634752786321498 0.02980749337285114 0
0.09685651461533613 0.03065490017508198 0
0.09771374191563598 0.03158728920393706 0
0.09684577701501207 0.03159051498260691 0
0.013241031085618 0.001622826945451511 0
0.01247164959655256 0.002433000667032337 0
0.01329129833959713 0.002434590471660349 0
0.008797354055428405 0.01296087216594572 0
0.008786384400742295 0.0121453998393763 0
0.01818297482219666 0.001628887226777806 0
0.0173008625662021 0.0008139034037149758 0
0.01811342688734017 0.0008144436133889028 0
0.01935576662153495 0.01060492149482646 0
0.017699911141635 0.01059460609177069 0
0.01852783888158498 0.01059976379329858 0
0.1393416668837215 0.01321543844089538 0
0.1384954486336747 0.01244442811421422 0
0.1392646428195752 0.01157093606273565 0
0.140110861069622 0.01234194638941681 0
0.1393031548516483 0.01239318725181551 0
0.1377090725867929 0.01333817841645917 0
0.1376304783664246 0.01165334436934438 0
0.1376697754766087 0.01249576139290178 0
0.1375830306333982 0.0099758264884032 0
0.1384311208437154 0.01078081251562128 0
0.1376067544999114 0.01081458542887379 0
0.1392193823769594 0.009922319074701659 0
0.1400529043528191 0.01071244262181603 0
0.1392420125982673 0.01074662756871865 0
0.1547324986990369 0.01739160601852956 0
0.1539105999058785 0.01640747803771316 0
0.1548901032297621 0.01556166917214839 0
0.1557120020229205 0.01654579715296479 0
0.1548113009643995 0.01647663759533897 0
0.1528968513847652 0.01721991290114691 0
0.1521162665061636 0.0162056411373944 0
0.1531300150272767 0.01539320627396066 0
0.153013433206021 0.01630655958755378 0
0.1523613142749164 0.01442408282264141 0
0.1540854405008494 0.01460294366061632 0
0.1532233773878829 0.01451351324162887 0
0.1558357519196094 0.01473756006900641 0
0.1549605962102294 0.01467025186481137 0
0.1553902035681579 0.02408306620545245 0
0.156347089686039 0.02313998782795956 0
0.1572714050373513 0.02408965555306695 0
0.1563308043027546 0.0240863608792597 0
0.1554298702486352 0.02218064464582006 0
0.1563916062266882 0.02124758672691406 0
0.1573088256640919 0.02220692990905357 0
0.1563693479563636 0.02219378727743681 0
0.158259268341457 0.02128045259801844 0
0.1591747273176354 0.02222465685735707 0
0.1582242846402703 0.0231511341683922 0
0.1582417764908636 0.02221579338320532 0
0.1591488089671087 0.02409268810528142 0
0.15821010700223 0.02409117182917419 0
0.0427075591907546 0.02891599837446378 0
0.04357927074863788 0.02805768387870204 0
0.0444121817846795 0.02890610347600658 0
0.04355987048771705 0.02891105092523518 0
0.04274362124235816 0.02721108297005815 0
0.0436132513829748 0.02635030150095252 0
0.04444890088925452 0.02719690240959641 0
0.04359626106580634 0.02720399268982728 0
0.04532141709157735 0.02633431696351856 0
0.04528638176809273 0.02804658371825016 0
0.04530389942983504 0.02719045034088436 0
0.04526686016257896 0.02890164803284617 0
0.1116831062904849 0.03156181261313006 0
0.1126133621146439 0.03062303912321748 0
0.1134482784000451 0.03155999906784944 0
0.112565692345265 0.03156090584048975 0
0.111774837764009 0.02968619725458646 0
0.1127043561645507 0.02874714300050427 0
0.1135428805151855 0.02968398486913529 0
0.1126588591395973 0.02968509106186087 0
0.1144755293452523 0.02874475279060961 0
0.1153148262966261 0.02968184218215071 0
0.1143821774665594 0.03062107426067638 0
0.1144288534059059 0.029682913525643 0
0.1152178771777074 0.03155830300769682 0
0.1143330777888763 0.03155915103777313 0
0.1726631053857579 0.02422573143306907 0
0.1718058317569017 0.02346859209784422 0
0.1725989968541112 0.02264189759878721 0
0.1726310511199346 0.02343381451592814 0
0.1710158205274939 0.02432494941785868 0
0.1701329072777969 0.02356902896547949 0
0.1709229185072046 0.02271267164546502 0
0.1709693695173493 0.02351881053166185 0
0.1700431179190297 0.02192746645111264 0
0.1717395251417058 0.02186354735388221 0
0.1708913215303678 0.02189550690249743 0
0.1725758665452539 0.02184107381207549 0
0.1167758103697534 0.03530986223336474 0
0.1177210101008646 0.03437135947408204 0
0.1176623491298993 0.03530957494693475 0
0.1159481343603384 0.03437218352301097 0
0.1158920203911223 0.03531024353685248 0
0.1160547749204517 0.03249582688964835 0
0.1168872619012936 0.03343344228152334 0
0.116001454640395 0.03343400520632966 0
0.1178311050615905 0.03249461257233849 0
0.1177760575812275 0.03343298602321026 0
0.138403046528975 0.00414246803653926 0
0.1375658679443929 0.00497695273667741 0
0.1375794400122815 0.004147134179184747 0
0.1400363975026843 0.004132902991275015 0
0.1392072524788361 0.004964888029834436 0
0.1392197220158297 0.004137685513907138 0
0.1400180173329318 0.005783397818818807 0
0.1391951233023987 0.006618502564427071 0
0.138384358448303 0.005799992775442702 0
0.1392011878906174 0.005791695297130754 0
0.13755441273854 0.006638834863628023 0
0.1375601403414664 0.005807893800152716 0
0.06155078979562909 0.035718241202842 0
0.06239012031574956 0.03485824151455048 0
0.06327253841935596 0.03571007987222824 0
0.06241166410749253 0.03571416053753512 0
0.06067183655754893 0.03486599774697402 0
0.06068676177316976 0.03572088556933212 0
0.06064722093175692 0.03315909459031798 0
0.0615172231781848 0.03400933335343327 0
0.06065952874465293 0.034012546168646 0
0.06235408105808123 0.03315008715585262 0
0.06322697819564599 0.03399899531696983 0
0.06237210068691539 0.03400416433520155 0
0.01273867667609183 0.0266532989942737 0
0.01196954304056939 0.02738256924039225 0
0.01123750541832081 0.02660956568319858 0
0.01200663905384325 0.02588029543708002 0
0.01198809104720632 0.02663143233873613 0
0.01263873315035889 0.02815031383582021 0
0.01190125708319899 0.02879387480880773 0
0.0112320669734095 0.02802613021337976 0
0.01193540006188419 0.02808822202459999 0
0.010558664269895 0.02880321123295346 0
0.009826631699294541 0.02816980441753564 0
0.01050003440280903 0.02739272339796195 0
0.01052934933635202 0.0280979673154577 0
0.00973776843084867 0.0266732186146839 0
0.01048763692458474 0.02664139214894124 0
0.01987381537611767 0.02954234092636033 0
0.02068192532076685 0.03042917137396582 0
0.01978340238956985 0.03123849429915391 0
0.01897529244492067 0.03035166385154842 0
0.01982860888284376 0.03039041761275712 0
0.02156920764894112 0.02960974717100681 0
0.02150202709537883 0.03130749329862791 0
0.02153561737215997 0.03045862023481736 0
0.02060614199094591 0.03213628081058583 0
0.02147032023085773 0.03216468393975708 0
0.01887075801989933 0.03206007864925132 0
0.01973845000542262 0.03209817972991857 0
0.05978170118719746 0.02553361166396219 0
0.06061556155589523 0.02469761195486394 0
0.06144086983309281 0.02554172090770972 0
0.06060700946439505 0.02637772061680797 0
0.06061128551014514 0.02553766628583595 0
0.07209070674687253 0.02605887014923786 0
0.07298861167393106 0.02684108877113854 0
0.07223164082088415 0.02775300091380933 0
0.07133373589382563 0.02697078229190865 0
0.07216117378387835 0.0269059355315236 0
0.07313178023772426 0.02856199908247242 0
0.07145162015077575 0.02866611263944518 0
0.07229170019425001 0.0286140558609588 0
0.06309142781599406 0.02554210942055953 0
0.06226784556249632 0.02637833872377341 0
0.06226614882454344 0.02554191516413462 0
0.07416429844328383 0.03113886444752944 0
0.07507305926194985 0.03198856175693975 0
0.07421443616447865 0.03202257508836522 0
0.07405023871557281 0.02937665112567462 0
0.07496269846377401 0.03021189759370864 0
0.07410726857942831 0.03025775778660203 0
0.07576830226341502 0.02926986382039778 0
0.07669088241205357 0.03011785326023246 0
0.07588527861241257 0.03105988703354332 0
0.07582679043791379 0.03016487542697055 0
0.0768008766146857 0.03191959113677648 0
0.07593696793831778 0.03195407644685812 0
0.1036877785769191 0.03438248029402272 0
0.1028580965324991 0.03344717511711492 0
0.1037609965970941 0.0325092872450462 0
0.1037243875870066 0.03344588376953446 0
0.1027864782813505 0.0353198491869548 0
0.1036468991530254 0.03531886009485302 0
0.1010744921895282 0.03532215436627201 0
0.1019640599357776 0.03438498568654075 0
0.1019304852354393 0.0353210017766134 0
0.1011314663496572 0.03345023251397922 0
0.1020255029463787 0.03251242194455341 0
0.1019947814410782 0.03344870381554708 0
0.1728156733152103 0.02730094718991553 0
0.1719926819177123 0.02657954980998564 0
0.1727404173242679 0.02578213329664304 0
0.1727780453197391 0.02654154024327929 0
0.1712947203737274 0.02739488914403913 0
0.1704439350194223 0.02671178189709947 0
0.1711418965634072 0.02589644256304598 0
0.1712183084685673 0.02664566585354256 0
0.1702642905488405 0.02517581594240934 0
0.1718934265420606 0.02504557603849532 0
0.1710788585454505 0.02511069599045233 0
0.1727017613550129 0.02500393236485605 0
0.1038288843974974 0.03063557964505424 0
0.1029854535586087 0.02970018555982396 0
0.1038935084732439 0.02876130948242651 0
0.1038611964353706 0.02969844456374037 0
0.102923667515557 0.03157398296289 0
0.1037949404972957 0.03157243344505022 0
0.1011850412171907 0.03157763984459998 0
0.102083205786369 0.03063920086293657 0
0.1020543543663738 0.03157581140374499 0
0.1012364232761978 0.02970426469270548 0
0.1021386710484375 0.02876524938959287 0
0.1021109384174032 0.02970222512626472 0
0.111948110308135 0.02593463895291571 0
0.1128766747555434 0.0249951922933281 0
0.1127917936919381 0.02687116590308519 0
0.1128342342237407 0.02593317909820664 0
0.1068628315211131 0.02031647451064693 0
0.1059318387010678 0.02125595095271977 0
0.1059695811736229 0.02031792342986868 0
0.1175126446307457 0.02029628151473131 0
0.1184344510892196 0.01935586949274438 0
0.1192828588695489 0.02029077171325597 0
0.118361052411075 0.02123118373524291 0
0.1183977517501473 0.02029352661399365 0
0.1105128001936153 0.01843558840906557 0
0.1114458361208549 0.01749673238777534 0
0.1122883103762857 0.01843285634744724 0
0.1114005552849505 0.0184342223782564 0
0.004183148038455792 0.0279375501269024 0
0.005056512834086847 0.0286969627549931 0
0.004219727862262095 0.02876766343990937 0
0.004128281165552264 0.02628329488307449 0
0.004979532459414508 0.02704579769699972 0
0.004155714602004028 0.02711042250498845 0
0.006604288759783125 0.02691626967826798 0
0.005828161695871012 0.02779777895783443 0
0.005791910609598817 0.02698103368763385 0
0.006704739445562165 0.02854030692321607 0
0.005880626139824506 0.02861863483910459 0
0.004029871945204662 0.01954346051881348 0
0.004842339998822227 0.02038293514074915 0
0.003230539307642319 0.02040717774905609 0
0.004036439653232273 0.02039505644490262 0
0.03893378637214064 0.004892146295694514 0
0.03976651562170468 0.005707519596649512 0
0.0388803094356362 0.006526950901912729 0
0.03804758018607216 0.00571157760095773 0
0.03890704790388842 0.005709548598803621 0
0.02766676566017667 0.0205334784712045 0
0.02681787866880227 0.02135587647097849 0
0.02599300463989843 0.02051964546989321 0
0.02682988515003755 0.02052656197054886 0
0.02341295894442279 0.003265818818979876 0
0.02345631059746307 0.004899697651678463 0
0.02256959197764814 0.004081569435014479 0
0.02343463477094293 0.004082758235329168 0
0.1344087730284104 0.01533164231313807 0
0.135347118011179 0.01618353345587592 0
0.1344604987580752 0.01624525059675444 0
0.1352370745669023 0.01439113781703559 0
0.1343696375580376 0.01443878885342824 0
0.1369410709184642 0.01426181016778285 0
0.1361415889061883 0.0152000266469423 0
0.1360890727426832 0.01432647399240922 0
0.1370875597337382 0.01600285835460112 0
0.1362173388724585 0.01609319590523852 0
0.009000401364205844 0.02750552906283674 0
0.00819436574444176 0.02678773160213362 0
0.008931732811084586 0.02595542115398079 0
0.008966067087645215 0.02673047510840876 0
0.009132907343047836 0.02902731289344374 0
0.008306677007959139 0.02836303753874484 0
0.00906665435362684 0.02826642097814024 0
0.007571688671016132 0.02925204854004613 0
0.007439727782505172 0.02765129592191479 0
0.007505708226760652 0.02845167223098046 0
0.007358926721719714 0.02605270535848681 0
0.007399327252112443 0.0268520006402008 0
0.1169924049588673 0.03155674300929927 0
0.1179340441092664 0.03061750794609104 0
0.1178825745854284 0.03155606025921476 0
0.116155507216123 0.03061921912734773 0
0.1161051410682874 0.03155752300849805 0
0.1162505905122856 0.02874239416240402 0
0.1170912714317825 0.02967977110760104 0
0.1162030488642043 0.02968080664487587 0
0.1180302663628612 0.02874007570737623 0
0.1179821552360638 0.02967879182673364 0
0.01117279164899818 0.01054391806704413 0
0.01036789938931713 0.01053547261491068 0
0.007121464671776413 0.00806306462194846 0
0.00714983241453402 0.0096814952577048 0
0.007135648543155217 0.00887227993982663 0
0.00317002005465313 0.0008062262048593101 0
0.001587774659818519 0.0008094787096592469 0
0.002378897357204467 0.0008078524572592786 0
0.01196557784358245 0.009737042481708216 0
0.01199792984831359 0.01136534832131352 0
0.01198175384594802 0.01055119540151087 0
0.1469890185379474 0.03444953016405605 0
0.1460904818150798 0.03353015614209089 0
0.1470054795738375 0.03260262821979208 0
0.1469972490558925 0.03352607919192406 0
0.1460796478224366 0.03537630041991207 0
0.1469845357776782 0.03537408107208152 0
0.1442566927868235 0.03537830584626706 0
0.1451717628811641 0.03445381132713173 0
0.1451681703046301 0.03537730313308956 0
0.1442711505854683 0.03353426006193567 0
0.1451898695193841 0.03261060487689483 0
0.1451808162002741 0.03353220810201328 0
0.1378296782822388 0.01503271943449808 0
0.1387517250363283 0.01577244934402093 0
0.1380096064878276 0.01674258826412397 0
0.1379196423850332 0.01588765384931103 0
0.1385976799505675 0.01410908768317441 0
0.1377693754345158 0.01418544892547863 0
0.1402053685786731 0.0139597658018719 0
0.1394613816455191 0.01485341504415092 0
0.1394015242646203 0.01403442674252315 0
0.1403481707336985 0.01555998421520642 0
0.1396385141245077 0.01647901851507643 0
0.1395499478850134 0.01566621677961368 0
0.03359877638961582 0.01639192115805813 0
0.03358828091602936 0.01721994882395551 0
0.009609729640848635 0.01378802448098473 0
0.008002211444091328 0.01376915378686339 0
0.008805970542469982 0.01377858913392406 0
0.02263046285588295 0.02213070171571526 0
0.02097213104180447 0.02209958895233763 0
0.02180129694884371 0.02211514533402644 0
0.02353630562895558 0.01637006928175967 0
0.02352311838763038 0.01801593688564423 0
0.02352971200829298 0.01719300308370195 0
0.1083295678253871 0.02781582448526398 0
0.1092528641479379 0.02687675659328395 0
0.1100950415323792 0.02781308034594077 0
0.1091717452098284 0.0287521482379208 0
0.1092123046788832 0.02781445241560238 0
0.1032233421988805 0.0221989565242458 0
0.1050057023478294 0.02219549691611498 0
0.1040819494787389 0.0231353133876139 0
0.1041145222733549 0.02219722672018039 0
0.03668740962283572 0.03318633153031274 0
0.03750062470367539 0.03403728589067866 0
0.03664212066769892 0.03488792567592389 0
0.03666476514526731 0.03403712860311832 0
0.03836616842623468 0.03318558677237396 0
0.03831416727637467 0.03488785278046984 0
0.03834016785130467 0.03403671977642191 0
0.03744714903497252 0.03573977287835596 0
0.03828348638825245 0.03573953927673057 0
0.03661598164917983 0.03573947770906464 0
0.04191011655620509 0.02636666967469997 0
0.04107378682318837 0.0255254962560116 0
0.04193821539926321 0.02466519164838128 0
0.04277454513227994 0.02550636506706965 0
0.04192416597773414 0.02551593066154063 0
0.04021200665932606 0.02638168151700051 0
0.0393780585126051 0.02554200034475864 0
0.04023983867646741 0.02468581508376973 0
0.04022592266789674 0.02553374830038512 0
0.0402628746253867 0.02299323960434929 0
0.0410990312160283 0.02382849946073635 0
0.04025135665092705 0.02383952734405951 0
0.04196064769447401 0.02296565449015596 0
0.04279983187770892 0.02380234667780089 0
0.04194943154686861 0.02381542306926862 0
0.1006747828484628 0.0175113255420892 0
0.09979458677848001 0.01657358554420923 0
0.1007330408010455 0.01563340999972234 0
0.1016132368710283 0.01657114999760231 0
0.1007039118247542 0.01657236777090577 0
0.09886174964143954 0.01751428624183305 0
0.09797309944235157 0.01657627561805837 0
0.09890593657939203 0.01563557492043455 0
0.09888384311041579 0.0165749305811338 0
0.09801008528128868 0.01469714908558044 0
0.09984827167613215 0.01469527415159753 0
0.09892917847871041 0.01469621161858899 0
0.1016825536033968 0.01469361467818919 0
0.1007654126397645 0.01469444441489336 0
0.1433438153255573 0.03445432037599939 0
0.1424430786705282 0.03353249711774955 0
0.1433704139304392 0.03261243680368583 0
0.1433571146279982 0.03353337858984261 0
0.1424154926946989 0.03537685222667811 0
0.1433360927407612 0.03537757903647258 0
0.1415046510249182 0.03445015597700491 0
0.1414885608768902 0.03537416820123222 0
0.141545003697279 0.03260660951577454 0
0.1415248273610986 0.03352838274638972 0
0.02020778827761631 0.01797844750953978 0
0.02102408401323105 0.018810013919842 0
0.01937433766756001 0.01878723461656238 0
0.02019921084039553 0.01879862426820219 0
0.03727923631976061 0.001630776772696905 0
0.03812654652159377 0.002445395479035084 0
0.03726482123336451 0.002446806140487792 0
0.0233566840246783 0.001632604274634027 0
0.02426266587632504 0.002449900580966377 0
0.02338482148455055 0.002449211546806951 0
0.02174329112378905 0.004896490654634817 0
0.02085515587875 0.004078628036736245 0
0.02171237392819907 0.004080098735875362 0
0.07896435323021105 0.01741914017084169 0
0.07810343874886802 0.01643980299865058 0
0.07905292220863494 0.0155321739893113 0
0.07900863771942301 0.01647565708007649 0
0.07714667565060894 0.0173097321814386 0
0.07631237138549778 0.01632169750651466 0
0.07726913448375686 0.01545176832372664 0
0.07720790506718291 0.01638075025258262 0
0.07642832157493344 0.01449875796749664 0
0.0781977760324349 0.01457663792547236 0
0.07731304880368417 0.0145376979464845 0
0.07909115033440328 0.01460376811964477 0
0.06313514971137844 0.01893254816637915 0
0.06395306115839908 0.01812981405752739 0
0.06474262380361256 0.01896270243973328 0
0.06392471235659195 0.01976543654858504 0
0.06393888675749551 0.01894762530305621 0
0.05995397479366527 0.01721108754962719 0
0.06077283073247874 0.01641331469346663 0
0.06155614561046691 0.01725568221195255 0
0.06073728967165342 0.01805345506811311 0
0.06075506020206609 0.01723338488078987 0
0.06725299858485101 0.01493986860060049 0
0.06646687553088693 0.01409983681376248 0
0.06808814095680939 0.01413643200629923 0
0.06727750824384816 0.01411813441003085 0
0.06887203348343432 0.01498648803910616 0
0.06890099912907488 0.0141587916545 0
0.1727866538100984 0.03027379526723507 0
0.1720541888533983 0.02952018265438182 0
0.1728509488821505 0.02878515492864359 0
0.1728188013461245 0.02952947509793933 0
0.1712607230134175 0.03019033296250397 0
0.1706155151373754 0.02946208099129681 0
0.1714089809773562 0.02879193068317467 0
0.1713348519953868 0.02949113182283931 0
0.1706335417608514 0.02812478625115041 0
0.1720701595902321 0.02806203357606338 0
0.1713518506755418 0.0280934099136069 0
0.1728333110986804 0.02804305105927956 0
0.1291118117436921 0.01552707763069925 0
0.1282225608531709 0.01461718084344906 0
0.129105797657021 0.01460361167763008 0
0.1282261267124961 0.01647517429673535 0
0.1291164814172795 0.01645774665461418 0
0.1273423235233016 0.01555457830083623 0
0.1273391077991839 0.0164871018374017 0
0.1273415202196955 0.01462671020578385 0
0.0292345380259668 0.02723292310243415 0
0.02837715285081244 0.02806537241283398 0
0.02755063806909012 0.02721503413743087 0
0.02840802324424448 0.02638258482703104 0
0.02839258804752846 0.02722397861993251 0
0.02920573632732259 0.02891932370910864 0
0.02834756146506281 0.02975443632437218 0
0.02751897798855266 0.02890048502809751 0
0.02836235715793762 0.02890990436860308 0
0.02665740108588317 0.02973186726558237 0
0.02669120586040704 0.028043371519556 0
0.02667430347314511 0.02888761939256919 0
0.02670852514934423 0.02720277464107715 0
0.129008849424889 0.02495657199239462 0
0.1281229179235912 0.02401098121800658 0
0.1290664501379072 0.02305776347512475 0
0.129952381639205 0.02400335424951278 0
0.1290376497813981 0.02400716773375968 0
0.1271851021647598 0.02496042820877402 0
0.1272449500336701 0.02306961311890759 0
0.1272150260992149 0.02401502066384081 0
0.1281727194080014 0.02211731768170665 0
0.1272674687777386 0.02212470174500436 0
0.1299984991661925 0.02209889442819307 0
0.1290856092870969 0.02210810605494986 0
0.08456203858373644 0.02890711569993881 0
0.08461490585216869 0.03077080175986344 0
0.08370867483392935 0.02985664208478826 0
0.08458847221795257 0.02983895872990112 0
0.09512599482409272 0.02879026947397912 0
0.09425353763654448 0.02785756799125921 0
0.09514060948761366 0.02691587593503163 0
0.09601306667516189 0.02784857741775154 0
0.09513330215585318 0.02785307270450537 0
0.08551398172752564 0.03168300354962714 0
0.08638701721702571 0.03167081539172651 0
0.08376848211132898 0.03171363215562874 0
0.08464123191942732 0.03169831785262794 0
0.04183876636727105 0.02977242639274637 0
0.04100814966753771 0.02892564176655055 0
0.04187694249102127 0.02806921374826795 0
0.04185785442914616 0.02892082007050717 0
0.04014246849633935 0.02977977299623439 0
0.03931389758874647 0.02893399586782085 0
0.04017957875994483 0.02807986463813701 0
0.04016102362814209 0.0289298188171857 0
0.03934814761440269 0.02723674570222774 0
0.0410434378048682 0.02722480045290978 0
0.04019579270963545 0.02723077307756876 0
0.04189352952361318 0.02721794171148396 0
0.08801140653473086 0.01564529876503604 0
0.08890971286629548 0.01658928618547875 0
0.08801227186081889 0.01658903208013813 0
0.08890074501555756 0.0147042074141046 0
0.08800760519122375 0.01470321556520865 0
0.09069806858720933 0.01470416919319771 0
0.08980718657365207 0.01564589161010915 0
0.08979940680138344 0.01470418830365115 0
0.09070973725970957 0.01658776757814631 0
0.08980972506300253 0.01658852688181253 0
0.04096767167033863 0.03062759712426179 0
0.04010019450397959 0.03148104120593576 0
0.03927499132998031 0.03063321707790835 0
0.04012133150015947 0.03063040710108507 0
0.04179514470285182 0.03147614166519866 0
0.04181695553506143 0.03062428402897252 0
0.04092127319420039 0.03233042876633104 0
0.04177013004706 0.03232821810747092 0
0.03923070086532812 0.03233403471864547 0
0.04007598702976425 0.03233223174248825 0
0.07017518638740969 0.02142632006409305 0
0.07095711950031436 0.02217527870960649 0
0.07023496626416215 0.02295968311829203 0
0.07020507632578592 0.02219300159119254 0
0.05733027523457296 0.0229696301376201 0
0.05738399771402623 0.02128215571550533 0
0.05818498322025259 0.02214623601732348 0
0.0573571364742996 0.02212589292656272 0
0.05823767580383922 0.02047029099446451 0
0.0574181231409242 0.02044296704110945 0
0.06640973180943165 0.02717345988567482 0
0.06560566507655638 0.028023646998791 0
0.0655853622218312 0.02718725267699749 0
0.1462104951413519 0.01636266880071203 0
0.1456192961153185 0.01710691530375421 0
0.1449191167148971 0.01652631105117339 0
0.1455103157409305 0.01578206454813121 0
0.1455648059281245 0.01644448992594271 0
0.1464747640663618 0.01760419040502787 0
0.1460016208327837 0.01841486470680906 0
0.1451461528817404 0.0179175896055354 0
0.1458104584740511 0.01776089000528164 0
0.1445738615292483 0.01875249929102434 0
0.1437285125870817 0.01816281311412084 0
0.1443008039395738 0.01732790342863191 0
0.1444373327344111 0.01804020135982812 0
0.1435196917729914 0.01670534161623701 0
0.1441380045483147 0.01590374923877849 0
0.1442194042439442 0.0166158263337052 0
0.1639510748662639 0.02880650515215089 0
0.1648823325262485 0.02980546056978826 0
0.1638002664589746 0.03077361157952158 0
0.16286900879899 0.0297746561618842 0
0.1638756706626192 0.02979005836583623 0
0.166172915199908 0.02879525890069014 0
0.1670815615414977 0.02987865263822456 0
0.1657909788678383 0.03088885430732268 0
0.1659819470338731 0.02984205660400641 0
0.1666402947442502 0.03191099665181178 0
0.1655321300903843 0.03278182586880864 0
0.1646828142139724 0.03175968352431954 0
0.1656615544791113 0.03183534008806566 0
0.1636217588281526 0.0326754872411719 0
0.1627392110731547 0.03168941529637393 0
0.1637110126435636 0.03172454941034675 0
0.02082499049471187 0.02706623128778938 0
0.01995616193052219 0.02786585850194279 0
0.01915771116448311 0.02700337198068083 0
0.01999135082959749 0.02703480163423511 0
0.02163395462128902 0.02792706547690622 0
0.02166318134093151 0.02709182126695104 0
0.02075671100777644 0.02874014172878872 0
0.02160158113511507 0.02876840632395652 0
0.01907326629886343 0.0286680576995144 0
0.01991498865331993 0.02870409971415156 0
0.02662728594646939 0.03142801056531896 0
0.02746647336554637 0.03229182585949741 0
0.02660461420959307 0.03313169988537121 0
0.02661595007803123 0.03227985522534509 0
0.02748989121260446 0.03059275181663009 0
0.02664234351617628 0.03057993891545066 0
0.02917936986291501 0.03061152528452397 0
0.02832169961045666 0.03144984077678188 0
0.02833463053775974 0.03060213855057704 0
0.02915803365903344 0.03230935589810256 0
0.02830280741412315 0.03315134098081811 0
0.0283122535122899 0.03230059087879999 0
0.06580697183957333 0.03483095022264313 0
0.06493033877513078 0.03398389509254199 0
0.06575257322477368 0.03311613182246505 0
0.0657797725321735 0.03397354102255409 0
0.06498381200149622 0.0356986229884511 0
0.06583603558445048 0.03569096714778925 0
0.06410172987447074 0.03484677730026828 0
0.0641281752104261 0.03570435143033968 0
0.06405558709630604 0.03313611310924354 0
0.06407865848538838 0.0339914452047559 0
0.006362871078857009 0.01048098268089994 0
0.005575349316526979 0.01127541966103455 0
0.005566152979513846 0.01046442574072013 0
0.01180465342594911 0.004863492441046764 0
0.01264398248813803 0.005679369334583859 0
0.01103176221455434 0.005670522267300526 0
0.01183787235134618 0.005674945800942193 0
0.0008250095349132715 0.02571089856544229 0
0.005638611104285637 0.01953488721572291 0
0.004829187819490696 0.01870102007703677 0
0.005632636437039179 0.01870025099677699 0
0.137174375546123 0.02791687231384481 0
0.1381311399050086 0.02702552169141141 0
0.1389892634859389 0.02798146049781873 0
0.1380818195160309 0.02794916640583178 0
0.1372933791796762 0.02604483664703616 0
0.1382594417075767 0.02517896986254237 0
0.1390972024329092 0.02615965490691762 0
0.1381952908062927 0.02610224577697689 0
0.1400321815894051 0.02530565939833785 0
0.1408623182414795 0.02624368904992209 0
0.1399273390849836 0.02709768455850186 0
0.1399797603371943 0.02620167197841985 0
0.1407826960018796 0.02803303006279114 0
0.1398859797439093 0.02800724528030494 0
0.02659403770373628 0.03484225723045052 0
0.02745351597395928 0.03570824224425353 0
0.0265975928292128 0.03570033310767104 0
0.02745270107364182 0.03399728514712837 0
0.02659932595666467 0.03398697855791086 0
0.02914516914136348 0.03401236167540728 0
0.02829506280088215 0.03485830584171754 0
0.02829893510750265 0.03400482341126783 0
0.02914547655996004 0.03571977116475684 0
0.02829949626695966 0.03571400670450519 0
0.06061432997410045 0.02975751912694839 0
0.06146761367572821 0.03060400564697073 0
0.06062796023490052 0.03145597403453353 0
0.06062114510450048 0.03060674658074096 0
0.0622987572081131 0.0297497464460971 0
0.06315485263067745 0.03059258553587368 0
0.06232370909829257 0.03144684473674731 0
0.06231123315320283 0.0305982955914222 0
0.06318819819677796 0.03229269258897093 0
0.06148959195959584 0.032304239303629 0
0.0623388950781869 0.03229846594629996 0
0.06063759058332872 0.03230753431242574 0
0.1408362544636378 0.004953835447502377 0
0.1416396793702787 0.0057698671457788 0
0.1408214422395727 0.00659942951709523 0
0.1408288483516053 0.005776632482298804 0
0.1416604907359015 0.004125438951252274 0
0.1408484441192929 0.004129170971263644 0
0.1432784615963824 0.004122210862813468 0
0.1424561510357496 0.004946657846110779 0
0.1424694761661419 0.004123824907032871 0
0.1432524267263326 0.005762810913652052 0
0.1424359550608618 0.006586020213320073 0
0.1424460530483057 0.005766339029715426 0
0.1277966808289258 0.03155937904902149 0
0.1287621498389935 0.03062286137832473 0
0.128712244461135 0.03156259076642941 0
0.1259739092565753 0.03155578781372454 0
0.1269363644102207 0.03061774993609926 0
0.1268852950427506 0.03155758343137301 0
0.1260723023253301 0.02967501191919884 0
0.1270292217755234 0.02873520951599446 0
0.1278932838604139 0.02967794753289488 0
0.126982793092872 0.02967647972604686 0
0.1288538017045696 0.02873937643879146 0
0.1288079757717816 0.02968111890855809 0
0.02929233699838436 0.02387720233609931 0
0.03013274917961724 0.02388146666532827 0
0.01279263049879023 0.02511173095695316 0
0.01201808201703215 0.02510314035487506 0
0.02187573430289558 0.01307488639094653 0
0.02270907173490644 0.01390059513032401 0
0.02104456082925433 0.0138886886497993 0
0.02187681628208038 0.01389464189006166 0
0.02606214387096597 0.01227573299386519 0
0.02438110384453969 0.01226920352978456 0
0.02522162385775283 0.01227246826182487 0
0.06637862900015076 0.01736724049733225 0
0.06720216231094689 0.01657583480755332 0
0.06797737365298739 0.01740989693320449 0
0.06717800132656908 0.01738856871526837 0
0.05982958574668772 0.02217930116834498 0
0.06146554709533977 0.02220458128266453 0
0.06063366095555599 0.02302464057719482 0
0.06064756642101374 0.02219194122550475 0
0.06642190793177559 0.01573624576672545 0
0.06803325296402229 0.01577945764142835 0
0.06722758044789895 0.0157578517040769 0
0.060791260028073 0.01477827709015117 0
0.06158194914348915 0.01561868888000328 0
0.06078204538027587 0.0155957958918089 0
0.006450029794189092 0.02035879495370151 0
0.007251779072581111 0.0203486194471407 0
0.03851844252125906 0.02639413329196102 0
0.03768655706682032 0.02555495143934254 0
0.03853230778971271 0.02554847589205059 0
0.03897754264320267 0.003258273934908041 0
0.03982008075861042 0.00407262197872473 0
0.03895566450767166 0.004075210115301276 0
0.02934371079296347 0.02054267019378798 0
0.0301833596363399 0.02054483525561737 0
0.1693337702370539 0.02446940459376875 0
0.1684164498145672 0.02370813178395192 0
0.1692155868553102 0.02280775615566265 0
0.1692746785461821 0.02363858037471571 0
0.16758930502987 0.02466040312543546 0
0.1666369016049092 0.02387307566807696 0
0.1674640463896064 0.02292080432659343 0
0.1675266757097382 0.02379060372601444 0
0.1665393342734476 0.0221005889542572 0
0.1673876739997973 0.02119024363522533 0
0.1683123861159561 0.02201045900756156 0
0.1674258601947018 0.02205552398090938 0
0.1691399171796756 0.02113016930301155 0
0.1691777520174929 0.0219689627293371 0
0.003921596038837211 0.004819287607601643 0
0.004713429269817007 0.00562369720848608 0
0.003145096543639321 0.005611090542674354 0
0.003929262906728164 0.005617393875580217 0
0.02777558036576194 0.004086984866218582 0
0.02690648885902469 0.004086385012287016 0
0.03708001305369234 0.009798938171478025 0
0.03710206863485189 0.008981945858129206 0
0.004089183246590078 0.02462214423390758 0
0.003264873945755191 0.02382964102370853 0
0.004075610547613535 0.02378358934999857 0
0.02679022283621331 0.02301914083056966 0
0.02596666601194589 0.02217915495650758 0
0.0268040507525078 0.02218750865077408 0
0.03948164836562647 0.01549737989351219 0
0.03864533577098141 0.0155120484685819 0
0.00319687870936957 0.01366825662676845 0
0.002400542260480545 0.01446375632375207 0
0.001598074454396893 0.0136072354319078 0
0.002397476581883232 0.01363774602933813 0
0.01172072154879793 0.003241647788132473 0
0.01086192166730079 0.002429154215875534 0
0.01166678563192668 0.002431077441453935 0
0.04034322877996478 0.01302755327005762 0
0.04116031082704875 0.01382549510567547 0
0.04031972852328776 0.01465612960464312 0
0.04033147865162626 0.01384184143735037 0
0.04198645014190493 0.01299671126902705 0
0.04279787078785446 0.01378142234045153 0
0.04197173147299827 0.01461020617709996 0
0.0419790908074516 0.0138034587230635 0
0.0428011765227674 0.01539853734469905 0
0.04197620039488956 0.01624489023705772 0
0.04114675534512043 0.01545655906945862 0
0.04197396593394391 0.01542754820707884 0
0.04030867518745913 0.01629780935832769 0
0.04031420185537345 0.01547696948148541 0
0.09936718660025901 0.03532489808573798 0
0.1002460482146671 0.03438796701863502 0
0.1002208393948936 0.03532352622600499 0
0.09853096252519097 0.03439156272330653 0
0.0985144555173883 0.03532657162962156 0
0.09856440354348807 0.03252065232731337 0
0.09940849039140384 0.03345388945802542 0
0.09854768303433953 0.03345610752530995 0
0.1002939085263939 0.03251615495336964 0
0.1002699783705305 0.03345206098600233 0
0.05893792981520168 0.02637041323928365 0
0.05977171755845193 0.02722027639623655 0
0.05892714427704049 0.02806294238445714 0
0.05893253704612109 0.0272166778118704 0
0.06312693847155326 0.02890005186957142 0
0.0647963509899826 0.02888169185619012 0
0.0639775177903633 0.02973464019919567 0
0.06396164473076793 0.02889087186288078 0
0.06633141569943252 0.02386567259609339 0
0.0671131859819855 0.02303831125678289 0
0.06793174529306929 0.02383983068599661 0
0.06714997501051631 0.0246671920253071 0
0.06713158049625091 0.023852751641045 0
0.06969204366805873 0.02706447361202892 0
0.07045797154834016 0.02617973226028028 0
0.0705678080135442 0.02785552364365729 0
0.07051288978094218 0.02701762795196878 0
0.0379030176069784 0.01061123824562773 0
0.03706025324232765 0.01061626946074982 0
0.02855598507498169 0.01639790247518291 0
0.02938593696867239 0.01722688634036076 0
0.02770789848058034 0.01722171235776529 0
0.02854691772462636 0.01722429934906303 0
0.0169106938036945 0.01956839379743155 0
0.01771403368525229 0.02039673711338119 0
0.01688839142880916 0.02119740277935911 0
0.01689954261625183 0.02038289828839532 0
0.02021314058031832 0.01306345130226035 0
0.0193874689489593 0.01387554100997043 0
0.02021601488910681 0.01388211482988487 0
0.06812246353900242 0.02880863530750737 0
0.06891327521898351 0.0279320011892137 0
0.06978432516040731 0.02874772126318569 0
0.06899351348042622 0.02962435538147937 0
0.06895339434970486 0.02877817828534653 0
0.05980079202520704 0.02385302911907364 0
0.0606246112557256 0.02386112626602938 0
0.06480896567555512 0.01569838054028001 0
0.06563573940599504 0.01490057585818621 0
0.06559513420133567 0.01653405044881925 0
0.06561543680366536 0.01571731315350273 0
0.05991125483863695 0.01885719932455892 0
0.06152348520293903 0.01889824278006931 0
0.06071737002078799 0.01887772105231411 0
0.02997991833972607 0.03486992777057626 0
0.03081772683651642 0.03572805400961217 0
0.02998160169823823 0.03572391258718451 0
0.02999010126510109 0.03316553784661536 0
0.03082485046346368 0.03402310394178433 0
0.02998500980241358 0.03401773280859581 0
0.03166871066891248 0.03317539566478758 0
0.03165172575149594 0.03487807874675337 0
0.03166021821020421 0.03402673720577047 0
0.03164744570131994 0.03573088528018156 0
0.01444556302715352 0.01220190940514085 0
0.01364442659021634 0.01301025573211711 0
0.01281933854413976 0.01218800680704651 0
0.01363245078564664 0.01219495810609368 0
0.002362933939096423 0.006397635716878903 0
0.002371367501588 0.007978224713972786 0
0.001578248611892603 0.007174027122645702 0
0.002367150720342211 0.007187930215425845 0
0.03719128144353093 0.005713562260753658 0
0.01685462545973753 0.02282362044115206 0
0.01680625034268359 0.02444719940046187 0
0.01601875903194257 0.02361152395740319 0
0.01683043790121056 0.02363540992080696 0
0.1642910071520828 0.03547478076840944 0
0.1653239542597798 0.0346117929495267 0
0.1661724845871662 0.03555282525419302 0
0.1652317458696245 0.03551380301130123 0
0.1624101448882372 0.0354225481362106 0
0.1634422919693602 0.03453277141186738 0
0.16335057602016 0.03544866445231001 0
0.1625822806023077 0.03356978238189743 0
0.1644817701952051 0.03363847627114185 0
0.1635320253987564 0.03360412932651964 0
0.1663743141549591 0.03375514254719347 0
0.1654280421750821 0.03369680940916767 0
0.04364217557828917 0.02464222271653167 0
0.04448088182898403 0.02548615915041454 0
0.04362771348063198 0.02549626210874209 0
0.04366499113804578 0.02293382301637567 0
0.04450733483862604 0.02377369905510645 0
0.04365358335816748 0.02378802286645366 0
0.0453774508564368 0.0229002227731643 0
0.04535220692432868 0.02461911146872402 0
0.04536482889038274 0.02375966712094416 0
0.045336812007953 0.02547671421612129 0
0.06944859135793129 0.02064635855254461 0
0.07022345827429766 0.01989545270768613 0
0.07095005330377607 0.02067541421923456 0
0.07019932233085366 0.02066088638588958 0
0.06789810416246644 0.02062816968627744 0
0.06868495972555227 0.01984705656489164 0
0.06867334776019886 0.02063726411941103 0
0.06646088598950178 0.02885217761684587 0
0.06726069585172331 0.02798655013418146 0
0.06732265367678088 0.02967426279017179 0
0.0672916747642521 0.02883040646217662 0
0.06234499308907767 0.01809408090063631 0
0.0623136418252398 0.01973671004581215 0
0.06232931745715874 0.01891539547322423 0
0.1699626046395367 0.0340700433577027 0
0.1689899877752934 0.03484291183200094 0
0.1682014178441592 0.03392382982086653 0
0.1691740347084024 0.03315096134656828 0
0.1690820112418479 0.03399693658928461 0
0.1698213188413981 0.03574531460044335 0
0.1680212939238997 0.03565208706175899 0
0.1689213063826489 0.03569870083110117 0
0.1671812317471398 0.03472235920965992 0
0.167096889255533 0.035602456157976 0
0.1673945002519784 0.03295661315840009 0
0.1672878659995591 0.03383948618403 0
0.1520159561844823 0.008423437791475592 0
0.1512361323005442 0.007551254602409907 0
0.1520516156440751 0.007583837481316007 0
0.1519250296365091 0.01009964489466814 0
0.1511541626804434 0.009216986959971177 0
0.1519704929104957 0.009261541343071864 0
0.1503054890085893 0.009999908238230239 0
0.1495446043902823 0.009133817027872974 0
0.1503932780621364 0.00835089574961391 0
0.1503493835353628 0.009175401993922073 0
0.1496203183724057 0.007491473657228329 0
0.150428225336475 0.007521364129819118 0
0.09707746269420897 0.01563792528795404 0
0.09617361899364298 0.01469915167272005 0
0.09709185213746584 0.01469815037915024 0
0.09704741205542383 0.01751753942999209 0
0.09615177530728125 0.01657918909988776 0
0.0970624373748164 0.01657773235897306 0
0.09523375024385473 0.01752104396383592 0
0.09433266874903012 0.01658221947833029 0
0.09525069381245663 0.01564036461438213 0
0.09524222202815569 0.01658070428910903 0
0.09434059542621206 0.01470110524619185 0
0.0952571072099275 0.01470012845945595 0
0.06401432304104435 0.03143151411523033 0
0.06488171194057243 0.03227493463550293 0
0.0640349550686752 0.03228381361223693 0
0.06483698820073019 0.03057356877855232 0
0.06399592041570383 0.030583077157213 0
0.065651571902928 0.02971022247424499 0
0.06651540268776238 0.03054514265062007 0
0.06570081898556457 0.0314084889549274 0
0.06567619544424629 0.0305593557145862 0
0.06657168026976583 0.03224968614188951 0
0.06572669610516912 0.03226231038869623 0
0.06819239393372374 0.03050537091104494 0
0.06738514294470524 0.03137625077149322 0
0.06735389831074305 0.03052525678083251 0
0.06907011910288258 0.03133341342352644 0
0.0690318162916544 0.0304788844025029 0
0.06826069803886536 0.03221574069099566 0
0.06910639604932538 0.03219395948935289 0
0.06741618915431558 0.03223271341644258 0
0.1443198224453222 0.02986735131617496 0
0.1434027288156141 0.03077823150017108 0
0.1425195257067821 0.0298673903798509 0
0.1434366193364902 0.02895651019585477 0
0.1434196740760522 0.02986737084801293 0
0.1442943378963005 0.03169606880638229 0
0.1424788048497528 0.03169459949747463 0
0.1433865713730267 0.03169533415192846 0
0.1415916740726223 0.03077053552851187 0
0.1415683388849506 0.0316885725221432 0
0.1416438143854184 0.02894684637674813 0
0.1416177442290203 0.02985869095263 0
0.06874026660039538 0.01824928584177351 0
0.06949692870899848 0.01907103761152348 0
0.06871261316297383 0.01904817120333257 0
0.06228773689570948 0.02138544833776218 0
0.06309311054622804 0.02222225303810278 0
0.06227932882078391 0.02221341716038366 0
0.05811372899528803 0.02551947157563256 0
0.05643628906837508 0.02550118007299855 0
0.05728971950253712 0.02466229872337307 0
0.05727500903183156 0.02551032582431555 0
0.05814382677228914 0.02383009877931604 0
0.05647616796482093 0.02380183008167714 0
0.05730999736855504 0.02381596443049658 0
0.03685627414855428 0.02471552942869171 0
0.03682868396022435 0.0264032325554167 0
0.03684247905438931 0.0255593809920542 0
0.03445070035043527 0.01556204159608645 0
0.03360955463677773 0.01556649415240857 0
0.0201773973274986 0.009792027818896869 0
0.02019953347935954 0.01142719284333756 0
0.02018846540342907 0.01060961033111721 0
0.02947489753000092 0.007360735525384007 0
0.03032874237041959 0.007360417881933537 0
0.1682491765538305 0.02030658741924368 0
0.1690953024487828 0.01944482978094723 0
0.1691176098142292 0.02028749954197939 0
0.1664824291581304 0.02034783737596577 0
0.1673439317121636 0.01946418115998411 0
0.1673658028559804 0.02032721239760472 0
0.1664526625429186 0.01860390800498374 0
0.1673235144542691 0.01773926623406819 0
0.1682147836235141 0.01859953938906857 0
0.1673337230832164 0.01860172369702615 0
0.1690744683924477 0.01775356888258437 0
0.1690848854206152 0.01859919933176581 0
0.04156454811373636 0.004064038431330946 0
0.04066617174807773 0.004886704674776844 0
0.04069231443617338 0.004068330205027838 0
0.04333834389160132 0.004046683331841799 0
0.04241913550456593 0.004878905451433503 0
0.04245144600266884 0.004055360881586373 0
0.04324659174766729 0.005702264689750059 0
0.04232395089909805 0.006527405418546246 0
0.04149649465599668 0.00570404618022969 0
0.04237154320183198 0.005703155434989875 0
0.04059683852962363 0.006524861102102359 0
0.04063150513885068 0.005705782888439602 0
0.07031618996378014 0.01832042891291548 0
0.0702698241190389 0.0191079408103008 0
0.06145158175701641 0.02890962915205067 0
0.06227976302045658 0.02805993457552499 0
0.06228926011428483 0.02890484051081105 0
0.06471533044924488 0.02387711311777313 0
0.06551375248105916 0.02304970381985613 0
0.0655233730743387 0.02387139285693326 0
0.1443527395414383 0.02626379828680423 0
0.1434679869013229 0.02715503985530455 0
0.1426064811126272 0.02627754869371703 0
0.1434912337527426 0.02538630712521672 0
0.1434796103270328 0.02627067349026063 0
0.1443417307809217 0.0280537094328879 0
0.1425628754568913 0.02805784061827143 0
0.1434523031189065 0.02805577502557966 0
0.1417017570733526 0.02714402430431444 0
0.1416727857293855 0.02804543534053128 0
0.1417670422807541 0.02537721343932468 0
0.1417343996770534 0.02626061887181956 0
0.1489041196739138 0.004993590466320253 0
0.1481206316411172 0.004151646386444554 0
0.1489288199716388 0.004163358043388086 0
0.1488499454025735 0.006646408268692136 0
0.1480713176795755 0.005802628072903378 0
0.1488770325382436 0.005819999367506195 0
0.1472446823982267 0.006611711107186464 0
0.1464647205978721 0.005778101987487248 0
0.1472913558792209 0.004969018953204163 0
0.1472680191387238 0.005790365030195314 0
0.1465065096937765 0.004134687813001837 0
0.1473135706674469 0.004143167099723196 0
0.1432225525643744 0.01061095917778138 0
0.1424451571920657 0.01143117859268424 0
0.1416489075687185 0.01065297031021411 0
0.1424263029410272 0.009832750895311246 0
0.1424357300665465 0.01063196474399774 0
0.1432421210637651 0.01218464215475123 0
0.1424888006373769 0.01300553595214678 0
0.1416918367656775 0.01225207239007979 0
0.1424669789147213 0.01221835727241551 0
0.1409339474193457 0.01310053206603161 0
0.1408687504159539 0.01149348671346499 0
0.1409013489176498 0.0122970093897483 0
0.1408330615055837 0.009871926218565141 0
0.1408509059607688 0.01068270646601507 0
0.1361153519887206 0.03069264725564779 0
0.1352421989554652 0.02974183502377802 0
0.136205278937052 0.02882712279339852 0
0.1361603154628863 0.02975988502452315 0
0.1351525209870094 0.03161157859902344 0
0.136073268765949 0.03162387173473592 0
0.1342755840278968 0.03066620741018194 0
0.1342305559652952 0.03160139807278992 0
0.1343671133737832 0.02878998122764072 0
0.13432134870084 0.02972809431891132 0
0.09974480792579328 0.01845179195942828 0
0.09881962858177054 0.01939282970355592 0
0.09793657029741679 0.01845532398596069 0
0.09884068911160504 0.01845355797269449 0
0.1015509515458924 0.01844862593077845 0
0.1006209766232229 0.01938909234811753 0
0.1006478797358429 0.01845020894510337 0
0.1014934028455191 0.020325900895368 0
0.100570415145154 0.02126654505936114 0
0.09969798892285781 0.02032973651211068 0
0.1005956958841884 0.02032781870373934 0
0.0987793634305385 0.02127099488279717 0
0.09790100308945124 0.02033408807424241 0
0.09879949600615452 0.02033191229317655 0
0.04119320430826501 0.01220641441147897 0
0.04203409065829215 0.01139304223420114 0
0.04282733649193208 0.01218333909174922 0
0.04201027040009854 0.0121948767516141 0
0.04038539579351286 0.01140621499533045 0
0.04036431228673882 0.01221688413269404 0
0.0395819220219835 0.01060032706823064 0
0.04044621220755253 0.009785019230919482 0
0.04124968597908188 0.0105909071580193 0
0.04041580400053269 0.01059561711312497 0
0.04211411727122581 0.009785752831003953 0
0.04289852195043609 0.0105878879071858 0
0.04207410396475898 0.01058939753260255 0
0.03607009995496937 0.02052783224870071 0
0.03691260285556061 0.02051844662545806 0
0.007047184923766756 0.004837055360756612 0
0.007853330312605676 0.005649233161051672 0
0.00708746336064757 0.006448980183768637 0
0.006281317971808649 0.005636802383473577 0
0.007067324142207163 0.005643017772262626 0
0.006946645285603868 0.001612866897828092 0
0.007736679785845968 0.002420964630758813 0
0.007000133275419061 0.003225390373002478 0
0.006210098775176962 0.002417292640071758 0
0.006973389280511465 0.002419128635415285 0
0.002449972279086336 0.02388766121239323 0
0.09162066613439615 0.03068385694082786 0
0.09249808718833569 0.0316115439279445 0
0.09162578752723576 0.03161769529924483 0
0.08806617981516612 0.02697357768845429 0
0.08716589087688831 0.02604345109063751 0
0.08804456973660268 0.02509229721337532 0
0.0880553747758844 0.0260329374509148 0
0.09336837841140877 0.03067204958804596 0
0.09336883552804966 0.03160661460295827 0
0.01782646001028548 0.03463074715669835 0
0.01698989299025284 0.03370553224520025 0
0.01793563143276903 0.03287044417581232 0
0.01788104572152725 0.03375059566625534 0
0.0168796588063778 0.0354889414235811 0
0.01778496415476286 0.03552158879232476 0
0.01504001324342965 0.03540705573344457 0
0.01600997945112047 0.03453983995865034 0
0.01595983602490373 0.03544799857851284 0
0.01517745736063179 0.03358116928868887 0
0.01615737089976415 0.03274686157523878 0
0.01608367517544231 0.03364335076694456 0
0.07761869261576304 0.03098312301122071 0
0.07853709830735361 0.03185519518838474 0
0.07766898746101966 0.03188739316258061 0
0.0775071886932877 0.0291667529568865 0
0.07843499889699716 0.03003202270787475 0
0.07756294065452536 0.03007493798405361 0
0.07926257298848578 0.0290776666220837 0
0.0801893697922399 0.02995990930786268 0
0.07936179570075128 0.03091426539365373 0
0.07931218434461854 0.02999596600786872 0
0.08027875258398946 0.03179891542546842 0
0.07940792544567155 0.03182705530692658 0
0.1605569654930411 0.03539085592195339 0
0.1615668564394994 0.03448314774308518 0
0.1614835551906392 0.03540670202908199 0
0.1597109731103632 0.0344539054479299 0
0.1596421789585864 0.03538153542510673 0
0.1598334932143382 0.03258611924559293 0
0.1607016406847921 0.03353079442533222 0
0.1597722331623507 0.03352001234676141 0
0.1617170648476003 0.03261742906414447 0
0.1616419606435499 0.03355028840361483 0
0.1194863875332299 0.01467219139632498 0
0.1203266233857699 0.01560422753568366 0
0.1203568267251677 0.01466950927514842 0
0.1175888474738221 0.01842169807234548 0
0.1193519775135959 0.01841615627377686 0
0.118470412493709 0.01841892717306117 0
0.1202023976966012 0.01934945137042158 0
0.1201690514317071 0.02028731497081314 0
0.09965348107757686 0.02220723278187138 0
0.09874075996729623 0.02314855708652252 0
0.09786664232025788 0.02221231918744831 0
0.09876006169891735 0.02220977598465985 0
0.1014391731610285 0.02220282682695281 0
0.1005222390934513 0.02314351454946305 0
0.1005463271193027 0.0222050298044121 0
0.09961077606895988 0.02408408337114501 0
0.09870360657014557 0.02502527328106259 0
0.09783359046848195 0.0240897469964401 0
0.09872218326872091 0.02408691518379255 0
0.1202656031305998 0.01747573232937594 0
0.1202340004136005 0.01841259184989876 0
0.1199877347720993 0.02498069893761604 0
0.1208393983715447 0.02591811250229302 0
0.1199463312603513 0.02592000819390491 0
0.1107120883586524 0.01468583901386394 0
0.112484861959312 0.01468408985541536 0
0.1115439074716362 0.01562210439206468 0
0.1115984751589822 0.01468496443463965 0
0.02012993160009821 0.0229040792601779 0
0.01932280269686763 0.02206494215511526 0
0.02014746686933605 0.02208226555372645 0
0.0284384042170426 0.02470579806559245 0
0.02842321373064354 0.02554419144631174 0
0.005510829252020191 0.006432988144584127 0
0.00631266311246606 0.007247134520637391 0
0.005523122030205888 0.007236682694507082 0
0.003167592533801576 0.00879670420394257 0
0.002379832552694722 0.009567553230330723 0
0.001583607520481145 0.008749073740360939 0
0.002375600027141361 0.008772888972151754 0
0.1363066994585305 0.02695357092278607 0
0.1354428442950476 0.02596794319075361 0
0.1364295240161933 0.02505920891500369 0
0.1363681117373619 0.02600638991889488 0
0.1353376028494594 0.02786382140233978 0
0.1362559891977912 0.0278903468580923 0
0.1334920148524936 0.02782863304825091 0
0.1344625043281698 0.02690247322294996 0
0.1344148088509765 0.02784622722529534 0
0.1335827604471515 0.02592787843119516 0
0.1345631004140294 0.0249933483989988 0
0.1345128023710996 0.02594791081097438 0
0.1090878520101917 0.03062734349308146 0
0.1099222043514448 0.0315637626303624 0
0.109043904307758 0.03156482133909789 0
0.1100103520022697 0.02968851213281796 0
0.10912979861001 0.02968974586550113 0
0.110936542495419 0.02874959113219061 0
0.1108486472708597 0.0306251182552138 0
0.1108925948831394 0.02968735469370221 0
0.1108026553209648 0.03156278762174623 0
0.07798755302305657 0.01835262299125612 0
0.07697144182964269 0.01923827159265028 0
0.07613056445719507 0.01819538078283276 0
0.07705905874012584 0.01827400188704444 0
0.07984452294526588 0.01842555618203472 0
0.07886772273811141 0.01935903900244915 0
0.07891603798416123 0.01838908958664542 0
0.07979540009804464 0.02038187849962715 0
0.07879563325897276 0.02137832744534022 0
0.07786795589903953 0.02035548794816222 0
0.07883167799854209 0.02036868322389469 0
0.07668562337633131 0.02139269017041424 0
0.07578910930693447 0.0202754738149023 0
0.076828532602987 0.02031548088153226 0
0.1049378473685849 0.02407137342106897 0
0.1058599316162909 0.02313186346586894 0
0.1067120848102401 0.02406803256104637 0
0.1058249660894125 0.02406970299105767 0
0.1097648123165817 0.0156240846113849 0
0.1098195416765792 0.0146866436188126 0
0.01575756800881851 0.02846062694299885 0
0.01664438885561456 0.02769712011467246 0
0.01740296371181296 0.02857644470456954 0
0.0165161428650169 0.02933995153289594 0
0.01658026586031573 0.0285185358237842 0
0.01587725905057225 0.02683939600428541 0
0.01673843841149843 0.02606996101064532 0
0.01750556821654075 0.02692768512103236 0
0.0166914136335565 0.02688354056265889 0
0.01829008294200032 0.02778984694547034 0
0.01833163969051193 0.0269655285508566 0
0.01818614706867606 0.0294546554586136 0
0.01823811500533819 0.02862225120204197 0
0.04132607835226376 0.008970842097133679 0
0.04221609262256286 0.008164819658320471 0
0.04300413154152491 0.008979730392190747 0
0.04216510494689434 0.008975286244662213 0
0.0405198787171832 0.008158489424435211 0
0.04048304546236786 0.008971754327677347 0
0.03970405582518229 0.007341714267745303 0
0.04141266142162454 0.007341636258792266 0
0.04055835862340341 0.007341675263268784 0
0.04312738210003636 0.007350588818074454 0
0.04227002176083045 0.00734611253843336 0
0.07259521037881407 0.02356109146895166 0
0.07192431324769832 0.02441443094048852 0
0.07106562985084365 0.02371034085462624 0
0.0717365269819594 0.02285700138308938 0
0.07183042011482886 0.02363571616178895 0
0.07281272074342569 0.02516061232931075 0
0.07120229925114516 0.02531268876041563 0
0.07200750999728542 0.02523665054486319 0
0.06240037703642075 0.01482267204819651 0
0.06319444686105433 0.01566042234353429 0
0.06237601896812273 0.01645643917534107 0
0.06238819800227174 0.01563955561176879 0
0.07788544146061308 0.02241516013536251 0
0.07700800616424541 0.02354567991718853 0
0.07580818807996365 0.02252320995224026 0
0.07684681477028836 0.02246918504380139 0
0.07981142944914767 0.02236017754625753 0
0.07890123765078799 0.02339701023627981 0
0.07884843545488038 0.02238766884081002 0
0.07989248857922596 0.02431564525368295 0
0.07903088949381523 0.02533641044633465 0
0.07803963856537724 0.02441777542893151 0
0.0789660635723016 0.02436671034130723 0
0.07721783729056662 0.02547533137932704 0
0.07618620488943478 0.02460323586758406 0
0.07711292172740603 0.02451050564825779 0
0.008129957538196585 0.02520124729665477 0
0.007334252476560308 0.02524716640218394 0
0.00889426415891665 0.0243752654116847 0
0.008912998485000618 0.02516534328283274 0
0.007208057116602655 0.01457652215491979 0
0.007200221684007753 0.01375712817961511 0
0.02514423335936622 0.002450468802158818 0
0.1159090131954619 0.01655232767935614 0
0.1168277588948329 0.01561382844557213 0
0.1167465189513599 0.01748685115524166 0
0.1167871389230964 0.01655033980040689 0
0.1048048062842455 0.0278220394174671 0
0.1065662154301519 0.02781877319770356 0
0.1056855108571987 0.02782040630758532 0
0.1171842853720784 0.02780260868854869 0
0.1180753112699974 0.02780126454268084 0
0.1078810296752604 0.01750150391965444 0
0.1087314626940171 0.01843812362916849 0
0.1077946305627176 0.01937720265372857 0
0.107837830118989 0.01843935328669151 0
0.1096669813333436 0.01749919456596839 0
0.1095772815542888 0.01937451747226566 0
0.1096221314438162 0.01843685601911703 0
0.1053222142411067 0.01469039131339596 0
0.1062258020089438 0.01468964462794881 0
0.1157430269814863 0.02030078365993336 0
0.1166672626975337 0.01936096671447136 0
0.1165884089146984 0.02123609846019331 0
0.116627835806116 0.02029853258733234 0
0.1532943613327703 0.03535818201554747 0
0.1542289380691302 0.03442816901707492 0
0.1541978203644327 0.03535810375247983 0
0.1524157994121568 0.03443072068520289 0
0.1523925306770941 0.03535977575134128 0
0.1524588835427422 0.03256948673070138 0
0.1533461839317698 0.03349698411150737 0
0.1524373414774495 0.03350010370795214 0
0.1542869309343048 0.03256376076869992 0
0.1542579345017175 0.03349596489288743 0
0.0302791043889163 0.01228148069817526 0
0.02270553112337294 0.01226080744942347 0
0.02103677229908653 0.01225088149037197 0
0.02187115171122973 0.01225584446989772 0
0.02519747357879886 0.006537803959743201 0
0.02605678089657153 0.007357796910815683 0
0.02521045406350106 0.008174427999831037 0
0.02520396382114996 0.007356115979787118 0
0.02776564397738952 0.007359938036504666 0
0.02862027075369522 0.007360336780944336 0
0.01527417234127636 0.0130242510805284 0
0.01446500012030984 0.01383306383809276 0
0.01528131555700394 0.01384021677194222 0
0.004677965102001504 0.0008054382066244176 0
0.003923992578327317 0.0008058322057418639 0
0.02761317961172209 0.02386322664210073 0
0.02593633174097393 0.02384358773563546 0
0.02677475567634801 0.02385340718886809 0
0.03387557881973795 0.000816830889645027 0
0.01537775583230486 0.03180838520413012 0
0.01634909443978327 0.03101745550572501 0
0.01712870950724257 0.03195593187683366 0
0.01625323266977371 0.0318821585404819 0
0.01559054658667192 0.03010884908128311 0
0.01727469071812825 0.03024855795733784 0
0.01643261865240009 0.03017870351931048 0
0.01806383609437286 0.03114556635027266 0
0.01812499158152446 0.03030011090444313 0
0.01799973376357095 0.03200800526304249 0
0.1409624312709554 0.02450542568014596 0
0.1418414311940297 0.02367335013950649 0
0.1426460422038284 0.0245451378986852 0
0.1418042367373919 0.02452528178941558 0
0.1410914723071073 0.02286344971769478 0
0.1419197471288758 0.02207713054932386 0
0.1426697060157982 0.02288703097113556 0
0.1418805891614527 0.02287524034441517 0
0.1434631326333744 0.0220288509279651 0
0.1442898056512892 0.02281113437329652 0
0.1434963790337129 0.02366931441646698 0
0.1434797558335437 0.02284908267221604 0
0.1443415705826271 0.02451048364299849 0
0.1434938063932278 0.02452781077084185 0
0.1486123668064526 0.02136400689662691 0
0.1496249335233747 0.02220946742727166 0
0.1487505891608142 0.02329343951239594 0
0.147738022443892 0.02244797898175119 0
0.1486814779836333 0.02232872320451143 0
0.1506391566417525 0.0231772873965826 0
0.1516033244807254 0.02410464292725144 0
0.1497094074432223 0.02417068039777426 0
0.1506563659619739 0.02413766166251285 0
0.1478600737680062 0.02429591031539563 0
0.1487847406056143 0.02423329535658494 0
0.1132179286497636 0.0174939741392709 0
0.1140586103744203 0.0184297591663297 0
0.1131289921009424 0.01936864137450604 0
0.113173460375353 0.01843130775688847 0
0.1218484517839449 0.0230962909412435 0
0.1218812031258283 0.0221569870880739 0
0.1209176942068713 0.02403907568501557 0
0.1217757094765928 0.02497606118924449 0
0.1218120806302689 0.024036176065244 0
0.03177355643385671 0.02640564880407094 0
0.03178734785759152 0.02556537455465169 0
0.03210578251364866 0.003268977176632245 0
0.03294820491099042 0.004086064044152439 0
0.03123225093222472 0.004087175148156324 0
0.03209022792160757 0.004086619596154382 0
0.01201011017123618 0.01218046558511081 0
0.03378733005797847 0.004902482338656419 0
0.0337554034433287 0.00653805241515547 0
0.03377136675065359 0.005720267376905945 0
0.0715933188662317 0.0214223331577756 0
0.07237272634787674 0.02210405583125849 0
0.07166492292409556 0.02213966727043249 0
0.0638983366434093 0.0230500688243782 0
0.06390393615204028 0.02470469846791079 0
0.06390113639772479 0.02387738364614449 0
0.07236434655493669 0.02073511475190535 0
0.07165719992935639 0.02070526448556995 0
0.1612026090889596 0.01143259841026033 0
0.1603187759841345 0.01228303404815912 0
0.1594701232444687 0.01136847432894704 0
0.1603363661667142 0.01140053636960369 0
0.1629450901104988 0.01149162787830505 0
0.1620637874743653 0.01234585259379728 0
0.1620738495997292 0.01146211314428269 0
0.1629281317258404 0.01326035639020541 0
0.16203638065732 0.01411724110314341 0
0.161172036405845 0.01320273730673529 0
0.1620500840658426 0.01323154684847035 0
0.1602749057395633 0.01405676544395723 0
0.1594216453178529 0.01313706218538106 0
0.1602968408618489 0.01316989974605818 0
0.09342803238940331 0.01564272999020415 0
0.09251340752351153 0.01470286883075748 0
0.0934270014748618 0.01470198703847467 0
0.09342245775824259 0.01752468026357658 0
0.09251782139861579 0.01658519077545044 0
0.09342524507382297 0.01658370512689037 0
0.09161503169787807 0.01752820587290847 0
0.09161252696044728 0.01564475248068829 0
0.09161377932916268 0.01658647917679838 0
0.09160573805536043 0.01470351901197759 0
0.1234061548762491 0.02873443919811591 0
0.1242600967296324 0.02967423485469427 0
0.1233104756897639 0.03061456625004699 0
0.1233583152830065 0.02967450272408145 0
0.1252133665254511 0.02873396059531848 0
0.1251190325295113 0.03061528617857463 0
0.1251661995274812 0.02967462338694656 0
0.1241601304542111 0.03155415118436652 0
0.1250670198553932 0.03155496949904553 0
0.1232578539017683 0.0315539829246351 0
0.03465967343125396 0.00408415114796734 0
0.03380393917112218 0.00408510759605989 0
0.00765912452611942 0.0008069482526561096 0
0.006179148049791233 0.0008059186451719829 0
0.006919136287955326 0.0008064334489140462 0
0.00396006653080801 0.00881475093891816 0
0.02857166271353877 0.01474869953911748 0
0.0285784091376345 0.0139256801413828 0
0.03815280951772161 0.0008148435952876567 0
0.03728752155595363 0.0008153883863484526 0
0.004784090323282843 0.01207418803152175 0
0.003991838373010259 0.01286696049563295 0
0.003986146976470838 0.01205096855130522 0
0.01317846182136669 0.0008114134727257557 0
0.01854605201923862 0.01959344484279293 0
0.01773316230092201 0.01876392071169637 0
0.01855374998424101 0.01877557766412938 0
0.1600806544746513 0.02502341200426813 0
0.1610176969588466 0.02596051078990279 0
0.1600592393752286 0.02690972837284794 0
0.16006994692494 0.02596657018855804 0
0.1619721970238686 0.02499929413509002 0
0.1629309335172385 0.02592877306225488 0
0.1619764334522164 0.02688998971706765 0
0.1619743152380426 0.02594464192607884 0
0.1629329979995325 0.02784205718373256 0
0.1619471057777851 0.02880805754967989 0
0.160990541230469 0.02785599008301497 0
0.1619617696150008 0.02784902363337377 0
0.1600154944669178 0.02880716864988841 0
0.1600373669210732 0.02785844851136818 0
0.03676458919972736 0.02978930281169907 0
0.03758770467795593 0.03063715059305305 0
0.0367278578409214 0.03148665788751229 0
0.03674622352032438 0.03063798034960568 0
0.0384513210874849 0.02978562825539927 0
0.03841137492045134 0.03148473941556214 0
0.03843134800396812 0.0306351838354807 0
0.03754684248135789 0.03233629146929062 0
0.03838877167334301 0.03233516309396805 0
0.03670763373187856 0.03233649470891251 0
0.160927695339483 0.02975918529780435 0
0.1599376750564097 0.03070307649030035 0
0.1599765847616638 0.02975512257009438 0
0.1618495983606879 0.03072578391000865 0
0.1618983520692365 0.02976692072984427 0
0.1608274521351335 0.03165379767777919 0
0.1617833316041441 0.03167160648707656 0
0.159885584135374 0.03164459786794664 0
0.01285367617863972 0.015449855930238 0
0.0120453356819185 0.01544312470739318 0
0.006411859825643566 0.01538981773102691 0
0.007214607064399092 0.01539912378220165 0
0.03368191259490858 0.01063234983883487 0
0.02856382389426023 0.01557330100715019 0
0.1452117214500458 0.03077351350998103 0
0.1461072530731293 0.03168804958049357 0
0.1452007954847149 0.03169205919343793 0
0.145231070270666 0.02894601454778122 0
0.1461229692753896 0.02985217674158729 0
0.1452213958603559 0.02985976402888113 0
0.1470342003763292 0.0289204401013045 0
0.1470227593062848 0.03075910337897577 0
0.147028479841307 0.02983977174014013 0
0.1470141194400612 0.03168086579938392 0
0.05068882659120212 0.01929472251008134 0
0.05153194801941118 0.0202057793482092 0
0.0506127128194624 0.02108938147072659 0
0.04976959139125334 0.02017832463259872 0
0.05065076970533226 0.02019205199040397 0
0.05244434658755974 0.01935708142313967 0
0.05234410636139034 0.02112130504262292 0
0.05239422647447503 0.0202391932328813 0
0.05227268701972942 0.02286528726938461 0
0.05145069804701009 0.02197481776582683 0
0.05230839669055988 0.02199329615600376 0
0.05055402267118411 0.02284739780376778 0
0.04971603744363642 0.02196196150866753 0
0.05058336774532326 0.02196838963724718 0
0.08085026320668991 0.02524664857367314 0
0.08179617214915569 0.02615721810747218 0
0.08093934851142051 0.02713864745382563 0
0.07999343956895474 0.02622807792002659 0
0.08089480585905523 0.02619264801374938 0
0.08266217740492891 0.02518698698981238 0
0.08359270994779736 0.02610720291216383 0
0.08272670469202412 0.02707743402982363 0
0.08269444104847651 0.026132210509818 0
0.08364924067451426 0.02798869523917595 0
0.08279464326298436 0.02895005902394421 0
0.08187210728049421 0.02803879781459189 0
0.08276067397750424 0.02801374652688392 0
0.08102703308103573 0.02900590963433005 0
0.08009427431196203 0.02810575927356379 0
0.08098319079622812 0.02807227854407784 0
0.1611361020973912 0.01498087016109816 0
0.1602269181295588 0.01584276047948909 0
0.1593657217717309 0.01491865576234816 0
0.160250911934561 0.01494976296172316 0
0.1629072002518947 0.01503183525162458 0
0.1620069216919659 0.01589546430957933 0
0.1620216511746429 0.01500635270636137 0
0.1628878294981039 0.01680908876616093 0
0.1619807631225742 0.01768367162994067 0
0.1610998553164362 0.01677004717335907 0
0.1619938424072701 0.01678956796976 0
0.1601803885141849 0.01764423599312481 0
0.1593074513273074 0.01671694929925482 0
0.1602036533218718 0.01674349823630695 0
0.1431249365287284 0.01900581864188754 0
0.1422797548695183 0.01838663209498187 0
0.1428833309278716 0.01754362656721516 0
0.1430041337283 0.01827472260455135 0
0.1416894075757786 0.01924527856458818 0
0.1408246982752476 0.01863672896500142 0
0.1414150455689873 0.01777808249539511 0
0.1415522265723829 0.01851168052999164 0
0.1405521240678736 0.01712933726185506 0
0.1411961366005755 0.01625158461338638 0
0.1420590581016893 0.01690032984692643 0
0.1413055910847814 0.01701483355439074 0
0.1426954189468091 0.01606204489594828 0
0.1427893749373403 0.01680283573158172 0
0.09160562397730834 0.02506031834436484 0
0.09249325051127233 0.02599271640301954 0
0.09160680469084746 0.02599931084160977 0
0.09426415841614283 0.02598204741445641 0
0.0951571003229614 0.02503949225939384 0
0.09603355139443223 0.02597332077996906 0
0.09514885490528753 0.02597768409721274 0
0.09249374913045987 0.02974159929061533 0
0.09337054347224923 0.02880033300621663 0
0.09424517275319813 0.02973078330364726 0
0.09336946094182901 0.02973619129713129 0
0.09687980121265261 0.02878210554964886 0
0.09690459182850855 0.0269076922997115 0
0.09777132636599928 0.02784122043160882 0
0.09689219652058059 0.02784489892468018 0
0.1732799425684213 0.03586782231970718 0
0.174153802830697 0.03506589624458529 0
0.1749722330497379 0.03589856375646976 0
0.1741260878090796 0.03588319303808847 0
0.1733536797122522 0.03423977719708431 0
0.1750214445549866 0.03427683173720004 0
0.1741875621336194 0.03425830446714218 0
0.1758310351008207 0.0350923957973688 0
0.1758523297195204 0.03428506265920438 0
0.1758128884152448 0.03590665737570415 0
0.0123082415657319 0.0322102605156659 0
0.01329743970122493 0.03340308523589262 0
0.01219571246265723 0.03430756869750354 0
0.01120651432716421 0.03311474397727682 0
0.01225197701419457 0.03325891460658472 0
0.01432960014238019 0.03255854889960756 0
0.01414529691947652 0.03442570562497393 0
0.01423744853092836 0.03349212726229075 0
0.01315148370160283 0.03531391647013235 0
0.01409574847251624 0.03536048610178846 0
0.01118856669904461 0.03524233467763913 0
0.01217002520032372 0.03527812557388574 0
0.05050547144784998 0.0245853388817897 0
0.05134194835324449 0.02545025450327204 0
0.05048436142815962 0.02544840488294649 0
0.05139036017011891 0.02371979206082363 0
0.05052974705951704 0.02371636834277874 0
0.05310040901207311 0.02374123949055341 0
0.0522180821624626 0.02459574428199243 0
0.05224538459109601 0.02373051577568852 0
0.0530501349744331 0.02546293519820073 0
0.05219604166383879 0.02545659485073638 0
0.08898413357192786 0.02977212924935112 0
0.08985338197002796 0.02882858725911845 0
0.09073996236757484 0.0297551133186516 0
0.08986204796975135 0.02976362128400136 0
0.09160868328792296 0.02129638011299735 0
0.09250214732677478 0.02223317566704268 0
0.09160599566935404 0.02317939629340691 0
0.0916073394786385 0.02223788820320213 0
0.09340177782274525 0.02128869387641763 0
0.09429084725368311 0.02222512234640114 0
0.09339121675771264 0.02316960413702619 0
0.09339649729022895 0.02222914900672191 0
0.1318459846989167 0.02207649264549761 0
0.1309054771209203 0.02304565575966445 0
0.1309222419325546 0.02208769353684534 0
0.1337277539325325 0.02205109901080574 0
0.1327685959458569 0.02303719584549117 0
0.1327868693157246 0.02206379582815168 0
0.1336674533138688 0.02400370982528526 0
0.1326979564454837 0.02496529901343237 0
0.1317990990774719 0.02399878503363828 0
0.1327332761956703 0.02400124742946178 0
0.1308460035957565 0.02495648352348662 0
0.1308757403583384 0.02400106964157554 0
0.01677234437709101 0.02525858020555359 0
0.01856293963786461 0.01386858312540613 0
0.008551199245874067 0.003230936086054785 0
0.009368100784689179 0.004042552750187049 0
0.00861782618526255 0.004846599884359857 0
0.007800924646447438 0.004034983220227593 0
0.008584512715568308 0.004038767985207322 0
0.003915880720974867 0.004019278048536499 0
0.09432032885056742 0.01846350560613852 0
0.09341280067254318 0.01940683635664389 0
0.09251492958021836 0.01846801101408196 0
0.09341762921539289 0.01846575831011024 0
0.09430578731227769 0.02034463079286402 0
0.09250879118301072 0.0203508994401975 0
0.09340728924764422 0.02034776511653076 0
0.09161247700228412 0.01941232305328547 0
0.09161058014510354 0.02035435158314141 0
0.09161375435008109 0.01847026446309696 0
0.1586360952754831 0.01045229398407707 0
0.1578047153716483 0.009544866104326748 0
0.1586762340311188 0.008701692060510996 0
0.158656164653301 0.009576993022294032 0
0.1569312739768893 0.01037827879449025 0
0.1569888068030668 0.008639603889127854 0
0.1569600403899781 0.009508941341809053 0
0.1578467610292789 0.00780240239067898 0
0.1570103018024633 0.007773402208399274 0
0.1586893989261101 0.007829152036278916 0
0.1440108078169947 0.01294088488842076 0
0.1447728826499529 0.01366026480433703 0
0.1440510454315035 0.01444576266813575 0
0.1432889705985453 0.01372638275221948 0
0.1440309266242491 0.01369332377827825 0
0.1455073120433697 0.01291937457882578 0
0.1462258305527706 0.01364852739246548 0
0.1454914011593539 0.01438941761797673 0
0.1454993566013618 0.01365439609840126 0
0.1461888688022391 0.01505402782119443 0
0.1448128480980452 0.01511745434491351 0
0.1455008584501422 0.01508574108305397 0
0.143376201881773 0.01523205756200073 0
0.1440945249899091 0.01517475595345712 0
0.06959786674610909 0.02541047237240681 0
0.0703421944489141 0.02454342887254217 0
0.07040008299862713 0.02536158056641122 0
0.06631842017616893 0.02061260425956533 0
0.06710024177341825 0.02142479920375021 0
0.06710826216931769 0.02062038697292138 0
0.06631454974114168 0.02223474591178348 0
0.06710671387770187 0.02223155523026655 0
0.05913373666177089 0.01800465708842214 0
0.05915975015107097 0.01718493691063067 0
0.1417676030499498 0.01382938010892652 0
0.1410390242092772 0.01468861384476681 0
0.1409864858143114 0.01389457295539921 0
0.1425677730111181 0.01455022690899922 0
0.1425282868242475 0.013777881430573 0
0.1418869900761542 0.01538021424294677 0
0.1426315959789636 0.01530613590247375 0
0.1411175804049264 0.0154700992290766 0
0.03438646550331426 0.02053999088472253 0
0.03353405862836432 0.02137666510743032 0
0.03354525947857745 0.02054310527429766 0
0.0304197685667103 0.001634607567588792 0
0.02958610429349978 0.000817343233529404 0
0.03044790878920177 0.0008173037837943958 0
0.02000802694755192 0.004076943511750068 0
0.02347887560143711 0.02131618479363138 0
0.02429587545719997 0.0221573728254353 0
0.02344746271164581 0.02297188974751918 0
0.02346316915654146 0.02214403727057528 0
0.03765716586532188 0.027245997700685 0
0.03679813354556789 0.02809467567348888 0
0.03681340875289613 0.02724895411445279 0
0.03848687095846551 0.02808861011095173 0
0.03850265673986228 0.02724137170145637 0
0.03762429445720394 0.02894024249853014 0
0.03846909602297521 0.02893711918317549 0
0.03678136137264763 0.02894198924259397 0
0.03459194927650621 0.007354625243372413 0
0.03544350596884159 0.007352419570886547 0
0.03529105060353975 0.01555485644424135 0
0.00560986725463835 0.01537680034620247 0
0.02691198097979207 0.008177518146560914 0
0.02691121243698053 0.007358867473660173 0
0.005433675764529515 0.0016113568517964 0
0.005428556575896368 0.0008056784258982002 0
0.02864950917258582 0.003269447289801927 0
0.02950889458611122 0.004087491177833135 0
0.02864223747593658 0.004087238022025859 0
0.01001760040736418 0.001618056975687666 0
0.01012309074688632 0.003236488655680035 0
0.009278769486949702 0.002425391415492167 0
0.01007034557712525 0.002427272815683851 0
0.0235412229672804 0.01144510588495253 0
0.02354541200063223 0.0130849050942555 0
0.02354331748395631 0.01226500548960401 0
0.01610098517717946 0.0187416272393421 0
0.01528928710181666 0.01873188194977275 0
0.002406348969926184 0.016132816872187 0
0.001602143896772296 0.01527073234483649 0
0.002403445615203365 0.01529828659796954 0
0.01605859137881686 0.02199262745437646 0
0.01523777274416326 0.02278548464919447 0
0.01444590512437204 0.02196159425279341 0
0.01525224825159445 0.02197711085358493 0
0.001573661344733267 0.00560147055822079 0
0.002359378944186294 0.005606280550447571 0
0.1402654175357539 0.019569382601451 0
0.139333529815828 0.01900541236550479 0
0.1398928105553218 0.01807275872905521 0
0.1400791140455378 0.0188210706652531 0
0.1387706755276724 0.02033044640705267 0
0.1382831490840914 0.01848191935780019 0
0.1385269123058819 0.01940618288242643 0
0.1389792006119559 0.01742243998227658 0
0.1381463777859595 0.01761225381096208 0
0.1397656623399147 0.01727588862206582 0
0.1764662562829186 0.0065023924098213 0
0.1755617969450636 0.005851731445873672 0
0.1761574732855052 0.004996450512331062 0
0.1763118647842119 0.005749421461076182 0
0.1749823304976329 0.007077371126230821 0
0.1745157277325287 0.005229889682679876 0
0.1747490291150808 0.006153630404455348 0
0.1752377993414777 0.004249338335371089 0
0.1743833639952863 0.004353776455488482 0
0.1760498415086074 0.004183281663351392 0
0.08257757424500148 0.02135053510911727 0
0.08166191835075458 0.02038812621232224 0
0.08258052982465723 0.01942351740112227 0
0.08349618571890413 0.0203859262979173 0
0.08257905203482936 0.02038702625511977 0
0.08071896104530243 0.0213641780121086 0
0.08073835740349677 0.0194058266998408 0
0.08072865922439962 0.0203850023559747 0
0.08168273416255217 0.01845963630786595 0
0.08076362855390902 0.01844259624495033 0
0.08350362385946282 0.0184745101175422 0
0.0825931790110075 0.01846707321270407 0
0.08194846650600437 0.0299020517579088 0
0.08111080321720854 0.03085605143144143 0
0.08106891814912214 0.02993098053288574 0
0.08286249807694937 0.03080863481875284 0
0.08282857066996686 0.02987934692134853 0
0.08202316714497837 0.03175187687652638 0
0.08289582462815367 0.03173275451607756 0
0.08115095986448391 0.0317753961509974 0
0.08621665836859838 0.02132574389026244 0
0.0853118180171735 0.02038008879540273 0
0.08621178937201746 0.01942716477438786 0
0.08621422387030792 0.02037645433232515 0
0.08440551103953423 0.02133766324587678 0
0.0844024926965434 0.01942835184744325 0
0.0844040018680388 0.02038300754666002 0
0.08531242550931445 0.01847950812867114 0
0.08440802468438864 0.01847700912310667 0
0.08621328514778515 0.01847943100559491 0
0.1488525636208628 0.01542866124011444 0
0.1497989563600344 0.01485886201897266 0
0.1503685365967885 0.01588825111949507 0
0.1494221438576169 0.01645805034063686 0
0.1496105501088257 0.01565845617980476 0
0.1491364491716219 0.0139245145427679 0
0.1500316909300662 0.01325589733551075 0
0.1506941981184786 0.01419024481171551 0
0.1499153236450503 0.01405737967724171 0
0.1516426073810993 0.01345546363926868 0
0.1514129050122957 0.01515886399508825 0
0.1515277561966975 0.01430716381717846 0
0.1510718980906563 0.01693502826180123 0
0.151242401551476 0.01604694612844474 0
0.04029353170277218 0.01962497571801395 0
0.04113226714310955 0.02044774377168944 0
0.04028079982864247 0.02130551960526801 0
0.04028716576570733 0.02046524766164098 0
0.04198408776334719 0.01958076364764403 0
0.04282817674923014 0.02040281951865699 0
0.04197635612899249 0.0212697996427024 0
0.04198022194616985 0.02042528164517322 0
0.04281830491927491 0.02210028366988401 0
0.04111869890419159 0.02213517046297435 0
0.04196850191173325 0.02211772706642918 0
0.03942497554983758 0.02216358874664295 0
0.04027183722701459 0.02214937960480865 0
0.1493194486857357 0.0123605172014502 0
0.1501903072300622 0.01163592279413435 0
0.1509025494743926 0.01253130292819489 0
0.1501109990800642 0.01244591006482255 0
0.1494482705549772 0.01075938231687236 0
0.1510475256836742 0.01087644871549222 0
0.1502478981193257 0.01081791551618229 0
0.1518053342324448 0.01177488710334624 0
0.151865181934477 0.01093726599900719 0
0.151723970806772 0.01261517537130746 0
0.0539205977665217 0.0246150579235729 0
0.05474854834453122 0.02548122028646549 0
0.05389934165948216 0.02547207774233311 0
0.0547956671056359 0.02377073076976127 0
0.05394803805885451 0.02375598513015734 0
0.05561111155615673 0.02463868768766188 0
0.05563591753522841 0.0237862804257192 0
0.05559241870645315 0.02549120017973202 0
0.1088242362877584 0.01656269978278715 0
0.1106075573621669 0.01656057939456614 0
0.1097158968249627 0.01656163958867664 0
0.1123821862303242 0.01655825738527389 0
0.1114948717962456 0.01655941838992001 0
0.1074478916277695 0.02781729884148377 0
0.1142452322297135 0.01468195341152033 0
0.1159969169833628 0.01467940781124111 0
0.1150734330850385 0.01561713139902421 0
0.1151210746065381 0.01468068061138072 0
0.1356727789528621 0.02202798661984211 0
0.1346643188266052 0.02304449067747848 0
0.1347002664426973 0.02203954281532393 0
0.1377769927692454 0.02202586700661533 0
0.1365932657249303 0.02310723186801915 0
0.1367248858610537 0.02202692681322872 0
0.1374628238143579 0.02413231153183082 0
0.1355599659267658 0.02403412925119202 0
0.1365113948705618 0.02408322039151142 0
0.1346137096203173 0.02401891953823864 0
0.1177433207741462 0.01467625155610712 0
0.1168701188787545 0.01467782968367411 0
0.1024844288921616 0.01750862770587804 0
0.1025550226781398 0.01563140148888037 0
0.1034262146992731 0.0165688791971561 0
0.1025197257851507 0.0165700145973792 0
0.1035069073329922 0.01469196693160571 0
0.1025947304681945 0.01469279080489745 0
0.1079282523856611 0.0165637039754412 0
0.04624527520738135 0.02201771502915398 0
0.04712318788813635 0.02112885572807974 0
0.04797649348048682 0.02198076671443412 0
0.04711088434393409 0.02199924087179405 0
0.04625618635395773 0.02028317324890561 0
0.04713448302048347 0.01937321363163931 0
0.04800148455466209 0.02021889611081345 0
0.04712883545430991 0.02025103467985953 0
0.04890480126236647 0.01930390627438563 0
0.04886627468354897 0.02109331446902654 0
0.04888553797295772 0.02019861037170608 0
0.04884626546206161 0.02197136411155082 0
0.05689531773216069 0.01549027191778058 0
0.05769077967070937 0.01471099077115624 0
0.05765606635042231 0.01550921274968992 0
0.05695936305645263 0.01396112923474466 0
0.05841819580184751 0.01388663810233144 0
0.05768877942915007 0.01392388366853805 0
0.05997272590759468 0.01393306400133617 0
0.05919546085472109 0.01390985105183381 0
0.0631648664467335 0.01729483786402483 0
0.0623605060286002 0.01727526003798869 0
0.07551719311415823 0.01534356641579492 0
0.07469872033882199 0.01440361216983541 0
0.07556352095687772 0.01445118506866603 0
0.07537723203174435 0.01713746540115435 0
0.0745820537604048 0.01615933431043461 0
0.0754472125729513 0.01624051590847463 0
0.07367771256415158 0.01694980943331748 0
0.07380896598028916 0.01522734052313067 0
0.07374333927222036 0.01608857497822407 0
0.07385358663219152 0.01435852377971504 0
0.01020251626531212 0.004855483761652624 0
0.009435227839235415 0.005660530636468365 0
0.01023349502689488 0.005665526451884445 0
0.02010706598098869 0.02372756364464848 0
0.01852135600473787 0.02122892324120983 0
0.01768442550972983 0.02202839576613471 0
0.01850361410329873 0.02204666896062498 0
0.02242219386846847 0.0008160824381288588 0
0.0215448187577268 0.0008157604409603616 0
0.01363526549379706 0.02275548755306925 0
0.0144132249584658 0.02356811713469889 0
0.01360296563847661 0.0243498807528844 0
0.01361911556613683 0.02355268415297682 0
0.005653758688725682 0.02120684287872775 0
0.005664530288242019 0.02203976989817046 0
0.01601775577904525 0.008952730782101199 0
0.01519890033938429 0.008947462993562076 0
0.005445180253278135 0.0024161279791403 0
0.152524289572625 0.02883217823311045 0
0.1534315463660832 0.02975975200473709 0
0.1524959195195304 0.03070389752371702 0
0.1525101045460777 0.02976803787841373 0
0.1543780281550752 0.02881680253441422 0
0.1543373492036912 0.03069363755873998 0
0.1543576886793832 0.0297552200465771 0
0.1533927386161732 0.03163131032566376 0
0.154312140068998 0.03162869916371995 0
0.1524774015311363 0.0316366921272092 0
0.1342287736570509 0.008349808464430935 0
0.1350792281824266 0.009195232172912973 0
0.1342368898055896 0.009203164893179534 0
0.1350674960836662 0.007503903125173676 0
0.1342273737462461 0.007506430469206743 0
0.1367327487876782 0.007484913493966889 0
0.1359023560499356 0.008333313057234745 0
0.1359001224356722 0.007494408309570282 0
0.1367471730383331 0.009161694055626224 0
0.1359132006103798 0.009178463114269599 0
0.02690788053000194 0.011456657260835 0
0.02690465999570971 0.01227790435128309 0
0.01521599199520418 0.02358982054605104 0
0.02437382053678077 0.0155544746322813 0
0.02521027643456994 0.01555944551713686 0
0.03858013568819949 0.02217452617947822 0
0.1448931009385578 0.004124942011359258 0
0.1440700389295962 0.004945787348940843 0
0.1440857812674701 0.004123576437086362 0
0.145680851607609 0.004952973359306653 0
0.1456998053161672 0.004129814912180547 0
0.1456434813187555 0.006590098201787087 0
0.1448596123284923 0.005764969573606492 0
0.1456621664631822 0.005771535780546871 0
0.1440420001252287 0.006581993138317701 0
0.1440560195274125 0.005763890243629272 0
0.1470317020457053 0.02708835960957974 0
0.1461188162806505 0.02621287828543197 0
0.1470035011196109 0.02526469566700634 0
0.1470176015826581 0.02617652763829304 0
0.146130138575153 0.02802564216189422 0
0.1470329512110172 0.02800439985544212 0
0.1452407990854087 0.0271333370470009 0
0.1452359346780374 0.02803967579739106 0
0.1452307567366801 0.02534333952523531 0
0.1452357779110444 0.0262383382861181 0
0.08893061678571934 0.02413996470235253 0
0.0907149442001287 0.02412567949746682 0
0.08982278049292401 0.02413282209990968 0
0.0854235710670796 0.02795095957335394 0
0.08629050104626511 0.02699904931847159 0
0.08719474450228709 0.02792218315773781 0
0.08630915778468334 0.02793657136554587 0
0.09337522135569618 0.02692589809264428 0
0.09337288241397271 0.02786311554943046 0
0.05231810819917011 0.01097422728144921 0
0.05332963208045763 0.01062199814559167 0
0.05358924144011399 0.01168594175215226 0
0.05257771755882648 0.01203817088800979 0
0.05295367481964205 0.01133008451680073 0
0.05320320397486308 0.009518040494699977 0
0.05439528539480705 0.01036234468224019 0
0.05379924468483507 0.009940192588470082 0
0.0554494997840525 0.01118154877797831 0
0.05447236902544893 0.01134521521553749 0
0.05492239258942978 0.01077194673010925 0
0.05475201066035612 0.01230036928293808 0
0.05386888307502119 0.01264109581955285 0
0.05417062605023507 0.01199315551754517 0
0.1451845995864767 0.02358770728684464 0
0.1460737857405296 0.02442056316908146 0
0.1452076781615784 0.02446552340603998 0
0.1450761171936088 0.02188379394391721 0
0.1459709111287963 0.02266036685746534 0
0.1451303583900427 0.02273575061538093 0
0.1467785751837634 0.02165656802174578 0
0.1469303583889249 0.02345177781747076 0
0.1468544667863441 0.02255417291960827 0
0.1469669297542679 0.02435823674223855 0
0.09693080298386389 0.02503174206094624 0
0.09780184341794021 0.02596611358068868 0
0.09691769740618622 0.02596971718032887 0
0.08451077315785743 0.02703253911259108 0
0.08453640587079692 0.02796982740626495 0
0.08446422558429507 0.02514544135595777 0
0.08538228879435515 0.02607077755638503 0
0.08448749937107625 0.02608899023427443 0
0.09338218757171901 0.02504886572483167 0
0.09337870446370758 0.02598738190873798 0
0.09863262905756678 0.02877541848894332 0
0.09948894276210099 0.02970911229701802 0
0.09859827002042429 0.03064864426592271 0
0.09774195631589008 0.02971495045784801 0
0.09861544953899554 0.02971203137743302 0
0.1003853016992257 0.02876988470919415 0
0.1003400643390732 0.03064349228052936 0
0.1003626830191494 0.02970668849486176 0
0.0994489316482764 0.03158200738929902 0
0.1003169864327335 0.03157982361694951 0
0.09858133678195619 0.03158464829661804 0
0.03000925748154318 0.03146557599509613 0
0.03084132508761082 0.03232175794360891 0
0.02999967937332213 0.03231555692085574 0
0.03003401167206786 0.02977062739207924 0
0.03086389929069604 0.03062467810265139 0
0.03002163457680553 0.03061810169358768 0
0.03171748428550904 0.02978147579014984 0
0.03169136018015596 0.03147634803050312 0
0.0317044222328325 0.03062891191032648 0
0.03168003542453422 0.03232587184764535 0
0.1567681506154156 0.01389343331163063 0
0.1575979468521006 0.01483978474653179 0
0.1566655481562944 0.01568391150390757 0
0.156716849385855 0.0147886724077691 0
0.1585178606823713 0.01398400367601418 0
0.1584458079414602 0.01577443683286577 0
0.1584818343119158 0.01487922025443997 0
0.1583730705333206 0.01758720522520814 0
0.1575114271474734 0.01664469275881909 0
0.1584094392373904 0.01668082102903696 0
0.1565578810140995 0.01750657840787631 0
0.1566117145851969 0.01659524495589194 0
0.03900927492816368 0.001627664464368657 0
0.03899340878568317 0.002442969199638349 0
0.0008118692457336591 0.02226328709177548 0
0.02691129922221668 0.009816227183372658 0
0.02606217804570147 0.008995512949254096 0
0.02691164010100437 0.008996872664966786 0
0.01692772705488226 0.01630447922486217 0
0.01692345367440697 0.01793715415360693 0
0.01692559036464461 0.01712081668923455 0
0.1577486055666152 0.01129543674870189 0
0.1568576952228802 0.01212749649462408 0
0.1568944845998848 0.01125288764455716 0
0.1585826335356008 0.01221161709357187 0
0.158609364405542 0.01133195553882447 0
0.1576788489001192 0.01305855858420499 0
0.158550247108986 0.01309781038479303 0
0.1568129229191479 0.01301046490312736 0
0.09161685574901735 0.02974835630463347 0
0.0871422369910286 0.02415779166501875 0
0.08803642688837397 0.02414887818368563 0
0.08896304805720301 0.02789993424858128 0
0.08984592581691363 0.02789121507413668 0
0.166451976169393 0.01337227690252249 0
0.1673403895750132 0.01253315867141209 0
0.1682160430060291 0.01343917328875624 0
0.1673276296004089 0.01427829151986664 0
0.1673340095877111 0.01340572509563936 0
0.1664594667299529 0.01161393705156894 0
0.1682309894572067 0.01169070334668733 0
0.1673452280935798 0.01165232019912814 0
0.1700094817270295 0.01179109478164461 0
0.1691076386593115 0.01261764565505353 0
0.1691202355921181 0.01174089906416597 0
0.1699766035034747 0.01352353229247968 0
0.1690850078501923 0.01434505992618239 0
0.1690963232547519 0.01348135279061796 0
0.004514402120303414 0.03471299110184509 0
0.005457266275488634 0.03554782867401658 0
0.004540951719078343 0.03558755292689697 0
0.005377859515378219 0.03378921835182619 0
0.004476637940175399 0.0338477656382076 0
0.007207253948238318 0.03363996793668939 0
0.006350370607410519 0.03460144512262397 0
0.006292556731808268 0.03371459314425779 0
0.007316247266526618 0.0354492637299621 0
0.006386756771007626 0.03549854620198933 0
0.08167659028440633 0.02232588405810086 0
0.08076905868825154 0.0233218835922498 0
0.08074400986677699 0.0223430308021792 0
0.0835094365722286 0.02230135210304314 0
0.08260845261163345 0.02327670105202674 0
0.08259301342831747 0.022313618080572 0
0.08354379670084688 0.02421080112959914 0
0.08172683331571548 0.02425288691223998 0
0.08263531500828118 0.02423184402091956 0
0.08080966094747072 0.02428426608296147 0
0.1440033885931384 0.009812043827451596 0
0.1447794065334871 0.01059439001540738 0
0.1439985705047231 0.01139330536573716 0
0.1440009795489308 0.01060267459659438 0
0.1455706940007578 0.009816107542274462 0
0.146327820780337 0.01061088046545432 0
0.1455365333130663 0.01138916293858724 0
0.145553613656912 0.01060263524043085 0
0.1462765880984833 0.01215898941800632 0
0.1447672572579526 0.01214954809940669 0
0.145521922678218 0.01215426875870651 0
0.1440046891608588 0.01216709512707896 0
0.04114290009335939 0.01710461758198542 0
0.04030189022060353 0.0179546713315606 0
0.04030528270403133 0.01712624034494414 0
0.04281657752104732 0.01704384987653385 0
0.04198327721951715 0.01790357722146155 0
0.04197973880720336 0.01707423372925963 0
0.04282760713957175 0.01871481734193296 0
0.0411397578432926 0.01876952352717263 0
0.04198368249143217 0.01874217043455279 0
0.04029771096168785 0.01878982352478728 0
0.002412109318458283 0.01782623874205603 0
0.003220472416097769 0.01869502684070318 0
0.002418757869426677 0.01954077148172329 0
0.00241543359394248 0.01868350511188966 0
0.00158884412185082 0.01034465352198714 0
0.002383646940554578 0.01037434958661832 0
0.02775514878217996 0.01063815847902045 0
0.02690958987610931 0.01063644222210383 0
0.03902053224562142 0.0008138322321843284 0
0.08442720530235706 0.02324594926977575 0
0.08534763418580525 0.02418058949613438 0
0.08444571544332606 0.02419569531286676 0
0.08532327976966267 0.02228226041260939 0
0.08441635817094564 0.02229180625782627 0
0.0862321925518555 0.02322320183260218 0
0.08622442546022693 0.02227447286143231 0
0.02511657828887089 0.02299822723913913 0
0.02508262840904883 0.02466342454772512 0
0.02426287495694578 0.02381806405122879 0
0.02509960334895986 0.02383082589343213 0
0.01366968174709996 0.01627257797869568 0
0.01367083978237244 0.01708723273086188 0
0.02350403820050204 0.01966446225587782 0
0.02432347866643843 0.02050143047298823 0
0.02349145690096957 0.0204903235247546 0
0.03885138716728974 0.007343588874485552 0
0.1654793976542313 0.005350543313674232 0
0.164569283761487 0.004443473499323389 0
0.1654331173111204 0.004457170221975947 0
0.1655408288325037 0.007138718730849589 0
0.164637430071585 0.006224099373208464 0
0.1655101132433675 0.006244631022261911 0
0.1638008796207199 0.00709217621004086 0
0.1637556299515784 0.005316942844557738 0
0.1637782547861492 0.006204559527299299 0
0.1637202061581279 0.004429772598335812 0
0.07391512366165102 0.02762368714598349 0
0.07483358213949956 0.02843833918918569 0
0.07398268118861193 0.02850016913582906 0
0.07374756225811314 0.02588955030800695 0
0.07467407424583311 0.0266721486828519 0
0.07383134295988208 0.02675661872699522 0
0.07545029171869075 0.02567582655871638 0
0.07640479514974619 0.02648013019550462 0
0.07562857767688855 0.02747645231964014 0
0.07553943469778965 0.02657613943917826 0
0.07656329780080401 0.02830797695085224 0
0.07569843997015178 0.02837315807001896 0
0.009147474791468581 0.0008084717075400854 0
0.009943057054758279 0.0008090284878438329 0
0.00564618489650566 0.02037086504722533 0
0.01853370401198825 0.02041118404200138 0
0.0202124455202113 0.01715878558280771 0
0.06798657473003107 0.02547269207357745 0
0.06720160820014548 0.02631661730005563 0
0.06717579160533091 0.02549190466268136 0
0.06398553113343165 0.01649580657827459 0
0.06477372584509722 0.01733078277177715 0
0.06396929614591537 0.01731281031790099 0
0.06805257224243715 0.02712970754856227 0
0.06883134069151237 0.02626217997137749 0
0.06887230795524794 0.02709709058029559 0
0.1473510876842806 0.01785508899374932 0
0.1486696008980692 0.01816839366858963 0
0.1483278210551786 0.01927059333662362 0
0.14700930784139 0.0189572886617833 0
0.1478394543697296 0.01856284116518647 0
0.1525685043070981 0.02116957357935764 0
0.1535286176450257 0.02215457535393149 0
0.1525538103788618 0.02313274927714383 0
0.1515936970409343 0.02214774750256999 0
0.15256115734298 0.02215116142825074 0
0.1526428188344648 0.01915806712224153 0
0.1518129630482891 0.01810102336067321 0
0.1537267071709409 0.01827695666271522 0
0.152769835109615 0.01818899001169422 0
0.1494554548270619 0.02002350070392005 0
0.1474847330345693 0.02061109952933048 0
0.1484700939308156 0.02031730011662526 0
0.1317293558195868 0.02590990546511092 0
0.1307709351451313 0.026857190277175 0
0.1298875829213011 0.0259037683355507 0
0.1308084693704439 0.02590683690033081 0
0.1326141598212545 0.02687248488287371 0
0.1326560581333691 0.02591889194815304 0
0.1316476366093924 0.0278080589753623 0
0.1325698257309429 0.02781834601180661 0
0.1298097918016262 0.02779736955655196 0
0.1307287142055093 0.02780271426595713 0
0.04776557434521927 0.01275768489861911 0
0.04732443770911295 0.01215169326026494 0
0.04805637921661451 0.01160824462765138 0
0.04849751585272083 0.01221423626600555 0
0.04791097678091689 0.01218296476313525 0
0.04657043020311995 0.01284530593429961 0
0.04593872867595677 0.01214496326819547 0
0.04669273618194977 0.0114513505941608 0
0.04663158319253485 0.0121483282642302 0
0.04607971037878669 0.01065136381570533 0
0.04695230000098267 0.009977672778479581 0
0.04756532580414575 0.01077765955693505 0
0.04682251809146623 0.01071451168632019 0
0.04846760998697139 0.01022907764377166 0
0.04895866339944015 0.01105966271448799 0
0.04826199460179294 0.01091866113571152 0
0.05902745053672794 0.02132507928758989 0
0.05898711843021237 0.02300045789807858 0
0.05900728448347016 0.02216276859283423 0
0.06144229332796378 0.02722198129097488 0
0.06227380429147646 0.0272191366496492 0
0.0672311520259344 0.02715158371711855 0
0.06956973379978787 0.0174673377424265 0
0.07041295834290831 0.01669973815674108 0
0.07036457415334424 0.01751008353482828 0
0.04584697934000172 0.006577533505091888 0
0.04503372048893874 0.005704951440669615 0
0.04607009913850928 0.004852937680862032 0
0.04688335798957227 0.005725519745284304 0
0.04595853923925551 0.005715235592976959 0
0.04406982035695528 0.00654067227475803 0
0.04421049187965075 0.004866543855661645 0
0.04414015611830302 0.005703608065209837 0
0.04517833141085096 0.004004884369602495 0
0.04425833765122615 0.004025783850722147 0
0.04724903810065557 0.003874311639640787 0
0.04621368475575326 0.003939598004621641 0
0.01018946163681618 0.03432194749631077 0
0.009101211609026993 0.03343679969830951 0
0.01011826429937502 0.03222959617927557 0
0.0101538629680956 0.03327577183779316 0
0.009219127672423132 0.03533727316843113 0
0.01020384718573387 0.03528980392303513 0
0.008230318563471874 0.03446567920443177 0
0.008267687469474875 0.03539326844919662 0
0.008078146993793438 0.03261108843056713 0
0.008154232778632656 0.03353838381749945 0
0.09521451688758756 0.01940170087026333 0
0.09610335141624327 0.02033903315557174 0
0.09519462184093341 0.02128196307817243 0
0.09520456936426047 0.02034183197421788 0
0.09612793828087488 0.01845923922796073 0
0.09522413356572115 0.01846137241704962 0
0.09701709652286783 0.01939702378392933 0
0.09703225428914583 0.01845728160696071 0
0.09698725798282667 0.02127609744588482 0
0.09700217725284727 0.02033656061490708 0
0.1487873721964711 0.008287864276592481 0
0.1480169992266389 0.007442798888056285 0
0.1488186587995223 0.007467136272642308 0
0.1487116931043421 0.00991270058556586 0
0.1479544609105309 0.009066747834285366 0
0.1487495326504066 0.00910028243107917 0
0.1471367623407232 0.009849458132449033 0
0.1463762032778789 0.009023461912311813 0
0.1471939018476865 0.008240751614148147 0
0.1471653320942049 0.00904510487329859 0
0.1464215850192744 0.007409663833278325 0
0.1472192921229566 0.007426231360667305 0
0.02354373158252997 0.01472648435909138 0
0.0235445717915811 0.01390569472667344 0
0.01686207002314744 0.009773043510346484 0
0.0168768954241262 0.01058903770933928 0
0.01205542248879459 0.02032503759792827 0
0.01366060963129244 0.01464154820891213 0
0.01365251811075439 0.01382590197051462 0
0.1448011740384904 0.009005968291670144 0
0.1456066833156115 0.008213322661707493 0
0.1455886886581846 0.009014715101990978 0
0.1432212674928822 0.009011967263590891 0
0.1440190529382342 0.008205891727809441 0
0.1440112207656863 0.009008967777630519 0
0.1432324734483704 0.007394127835910885 0
0.1448285796150926 0.007393757030216256 0
0.1440305265317315 0.00739394243306357 0
0.1456250823171835 0.007401710431747291 0
0.1375592713268818 0.00830467659032464 0
0.1383951289219469 0.009118809023101613 0
0.13757115098014 0.00914025153936392 0
0.1383809352777437 0.007458597959985772 0
0.1375568420327109 0.007471755726976332 0
0.1400121946732468 0.00743106740952273 0
0.1391980066485918 0.008271162805081431 0
0.1391965649754953 0.00744483268475425 0
0.1400222601036042 0.009074672856681476 0
0.1392086945127756 0.009096740939891546 0
0.1525505018651801 0.02505487951868187 0
0.1534827152202615 0.02598977146020432 0
0.1525423286292058 0.02695116704660088 0
0.152546415247193 0.02600302328264138 0
0.1544329091330253 0.02503711307986756 0
0.1544088191251639 0.02693201989590178 0
0.1544208641290946 0.02598456648788467 0
0.1534612367623901 0.02788033045855132 0
0.1543934236401195 0.027874411215158 0
0.1525333091009154 0.02789167263985567 0
0.02432893809102135 0.005718733494519649 0
0.02518859272269214 0.00572001853575822 0
0.0355158686269943 0.004082794545514706 0
0.036950110646994 0.01718986029099017 0
0.02514596318027496 0.02133830054280375 0
0.02513127073457293 0.02216826389097144 0
0.04367958937838395 0.02122648241480978 0
0.04452627559715482 0.02206002176130144 0
0.04367229025821487 0.02208015271559273 0
0.04368262291491599 0.01952369523605643 0
0.0445340355440698 0.02034735813220922 0
0.04368110614664997 0.0203750888254331 0
0.04539612194992815 0.0194530173638237 0
0.04539409994809938 0.02117751401729112 0
0.04539511094901377 0.02031526569055741 0
0.04538577540226808 0.02203886839522771 0
0.1110213446212383 0.02687393808951143 0
0.1118628455842781 0.02781044887576126 0
0.1109789435583286 0.02781176461085102 0
0.1133129679886785 0.01561983594219274 0
0.1141487104081179 0.01655555269618975 0
0.1132654483192211 0.01655690504073182 0
0.1174352572777895 0.02217194626224172 0
0.1183229861444292 0.02216941503500112 0
0.1033534391673789 0.01844574945413456 0
0.1042891788915498 0.0175061316831315 0
0.1042524019876769 0.01844442174697739 0
0.06964562137179189 0.01583497923153529 0
0.0688068408523799 0.01662794883385748 0
0.06883943716790711 0.01580721843648182 0
0.06471061621963869 0.02223239264710919 0
0.06551141347972123 0.02141743473903654 0
0.06551258298039017 0.02223356927944634 0
0.06390539012245744 0.02140457686083377 0
0.06390186338293337 0.02222732284260599 0
0.06472022175371178 0.02059553266884865 0
0.06552722845015949 0.01979070218937744 0
0.06551932096494036 0.02060406846420699 0
0.06484581307587373 0.01406613067406896 0
0.06565634430338033 0.01408298374391572 0
0.05895750036728381 0.0246826700003111 0
0.05894771509124275 0.02552654161979737 0
0.07045550294385142 0.01587317589590634 0
0.0640178814031778 0.01486299630553971 0
0.06322179921957363 0.01402993890441085 0
0.06403380614772368 0.0140480347892399 0
0.01692583891808196 0.01548781656534369 0
0.01095750622750926 0.004049419667145611 0
0.01176268748737352 0.004052570114589619 0
0.005497373620812828 0.005630249795979828 0
0.0136651456891962 0.0154570630938039 0
0.02515824165316843 0.02051053797144072 0
0.008464250026921603 0.001615419960196195 0
0.008507724636397835 0.00242317802312549 0
0.02860178864665974 0.01063883445959094 0
0.03038342239857881 0.003269548289221602 0
0.03037057275916797 0.004087333162994731 0
0.1043697029484673 0.01562949165559866 0
0.1044145607870494 0.01469117912250083 0
0.1136333042722107 0.02780786002782819 0
0.1154068896722573 0.02780525568282144 0
0.114520096972234 0.02780655785532482 0
0.1138886622289011 0.02217992372650687 0
0.1148163756315729 0.02124022600131901 0
0.1156616458473704 0.02217621992075629 0
0.1147751540381358 0.02217807182363158 0
0.1139726026810371 0.02030457232856121 0
0.1130437422300583 0.02124379951284025 0
0.1130863671655004 0.02030622044367314 0
0.1709831798653701 0.009200933320644471 0
0.1718670440378979 0.01017245289429275 0
0.170925058975577 0.0109926143843416 0
0.1709541194204736 0.01009677385249304 0
0.1719405464898533 0.00832571714167173 0
0.1709936493159292 0.008265279912763976 0
0.1739969422105454 0.008541887014204646 0
0.1728505369701711 0.009413783241523661 0
0.1729687443501994 0.008433802077938188 0
0.1736913888432398 0.01041945436916212 0
0.1727078959109667 0.0111781240219312 0
0.1727792164405689 0.01029595363172743 0
0.01355255785216823 0.02592402586147715 0
0.01428439842573006 0.02674286245308237 0
0.01347051724965366 0.02747213558587891 0
0.01351153755091095 0.02669808072367803 0
0.01503217064319563 0.02758816915991145 0
0.01508082873815115 0.02679112922868389 0
0.014883310916262 0.02918928102115832 0
0.01415791355063912 0.02831682323807092 0
0.01495774077972881 0.02838872509053488 0
0.01332612945134435 0.02899500148801222 0
0.013398323350499 0.02823356853694556 0
0.03174533629325604 0.02809115937760542 0
0.03091788701341866 0.02724497722624506 0
0.03175944636355637 0.02724840409083818 0
0.03089006311363911 0.02893232524230514 0
0.03173141028938253 0.02893631758387763 0
0.03006178776889384 0.02808102155933455 0
0.03004789972048085 0.02892582447570689 0
0.03007621251969273 0.0272389501643396 0
0.1279807263648097 0.02779279692635158 0
0.1289367164618663 0.02685079004411208 0
0.128895259083218 0.02779508324145177 0
0.1261610257012333 0.02779179382571779 0
0.1271125302905196 0.02684938123607492 0
0.1270708760330215 0.02779229537603468 0
0.1262396494898252 0.02590621574389294 0
0.1280579829654542 0.025903593700956 0
0.1271488162276397 0.02590490472242447 0
0.1289727829433777 0.02590368101825335 0
0.1505794739225564 0.02117992753325904 0
0.1506093152821545 0.02217860746492082 0
0.1545002056952118 0.0212062810055924 0
0.1544582821984491 0.02312893899415915 0
0.1544792439468304 0.02216760999987577 0
0.1535009877633165 0.02408298586857426 0
0.1544455956657372 0.02408302603701335 0
0.152552156122021 0.02409381439791285 0
0.02850523822657007 0.02053807433249624 0
0.007161533640706944 0.01049379393042101 0
0.02845275830505322 0.02387021448910002 0
0.01345764507304246 0.005683288962339721 0
0.06877355372638763 0.01743861733781549 0
0.05897230939874809 0.02384156394919484 0
0.06159405007683728 0.01398599367104134 0
0.06078338799221598 0.01395952883618876 0
0.06240792464820546 0.01400796628772609 0
0.06562861848974219 0.028866934736518 0
0.05976974963910469 0.02891242704530117 0
0.06060700142202065 0.02806453707040345 0
0.06061066569806055 0.02891102809867592 0
0.06951153086223258 0.02379277113620795 0
0.07028858035653812 0.0237515559954171 0
0.0639122361850438 0.0255374662089943 0
0.1067860679695293 0.02219231750247374 0
0.1077138381451176 0.02125294890566774 0
0.1085643714393609 0.02218930070626592 0
0.1076366012637726 0.02312866930307192 0
0.1076752197044451 0.02219080910436983 0
0.1226316651005203 0.02591408577176043 0
0.1216953539954722 0.02685613708480896 0
0.1217355317360325 0.02591609913702673 0
0.1225484173103787 0.02779477193608321 0
0.1216512269650311 0.02779601451216997 0
0.1031038524773329 0.02595069161489118 0
0.1040187956477482 0.02501112353127779 0
0.1039563834043721 0.02688648053153616 0
0.1039875895260602 0.02594880203140697 0
0.1486160958779251 0.01151283560335243 0
0.14787951842729 0.01066615387204593 0
0.1486638944911336 0.01071276809445915 0
0.1484899777500371 0.01307458281810337 0
0.1477866249422265 0.0122269012200056 0
0.1485530368139811 0.0122937092107279 0
0.146992636173806 0.01295831443296071 0
0.1470705768669038 0.01142757620505121 0
0.1470316065203549 0.01219294531900596 0
0.1471036696038135 0.01063851716875013 0
0.05204540781317397 0.009855359509493646 0
0.05187848857998478 0.008646376798058851 0
0.05254084627742393 0.009082208646379413 0
0.05125243617433276 0.011350066034107 0
0.05097973578833662 0.01023119826215144 0
0.05164892199375336 0.01060271277180033 0
0.04989898759182493 0.01069501829214991 0
0.04952682592895546 0.00959613302058528 0
0.05060757412546717 0.009132312990586807 0
0.05025328085864605 0.00991366564136836 0
0.05032196186692828 0.007754895426536082 0
0.05110022522345654 0.008200636112297467 0
0.1655725488093902 0.008923288207040369 0
0.1646785193956708 0.008003939404167848 0
0.1655566888209469 0.00803100346894498 0
0.1655811367425024 0.01069917045307676 0
0.1646964252953486 0.009779927355688271 0
0.1655768427759463 0.009811229330058565 0
0.1638260564666542 0.01063709217452634 0
0.1638228835582203 0.008866192191627188 0
0.1638244700124372 0.009751642183076763 0
0.1638118815894701 0.007979184200834025 0
0.01194473544125978 0.008923916305449779 0
0.004108732206071171 0.02545271955849103 0
0.0319472481083584 0.01392421806878354 0
0.02020633702983893 0.01224532207279895 0
0.1655685869904054 0.01948185196316949 0
0.1646712672121255 0.01860455302179207 0
0.1655553427646387 0.01772660906360631 0
0.165561964877522 0.0186042305133879 0
0.1656016598525105 0.02124562620725815 0
0.1646878176847855 0.02037964079446188 0
0.165585123421458 0.02036373908521382 0
0.1637879359807705 0.0212841987500432 0
0.1628732627079909 0.02039486482976279 0
0.1637731444120059 0.01949030687418147 0
0.1637805401963882 0.02038725281211233 0
0.1628751431734069 0.01859550337282923 0
0.1637732659735265 0.01770974952043983 0
0.1637732051927662 0.01860002819731065 0
0.1724628723807304 0.03501862070346617 0
0.1716723808510457 0.03417391701879427 0
0.1725631881825675 0.03339507351241242 0
0.172513030281649 0.03420684710793929 0
0.1715678196744468 0.03581786685771571 0
0.172423881121434 0.03584284458871145 0
0.1707468779155386 0.0349449506382162 0
0.1706945692579224 0.03578159072907953 0
0.1708881075750439 0.03329900973828076 0
0.1708174927452912 0.03412198018824848 0
0.07737732157328298 0.0273358138525289 0
0.07832121246576668 0.02819458985856316 0
0.07744225513328534 0.0282512834047077 0
0.07819036371410341 0.02633101503635132 0
0.07729757943192481 0.02640557261592797 0
0.07915291378924293 0.02722268251004325 0
0.07909190164152909 0.02627954647818895 0
0.07920774338886435 0.02815017456606347 0
0.1424248786948785 0.008216035553337452 0
0.1416283603073699 0.007407927930746641 0
0.1424304168778702 0.007401027883328763 0
0.1416299141430235 0.009036819185057807 0
0.1424255908179529 0.009024393224324349 0
0.140819112741044 0.008239565823174141 0
0.1408260871233138 0.009055746020869643 0
0.1408202774903083 0.007419497670134685 0
0.07446361387954449 0.02492861766031277 0
0.07519952705028853 0.02385602696918045 0
0.07532490938448964 0.02476592676394841 0
0.07352877236485704 0.02419967968161657 0
0.07363816731148509 0.02504461499481176 0
0.07321158880022463 0.0226259787437589 0
0.0741451507862676 0.02326456695642381 0
0.07337018058254084 0.02341282921268774 0
0.07475381181594271 0.02193174993948362 0
0.07497666943311562 0.02289388845433203 0
0.02422486062103808 0.02548461954665111 0
0.0250637105844097 0.02549918304204396 0
0.03126597711349004 0.00245197665060647 0
0.03212482674140377 0.002451644729845813 0
0.0104158413011982 0.01379602727905146 0
0.005583120241075594 0.01209148268874048 0
0.01357776174532242 0.02513695330718077 0
0.01823468175091817 0.002443542218253886 0
0.01016280350609922 0.00404598620866633 0
0.03522828272914182 0.02053391156671162 0
0.01649264263695304 0.0008133953259153343 0
0.003996807299102456 0.01369050818242001 0
0.03351009931012605 0.02304918397880436 0
0.03349725260247087 0.02388801663119927 0
0.007023659099592908 0.004031222866879545 0
0.1024199618211097 0.01938574767903497 0
0.1024521953566357 0.01844718769245651 0
0.110177439046672 0.02593751850957024 0
0.1111042047335687 0.02499821937297453 0
0.1110627746774035 0.02593607873124298 0
0.1162955875221678 0.02780393218568506 0
0.1023598303500515 0.02126263273081275 0
0.1023898960855806 0.02032419020492386 0
0.007780768782001131 0.03089278226620102 0
0.008821677466666504 0.03162482504790678 0
0.007929457887897284 0.03175193534838407 0
0.008501945457545609 0.02995873260998068 0
0.007676228726508631 0.03007241540312357 0
0.01004065989372097 0.02963651568467873 0
0.009409698008218746 0.03056793540121567 0
0.009271302675633291 0.02979762414732971 0
0.01070628484092726 0.03117270653258445 0
0.009763981153796883 0.03139876579024562 0
0.07348860707446342 0.01863232001757761 0
0.07411691029388634 0.01955672107160013 0
0.07319565153969393 0.02020399926950053 0
0.07334212930707867 0.01941815964353907 0
0.07440643282701805 0.01789556796024563 0
0.07358315981930751 0.01779106472544754 0
0.07515976525246876 0.01895348334192404 0
0.07526849864210655 0.01804547437153919 0
0.07474625434835205 0.02087871154457839 0
0.07495300980041041 0.01991609744325121 0
0.04530739343516499 0.01604596458479435 0
0.04444163482808089 0.01531197898955371 0
0.0452019268788109 0.01443839487140407 0
0.046067685485895 0.0151723804666447 0
0.04525466015698795 0.01524217972809921 0
0.04363974090145468 0.01616718987739541 0
0.0436030704493936 0.01454332645685735 0
0.04362140567542414 0.01535525816712638 0
0.04359614495686326 0.01295777608401348 0
0.04440134461840241 0.0137196802004193 0
0.04359960770312843 0.01375055127043542 0
0.04514385689896309 0.01290835131569186 0
0.0459444391593716 0.01362706598667663 0
0.045172891888887 0.01367337309354797 0
0.1638163958212198 0.01240468299248778 0
0.1646885926537635 0.01331495185666925 0
0.1638003285583841 0.01417062525438688 0
0.1638083621898019 0.01328765412343733 0
0.1646973621773752 0.01155014728870907 0
0.163821226143937 0.01152088758350706 0
0.1655756921648257 0.01246491388720125 0
0.1655784144536641 0.01158204217013901 0
0.1655648766583308 0.01422231487199049 0
0.1655702844115783 0.01334361437959587 0
0.1120317979090385 0.02405886379043813 0
0.1111453160535088 0.02406038216266485 0
0.1086456371867221 0.02031367704874937 0
0.1077542343539176 0.02031507577969815 0
0.1202961132581848 0.0165399799325298 0
0.120026085746112 0.02404157974461228 0
0.1469021675124055 0.01441237905980092 0
0.1475195962588192 0.01509594582943851 0
0.1468062975486528 0.01573759459083202 0
0.1468542325305291 0.01507498682531647 0
0.147668973133441 0.01372216610029614 0
0.1469474018431058 0.01368534674638081 0
0.1483154445550258 0.01457209782496067 0
0.1484027111525315 0.01382334032153202 0
0.1480567153246562 0.01595250924459229 0
0.148186079939841 0.01526230353477648 0
0.007896264919957922 0.007264910285079706 0
0.007104464016211991 0.007256022402858549 0
0.008872627447988703 0.02277079073251086 0
0.008865764088774142 0.02195967545019033 0
0.008883445803452676 0.02357302807209778 0
0.02436693690738333 0.008991262566314728 0
0.0252145574765424 0.00899338775778441 0
0.04538011833870215 0.009855333698572047 0
0.04466921313020915 0.009012468583294336 0
0.04560343927171971 0.008251086665318156 0
0.04631434448021272 0.009093951780595869 0
0.04549177880521094 0.009053210181945104 0
0.04376261015227641 0.009802906734820375 0
0.04391073451945765 0.008189292240664706 0
0.04383667233586704 0.008996099487742541 0
0.04485317277637657 0.007379375697348282 0
0.04399027743820647 0.007364982257711368 0
0.04659724583534486 0.007449244473061761 0
0.04572520930586071 0.007414310085205022 0
0.1690724054249304 0.01605494124020279 0
0.1682038595637019 0.01516974033190788 0
0.1690787066375614 0.01520000058319259 0
0.1682015864801876 0.01688829160601021 0
0.1690734369086891 0.01690425506139358 0
0.1664418793786108 0.01686299386750074 0
0.1673199514045292 0.01601201923944277 0
0.1673217329293992 0.01687564273675548 0
0.1664437214412362 0.01512057042740152 0
0.1673237905024691 0.0151451553796547 0
0.1426442411514483 0.02132673470000399 0
0.1433526209256134 0.0204824570893682 0
0.1441715124075395 0.02118457331732931 0
0.1434078767794939 0.02125565400866666 0
0.1412149810915486 0.02138561838484655 0
0.1419394751141211 0.02063522253552668 0
0.1419296111214985 0.02135617654242527 0
0.1411221111365373 0.02003339648068508 0
0.1425067715533624 0.01984710461942978 0
0.1418144413449498 0.01994025055005743 0
0.1439707859009794 0.01964117111182597 0
0.1432387787271709 0.01974413786562787 0
0.1685830244199827 0.02538457473163665 0
0.1677984538764254 0.02642013202435013 0
0.1668047344863128 0.02569596041814894 0
0.1676938794531477 0.02554026757489279 0
0.1695135447317693 0.02609098608027723 0
0.1694236574844116 0.02528019533702299 0
0.1697993627336392 0.02760451542518865 0
0.1688689724459862 0.02698371960836641 0
0.1696564537327043 0.02684775075273294 0
0.1682101526189674 0.02826940188233941 0
0.1671396340494066 0.02770581429832313 0
0.1680043032476964 0.02734476695334477 0
0.02261673850044009 0.005715341687433534 0
0.02347283829573072 0.005717037590976592 0
0.02016151906912823 0.00897498077950714 0
0.00867073196657854 0.006463163913160179 0
0.008692048546646146 0.007272472069995047 0
0.008403299658794 0.0008077099800980975 0
0.172677431237891 0.03180934695107071 0
0.1719414385360482 0.03101142712233575 0
0.1727320425239947 0.03104157110915289 0
0.1718017389296939 0.03256581997935278 0
0.1726203097102292 0.03260221023174156 0
0.1701497994647926 0.0324355061217102 0
0.1710634308194426 0.03170231636278222 0
0.1709757691972433 0.03250066305053149 0
0.170382715296812 0.03088122220295043 0
0.1711620769164301 0.03094632466264309 0
0.02354001860574277 0.01554827682042553 0
0.02331989249864389 0.0008163021373170133 0
0.0234097927793243 0.02463268487671306 0
0.02342862774548505 0.02380228731211612 0
0.01691707373905074 0.01875277397551924 0
0.1649448642320778 0.0278054720890528 0
0.1659115830815764 0.02671602748668579 0
0.1660422491407422 0.02775564319368796 0
0.1639267873653463 0.02684102412063448 0
0.1639389311158051 0.02782376463639268 0
0.1638699218453879 0.02494443768548158 0
0.1648657756934958 0.02585668874386118 0
0.1638983546053672 0.02589273090305803 0
0.1657589270982321 0.02483662167532433 0
0.1658352550899043 0.02577632458100506 0
0.09956941726975632 0.0259601012948796 0
0.09866765411755096 0.02690094159450569 0
0.09868563034384827 0.02596310743778414 0
0.1043294409200086 0.01656781166936508 0
0.1004303125101435 0.02689531292731172 0
0.1012866574002507 0.02783005798466568 0
0.0995289568091185 0.02783513965184019 0
0.1004078071046846 0.02783259881825294 0
0.09865014158755889 0.02783818004172451 0
0.02268154176397298 0.01883102966550114 0
0.02351357829406621 0.01884019957076102 0
0.004019788290383804 0.01785258639892648 0
0.003212335903939392 0.01700121431145766 0
0.004015317041228358 0.0170140771711 0
0.03022601985577546 0.01722739731337997 0
0.01687150844427334 0.02201051161025558 0
0.1384503698133098 0.02332307008567285 0
0.1392469877065287 0.0243697284163844 0
0.1383549057604432 0.02425101997410761 0
0.138823989990216 0.02137221235160758 0
0.1394973670342804 0.0226694154306651 0
0.1386371799017629 0.02234764121864021 0
0.1404116019533088 0.02196337045016737 0
0.1401772373880789 0.02356949469819251 0
0.1402944196706939 0.02276643257417994 0
0.140104709488742 0.02443757704826518 0
0.05907764952789366 0.01965876297420025 0
0.0590525500323108 0.02049192113089508 0
0.06555722064391231 0.01816397282029016 0
0.0655422245470359 0.0189773375048338 0
0.04674965076283012 0.01425406670566284 0
0.0476959679142237 0.0149194186777336 0
0.04701400263728858 0.01583773243871546 0
0.04688182670005935 0.01504589957218915 0
0.04737564180657847 0.01347230665328582 0
0.04666004048297503 0.01354968631998123 0
0.04860917247289905 0.01315205907899674 0
0.04821923993425825 0.01386668083366345 0
0.04799240713973876 0.01331218286614128 0
0.04945574353472944 0.01434657363575101 0
0.04893247151469489 0.01539931147982116 0
0.04857585572447657 0.01463299615674231 0
0.1726158100883504 0.01287196569239868 0
0.1717863429498495 0.0119294520002598 0
0.1726618529996585 0.01202504485716494 0
0.171725504620916 0.01363309775276148 0
0.1725870251347137 0.01370218241402675 0
0.1708707657013021 0.01272793239756281 0
0.1708510540621954 0.01357831502262058 0
0.1708979123384395 0.01186027339095221 0
0.09599435951209866 0.02972205526688284 0
0.0951197661326484 0.02972641928526504 0
0.09607901360371351 0.02221822791287324 0
0.09517523901646321 0.02316138718110195 0
0.0951849304286983 0.02222167512963719 0
0.09695839794114472 0.02315444965443673 0
0.0969728279619857 0.02221527355016078 0
0.0924966754465337 0.02411403514030493 0
0.09427672888289795 0.02410443472155293 0
0.09338670216471583 0.02410923493092893 0
0.02353086570512118 0.009806884223860987 0
0.02353604433620079 0.01062599505440676 0
0.002409229144192233 0.01697952780712152 0
0.01526287960418946 0.01220851093642301 0
0.008644279075920545 0.005654881898760018 0
0.05055311813302674 0.01416276628560838 0
0.0518718971064993 0.01355262536675409 0
0.05231882996143834 0.01473198040243547 0
0.05100005098796578 0.01534212132128976 0
0.05143597404723254 0.01444737334402192 0
0.05152114320042352 0.01246872591929365 0
0.05292847146490226 0.01312207033547024 0
0.0522248073326629 0.01279539812738194 0
0.05429169002734345 0.01362008208292495 0
0.05335127841722452 0.01410105659884234 0
0.05361008074612285 0.0133710762091976 0
0.05390024176965282 0.01512753805916555 0
0.05286779331386663 0.01575846186275867 0
0.05310953586554557 0.01492975923080051 0
0.0444200616443173 0.01216073806271802 0
0.04521493342131097 0.01139735001522163 0
0.04517939516013703 0.01215285066545674 0
0.04365125317938612 0.01138630107045376 0
0.04362369906812469 0.01217203857723362 0
0.04451534138122643 0.01060131989808834 0
0.04370693166583126 0.01059460390263707 0
0.04529752588000656 0.01062634185689684 0
0.1448712259029833 0.02025843034547684 0
0.1457758306890526 0.02095765097206474 0
0.1449736715482961 0.02107111214469702 0
0.1454743015312522 0.0193697585246752 0
0.1447225437161158 0.01950546481825059 0
0.1464819885398586 0.01991218247964944 0
0.1462418046863211 0.01916352359322925 0
0.146630281861811 0.02078437525069761 0
0.1244313198136726 0.025909989707783 0
0.1234927299412198 0.02685310208800009 0
0.1235314924570964 0.02591203773977171 0
0.1252981266828723 0.0268506025804321 0
0.1253354846517489 0.02590810272583796 0
0.1243504675070902 0.0277927693500328 0
0.1252557466041617 0.02779228158787529 0
0.1234494424087344 0.027793770643058 0
0.04983380640884545 0.01832166068758115 0
0.0507996442761941 0.01742428462877582 0
0.05165466445855078 0.01839734645127602 0
0.05074423543369811 0.01835950356942858 0
0.04992508092454247 0.01623103220017308 0
0.05187461433961742 0.0165353737498925 0
0.05089984763207994 0.01638320297503279 0
0.05359203596947415 0.01678910251538228 0
0.05259885699522494 0.0175660144025161 0
0.05273332515454579 0.01666223813263739 0
0.0533885391242339 0.01852574937437976 0
0.05252160179139234 0.01846154791282788 0
0.01044922604627051 0.01869636224642274 0
0.02185281288860202 0.01882052179267157 0
0.03874246981448094 0.01060578265692919 0
0.0268704536748794 0.01721725164929584 0
0.05892547475907525 0.02891134266208365 0
0.06557617742262399 0.0173490116345547 0
0.06060700544320785 0.02722112884360571 0
0.0631098807253376 0.02057448074057016 0
0.06230068936047464 0.02056107919178717 0
0.161068393895227 0.01857300022247984 0
0.1601410792085702 0.01946313338354949 0
0.159253073827528 0.01853436915419446 0
0.1601607338613775 0.01855368468833715 0
0.1619627739460597 0.0194848319653684 0
0.1619717685343169 0.01858425179765454 0
0.1619561933645055 0.02130183748663042 0
0.1610457046025743 0.02039180462223603 0
0.1619594836552826 0.02039333472599941 0
0.1601128551161721 0.02129965428907616 0
0.1592082297221679 0.02037098305038963 0
0.1601269671623711 0.02038139383631283 0
0.09160580982333119 0.02411985731888588 0
0.08625767862497835 0.02511517932855095 0
0.08624493558841693 0.02416919058057657 0
0.09605561045652668 0.02409644471894287 0
0.0969446004625043 0.02409309585769148 0
0.09686815791399436 0.02971850286236542 0
0.1762228411517467 0.01017745579031973 0
0.1756126991937814 0.009308737984481973 0
0.1764796249502988 0.008762665324599595 0
0.1763512330510228 0.009470060557459664 0
0.1753571402197901 0.01079709436869662 0
0.1761478549762596 0.01093164061231202 0
0.1746176304512933 0.009788114668673105 0
0.174524264531515 0.01060827436892937 0
0.1749920109530335 0.008062510330013513 0
0.1748048207021634 0.008925312499343309 0
0.1158249341750715 0.01842611979736755 0
0.1167068908244468 0.01842390893485651 0
0.1186148541536881 0.01467422147621605 0
0.1075988891993268 0.02406647516700534 0
0.164724004439859 0.02217057730300236 0
0.1638203665547613 0.02309837079859155 0
0.1628842980956729 0.02221199224563239 0
0.1638041512677659 0.02219128477431737 0
0.1656616788607961 0.0230255400500014 0
0.1656316693566532 0.02213558312862978 0
0.1647837043541191 0.02398908605724877 0
0.1657103029795141 0.02393108086266287 0
0.1629065840460302 0.02405372242682436 0
0.1638451442000746 0.02402140424203657 0
0.112960190024368 0.02311936099075486 0
0.1129184323899557 0.02405727664204148 0
0.1133650470945127 0.01468302163346785 0
0.1130019661272132 0.02218158025179755 0
0.1031628977579022 0.02407506349782272 0
0.1040503725632436 0.02407321845944585 0
0.04793184273626162 0.009266921487464202 0
0.04899105867824569 0.008633976864277819 0
0.04872933433260855 0.009431527254024741 0
0.04729388721549167 0.008383200489580488 0
0.04712309360823718 0.009180436634030033 0
0.04766648928331538 0.006659510659117666 0
0.04836313066346219 0.007593466675636394 0
0.04748018824940352 0.007521355574349077 0
0.04969403385214478 0.006714385237894657 0
0.04934254626519524 0.007674181051086238 0
0.0445249847952963 0.0186417485367043 0
0.04537267653238027 0.01773487571137262 0
0.04624381368701212 0.01854614453849203 0
0.04538439924115421 0.01859394653759816 0
0.04366996901995206 0.01783287064258083 0
0.04367629596743403 0.01867828293931863 0
0.04449313240035942 0.01695621064344239 0
0.04365485496070337 0.01700003025998812 0
0.04618693756718584 0.01682462965272458 0
0.04534003498377263 0.01689042014808349 0
0.1610266266509208 0.02408386545640683 0
0.1619610136730824 0.02313829374814117 0
0.1619666053484755 0.02406879394161559 0
0.1600947811433782 0.02315314155742012 0
0.1600877178090147 0.02408827678084412 0
0.1610329089419149 0.0222281389891392 0
0.1601038181297751 0.02222639792324813 0
0.1619586035187939 0.02222006561738579 0
0.1021930719451837 0.02689055919156838 0
0.1013366454726209 0.02595503139528027 0
0.10224742600477 0.02501516381860306 0
0.1022202489749769 0.02595286150508572 0
0.1149842905185413 0.01749074897652169 0
0.1150288618017899 0.01655394018777295 0
0.11654845156258 0.02217408309149901 0
0.1023026850098574 0.02313915062038585 0
0.1013872132567252 0.02407925094116619 0
0.1022750555073137 0.02407715721949445 0
0.03686860033452517 0.02387389596629354 0
0.02953721385179907 0.002452179206203924 0
0.03040159548264456 0.002452077928405197 0
0.03699418432720923 0.01389180969348423 0
0.02352235082952279 0.008988462458200203 0
0.1023312576799545 0.0222008916755993 0
0.1148992540309505 0.01936512998717556 0
0.1149417722747459 0.01842793948184862 0
0.1004757502322337 0.02501981976284815 0
0.1004989946628426 0.0240816671561556 0
0.1004530313711886 0.02595756634507993 0
0.03374004458511922 0.007356325456033708 0
0.01364552075282475 0.02195098708295979 0
0.03352207896924518 0.02221292454311734 0
0.02867349210631176 0.001634516573466329 0
0.0286615006394488 0.002451981931634128 0
0.05505625823203075 0.01864676724703445 0
0.05592839081540878 0.01785288890218512 0
0.05587116783938323 0.01869306469994025 0
0.05429496881025311 0.01772549763133334 0
0.05422239867813232 0.0185862583107071 0
0.0545075685024851 0.01603991081077688 0
0.05521050134326407 0.01697630592672793 0
0.0544012686563691 0.01688270422105511 0
0.056071898279455 0.01621387000532822 0
0.05600014454743189 0.01703337945375667 0
0.05510329094738144 0.01309252484954177 0
0.05560915971232294 0.01394391079903729 0
0.05479755879228494 0.01447146803242047 0
0.0549504248698332 0.01378199644098112 0
0.05634021779095265 0.01324479733729779 0
0.05622830497782293 0.01466024269648416 0
0.05628426138438779 0.01395252001689098 0
0.05540488552511723 0.0153838407840318 0
0.05615010162863895 0.01543705635090619 0
0.05465256364738502 0.01525568942159868 0
0.01394826477079524 0.02991425017741836 0
0.01303939380244215 0.03053870741723916 0
0.01241725848299126 0.02961945872783302 0
0.01318276162689325 0.02976685445262569 0
0.01465550044120516 0.03083381823754315 0
0.01476940567873358 0.03001154962935074 0
0.0136073447512805 0.0315839819330206 0
0.01449255029179268 0.03169618356857536 0
0.01174029061689356 0.03116498599988447 0
0.01267381768408703 0.03137448396645253 0
0.04800533974361912 0.01842970741110713 0
0.0489343448900981 0.01744746182430264 0
0.04891957307623229 0.01837568404934414 0
0.04711467041014777 0.01760263831795985 0
0.04712457671531561 0.01848792597479958 0
0.04794173548025051 0.01661574110395073 0
0.04706433652371817 0.01672018537833766 0
0.04893340820239649 0.01642338665206191 0
0.1694190514423924 0.03150463218796418 0
0.1687997825041904 0.03059915920133451 0
0.16976344635861 0.02997574921632075 0
0.1695912489005011 0.03074019070214247 0
0.1684432866860022 0.03222008741282226 0
0.1692965430753974 0.03232779676726623 0
0.167689081178274 0.03117447090623395 0
0.1675417907151262 0.03206554203231702 0
0.1681922628674142 0.02930334093332511 0
0.1679406720228441 0.03023890591977953 0
0.1573594504326696 0.02033316085326985 0
0.1583084118133805 0.01942369130564104 0
0.1582838400774187 0.02035207195182974 0
0.1554925670130476 0.02027860018206045 0
0.156460411219029 0.01936417430841624 0
0.1564260087228586 0.02030588051766515 0
0.1555898837139553 0.01839422533963784 0
0.1574284085191731 0.01847652737665471 0
0.1565091461165642 0.01843537635814627 0
0.1583407411733506 0.01850544826542459 0
0.1504955731780448 0.01896395706490473 0
0.1516195922735393 0.02012038389424373 0
0.1505375235503006 0.02007194229908189 0
0.1545840921858594 0.0192795759838235 0
0.1546582954424481 0.01833559100117653 0
0.1535917308680236 0.02020725680735545 0
0.1545421489405356 0.02024292849470795 0
0.1526056615707815 0.02016382035079958 0
0.04928265464138885 0.01205440988005926 0
0.04939431126156707 0.01299223269305045 0
0.04894591355714395 0.012603234479528 0
0.05022297883377362 0.01168976545772118 0
0.04959082111660688 0.01137471408610458 0
0.05049168585986438 0.01280842534290782 0
0.05087206101709857 0.01207924568850741 0
0.0499737146972969 0.01357749948932942 0
0.1637840420285067 0.01593781452556312 0
0.1646694785039293 0.01683847527984202 0
0.1637786540010166 0.01682378202300147 0
0.164677170334996 0.01507660452832542 0
0.1637921852934454 0.015054219889975 0
0.1655560151179014 0.01597486008373646 0
0.1655604458881161 0.01509858747786347 0
0.16555567894127 0.01685073457367138 0
0.04790508860924305 0.00492566762857435 0
0.04868821990298616 0.005859658542407712 0
0.04778578894627922 0.005792589143846008 0
0.04894822379449885 0.004248379156597042 0
0.04809863094757721 0.004061345398118914 0
0.04960730797499779 0.00497556564535525 0
0.04962910147271271 0.004318341776838867 0
0.04965067091357129 0.005844975441624954 0
0.1094930219361775 0.02125001078317192 0
0.1095351517452332 0.02031226412771879 0
0.06875310078462779 0.02462098447460677 0
0.06879222073807008 0.02544158222299213 0
0.06872163807765094 0.02381630091110228 0
0.06391505123952469 0.0205850067047094 0
0.1148578148312617 0.02030267799424728 0
0.05910569309483227 0.0188317100313112 0
0.06400170626830472 0.01567940144190715 0
0.07061797265559153 0.02870691695131544 0
0.1693115087608651 0.02930414430126439 0
0.1701635775396305 0.02879047607624045 0
0.1699635119491203 0.0293831126462806 0
0.1693293985124183 0.02827020525027869 0
0.1687608306899163 0.0287867730918019 0
0.1699814701366349 0.02819749575071455 0
0.1483372365352741 0.01682848204319374 0
0.149754508220412 0.01779796196603275 0
0.1490458723778431 0.01731322200461324 0
0.1507837356343505 0.01794949266335298 0
0.01122960400549265 0.02924904746666171 0
0.01071159962931861 0.03008235191838698 0
0.01063513194960681 0.02944278157567022 0
0.01174560540528491 0.03007463138568699 0
0.01182343124424195 0.02943425309724736 0
0.01122594512310609 0.03062366895913572 0
0.1768305036040066 0.007650815795968626 0
0.1760342029514333 0.007127691404798436 0
0.1766483799434626 0.007076604102894964 0
0.176043883406834 0.008112830608581128 0
0.1766550642771527 0.00820674056028411 0
0.1755131069522334 0.007595100867405976 0
0.08809161274432398 0.0288485397178648 0
0.08807889627974505 0.02791105870315954 0
0.08810545984819101 0.02978292031001971 0
0.1127480749282444 0.02780915445179473 0
0.1030450855933706 0.02782575059649557 0
0.1021658714968106 0.02782790429058062 0
0.1094525261459732 0.02218780813913434 0
0.06163361690104899 0.01077697551115179 0
0.06246902474122112 0.01078815669563988 0
0.05802584983307469 0.00935454962661882 0
0.06077659223479163 0.01074524123090756 0
0.02869499219413134 0.0008172582867331646 0
0.002423105370376589 0.02041647766120341 0
0.02338801821476463 0.02546636286172789 0
0.04823028673311484 0.0005018864448761026 0
0.04747385520446905 0.001188069359322362 0
0.0475217533339776 0.0005940346796611808 0
0.04849661640143127 0.001328037431623737 0
0.04884325011381201 0.0006640187158118685 0
0.0478341807889617 0.00173251872814481 0
0.07365995646575145 0.02193854789633676 0
0.0736523989981608 0.02088550950143152 0
0.07420310540705176 0.02140862972045757 0
0.07282109401340356 0.02141662498383634 0
0.07301634140681409 0.02202130186379762 0
0.07300837277654874 0.02081031212666843 0
0.147606707082397 0.01711525725528548 0
0.147326185871779 0.01623928445668402 0
0.1478317112035266 0.01653388324993888 0
0.1467303834644781 0.01686435866656403 0
0.1470407355743794 0.01735972383015667 0
0.1467683405065654 0.01630097662869803 0
0.05628187994986954 0.01201729661567613 0
0.05540911213302123 0.01196856627337829 0
0.05586568986696103 0.01159942269682722 0
0.05576039242004655 0.01276072183998198 0
0.0563110488704111 0.01263104697648696 0
0.05525620154020134 0.01253054556146004 0
0.1398613075399117 0.02026974048262007 0
0.1399146220024552 0.02131150642717497 0
0.1393426487650638 0.02082097641711382 0
0.140718001140695 0.02073375436185414 0
0.1404917093382245 0.02015156848165257 0
0.1405648015470019 0.02134856240601075 0
0.08627408983562174 0.02605711432351127 0
0.09516616966971231 0.0241004397202479 0
0.103924945938808 0.02782389500698133 0
0.1058958851586794 0.02219390720929436 0
0.1092926807892808 0.02593898470302155 0
0.02176663139989046 0.005713262069913368 0
0.004024830117794233 0.01869802345886998 0
0.01684205828038757 0.008957536189519022 0
0.0008000659384889836 0.01439702397619153 0
0.0008010719483861478 0.01523199326533203 0
0.0007980085159079096 0.01273585365930819 0
0.0007990372271984465 0.01356643881781741 0
0.0007956600861336108 0.01111093249944553 0
0.0007968343010207601 0.01192339307931121 0
0.0007931840357172093 0.009495009259992235 0
0.00079442206092541 0.01030297087988075 0
0.0007904234847639358 0.007936416687656968 0
0.0007918037602405725 0.008715712973812252 0
0.0007878251271286678 0.006382455894838303 0
0.0007891243059463017 0.007159436291247634 0
0.000785836217604599 0.004817880227658573 0
0.0007868306723666334 0.005600168061475347 0
0.0007855754676327557 0.003248667554915997 0
0.0007857058426186773 0.004033273891471903 0
0.0007890369908575418 0.001626275206344618 0
0.0007873062292451487 0.002437471380495334 0
0.0007938873299416943 0.0008131376031723075 0
$EndNodes
$Elements
9 9232 1 9232
1 1 1 48
1 8 9 
2 9 10 
3 10 11 
4 11 12 
5 12 13 
6 13 14 
7 14 15 
8 15 16 
9 16 17 
10 17 18 
11 18 19 
12 19 20 
13 20 21 
14 21 22 
15 22 23 
16 23 24 
17 24 25 
18 25 26 
19 26 27 
20 27 28 
21 28 29 
22 29 30 
23 30 31 
24 31 32 
25 32 33 
26 33 34 
27 34 35 
28 35 36 
29 36 37 
30 37 38 
31 38 39 
32 39 40 
33 40 41 
34 41 42 
35 42 43 
36 43 44 
37 44 45 
38 45 46 
39 46 47 
40 47 48 
41 48 49 
42 49 50 
43 50 51 
44 51 52 
45 52 53 
46 53 54 
47 54 55 
48 55 1 
1 2 1 60
49 1 56 
50 56 57 
51 57 58 
52 58 59 
53 59 60 
54 60 61 
55 61 62 
56 62 63 
57 63 64 
58 64 65 
59 65 66 
60 66 67 
61 67 68 
62 68 69 
63 69 70 
64 70 71 
65 71 72 
66 72 73 
67 73 74 
68 74 75 
69 75 76 
70 76 77 
71 77 78 
72 78 79 
73 79 80 
74 80 81 
75 81 82 
76 82 83 
77 83 84 
78 84 85 
79 85 86 
80 86 87 
81 87 88 
82 88 89 
83 89 90 
84 90 91 
85 91 92 
86 92 93 
87 93 94 
88 94 95 
89 95 96 
90 96 97 
91 97 98 
92 98 99 
93 99 100 
94 100 101 
95 101 102 
96 102 103 
97 103 104 
98 104 105 
99 105 106 
100 106 107 
101 107 108 
102 108 109 
103 109 110 
104 110 111 
105 111 112 
106 112 113 
107 113 114 
108 114 2 
1 3 1 20
109 2 115 
110 115 116 
111 116 117 
112 117 118 
113 118 119 
114 119 120 
115 120 121 
116 121 122 
117 122 123 
118 123 124 
119 124 125 
120 125 126 
121 126 127 
122 127 128 
123 128 129 
124 129 130 
125 130 131 
126 131 132 
127 132 133 
128 133 3 
1 4 1 80
129 3 134 
130 134 135 
131 135 136 
132 136 137 
133 137 138 
134 138 139 
135 139 140 
136 140 141 
137 141 142 
138 142 143 
139 143 144 
140 144 145 
141 145 146 
142 146 147 
143 147 148 
144 148 149 
145 149 150 
146 150 151 
147 151 152 
148 152 153 
149 153 154 
150 154 155 
151 155 156 
152 156 157 
153 157 158 
154 158 159 
155 159 160 
156 160 161 
157 161 162 
158 162 163 
159 163 164 
160 164 165 
161 165 166 
162 166 167 
163 167 168 
164 168 169 
165 169 170 
166 170 171 
167 171 172 
168 172 173 
169 173 174 
170 174 175 
171 175 176 
172 176 177 
173 177 178 
174 178 179 
175 179 180 
176 180 181 
177 181 182 
178 182 183 
179 183 184 
180 184 185 
181 185 186 
182 186 187 
183 187 188 
184 188 189 
185 189 190 
186 190 191 
187 191 192 
188 192 193 
189 193 194 
190 194 195 
191 195 196 
192 196 197 
193 197 198 
194 198 199 
195 199 200 
196 200 201 
197 201 202 
198 202 203 
199 203 204 
200 204 205 
201 205 206 
202 206 207 
203 207 208 
204 208 209 
205 209 210 
206 210 211 
207 211 212 
208 212 4 
1 5 1 12
209 4 213 
210 213 214 
211 214 215 
212 215 216 
213 216 217 
214 217 218 
215 218 219 
216 219 220 
217 220 221 
218 221 222 
219 222 223 
220 223 5 
1 6 1 60
221 5 224 
222 224 225 
223 225 226 
224 226 227 
225 227 228 
226 228 229 
227 229 230 
228 230 231 
229 231 232 
230 232 233 
231 233 234 
232 234 235 
233 235 236 
234 236 237 
235 237 238 
236 238 239 
237 239 240 
238 240 241 
239 241 242 
240 242 243 
241 243 244 
242 244 245 
243 245 246 
244 246 247 
245 247 248 
246 248 249 
247 249 250 
248 250 251 
249 251 252 
250 252 253 
251 253 254 
252 254 255 
253 255 256 
254 256 257 
255 257 258 
256 258 259 
257 259 260 
258 260 261 
259 261 262 
260 262 263 
261 263 264 
262 264 265 
263 265 266 
264 266 267 
265 267 268 
266 268 269 
267 269 270 
268 270 271 
269 271 272 
270 272 273 
271 273 274 
272 274 275 
273 275 276 
274 276 277 
275 277 278 
276 278 279 
277 279 280 
278 280 281 
279 281 282 
280 282 6 
1 7 1 52
281 6 283 
282 283 284 
283 284 285 
284 285 286 
285 286 287 
286 287 288 
287 288 289 
288 289 290 
289 290 291 
290 291 292 
291 292 293 
292 293 294 
293 294 295 
294 295 296 
295 296 297 
296 297 298 
297 298 299 
298 299 300 
299 300 301 
300 301 302 
301 302 303 
302 303 304 
303 304 305 
304 305 306 
305 306 307 
306 307 308 
307 308 309 
308 309 310 
309 310 311 
310 311 312 
311 312 313 
312 313 314 
313 314 315 
314 315 316 
315 316 317 
316 317 318 
317 318 319 
318 319 320 
319 320 321 
320 321 322 
321 322 323 
322 323 324 
323 324 325 
324 325 326 
325 326 327 
326 327 328 
327 328 329 
328 329 330 
329 330 331 
330 331 332 
331 332 333 
332 333 7 
1 8 1 204
333 7 334 
334 334 335 
335 335 336 
336 336 337 
337 337 338 
338 338 339 
339 339 340 
340 340 341 
341 341 342 
342 342 343 
343 343 344 
344 344 345 
345 345 346 
346 346 347 
347 347 348 
348 348 349 
349 349 350 
350 350 351 
351 351 352 
352 352 353 
353 353 354 
354 354 355 
355 355 356 
356 356 357 
357 357 358 
358 358 359 
359 359 360 
360 360 361 
361 361 362 
362 362 363 
363 363 364 
364 364 365 
365 365 366 
366 366 367 
367 367 368 
368 368 369 
369 369 370 
370 370 371 
371 371 372 
372 372 373 
373 373 374 
374 374 375 
375 375 376 
376 376 377 
377 377 378 
378 378 379 
379 379 380 
380 380 381 
381 381 382 
382 382 383 
383 383 384 
384 384 385 
385 385 386 
386 386 387 
387 387 388 
388 388 389 
389 389 390 
390 390 391 
391 391 392 
392 392 393 
393 393 394 
394 394 395 
395 395 396 
396 396 397 
397 397 398 
398 398 399 
399 399 400 
400 400 401 
401 401 402 
402 402 403 
403 403 404 
404 404 405 
405 405 406 
406 406 407 
407 407 408 
408 408 409 
409 409 410 
410 410 411 
411 411 412 
412 412 413 
413 413 414 
414 414 415 
415 415 416 
416 416 417 
417 417 418 
418 418 419 
419 419 420 
420 420 421 
421 421 422 
422 422 423 
423 423 424 
424 424 425 
425 425 426 
426 426 427 
427 427 428 
428 428 429 
429 429 430 
430 430 431 
431 431 432 
432 432 433 
433 433 434 
434 434 435 
435 435 436 
436 436 437 
437 437 438 
438 438 439 
439 439 440 
440 440 441 
441 441 442 
442 442 443 
443 443 444 
444 444 445 
445 445 446 
446 446 447 
447 447 448 
448 448 449 
449 449 450 
450 450 451 
451 451 452 
452 452 453 
453 453 454 
454 454 455 
455 455 456 
456 456 457 
457 457 458 
458 458 459 
459 459 460 
460 460 461 
461 461 462 
462 462 463 
463 463 464 
464 464 465 
465 465 466 
466 466 467 
467 467 468 
468 468 469 
469 469 470 
470 470 471 
471 471 472 
472 472 473 
473 473 474 
474 474 475 
475 475 476 
476 476 477 
477 477 478 
478 478 479 
479 479 480 
480 480 481 
481 481 482 
482 482 483 
483 483 484 
484 484 485 
485 485 486 
486 486 487 
487 487 488 
488 488 489 
489 489 490 
490 490 491 
491 491 492 
492 492 493 
493 493 494 
494 494 495 
495 495 496 
496 496 497 
497 497 498 
498 498 499 
499 499 500 
500 500 501 
501 501 502 
502 502 503 
503 503 504 
504 504 505 
505 505 506 
506 506 507 
507 507 508 
508 508 509 
509 509 510 
510 510 511 
511 511 512 
512 512 513 
513 513 514 
514 514 515 
515 515 516 
516 516 517 
517 517 518 
518 518 519 
519 519 520 
520 520 521 
521 521 522 
522 522 523 
523 523 524 
524 524 525 
525 525 526 
526 526 527 
527 527 528 
528 528 529 
529 529 530 
530 530 531 
531 531 532 
532 532 533 
533 533 534 
534 534 535 
535 535 536 
536 536 8 
2 1 3 8696
537 867 2578 2582 2581 
538 2578 925 2579 2582 
539 2582 2579 928 2580 
540 2581 2582 2580 927 
541 925 2583 2586 2579 
542 2583 866 2584 2586 
543 2586 2584 926 2585 
544 2579 2586 2585 928 
545 928 2585 2589 2588 
546 2585 926 2587 2589 
547 2589 2587 197 198 
548 2588 2589 198 199 
549 927 2580 2591 2590 
550 2580 928 2588 2591 
551 2591 2588 199 200 
552 2590 2591 200 201 
553 584 2592 2596 2595 
554 2592 929 2593 2596 
555 2596 2593 932 2594 
556 2595 2596 2594 931 
557 929 2597 2600 2593 
558 2597 586 2598 2600 
559 2600 2598 930 2599 
560 2593 2600 2599 932 
561 932 2599 2603 2602 
562 2599 930 2601 2603 
563 2603 2601 521 522 
564 2602 2603 522 523 
565 931 2594 2605 2604 
566 2594 932 2602 2605 
567 2605 2602 523 524 
568 2604 2605 524 525 
569 894 2606 2610 2609 
570 2606 933 2607 2610 
571 2610 2607 936 2608 
572 2609 2610 2608 935 
573 933 2611 2614 2607 
574 2611 896 2612 2614 
575 2614 2612 934 2613 
576 2607 2614 2613 936 
577 936 2613 2617 2616 
578 2613 934 2615 2617 
579 2617 2615 271 272 
580 2616 2617 272 273 
581 935 2608 2619 2618 
582 2608 936 2616 2619 
583 2619 2616 273 274 
584 2618 2619 274 275 
585 729 2620 2624 2623 
586 2620 937 2621 2624 
587 2624 2621 940 2622 
588 2623 2624 2622 939 
589 937 2625 2627 2621 
590 2625 365 366 2627 
591 2627 366 367 2626 
592 2621 2627 2626 940 
593 940 2626 2630 2629 
594 2626 367 368 2630 
595 2630 368 369 2628 
596 2629 2630 2628 938 
597 939 2622 2633 2632 
598 2622 940 2629 2633 
599 2633 2629 938 2631 
600 2632 2633 2631 730 
601 738 2634 2638 2637 
602 2634 941 2635 2638 
603 2638 2635 944 2636 
604 2637 2638 2636 943 
605 941 2639 2641 2635 
606 2639 389 390 2641 
607 2641 390 391 2640 
608 2635 2641 2640 944 
609 944 2640 2644 2643 
610 2640 391 392 2644 
611 2644 392 393 2642 
612 2643 2644 2642 942 
613 943 2636 2647 2646 
614 2636 944 2643 2647 
615 2647 2643 942 2645 
616 2646 2647 2645 740 
617 552 2648 2652 2651 
618 2648 945 2649 2652 
619 2652 2649 948 2650 
620 2651 2652 2650 947 
621 945 2653 2656 2649 
622 2653 553 2654 2656 
623 2656 2654 946 2655 
624 2649 2656 2655 948 
625 948 2655 2659 2658 
626 2655 946 2657 2659 
627 2659 2657 157 158 
628 2658 2659 158 159 
629 947 2650 2661 2660 
630 2650 948 2658 2661 
631 2661 2658 159 160 
632 2660 2661 160 161 
633 485 486 2665 2664 
634 486 487 2662 2665 
635 2665 2662 952 2663 
636 2664 2665 2663 951 
637 487 488 2668 2662 
638 488 489 2666 2668 
639 2668 2666 949 2667 
640 2662 2668 2667 952 
641 952 2667 2672 2671 
642 2667 949 2669 2672 
643 2672 2669 602 2670 
644 2671 2672 2670 950 
645 951 2663 2675 2674 
646 2663 952 2671 2675 
647 2675 2671 950 2673 
648 2674 2675 2673 601 
649 620 2676 2680 2679 
650 2676 953 2677 2680 
651 2680 2677 956 2678 
652 2679 2680 2678 955 
653 953 2681 2683 2677 
654 2681 449 450 2683 
655 2683 450 451 2682 
656 2677 2683 2682 956 
657 956 2682 2686 2685 
658 2682 451 452 2686 
659 2686 452 453 2684 
660 2685 2686 2684 954 
661 955 2678 2689 2688 
662 2678 956 2685 2689 
663 2689 2685 954 2687 
664 2688 2689 2687 619 
665 2369 2690 2694 2693 
666 2690 2384 2691 2694 
667 2694 2691 2385 2692 
668 2693 2694 2692 2370 
669 2279 2695 2699 2698 
670 2695 2294 2696 2699 
671 2699 2696 2295 2697 
672 2698 2699 2697 2280 
673 2247 2700 2704 2703 
674 2700 2262 2701 2704 
675 2704 2701 2263 2702 
676 2703 2704 2702 2248 
677 2174 2705 2709 2708 
678 2705 2189 2706 2709 
679 2709 2706 2190 2707 
680 2708 2709 2707 2175 
681 752 2710 2714 2713 
682 2710 957 2711 2714 
683 2714 2711 960 2712 
684 2713 2714 2712 959 
685 957 2715 2718 2711 
686 2715 751 2716 2718 
687 2718 2716 958 2717 
688 2711 2718 2717 960 
689 960 2717 2721 2720 
690 2717 958 2719 2721 
691 2721 2719 409 410 
692 2720 2721 410 411 
693 959 2712 2723 2722 
694 2712 960 2720 2723 
695 2723 2720 411 412 
696 2722 2723 412 413 
697 477 478 2727 2726 
698 478 479 2724 2727 
699 2727 2724 964 2725 
700 2726 2727 2725 963 
701 479 480 2730 2724 
702 480 481 2728 2730 
703 2730 2728 961 2729 
704 2724 2730 2729 964 
705 964 2729 2734 2733 
706 2729 961 2731 2734 
707 2734 2731 606 2732 
708 2733 2734 2732 962 
709 963 2725 2737 2736 
710 2725 964 2733 2737 
711 2737 2733 962 2735 
712 2736 2737 2735 607 
713 889 2738 2742 2741 
714 2738 965 2739 2742 
715 2742 2739 968 2740 
716 2741 2742 2740 967 
717 965 2743 2746 2739 
718 2743 869 2744 2746 
719 2746 2744 966 2745 
720 2739 2746 2745 968 
721 968 2745 2749 2748 
722 2745 966 2747 2749 
723 2749 2747 227 228 
724 2748 2749 228 229 
725 967 2740 2751 2750 
726 2740 968 2748 2751 
727 2751 2748 229 230 
728 2750 2751 230 231 
729 5 224 2754 223 
730 224 225 2752 2754 
731 2754 2752 970 2753 
732 223 2754 2753 222 
733 225 226 2756 2752 
734 226 227 2747 2756 
735 2756 2747 966 2755 
736 2752 2756 2755 970 
737 970 2755 2759 2758 
738 2755 966 2744 2759 
739 2759 2744 869 2757 
740 2758 2759 2757 969 
741 222 2753 2761 221 
742 2753 970 2758 2761 
743 2761 2758 969 2760 
744 221 2761 2760 220 
745 738 2762 2765 2634 
746 2762 971 2763 2765 
747 2765 2763 973 2764 
748 2634 2765 2764 941 
749 971 2766 2769 2763 
750 2766 739 2767 2769 
751 2769 2767 972 2768 
752 2763 2769 2768 973 
753 973 2768 2772 2771 
754 2768 972 2770 2772 
755 2772 2770 385 386 
756 2771 2772 386 387 
757 941 2764 2773 2639 
758 2764 973 2771 2773 
759 2773 2771 387 388 
760 2639 2773 388 389 
761 588 2774 2778 2777 
762 2774 974 2775 2778 
763 2778 2775 977 2776 
764 2777 2778 2776 976 
765 974 2779 2781 2775 
766 2779 513 514 2781 
767 2781 514 515 2780 
768 2775 2781 2780 977 
769 977 2780 2784 2783 
770 2780 515 516 2784 
771 2784 516 517 2782 
772 2783 2784 2782 975 
773 976 2776 2787 2786 
774 2776 977 2783 2787 
775 2787 2783 975 2785 
776 2786 2787 2785 587 
777 584 2595 2791 2790 
778 2595 931 2788 2791 
779 2791 2788 980 2789 
780 2790 2791 2789 979 
781 931 2604 2793 2788 
782 2604 525 526 2793 
783 2793 526 527 2792 
784 2788 2793 2792 980 
785 980 2792 2796 2795 
786 2792 527 528 2796 
787 2796 528 529 2794 
788 2795 2796 2794 978 
789 979 2789 2799 2798 
790 2789 980 2795 2799 
791 2799 2795 978 2797 
792 2798 2799 2797 585 
793 193 194 2803 2802 
794 194 195 2800 2803 
795 2803 2800 983 2801 
796 2802 2803 2801 982 
797 195 196 2805 2800 
798 196 197 2587 2805 
799 2805 2587 926 2804 
800 2800 2805 2804 983 
801 983 2804 2808 2807 
802 2804 926 2584 2808 
803 2808 2584 866 2806 
804 2807 2808 2806 981 
805 982 2801 2811 2810 
806 2801 983 2807 2811 
807 2811 2807 981 2809 
808 2810 2811 2809 560 
809 169 170 2815 2814 
810 170 171 2812 2815 
811 2815 2812 987 2813 
812 2814 2815 2813 986 
813 171 172 2818 2812 
814 172 173 2816 2818 
815 2818 2816 984 2817 
816 2812 2818 2817 987 
817 987 2817 2822 2821 
818 2817 984 2819 2822 
819 2822 2819 561 2820 
820 2821 2822 2820 985 
821 986 2813 2825 2824 
822 2813 987 2821 2825 
823 2825 2821 985 2823 
824 2824 2825 2823 562 
825 385 2770 2828 384 
826 2770 972 2826 2828 
827 2828 2826 990 2827 
828 384 2828 2827 383 
829 972 2767 2831 2826 
830 2767 739 2829 2831 
831 2831 2829 988 2830 
832 2826 2831 2830 990 
833 990 2830 2835 2834 
834 2830 988 2832 2835 
835 2835 2832 736 2833 
836 2834 2835 2833 989 
837 383 2827 2837 382 
838 2827 990 2834 2837 
839 2837 2834 989 2836 
840 382 2837 2836 381 
841 306 2838 2841 305 
842 2838 991 2839 2841 
843 2841 2839 994 2840 
844 305 2841 2840 304 
845 991 2842 2845 2839 
846 2842 828 2843 2845 
847 2845 2843 992 2844 
848 2839 2845 2844 994 
849 994 2844 2849 2848 
850 2844 992 2846 2849 
851 2849 2846 832 2847 
852 2848 2849 2847 993 
853 304 2840 2851 303 
854 2840 994 2848 2851 
855 2851 2848 993 2850 
856 303 2851 2850 302 
857 2164 2852 2856 2855 
858 2852 2179 2853 2856 
859 2856 2853 2180 2854 
860 2855 2856 2854 2165 
861 2406 2857 2861 2860 
862 2857 2421 2858 2861 
863 2861 2858 2422 2859 
864 2860 2861 2859 2407 
865 2355 2862 2866 2865 
866 2862 2370 2863 2866 
867 2866 2863 2371 2864 
868 2865 2866 2864 2356 
869 2329 2867 2871 2870 
870 2867 2344 2868 2871 
871 2871 2868 2345 2869 
872 2870 2871 2869 2330 
873 538 2872 2876 2875 
874 2872 995 2873 2876 
875 2876 2873 998 2874 
876 2875 2876 2874 997 
877 995 2877 2880 2873 
878 2877 537 2878 2880 
879 2880 2878 996 2879 
880 2873 2880 2879 998 
881 998 2879 2883 2882 
882 2879 996 2881 2883 
883 2883 2881 12 13 
884 2882 2883 13 14 
885 997 2874 2885 2884 
886 2874 998 2882 2885 
887 2885 2882 14 15 
888 2884 2885 15 16 
889 746 2886 2890 2889 
890 2886 999 2887 2890 
891 2890 2887 1002 2888 
892 2889 2890 2888 1001 
893 999 2891 2894 2887 
894 2891 745 2892 2894 
895 2894 2892 1000 2893 
896 2887 2894 2893 1002 
897 1002 2893 2897 2896 
898 2893 1000 2895 2897 
899 2897 2895 401 402 
900 2896 2897 402 403 
901 1001 2888 2899 2898 
902 2888 1002 2896 2899 
903 2899 2896 403 404 
904 2898 2899 404 405 
905 2175 2707 2903 2902 
906 2707 2190 2900 2903 
907 2903 2900 2191 2901 
908 2902 2903 2901 2176 
909 2150 2904 2908 2907 
910 2904 2165 2905 2908 
911 2908 2905 2166 2906 
912 2907 2908 2906 2151 
913 2408 2909 2913 2912 
914 2909 2423 2910 2913 
915 2913 2910 2424 2911 
916 2912 2913 2911 2409 
917 93 94 2917 2916 
918 94 95 2914 2917 
919 2917 2914 2381 2915 
920 2916 2917 2915 2366 
921 298 2918 2921 297 
922 2918 1003 2919 2921 
923 2921 2919 1006 2920 
924 297 2921 2920 296 
925 1003 2922 2925 2919 
926 2922 826 2923 2925 
927 2925 2923 1004 2924 
928 2919 2925 2924 1006 
929 1006 2924 2929 2928 
930 2924 1004 2926 2929 
931 2929 2926 819 2927 
932 2928 2929 2927 1005 
933 296 2920 2931 295 
934 2920 1006 2928 2931 
935 2931 2928 1005 2930 
936 295 2931 2930 294 
937 719 2932 2936 2935 
938 2932 1007 2933 2936 
939 2936 2933 1010 2934 
940 2935 2936 2934 1009 
941 1007 2937 2940 2933 
942 2937 716 2938 2940 
943 2940 2938 1008 2939 
944 2933 2940 2939 1010 
945 1010 2939 2943 2942 
946 2939 1008 2941 2943 
947 2943 2941 326 327 
948 2942 2943 327 328 
949 1009 2934 2945 2944 
950 2934 1010 2942 2945 
951 2945 2942 328 329 
952 2944 2945 329 330 
953 409 2719 2948 408 
954 2719 958 2946 2948 
955 2948 2946 1012 2947 
956 408 2948 2947 407 
957 958 2716 2951 2946 
958 2716 751 2949 2951 
959 2951 2949 1011 2950 
960 2946 2951 2950 1012 
961 1012 2950 2954 2953 
962 2950 1011 2952 2954 
963 2954 2952 746 2889 
964 2953 2954 2889 1001 
965 407 2947 2955 406 
966 2947 1012 2953 2955 
967 2955 2953 1001 2898 
968 406 2955 2898 405 
969 2385 2956 2960 2959 
970 2956 2400 2957 2960 
971 2960 2957 2401 2958 
972 2959 2960 2958 2386 
973 2307 2961 2965 2964 
974 2961 2322 2962 2965 
975 2965 2962 2323 2963 
976 2964 2965 2963 2308 
977 2340 2966 2969 2968 
978 2966 2355 2865 2969 
979 2969 2865 2356 2967 
980 2968 2969 2967 2341 
981 2218 2970 2974 2973 
982 2970 2233 2971 2974 
983 2974 2971 2234 2972 
984 2973 2974 2972 2219 
985 618 2975 2979 2978 
986 2975 1013 2976 2979 
987 2979 2976 1016 2977 
988 2978 2979 2977 1015 
989 1013 2980 2982 2976 
990 2980 457 458 2982 
991 2982 458 459 2981 
992 2976 2982 2981 1016 
993 1016 2981 2985 2984 
994 2981 459 460 2985 
995 2985 460 461 2983 
996 2984 2985 2983 1014 
997 1015 2977 2988 2987 
998 2977 1016 2984 2988 
999 2988 2984 1014 2986 
1000 2987 2988 2986 614 
1001 521 2601 2991 520 
1002 2601 930 2989 2991 
1003 2991 2989 1018 2990 
1004 520 2991 2990 519 
1005 930 2598 2994 2989 
1006 2598 586 2992 2994 
1007 2994 2992 1017 2993 
1008 2989 2994 2993 1018 
1009 1018 2993 2997 2996 
1010 2993 1017 2995 2997 
1011 2997 2995 587 2785 
1012 2996 2997 2785 975 
1013 519 2990 2998 518 
1014 2990 1018 2996 2998 
1015 2998 2996 975 2782 
1016 518 2998 2782 517 
1017 302 2850 3001 301 
1018 2850 993 2999 3001 
1019 3001 2999 1020 3000 
1020 301 3001 3000 300 
1021 993 2847 3004 2999 
1022 2847 832 3002 3004 
1023 3004 3002 1019 3003 
1024 2999 3004 3003 1020 
1025 1020 3003 3007 3006 
1026 3003 1019 3005 3007 
1027 3007 3005 826 2922 
1028 3006 3007 2922 1003 
1029 300 3000 3008 299 
1030 3000 1020 3006 3008 
1031 3008 3006 1003 2918 
1032 299 3008 2918 298 
1033 895 3009 3013 3012 
1034 3009 1021 3010 3013 
1035 3013 3010 1023 3011 
1036 3012 3013 3011 1022 
1037 1021 3014 3016 3010 
1038 3014 894 2609 3016 
1039 3016 2609 935 3015 
1040 3010 3016 3015 1023 
1041 1023 3015 3018 3017 
1042 3015 935 2618 3018 
1043 3018 2618 275 276 
1044 3017 3018 276 277 
1045 1022 3011 3020 3019 
1046 3011 1023 3017 3020 
1047 3020 3017 277 278 
1048 3019 3020 278 279 
1049 445 3021 3024 444 
1050 3021 1024 3022 3024 
1051 3024 3022 1027 3023 
1052 444 3024 3023 443 
1053 1024 3025 3028 3022 
1054 3025 617 3026 3028 
1055 3028 3026 1025 3027 
1056 3022 3028 3027 1027 
1057 1027 3027 3032 3031 
1058 3027 1025 3029 3032 
1059 3032 3029 616 3030 
1060 3031 3032 3030 1026 
1061 443 3023 3034 442 
1062 3023 1027 3031 3034 
1063 3034 3031 1026 3033 
1064 442 3034 3033 441 
1065 613 3035 3039 3038 
1066 3035 1028 3036 3039 
1067 3039 3036 1031 3037 
1068 3038 3039 3037 1030 
1069 1028 3040 3042 3036 
1070 3040 465 466 3042 
1071 3042 466 467 3041 
1072 3036 3042 3041 1031 
1073 1031 3041 3045 3044 
1074 3041 467 468 3045 
1075 3045 468 469 3043 
1076 3044 3045 3043 1029 
1077 1030 3037 3048 3047 
1078 3037 1031 3044 3048 
1079 3048 3044 1029 3046 
1080 3047 3048 3046 612 
1081 310 3049 3052 309 
1082 3049 1032 3050 3052 
1083 3052 3050 1034 3051 
1084 309 3052 3051 308 
1085 1032 3053 3056 3050 
1086 3053 813 3054 3056 
1087 3056 3054 1033 3055 
1088 3050 3056 3055 1034 
1089 1034 3055 3059 3058 
1090 3055 1033 3057 3059 
1091 3059 3057 828 2842 
1092 3058 3059 2842 991 
1093 308 3051 3060 307 
1094 3051 1034 3058 3060 
1095 3060 3058 991 2838 
1096 307 3060 2838 306 
1097 401 2895 3063 400 
1098 2895 1000 3061 3063 
1099 3063 3061 1037 3062 
1100 400 3063 3062 399 
1101 1000 2892 3066 3061 
1102 2892 745 3064 3066 
1103 3066 3064 1035 3065 
1104 3061 3066 3065 1037 
1105 1037 3065 3070 3069 
1106 3065 1035 3067 3070 
1107 3070 3067 744 3068 
1108 3069 3070 3068 1036 
1109 399 3062 3072 398 
1110 3062 1037 3069 3072 
1111 3072 3069 1036 3071 
1112 398 3072 3071 397 
1113 891 3073 3077 3076 
1114 3073 1038 3074 3077 
1115 3077 3074 1041 3075 
1116 3076 3077 3075 1040 
1117 1038 3078 3081 3074 
1118 3078 892 3079 3081 
1119 3081 3079 1039 3080 
1120 3074 3081 3080 1041 
1121 1041 3080 3084 3083 
1122 3080 1039 3082 3084 
1123 3084 3082 259 260 
1124 3083 3084 260 261 
1125 1040 3075 3086 3085 
1126 3075 1041 3083 3086 
1127 3086 3083 261 262 
1128 3085 3086 262 263 
1129 220 2760 3089 219 
1130 2760 969 3087 3089 
1131 3089 3087 1044 3088 
1132 219 3089 3088 218 
1133 969 2757 3092 3087 
1134 2757 869 3090 3092 
1135 3092 3090 1042 3091 
1136 3087 3092 3091 1044 
1137 1044 3091 3096 3095 
1138 3091 1042 3093 3096 
1139 3096 3093 868 3094 
1140 3095 3096 3094 1043 
1141 218 3088 3098 217 
1142 3088 1044 3095 3098 
1143 3098 3095 1043 3097 
1144 217 3098 3097 216 
1145 314 3099 3102 313 
1146 3099 1045 3100 3102 
1147 3102 3100 1047 3101 
1148 313 3102 3101 312 
1149 1045 3103 3106 3100 
1150 3103 811 3104 3106 
1151 3106 3104 1046 3105 
1152 3100 3106 3105 1047 
1153 1047 3105 3109 3108 
1154 3105 1046 3107 3109 
1155 3109 3107 813 3053 
1156 3108 3109 3053 1032 
1157 312 3101 3110 311 
1158 3101 1047 3108 3110 
1159 3110 3108 1032 3049 
1160 311 3110 3049 310 
1161 326 2941 3113 325 
1162 2941 1008 3111 3113 
1163 3113 3111 1050 3112 
1164 325 3113 3112 324 
1165 1008 2938 3116 3111 
1166 2938 716 3114 3116 
1167 3116 3114 1048 3115 
1168 3111 3116 3115 1050 
1169 1050 3115 3120 3119 
1170 3115 1048 3117 3120 
1171 3120 3117 710 3118 
1172 3119 3120 3118 1049 
1173 324 3112 3122 323 
1174 3112 1050 3119 3122 
1175 3122 3119 1049 3121 
1176 323 3122 3121 322 
1177 497 498 3126 3125 
1178 498 499 3123 3126 
1179 3126 3123 1054 3124 
1180 3125 3126 3124 1053 
1181 499 500 3129 3123 
1182 500 501 3127 3129 
1183 3129 3127 1051 3128 
1184 3123 3129 3128 1054 
1185 1054 3128 3133 3132 
1186 3128 1051 3130 3133 
1187 3133 3130 594 3131 
1188 3132 3133 3131 1052 
1189 1053 3124 3136 3135 
1190 3124 1054 3132 3136 
1191 3136 3132 1052 3134 
1192 3135 3136 3134 600 
1193 318 3137 3140 317 
1194 3137 1055 3138 3140 
1195 3140 3138 1057 3139 
1196 317 3140 3139 316 
1197 1055 3141 3144 3138 
1198 3141 804 3142 3144 
1199 3144 3142 1056 3143 
1200 3138 3144 3143 1057 
1201 1057 3143 3147 3146 
1202 3143 1056 3145 3147 
1203 3147 3145 811 3103 
1204 3146 3147 3103 1045 
1205 316 3139 3148 315 
1206 3139 1057 3146 3148 
1207 3148 3146 1045 3099 
1208 315 3148 3099 314 
1209 865 3149 3153 3152 
1210 3149 1058 3150 3153 
1211 3153 3150 1060 3151 
1212 3152 3153 3151 1059 
1213 1058 3154 3156 3150 
1214 3154 867 2581 3156 
1215 3156 2581 927 3155 
1216 3150 3156 3155 1060 
1217 1060 3155 3158 3157 
1218 3155 927 2590 3158 
1219 3158 2590 201 202 
1220 3157 3158 202 203 
1221 1059 3151 3160 3159 
1222 3151 1060 3157 3160 
1223 3160 3157 203 204 
1224 3159 3160 204 205 
1225 421 3161 3164 420 
1226 3161 1061 3162 3164 
1227 3164 3162 1064 3163 
1228 420 3164 3163 419 
1229 1061 3165 3168 3162 
1230 3165 750 3166 3168 
1231 3168 3166 1062 3167 
1232 3162 3168 3167 1064 
1233 1064 3167 3172 3171 
1234 3167 1062 3169 3172 
1235 3172 3169 753 3170 
1236 3171 3172 3170 1063 
1237 419 3163 3174 418 
1238 3163 1064 3171 3174 
1239 3174 3171 1063 3173 
1240 418 3174 3173 417 
1241 599 3175 3179 3178 
1242 3175 1065 3176 3179 
1243 3179 3176 1067 3177 
1244 3178 3179 3177 1066 
1245 1065 3180 3182 3176 
1246 3180 602 2669 3182 
1247 3182 2669 949 3181 
1248 3176 3182 3181 1067 
1249 1067 3181 3184 3183 
1250 3181 949 2666 3184 
1251 3184 2666 489 490 
1252 3183 3184 490 491 
1253 1066 3177 3186 3185 
1254 3177 1067 3183 3186 
1255 3186 3183 491 492 
1256 3185 3186 492 493 
1257 481 482 3189 2728 
1258 482 483 3187 3189 
1259 3189 3187 1069 3188 
1260 2728 3189 3188 961 
1261 483 484 3191 3187 
1262 484 485 2664 3191 
1263 3191 2664 951 3190 
1264 3187 3191 3190 1069 
1265 1069 3190 3194 3193 
1266 3190 951 2674 3194 
1267 3194 2674 601 3192 
1268 3193 3194 3192 1068 
1269 961 3188 3196 2731 
1270 3188 1069 3193 3196 
1271 3196 3193 1068 3195 
1272 2731 3196 3195 606 
1273 896 3197 3200 2612 
1274 3197 1070 3198 3200 
1275 3200 3198 1072 3199 
1276 2612 3200 3199 934 
1277 1070 3201 3204 3198 
1278 3201 890 3202 3204 
1279 3204 3202 1071 3203 
1280 3198 3204 3203 1072 
1281 1072 3203 3207 3206 
1282 3203 1071 3205 3207 
1283 3207 3205 267 268 
1284 3206 3207 268 269 
1285 934 3199 3208 2615 
1286 3199 1072 3206 3208 
1287 3208 3206 269 270 
1288 2615 3208 270 271 
1289 563 3209 3213 3212 
1290 3209 1073 3210 3213 
1291 3213 3210 1076 3211 
1292 3212 3213 3211 1075 
1293 1073 3214 3216 3210 
1294 3214 185 186 3216 
1295 3216 186 187 3215 
1296 3210 3216 3215 1076 
1297 1076 3215 3219 3218 
1298 3215 187 188 3219 
1299 3219 188 189 3217 
1300 3218 3219 3217 1074 
1301 1075 3211 3222 3221 
1302 3211 1076 3218 3222 
1303 3222 3218 1074 3220 
1304 3221 3222 3220 565 
1305 322 3121 3225 321 
1306 3121 1049 3223 3225 
1307 3225 3223 1078 3224 
1308 321 3225 3224 320 
1309 1049 3118 3228 3223 
1310 3118 710 3226 3228 
1311 3228 3226 1077 3227 
1312 3223 3228 3227 1078 
1313 1078 3227 3231 3230 
1314 3227 1077 3229 3231 
1315 3231 3229 804 3141 
1316 3230 3231 3141 1055 
1317 320 3224 3232 319 
1318 3224 1078 3230 3232 
1319 3232 3230 1055 3137 
1320 319 3232 3137 318 
1321 330 331 3235 2944 
1322 331 332 3233 3235 
1323 3235 3233 1080 3234 
1324 2944 3235 3234 1009 
1325 332 333 3237 3233 
1326 333 7 334 3237 
1327 3237 334 335 3236 
1328 3233 3237 3236 1080 
1329 1080 3236 3240 3239 
1330 3236 335 336 3240 
1331 3240 336 337 3238 
1332 3239 3240 3238 1079 
1333 1009 3234 3242 2935 
1334 3234 1080 3239 3242 
1335 3242 3239 1079 3241 
1336 2935 3242 3241 719 
1337 209 3243 3246 208 
1338 3243 1081 3244 3246 
1339 3246 3244 1083 3245 
1340 208 3246 3245 207 
1341 1081 3247 3250 3244 
1342 3247 864 3248 3250 
1343 3250 3248 1082 3249 
1344 3244 3250 3249 1083 
1345 1083 3249 3253 3252 
1346 3249 1082 3251 3253 
1347 3253 3251 865 3152 
1348 3252 3253 3152 1059 
1349 207 3245 3254 206 
1350 3245 1083 3252 3254 
1351 3254 3252 1059 3159 
1352 206 3254 3159 205 
1353 513 2779 3257 512 
1354 2779 974 3255 3257 
1355 3257 3255 1086 3256 
1356 512 3257 3256 511 
1357 974 2774 3260 3255 
1358 2774 588 3258 3260 
1359 3260 3258 1084 3259 
1360 3255 3260 3259 1086 
1361 1086 3259 3264 3263 
1362 3259 1084 3261 3264 
1363 3264 3261 592 3262 
1364 3263 3264 3262 1085 
1365 511 3256 3266 510 
1366 3256 1086 3263 3266 
1367 3266 3263 1085 3265 
1368 510 3266 3265 509 
1369 465 3040 3269 464 
1370 3040 1028 3267 3269 
1371 3269 3267 1088 3268 
1372 464 3269 3268 463 
1373 1028 3035 3272 3267 
1374 3035 613 3270 3272 
1375 3272 3270 1087 3271 
1376 3267 3272 3271 1088 
1377 1088 3271 3275 3274 
1378 3271 1087 3273 3275 
1379 3275 3273 614 2986 
1380 3274 3275 2986 1014 
1381 463 3268 3276 462 
1382 3268 1088 3274 3276 
1383 3276 3274 1014 2983 
1384 462 3276 2983 461 
1385 564 3277 3281 3280 
1386 3277 1089 3278 3281 
1387 3281 3278 1092 3279 
1388 3280 3281 3279 1091 
1389 1089 3282 3285 3278 
1390 3282 559 3283 3285 
1391 3285 3283 1090 3284 
1392 3278 3285 3284 1092 
1393 1092 3284 3288 3287 
1394 3284 1090 3286 3288 
1395 3288 3286 177 178 
1396 3287 3288 178 179 
1397 1091 3279 3290 3289 
1398 3279 1092 3287 3290 
1399 3290 3287 179 180 
1400 3289 3290 180 181 
1401 2133 3291 3295 3294 
1402 3291 2148 3292 3295 
1403 3295 3292 2149 3293 
1404 3294 3295 3293 2134 
1405 2221 3296 3300 3299 
1406 3296 2236 3297 3300 
1407 3300 3297 2237 3298 
1408 3299 3300 3298 2222 
1409 2356 2864 3304 3303 
1410 2864 2371 3301 3304 
1411 3304 3301 2372 3302 
1412 3303 3304 3302 2357 
1413 2263 3305 3309 3308 
1414 3305 2278 3306 3309 
1415 3309 3306 2279 3307 
1416 3308 3309 3307 2264 
1417 608 3310 3314 3313 
1418 3310 1093 3311 3314 
1419 3314 3311 1095 3312 
1420 3313 3314 3312 1094 
1421 1093 3315 3317 3311 
1422 3315 473 474 3317 
1423 3317 474 475 3316 
1424 3311 3317 3316 1095 
1425 1095 3316 3319 3318 
1426 3316 475 476 3319 
1427 3319 476 477 2726 
1428 3318 3319 2726 963 
1429 1094 3312 3321 3320 
1430 3312 1095 3318 3321 
1431 3321 3318 963 2736 
1432 3320 3321 2736 607 
1433 600 3322 3325 3135 
1434 3322 1096 3323 3325 
1435 3325 3323 1097 3324 
1436 3135 3325 3324 1053 
1437 1096 3326 3328 3323 
1438 3326 599 3178 3328 
1439 3328 3178 1066 3327 
1440 3323 3328 3327 1097 
1441 1097 3327 3330 3329 
1442 3327 1066 3185 3330 
1443 3330 3185 493 494 
1444 3329 3330 494 495 
1445 1053 3324 3331 3125 
1446 3324 1097 3329 3331 
1447 3331 3329 495 496 
1448 3125 3331 496 497 
1449 2353 3332 3336 3335 
1450 3332 2368 3333 3336 
1451 3336 3333 2369 3334 
1452 3335 3336 3334 2354 
1453 2370 2692 3338 2863 
1454 2692 2385 2959 3338 
1455 3338 2959 2386 3337 
1456 2863 3338 3337 2371 
1457 2290 3339 3343 3342 
1458 3339 2305 3340 3343 
1459 3343 3340 673 3341 
1460 3342 3343 3341 1687 
1461 2379 3344 3348 3347 
1462 3344 2394 3345 3348 
1463 3348 3345 2395 3346 
1464 3347 3348 3346 2380 
1465 149 3349 3352 148 
1466 3349 1098 3350 3352 
1467 3352 3350 1101 3351 
1468 148 3352 3351 147 
1469 1098 3353 3356 3350 
1470 3353 555 3354 3356 
1471 3356 3354 1099 3355 
1472 3350 3356 3355 1101 
1473 1101 3355 3360 3359 
1474 3355 1099 3357 3360 
1475 3360 3357 554 3358 
1476 3359 3360 3358 1100 
1477 147 3351 3362 146 
1478 3351 1101 3359 3362 
1479 3362 3359 1100 3361 
1480 146 3362 3361 145 
1481 615 3363 3367 3366 
1482 3363 1102 3364 3367 
1483 3367 3364 1105 3365 
1484 3366 3367 3365 1104 
1485 1102 3368 3371 3364 
1486 3368 748 3369 3371 
1487 3371 3369 1103 3370 
1488 3364 3371 3370 1105 
1489 1105 3370 3374 3373 
1490 3370 1103 3372 3374 
1491 3374 3372 433 434 
1492 3373 3374 434 435 
1493 1104 3365 3376 3375 
1494 3365 1105 3373 3376 
1495 3376 3373 435 436 
1496 3375 3376 436 437 
1497 469 470 3379 3043 
1498 470 471 3377 3379 
1499 3379 3377 1107 3378 
1500 3043 3379 3378 1029 
1501 471 472 3381 3377 
1502 472 473 3315 3381 
1503 3381 3315 1093 3380 
1504 3377 3381 3380 1107 
1505 1107 3380 3384 3383 
1506 3380 1093 3310 3384 
1507 3384 3310 608 3382 
1508 3383 3384 3382 1106 
1509 1029 3378 3386 3046 
1510 3378 1107 3383 3386 
1511 3386 3383 1106 3385 
1512 3046 3386 3385 612 
1513 729 3387 3390 2620 
1514 3387 1108 3388 3390 
1515 3390 3388 1110 3389 
1516 2620 3390 3389 937 
1517 1108 3391 3394 3388 
1518 3391 728 3392 3394 
1519 3394 3392 1109 3393 
1520 3388 3394 3393 1110 
1521 1110 3393 3397 3396 
1522 3393 1109 3395 3397 
1523 3397 3395 361 362 
1524 3396 3397 362 363 
1525 937 3389 3398 2625 
1526 3389 1110 3396 3398 
1527 3398 3396 363 364 
1528 2625 3398 364 365 
1529 429 3399 3402 428 
1530 3399 1111 3400 3402 
1531 3402 3400 1114 3401 
1532 428 3402 3401 427 
1533 1111 3403 3406 3400 
1534 3403 747 3404 3406 
1535 3406 3404 1112 3405 
1536 3400 3406 3405 1114 
1537 1114 3405 3410 3409 
1538 3405 1112 3407 3410 
1539 3410 3407 749 3408 
1540 3409 3410 3408 1113 
1541 427 3401 3412 426 
1542 3401 1114 3409 3412 
1543 3412 3409 1113 3411 
1544 426 3412 3411 425 
1545 563 3413 3416 3209 
1546 3413 1115 3414 3416 
1547 3416 3414 1116 3415 
1548 3209 3416 3415 1073 
1549 1115 3417 3419 3414 
1550 3417 564 3280 3419 
1551 3419 3280 1091 3418 
1552 3414 3419 3418 1116 
1553 1116 3418 3421 3420 
1554 3418 1091 3289 3421 
1555 3421 3289 181 182 
1556 3420 3421 182 183 
1557 1073 3415 3422 3214 
1558 3415 1116 3420 3422 
1559 3422 3420 183 184 
1560 3214 3422 184 185 
1561 551 3423 3427 3426 
1562 3423 1117 3424 3427 
1563 3427 3424 1119 3425 
1564 3426 3427 3425 1118 
1565 1117 3428 3430 3424 
1566 3428 552 2651 3430 
1567 3430 2651 947 3429 
1568 3424 3430 3429 1119 
1569 1119 3429 3432 3431 
1570 3429 947 2660 3432 
1571 3432 2660 161 162 
1572 3431 3432 162 163 
1573 1118 3425 3434 3433 
1574 3425 1119 3431 3434 
1575 3434 3431 163 164 
1576 3433 3434 164 165 
1577 550 3435 3439 3438 
1578 3435 1120 3436 3439 
1579 3439 3436 1123 3437 
1580 3438 3439 3437 1122 
1581 1120 3440 3443 3436 
1582 3440 549 3441 3443 
1583 3443 3441 1121 3442 
1584 3436 3443 3442 1123 
1585 1123 3442 3446 3445 
1586 3442 1121 3444 3446 
1587 3446 3444 122 123 
1588 3445 3446 123 124 
1589 1122 3437 3448 3447 
1590 3437 1123 3445 3448 
1591 3448 3445 124 125 
1592 3447 3448 125 126 
1593 558 3449 3453 3452 
1594 3449 1124 3450 3453 
1595 3453 3450 1126 3451 
1596 3452 3453 3451 1125 
1597 1124 3454 3456 3450 
1598 3454 550 3438 3456 
1599 3456 3438 1122 3455 
1600 3450 3456 3455 1126 
1601 1126 3455 3458 3457 
1602 3455 1122 3447 3458 
1603 3458 3447 126 127 
1604 3457 3458 127 128 
1605 1125 3451 3460 3459 
1606 3451 1126 3457 3460 
1607 3460 3457 128 129 
1608 3459 3460 129 130 
1609 819 3461 3464 2927 
1610 3461 904 3462 3464 
1611 3464 3462 1128 3463 
1612 2927 3464 3463 1005 
1613 904 3465 3468 3462 
1614 3465 873 3466 3468 
1615 3468 3466 1127 3467 
1616 3462 3468 3467 1128 
1617 1128 3467 3471 3470 
1618 3467 1127 3469 3471 
1619 3471 3469 290 291 
1620 3470 3471 291 292 
1621 1005 3463 3472 2930 
1622 3463 1128 3470 3472 
1623 3472 3470 292 293 
1624 2930 3472 293 294 
1625 749 3473 3476 3408 
1626 3473 1129 3474 3476 
1627 3476 3474 1130 3475 
1628 3408 3476 3475 1113 
1629 1129 3477 3479 3474 
1630 3477 750 3165 3479 
1631 3479 3165 1061 3478 
1632 3474 3479 3478 1130 
1633 1130 3478 3481 3480 
1634 3478 1061 3161 3481 
1635 3481 3161 421 422 
1636 3480 3481 422 423 
1637 1113 3475 3482 3411 
1638 3475 1130 3480 3482 
1639 3482 3480 423 424 
1640 3411 3482 424 425 
1641 2252 3483 3487 3486 
1642 3483 2267 3484 3487 
1643 3487 3484 2268 3485 
1644 3486 3487 3485 2253 
1645 2432 3488 3492 3491 
1646 3488 1770 3489 3492 
1647 3492 3489 681 3490 
1648 3491 3492 3490 2433 
1649 2211 3493 3497 3496 
1650 3493 2226 3494 3497 
1651 3497 3494 2227 3495 
1652 3496 3497 3495 2212 
1653 2400 3498 3501 2957 
1654 3498 2415 3499 3501 
1655 3501 3499 2416 3500 
1656 2957 3501 3500 2401 
1657 538 2875 3505 3504 
1658 2875 997 3502 3505 
1659 3505 3502 1133 3503 
1660 3504 3505 3503 1132 
1661 997 2884 3507 3502 
1662 2884 16 17 3507 
1663 3507 17 18 3506 
1664 3502 3507 3506 1133 
1665 1133 3506 3510 3509 
1666 3506 18 19 3510 
1667 3510 19 20 3508 
1668 3509 3510 3508 1131 
1669 1132 3503 3513 3512 
1670 3503 1133 3509 3513 
1671 3513 3509 1131 3511 
1672 3512 3513 3511 544 
1673 73 74 3517 3516 
1674 74 75 3514 3517 
1675 3517 3514 2231 3515 
1676 3516 3517 3515 2216 
1677 2227 3518 3522 3521 
1678 3518 2242 3519 3522 
1679 3522 3519 2243 3520 
1680 3521 3522 3520 2228 
1681 2259 3523 3527 3526 
1682 3523 2274 3524 3527 
1683 3527 3524 2275 3525 
1684 3526 3527 3525 2260 
1685 2140 3528 3532 3531 
1686 3528 2155 3529 3532 
1687 3532 3529 670 3530 
1688 3531 3532 3530 1621 
1689 377 378 3536 3535 
1690 378 379 3533 3536 
1691 3536 3533 1136 3534 
1692 3535 3536 3534 1135 
1693 379 380 3538 3533 
1694 380 381 2836 3538 
1695 3538 2836 989 3537 
1696 3533 3538 3537 1136 
1697 1136 3537 3541 3540 
1698 3537 989 2833 3541 
1699 3541 2833 736 3539 
1700 3540 3541 3539 1134 
1701 1135 3534 3544 3543 
1702 3534 1136 3540 3544 
1703 3544 3540 1134 3542 
1704 3543 3544 3542 735 
1705 505 3545 3548 504 
1706 3545 1137 3546 3548 
1707 3548 3546 1139 3547 
1708 504 3548 3547 503 
1709 1137 3549 3552 3546 
1710 3549 593 3550 3552 
1711 3552 3550 1138 3551 
1712 3546 3552 3551 1139 
1713 1139 3551 3555 3554 
1714 3551 1138 3553 3555 
1715 3555 3553 594 3130 
1716 3554 3555 3130 1051 
1717 503 3547 3556 502 
1718 3547 1139 3554 3556 
1719 3556 3554 1051 3127 
1720 502 3556 3127 501 
1721 509 3265 3559 508 
1722 3265 1085 3557 3559 
1723 3559 3557 1141 3558 
1724 508 3559 3558 507 
1725 1085 3262 3562 3557 
1726 3262 592 3560 3562 
1727 3562 3560 1140 3561 
1728 3557 3562 3561 1141 
1729 1141 3561 3565 3564 
1730 3561 1140 3563 3565 
1731 3565 3563 593 3549 
1732 3564 3565 3549 1137 
1733 507 3558 3566 506 
1734 3558 1141 3564 3566 
1735 3566 3564 1137 3545 
1736 506 3566 3545 505 
1737 177 3286 3569 176 
1738 3286 1090 3567 3569 
1739 3569 3567 1143 3568 
1740 176 3569 3568 175 
1741 1090 3283 3572 3567 
1742 3283 559 3570 3572 
1743 3572 3570 1142 3571 
1744 3567 3572 3571 1143 
1745 1143 3571 3575 3574 
1746 3571 1142 3573 3575 
1747 3575 3573 561 2819 
1748 3574 3575 2819 984 
1749 175 3568 3576 174 
1750 3568 1143 3574 3576 
1751 3576 3574 984 2816 
1752 174 3576 2816 173 
1753 2342 3577 3581 3580 
1754 3577 2357 3578 3581 
1755 3581 3578 2358 3579 
1756 3580 3581 3579 2343 
1757 2346 3582 3586 3585 
1758 3582 2361 3583 3586 
1759 3586 3583 2362 3584 
1760 3585 3586 3584 2347 
1761 2402 3587 3591 3590 
1762 3587 2417 3588 3591 
1763 3591 3588 2418 3589 
1764 3590 3591 3589 2403 
1765 2233 3592 3595 2971 
1766 3592 2248 3593 3595 
1767 3595 3593 2249 3594 
1768 2971 3595 3594 2234 
1769 553 3596 3599 2654 
1770 3596 1144 3597 3599 
1771 3599 3597 1146 3598 
1772 2654 3599 3598 946 
1773 1144 3600 3603 3597 
1774 3600 556 3601 3603 
1775 3603 3601 1145 3602 
1776 3597 3603 3602 1146 
1777 1146 3602 3606 3605 
1778 3602 1145 3604 3606 
1779 3606 3604 153 154 
1780 3605 3606 154 155 
1781 946 3598 3607 2657 
1782 3598 1146 3605 3607 
1783 3607 3605 155 156 
1784 2657 3607 156 157 
1785 345 3608 3611 344 
1786 3608 1147 3609 3611 
1787 3611 3609 1150 3610 
1788 344 3611 3610 343 
1789 1147 3612 3615 3609 
1790 3612 721 3613 3615 
1791 3615 3613 1148 3614 
1792 3609 3615 3614 1150 
1793 1150 3614 3619 3618 
1794 3614 1148 3616 3619 
1795 3619 3616 720 3617 
1796 3618 3619 3617 1149 
1797 343 3610 3621 342 
1798 3610 1150 3618 3621 
1799 3621 3618 1149 3620 
1800 342 3621 3620 341 
1801 286 3622 3625 285 
1802 3622 1151 3623 3625 
1803 3625 3623 1152 3624 
1804 285 3625 3624 284 
1805 1151 3626 3628 3623 
1806 3626 895 3012 3628 
1807 3628 3012 1022 3627 
1808 3623 3628 3627 1152 
1809 1152 3627 3630 3629 
1810 3627 1022 3019 3630 
1811 3630 3019 279 280 
1812 3629 3630 280 281 
1813 284 3624 3631 283 
1814 3624 1152 3629 3631 
1815 3631 3629 281 282 
1816 283 3631 282 6 
1817 2204 3632 3636 3635 
1818 3632 2219 3633 3636 
1819 3636 3633 2220 3634 
1820 3635 3636 3634 2205 
1821 2412 3637 3641 3640 
1822 3637 2427 3638 3641 
1823 3641 3638 2428 3639 
1824 3640 3641 3639 2413 
1825 2358 3642 3646 3645 
1826 3642 2373 3643 3646 
1827 3646 3643 2374 3644 
1828 3645 3646 3644 2359 
1829 2381 3647 3651 3650 
1830 3647 2396 3648 3651 
1831 3651 3648 2397 3649 
1832 3650 3651 3649 2382 
1833 730 2631 3655 3654 
1834 2631 938 3652 3655 
1835 3655 3652 1156 3653 
1836 3654 3655 3653 1155 
1837 938 2628 3657 3652 
1838 2628 369 370 3657 
1839 3657 370 371 3656 
1840 3652 3657 3656 1156 
1841 1156 3656 3660 3659 
1842 3656 371 372 3660 
1843 3660 372 373 3658 
1844 3659 3660 3658 1154 
1845 1155 3653 3663 3662 
1846 3653 1156 3659 3663 
1847 3663 3659 1154 3661 
1848 3662 3663 3661 734 
1849 616 3664 3667 3030 
1850 3664 1157 3665 3667 
1851 3667 3665 1158 3666 
1852 3030 3667 3666 1026 
1853 1157 3668 3670 3665 
1854 3668 615 3366 3670 
1855 3670 3366 1104 3669 
1856 3665 3670 3669 1158 
1857 1158 3669 3672 3671 
1858 3669 1104 3375 3672 
1859 3672 3375 437 438 
1860 3671 3672 438 439 
1861 1026 3666 3673 3033 
1862 3666 1158 3671 3673 
1863 3673 3671 439 440 
1864 3033 3673 440 441 
1865 751 2715 3677 3676 
1866 2715 957 3674 3677 
1867 3677 3674 1162 3675 
1868 3676 3677 3675 1161 
1869 957 2710 3680 3674 
1870 2710 752 3678 3680 
1871 3680 3678 1159 3679 
1872 3674 3680 3679 1162 
1873 1162 3679 3684 3683 
1874 3679 1159 3681 3684 
1875 3684 3681 754 3682 
1876 3683 3684 3682 1160 
1877 1161 3675 3687 3686 
1878 3675 1162 3683 3687 
1879 3687 3683 1160 3685 
1880 3686 3687 3685 755 
1881 884 3688 3692 3691 
1882 3688 1163 3689 3692 
1883 3692 3689 1166 3690 
1884 3691 3692 3690 1165 
1885 1163 3693 3696 3689 
1886 3693 885 3694 3696 
1887 3696 3694 1164 3695 
1888 3689 3696 3695 1166 
1889 1166 3695 3699 3698 
1890 3695 1164 3697 3699 
1891 3699 3697 247 248 
1892 3698 3699 248 249 
1893 1165 3690 3701 3700 
1894 3690 1166 3698 3701 
1895 3701 3698 249 250 
1896 3700 3701 250 251 
1897 724 3702 3706 3705 
1898 3702 1167 3703 3706 
1899 3706 3703 1170 3704 
1900 3705 3706 3704 1169 
1901 1167 3707 3710 3703 
1902 3707 722 3708 3710 
1903 3710 3708 1168 3709 
1904 3703 3710 3709 1170 
1905 1170 3709 3713 3712 
1906 3709 1168 3711 3713 
1907 3713 3711 353 354 
1908 3712 3713 354 355 
1909 1169 3704 3715 3714 
1910 3704 1170 3712 3715 
1911 3715 3712 355 356 
1912 3714 3715 356 357 
1913 2435 3716 3720 3719 
1914 3716 680 3717 3720 
1915 3720 3717 1880 3718 
1916 3719 3720 3718 2436 
1917 2375 3721 3725 3724 
1918 3721 2390 3722 3725 
1919 3725 3722 2391 3723 
1920 3724 3725 3723 2376 
1921 2225 3726 3730 3729 
1922 3726 2240 3727 3730 
1923 3730 3727 2241 3728 
1924 3729 3730 3728 2226 
1925 2405 3731 3734 3733 
1926 3731 2420 3732 3734 
1927 3734 3732 2421 2857 
1928 3733 3734 2857 2406 
1929 255 3735 3738 254 
1930 3735 1171 3736 3738 
1931 3738 3736 1173 3737 
1932 254 3738 3737 253 
1933 1171 3739 3742 3736 
1934 3739 893 3740 3742 
1935 3742 3740 1172 3741 
1936 3736 3742 3741 1173 
1937 1173 3741 3745 3744 
1938 3741 1172 3743 3745 
1939 3745 3743 884 3691 
1940 3744 3745 3691 1165 
1941 253 3737 3746 252 
1942 3737 1173 3744 3746 
1943 3746 3744 1165 3700 
1944 252 3746 3700 251 
1945 2414 3747 3751 3750 
1946 3747 2429 3748 3751 
1947 3751 3748 2430 3749 
1948 3750 3751 3749 2415 
1949 2139 3752 3755 3754 
1950 3752 2154 3753 3755 
1951 3755 3753 2155 3528 
1952 3754 3755 3528 2140 
1953 2374 3756 3759 3758 
1954 3756 2389 3757 3759 
1955 3759 3757 2390 3721 
1956 3758 3759 3721 2375 
1957 2430 3760 3764 3763 
1958 3760 1722 3761 3764 
1959 3764 3761 685 3762 
1960 3763 3764 3762 2431 
1961 453 454 3767 2684 
1962 454 455 3765 3767 
1963 3767 3765 1175 3766 
1964 2684 3767 3766 954 
1965 455 456 3769 3765 
1966 456 457 2980 3769 
1967 3769 2980 1013 3768 
1968 3765 3769 3768 1175 
1969 1175 3768 3772 3771 
1970 3768 1013 2975 3772 
1971 3772 2975 618 3770 
1972 3771 3772 3770 1174 
1973 954 3766 3774 2687 
1974 3766 1175 3771 3774 
1975 3774 3771 1174 3773 
1976 2687 3774 3773 619 
1977 377 3535 3777 376 
1978 3535 1135 3775 3777 
1979 3777 3775 1177 3776 
1980 376 3777 3776 375 
1981 1135 3543 3780 3775 
1982 3543 735 3778 3780 
1983 3780 3778 1176 3779 
1984 3775 3780 3779 1177 
1985 1177 3779 3783 3782 
1986 3779 1176 3781 3783 
1987 3783 3781 734 3661 
1988 3782 3783 3661 1154 
1989 375 3776 3784 374 
1990 3776 1177 3782 3784 
1991 3784 3782 1154 3658 
1992 374 3784 3658 373 
1993 753 3785 3788 3170 
1994 3785 1178 3786 3788 
1995 3788 3786 1179 3787 
1996 3170 3788 3787 1063 
1997 1178 3789 3791 3786 
1998 3789 752 2713 3791 
1999 3791 2713 959 3790 
2000 3786 3791 3790 1179 
2001 1179 3790 3793 3792 
2002 3790 959 2722 3793 
2003 3793 2722 413 414 
2004 3792 3793 414 415 
2005 1063 3787 3794 3173 
2006 3787 1179 3792 3794 
2007 3794 3792 415 416 
2008 3173 3794 416 417 
2009 888 3795 3799 3798 
2010 3795 1180 3796 3799 
2011 3799 3796 1182 3797 
2012 3798 3799 3797 1181 
2013 1180 3800 3802 3796 
2014 3800 889 2741 3802 
2015 3802 2741 967 3801 
2016 3796 3802 3801 1182 
2017 1182 3801 3804 3803 
2018 3801 967 2750 3804 
2019 3804 2750 231 232 
2020 3803 3804 232 233 
2021 1181 3797 3806 3805 
2022 3797 1182 3803 3806 
2023 3806 3803 233 234 
2024 3805 3806 234 235 
2025 433 3372 3809 432 
2026 3372 1103 3807 3809 
2027 3809 3807 1184 3808 
2028 432 3809 3808 431 
2029 1103 3369 3812 3807 
2030 3369 748 3810 3812 
2031 3812 3810 1183 3811 
2032 3807 3812 3811 1184 
2033 1184 3811 3815 3814 
2034 3811 1183 3813 3815 
2035 3815 3813 747 3403 
2036 3814 3815 3403 1111 
2037 431 3808 3816 430 
2038 3808 1184 3814 3816 
2039 3816 3814 1111 3399 
2040 430 3816 3399 429 
2041 4 3817 3821 3820 
2042 3817 1185 3818 3821 
2043 3821 3818 1189 3819 
2044 3820 3821 3819 1188 
2045 1185 3822 3825 3818 
2046 3822 542 3823 3825 
2047 3825 3823 1186 3824 
2048 3818 3825 3824 1189 
2049 1189 3824 3829 3828 
2050 3824 1186 3826 3829 
2051 3829 3826 863 3827 
2052 3828 3829 3827 1187 
2053 1188 3819 3832 3831 
2054 3819 1189 3828 3832 
2055 3832 3828 1187 3830 
2056 3831 3832 3830 543 
2057 892 3833 3836 3079 
2058 3833 1190 3834 3836 
2059 3836 3834 1191 3835 
2060 3079 3836 3835 1039 
2061 1190 3837 3839 3834 
2062 3837 893 3739 3839 
2063 3839 3739 1171 3838 
2064 3834 3839 3838 1191 
2065 1191 3838 3841 3840 
2066 3838 1171 3735 3841 
2067 3841 3735 255 256 
2068 3840 3841 256 257 
2069 1039 3835 3842 3082 
2070 3835 1191 3840 3842 
2071 3842 3840 257 258 
2072 3082 3842 258 259 
2073 20 21 3845 3508 
2074 21 22 3843 3845 
2075 3845 3843 1194 3844 
2076 3508 3845 3844 1131 
2077 22 23 3848 3843 
2078 23 24 3846 3848 
2079 3848 3846 1192 3847 
2080 3843 3848 3847 1194 
2081 1194 3847 3852 3851 
2082 3847 1192 3849 3852 
2083 3852 3849 545 3850 
2084 3851 3852 3850 1193 
2085 1131 3844 3854 3511 
2086 3844 1194 3851 3854 
2087 3854 3851 1193 3853 
2088 3511 3854 3853 544 
2089 634 3855 3859 3858 
2090 3855 1195 3856 3859 
2091 3859 3856 1199 3857 
2092 3858 3859 3857 1198 
2093 1195 3860 3863 3856 
2094 3860 611 3861 3863 
2095 3863 3861 1196 3862 
2096 3856 3863 3862 1199 
2097 1199 3862 3867 3866 
2098 3862 1196 3864 3867 
2099 3867 3864 605 3865 
2100 3866 3867 3865 1197 
2101 1198 3857 3870 3869 
2102 3857 1199 3866 3870 
2103 3870 3866 1197 3868 
2104 3869 3870 3868 632 
2105 189 190 3873 3217 
2106 190 191 3871 3873 
2107 3873 3871 1201 3872 
2108 3217 3873 3872 1074 
2109 191 192 3875 3871 
2110 192 193 2802 3875 
2111 3875 2802 982 3874 
2112 3871 3875 3874 1201 
2113 1201 3874 3878 3877 
2114 3874 982 2810 3878 
2115 3878 2810 560 3876 
2116 3877 3878 3876 1200 
2117 1074 3872 3880 3220 
2118 3872 1201 3877 3880 
2119 3880 3877 1200 3879 
2120 3220 3880 3879 565 
2121 554 3881 3884 3358 
2122 3881 1202 3882 3884 
2123 3884 3882 1204 3883 
2124 3358 3884 3883 1100 
2125 1202 3885 3888 3882 
2126 3885 557 3886 3888 
2127 3888 3886 1203 3887 
2128 3882 3888 3887 1204 
2129 1204 3887 3891 3890 
2130 3887 1203 3889 3891 
2131 3891 3889 141 142 
2132 3890 3891 142 143 
2133 1100 3883 3892 3361 
2134 3883 1204 3890 3892 
2135 3892 3890 143 144 
2136 3361 3892 144 145 
2137 617 3025 3896 3895 
2138 3025 1024 3893 3896 
2139 3896 3893 1206 3894 
2140 3895 3896 3894 1205 
2141 1024 3021 3898 3893 
2142 3021 445 446 3898 
2143 3898 446 447 3897 
2144 3893 3898 3897 1206 
2145 1206 3897 3900 3899 
2146 3897 447 448 3900 
2147 3900 448 449 2681 
2148 3899 3900 2681 953 
2149 1205 3894 3902 3901 
2150 3894 1206 3899 3902 
2151 3902 3899 953 2676 
2152 3901 3902 2676 620 
2153 767 3903 3907 3906 
2154 3903 1207 3904 3907 
2155 3907 3904 1210 3905 
2156 3906 3907 3905 1209 
2157 1207 3908 3911 3904 
2158 3908 766 3909 3911 
2159 3911 3909 1208 3910 
2160 3904 3911 3910 1210 
2161 1210 3910 3914 3913 
2162 3910 1208 3912 3914 
2163 3914 3912 739 2766 
2164 3913 3914 2766 971 
2165 1209 3905 3916 3915 
2166 3905 1210 3913 3916 
2167 3916 3913 971 2762 
2168 3915 3916 2762 738 
2169 886 3917 3921 3920 
2170 3917 1211 3918 3921 
2171 3921 3918 1213 3919 
2172 3920 3921 3919 1212 
2173 1211 3922 3924 3918 
2174 3922 243 244 3924 
2175 3924 244 245 3923 
2176 3918 3924 3923 1213 
2177 1213 3923 3926 3925 
2178 3923 245 246 3926 
2179 3926 246 247 3697 
2180 3925 3926 3697 1164 
2181 1212 3919 3928 3927 
2182 3919 1213 3925 3928 
2183 3928 3925 1164 3694 
2184 3927 3928 3694 885 
2185 361 3395 3931 360 
2186 3395 1109 3929 3931 
2187 3931 3929 1215 3930 
2188 360 3931 3930 359 
2189 1109 3392 3934 3929 
2190 3392 728 3932 3934 
2191 3934 3932 1214 3933 
2192 3929 3934 3933 1215 
2193 1215 3933 3937 3936 
2194 3933 1214 3935 3937 
2195 3937 3935 724 3705 
2196 3936 3937 3705 1169 
2197 359 3930 3938 358 
2198 3930 1215 3936 3938 
2199 3938 3936 1169 3714 
2200 358 3938 3714 357 
2201 2097 3939 3943 3942 
2202 3939 2112 3940 3943 
2203 3943 3940 2113 3941 
2204 3942 3943 3941 2098 
2205 2371 3337 3946 3301 
2206 3337 2386 3944 3946 
2207 3946 3944 2387 3945 
2208 3301 3946 3945 2372 
2209 2232 3947 3949 3948 
2210 3947 2247 2703 3949 
2211 3949 2703 2248 3592 
2212 3948 3949 3592 2233 
2213 2167 3950 3954 3953 
2214 3950 2182 3951 3954 
2215 3954 3951 2183 3952 
2216 3953 3954 3952 2168 
2217 2410 3955 3959 3958 
2218 3955 2425 3956 3959 
2219 3959 3956 660 3957 
2220 3958 3959 3957 1499 
2221 2130 3960 3964 3963 
2222 3960 2145 3961 3964 
2223 3964 3961 2146 3962 
2224 3963 3964 3962 2131 
2225 2421 3965 3968 2858 
2226 3965 2436 3966 3968 
2227 3968 3966 2437 3967 
2228 2858 3968 3967 2422 
2229 2433 3490 3972 3971 
2230 3490 681 3969 3972 
2231 3972 3969 1717 3970 
2232 3971 3972 3970 2434 
2233 744 3973 3976 3068 
2234 3973 1216 3974 3976 
2235 3976 3974 1217 3975 
2236 3068 3976 3975 1036 
2237 1216 3977 3979 3974 
2238 3977 740 2645 3979 
2239 3979 2645 942 3978 
2240 3974 3979 3978 1217 
2241 1217 3978 3981 3980 
2242 3978 942 2642 3981 
2243 3981 2642 393 394 
2244 3980 3981 394 395 
2245 1036 3975 3982 3071 
2246 3975 1217 3980 3982 
2247 3982 3980 395 396 
2248 3071 3982 396 397 
2249 2376 3723 3986 3985 
2250 3723 2391 3983 3986 
2251 3986 3983 2392 3984 
2252 3985 3986 3984 2377 
2253 2224 3987 3990 3989 
2254 3987 2239 3988 3990 
2255 3990 3988 2240 3726 
2256 3989 3990 3726 2225 
2257 2161 3991 3995 3994 
2258 3991 2176 3992 3995 
2259 3995 3992 2177 3993 
2260 3994 3995 3993 2162 
2261 2184 3996 4000 3999 
2262 3996 2199 3997 4000 
2263 4000 3997 2200 3998 
2264 3999 4000 3998 2185 
2265 2182 4001 4004 3951 
2266 4001 2197 4002 4004 
2267 4004 4002 2198 4003 
2268 3951 4004 4003 2183 
2269 2166 4005 4008 4007 
2270 4005 2181 4006 4008 
2271 4008 4006 2182 3950 
2272 4007 4008 3950 2167 
2273 2361 4009 4011 3583 
2274 4009 2376 3985 4011 
2275 4011 3985 2377 4010 
2276 3583 4011 4010 2362 
2277 2372 3945 4015 4014 
2278 3945 2387 4012 4015 
2279 4015 4012 2388 4013 
2280 4014 4015 4013 2373 
2281 601 2673 4019 4018 
2282 2673 950 4016 4019 
2283 4019 4016 1221 4017 
2284 4018 4019 4017 1220 
2285 950 2670 4022 4016 
2286 2670 602 4020 4022 
2287 4022 4020 1218 4021 
2288 4016 4022 4021 1221 
2289 1221 4021 4026 4025 
2290 4021 1218 4023 4026 
2291 4026 4023 596 4024 
2292 4025 4026 4024 1219 
2293 1220 4017 4029 4028 
2294 4017 1221 4025 4029 
2295 4029 4025 1219 4027 
2296 4028 4029 4027 595 
2297 585 2797 4033 4032 
2298 2797 978 4030 4033 
2299 4033 4030 1224 4031 
2300 4032 4033 4031 1223 
2301 978 2794 4035 4030 
2302 2794 529 530 4035 
2303 4035 530 531 4034 
2304 4030 4035 4034 1224 
2305 1224 4034 4038 4037 
2306 4034 531 532 4038 
2307 4038 532 533 4036 
2308 4037 4038 4036 1222 
2309 1223 4031 4041 4040 
2310 4031 1224 4037 4041 
2311 4041 4037 1222 4039 
2312 4040 4041 4039 537 
2313 122 3444 4044 121 
2314 3444 1121 4042 4044 
2315 4044 4042 1227 4043 
2316 121 4044 4043 120 
2317 1121 3441 4047 4042 
2318 3441 549 4045 4047 
2319 4047 4045 1225 4046 
2320 4042 4047 4046 1227 
2321 1227 4046 4051 4050 
2322 4046 1225 4048 4051 
2323 4051 4048 548 4049 
2324 4050 4051 4049 1226 
2325 120 4043 4053 119 
2326 4043 1227 4050 4053 
2327 4053 4050 1226 4052 
2328 119 4053 4052 118 
2329 537 4039 4056 2878 
2330 4039 1222 4054 4056 
2331 4056 4054 1228 4055 
2332 2878 4056 4055 996 
2333 1222 4036 4058 4054 
2334 4036 533 534 4058 
2335 4058 534 535 4057 
2336 4054 4058 4057 1228 
2337 1228 4057 4060 4059 
2338 4057 535 536 4060 
2339 4060 536 8 9 
2340 4059 4060 9 10 
2341 996 4055 4061 2881 
2342 4055 1228 4059 4061 
2343 4061 4059 10 11 
2344 2881 4061 11 12 
2345 349 4062 4065 348 
2346 4062 1229 4063 4065 
2347 4065 4063 1231 4064 
2348 348 4065 4064 347 
2349 1229 4066 4069 4063 
2350 4066 723 4067 4069 
2351 4069 4067 1230 4068 
2352 4063 4069 4068 1231 
2353 1231 4068 4072 4071 
2354 4068 1230 4070 4072 
2355 4072 4070 721 3612 
2356 4071 4072 3612 1147 
2357 347 4064 4073 346 
2358 4064 1231 4071 4073 
2359 4073 4071 1147 3608 
2360 346 4073 3608 345 
2361 546 4074 4078 4077 
2362 4074 1232 4075 4078 
2363 4078 4075 1234 4076 
2364 4077 4078 4076 1233 
2365 1232 4079 4082 4075 
2366 4079 547 4080 4082 
2367 4082 4080 1153 4081 
2368 4075 4082 4081 1234 
2369 1234 4081 4085 4084 
2370 4081 1153 4083 4085 
2371 4085 4083 103 104 
2372 4084 4085 104 105 
2373 1233 4076 4087 4086 
2374 4076 1234 4084 4087 
2375 4087 4084 105 106 
2376 4086 4087 106 107 
2377 341 3620 4090 340 
2378 3620 1149 4088 4090 
2379 4090 4088 1236 4089 
2380 340 4090 4089 339 
2381 1149 3617 4093 4088 
2382 3617 720 4091 4093 
2383 4093 4091 1235 4092 
2384 4088 4093 4092 1236 
2385 1236 4092 4096 4095 
2386 4092 1235 4094 4096 
2387 4096 4094 719 3241 
2388 4095 4096 3241 1079 
2389 339 4089 4097 338 
2390 4089 1236 4095 4097 
2391 4097 4095 1079 3238 
2392 338 4097 3238 337 
2393 153 3604 4100 152 
2394 3604 1145 4098 4100 
2395 4100 4098 1238 4099 
2396 152 4100 4099 151 
2397 1145 3601 4103 4098 
2398 3601 556 4101 4103 
2399 4103 4101 1237 4102 
2400 4098 4103 4102 1238 
2401 1238 4102 4106 4105 
2402 4102 1237 4104 4106 
2403 4106 4104 555 3353 
2404 4105 4106 3353 1098 
2405 151 4099 4107 150 
2406 4099 1238 4105 4107 
2407 4107 4105 1098 3349 
2408 150 4107 3349 149 
2409 4 3820 4110 212 
2410 3820 1188 4108 4110 
2411 4110 4108 1240 4109 
2412 212 4110 4109 211 
2413 1188 3831 4113 4108 
2414 3831 543 4111 4113 
2415 4113 4111 1239 4112 
2416 4108 4113 4112 1240 
2417 1240 4112 4116 4115 
2418 4112 1239 4114 4116 
2419 4116 4114 864 3247 
2420 4115 4116 3247 1081 
2421 211 4109 4117 210 
2422 4109 1240 4115 4117 
2423 4117 4115 1081 3243 
2424 210 4117 3243 209 
2425 551 3426 4121 4120 
2426 3426 1118 4118 4121 
2427 4121 4118 1242 4119 
2428 4120 4121 4119 1241 
2429 1118 3433 4123 4118 
2430 3433 165 166 4123 
2431 4123 166 167 4122 
2432 4118 4123 4122 1242 
2433 1242 4122 4125 4124 
2434 4122 167 168 4125 
2435 4125 168 169 2814 
2436 4124 4125 2814 986 
2437 1241 4119 4127 4126 
2438 4119 1242 4124 4127 
2439 4127 4124 986 2824 
2440 4126 4127 2824 562 
2441 873 4128 4131 3466 
2442 4128 1243 4129 4131 
2443 4131 4129 1244 4130 
2444 3466 4131 4130 1127 
2445 1243 4132 4134 4129 
2446 4132 895 3626 4134 
2447 4134 3626 1151 4133 
2448 4129 4134 4133 1244 
2449 1244 4133 4136 4135 
2450 4133 1151 3622 4136 
2451 4136 3622 286 287 
2452 4135 4136 287 288 
2453 1127 4130 4137 3469 
2454 4130 1244 4135 4137 
2455 4137 4135 288 289 
2456 3469 4137 289 290 
2457 607 2735 4141 4140 
2458 2735 962 4138 4141 
2459 4141 4138 1248 4139 
2460 4140 4141 4139 1247 
2461 962 2732 4144 4138 
2462 2732 606 4142 4144 
2463 4144 4142 1245 4143 
2464 4138 4144 4143 1248 
2465 1248 4143 4148 4147 
2466 4143 1245 4145 4148 
2467 4148 4145 603 4146 
2468 4147 4148 4146 1246 
2469 1247 4139 4151 4150 
2470 4139 1248 4147 4151 
2471 4151 4147 1246 4149 
2472 4150 4151 4149 604 
2473 2096 4152 4155 4154 
2474 4152 2111 4153 4155 
2475 4155 4153 2112 3939 
2476 4154 4155 3939 2097 
2477 2108 4156 4160 4159 
2478 4156 2123 4157 4160 
2479 4160 4157 2124 4158 
2480 4159 4160 4158 2109 
2481 2254 4161 4165 4164 
2482 4161 2269 4162 4165 
2483 4165 4162 2270 4163 
2484 4164 4165 4163 2255 
2485 2153 4166 4170 4169 
2486 4166 2168 4167 4170 
2487 4170 4167 2169 4168 
2488 4169 4170 4168 2154 
2489 2089 4171 4175 4174 
2490 4171 909 4172 4175 
2491 4175 4172 540 4173 
2492 4174 4175 4173 918 
2493 2091 4176 4180 4179 
2494 4176 1319 4177 4180 
2495 4180 4177 541 4178 
2496 4179 4180 4178 1467 
2497 2089 4174 4183 4182 
2498 4174 918 4181 4183 
2499 4183 4181 558 3452 
2500 4182 4183 3452 1125 
2501 239 4184 4187 238 
2502 4184 1249 4185 4187 
2503 4187 4185 1251 4186 
2504 238 4187 4186 237 
2505 1249 4188 4191 4185 
2506 4188 887 4189 4191 
2507 4191 4189 1250 4190 
2508 4185 4191 4190 1251 
2509 1251 4190 4194 4193 
2510 4190 1250 4192 4194 
2511 4194 4192 888 3798 
2512 4193 4194 3798 1181 
2513 237 4186 4195 236 
2514 4186 1251 4193 4195 
2515 4195 4193 1181 3805 
2516 236 4195 3805 235 
2517 886 4196 4199 3917 
2518 4196 1252 4197 4199 
2519 4199 4197 1253 4198 
2520 3917 4199 4198 1211 
2521 1252 4200 4202 4197 
2522 4200 887 4188 4202 
2523 4202 4188 1249 4201 
2524 4197 4202 4201 1253 
2525 1253 4201 4204 4203 
2526 4201 1249 4184 4204 
2527 4204 4184 239 240 
2528 4203 4204 240 241 
2529 1211 4198 4205 3922 
2530 4198 1253 4203 4205 
2531 4205 4203 241 242 
2532 3922 4205 242 243 
2533 868 4206 4209 3094 
2534 4206 1254 4207 4209 
2535 4209 4207 1255 4208 
2536 3094 4209 4208 1043 
2537 1254 4210 4212 4207 
2538 4210 542 3822 4212 
2539 4212 3822 1185 4211 
2540 4207 4212 4211 1255 
2541 1255 4211 4214 4213 
2542 4211 1185 3817 4214 
2543 4214 3817 4 213 
2544 4213 4214 213 214 
2545 1043 4208 4215 3097 
2546 4208 1255 4213 4215 
2547 4215 4213 214 215 
2548 3097 4215 215 216 
2549 722 4216 4219 3708 
2550 4216 1256 4217 4219 
2551 4219 4217 1257 4218 
2552 3708 4219 4218 1168 
2553 1256 4220 4222 4217 
2554 4220 723 4066 4222 
2555 4222 4066 1229 4221 
2556 4217 4222 4221 1257 
2557 1257 4221 4224 4223 
2558 4221 1229 4062 4224 
2559 4224 4062 349 350 
2560 4223 4224 350 351 
2561 1168 4218 4225 3711 
2562 4218 1257 4223 4225 
2563 4225 4223 351 352 
2564 3711 4225 352 353 
2565 2202 4226 4230 4229 
2566 4226 2217 4227 4230 
2567 4230 4227 2218 4228 
2568 4229 4230 4228 2203 
2569 32 4231 4234 31 
2570 4231 2107 4232 4234 
2571 4234 4232 2108 4233 
2572 31 4234 4233 30 
2573 2179 4235 4238 2853 
2574 4235 2194 4236 4238 
2575 4238 4236 2195 4237 
2576 2853 4238 4237 2180 
2577 2391 4239 4241 3983 
2578 4239 2406 2860 4241 
2579 4241 2860 2407 4240 
2580 3983 4241 4240 2392 
2581 726 4242 4246 4245 
2582 4242 1258 4243 4246 
2583 4246 4243 1261 4244 
2584 4245 4246 4244 1260 
2585 1258 4247 4249 4243 
2586 4247 729 2623 4249 
2587 4249 2623 939 4248 
2588 4243 4249 4248 1261 
2589 1261 4248 4252 4251 
2590 4248 939 2632 4252 
2591 4252 2632 730 4250 
2592 4251 4252 4250 1259 
2593 1260 4244 4255 4254 
2594 4244 1261 4251 4255 
2595 4255 4251 1259 4253 
2596 4254 4255 4253 727 
2597 596 4256 4259 4024 
2598 4256 1262 4257 4259 
2599 4259 4257 1265 4258 
2600 4024 4259 4258 1219 
2601 1262 4260 4263 4257 
2602 4260 569 4261 4263 
2603 4263 4261 1263 4262 
2604 4257 4263 4262 1265 
2605 1265 4262 4267 4266 
2606 4262 1263 4264 4267 
2607 4267 4264 570 4265 
2608 4266 4267 4265 1264 
2609 1219 4258 4269 4027 
2610 4258 1265 4266 4269 
2611 4269 4266 1264 4268 
2612 4027 4269 4268 595 
2613 727 4270 4273 4254 
2614 4270 1266 4271 4273 
2615 4273 4271 1269 4272 
2616 4254 4273 4272 1260 
2617 1266 4274 4277 4271 
2618 4274 702 4275 4277 
2619 4277 4275 1267 4276 
2620 4271 4277 4276 1269 
2621 1269 4276 4281 4280 
2622 4276 1267 4278 4281 
2623 4281 4278 701 4279 
2624 4280 4281 4279 1268 
2625 1260 4272 4283 4245 
2626 4272 1269 4280 4283 
2627 4283 4280 1268 4282 
2628 4245 4283 4282 726 
2629 653 4284 4288 4287 
2630 4284 1270 4285 4288 
2631 4288 4285 1274 4286 
2632 4287 4288 4286 1273 
2633 1270 4289 4292 4285 
2634 4289 655 4290 4292 
2635 4292 4290 1271 4291 
2636 4285 4292 4291 1274 
2637 1274 4291 4296 4295 
2638 4291 1271 4293 4296 
2639 4296 4293 654 4294 
2640 4295 4296 4294 1272 
2641 1273 4286 4299 4298 
2642 4286 1274 4295 4299 
2643 4299 4295 1272 4297 
2644 4298 4299 4297 652 
2645 827 4300 4304 4303 
2646 4300 1275 4301 4304 
2647 4304 4301 1278 4302 
2648 4303 4304 4302 1277 
2649 1275 4305 4307 4301 
2650 4305 826 3005 4307 
2651 4307 3005 1019 4306 
2652 4301 4307 4306 1278 
2653 1278 4306 4310 4309 
2654 4306 1019 3002 4310 
2655 4310 3002 832 4308 
2656 4309 4310 4308 1276 
2657 1277 4302 4313 4312 
2658 4302 1278 4309 4313 
2659 4313 4309 1276 4311 
2660 4312 4313 4311 833 
2661 625 4314 4318 4317 
2662 4314 1279 4315 4318 
2663 4318 4315 1282 4316 
2664 4317 4318 4316 1281 
2665 1279 4319 4321 4315 
2666 4319 616 3029 4321 
2667 4321 3029 1025 4320 
2668 4315 4321 4320 1282 
2669 1282 4320 4324 4323 
2670 4320 1025 3026 4324 
2671 4324 3026 617 4322 
2672 4323 4324 4322 1280 
2673 1281 4316 4327 4326 
2674 4316 1282 4323 4327 
2675 4327 4323 1280 4325 
2676 4326 4327 4325 624 
2677 267 3205 4330 266 
2678 3205 1071 4328 4330 
2679 4330 4328 1284 4329 
2680 266 4330 4329 265 
2681 1071 3202 4333 4328 
2682 3202 890 4331 4333 
2683 4333 4331 1283 4332 
2684 4328 4333 4332 1284 
2685 1284 4332 4336 4335 
2686 4332 1283 4334 4336 
2687 4336 4334 891 3076 
2688 4335 4336 3076 1040 
2689 265 4329 4337 264 
2690 4329 1284 4335 4337 
2691 4337 4335 1040 3085 
2692 264 4337 3085 263 
2693 87 88 4341 4340 
2694 88 89 4338 4341 
2695 4341 4338 2336 4339 
2696 4340 4341 4339 2321 
2697 2348 4342 4346 4345 
2698 4342 2363 4343 4346 
2699 4346 4343 2364 4344 
2700 4345 4346 4344 2349 
2701 97 98 4350 4349 
2702 98 99 4347 4350 
2703 4350 4347 2411 4348 
2704 4349 4350 4348 2396 
2705 2219 2972 4353 3633 
2706 2972 2234 4351 4353 
2707 4353 4351 2235 4352 
2708 3633 4353 4352 2220 
2709 743 4354 4358 4357 
2710 4354 1285 4355 4358 
2711 4358 4355 1288 4356 
2712 4357 4358 4356 1287 
2713 1285 4359 4361 4355 
2714 4359 744 3067 4361 
2715 4361 3067 1035 4360 
2716 4355 4361 4360 1288 
2717 1288 4360 4364 4363 
2718 4360 1035 3064 4364 
2719 4364 3064 745 4362 
2720 4363 4364 4362 1286 
2721 1287 4356 4367 4366 
2722 4356 1288 4363 4367 
2723 4367 4363 1286 4365 
2724 4366 4367 4365 742 
2725 2147 4368 4372 4371 
2726 4368 2162 4369 4372 
2727 4372 4369 2163 4370 
2728 4371 4372 4370 2148 
2729 2281 4373 4377 4376 
2730 4373 2296 4374 4377 
2731 4377 4374 2297 4375 
2732 4376 4377 4375 2282 
2733 2212 3495 4380 4379 
2734 3495 2227 3521 4380 
2735 4380 3521 2228 4378 
2736 4379 4380 4378 2213 
2737 2315 4381 4385 4384 
2738 4381 2330 4382 4385 
2739 4385 4382 2331 4383 
2740 4384 4385 4383 2316 
2741 2335 4386 4390 4389 
2742 4386 2350 4387 4390 
2743 4390 4387 1661 4388 
2744 4389 4390 4388 662 
2745 85 86 4393 4392 
2746 86 87 4340 4393 
2747 4393 4340 2321 4391 
2748 4392 4393 4391 2306 
2749 2206 4394 4397 4396 
2750 4394 2221 3299 4397 
2751 4397 3299 2222 4395 
2752 4396 4397 4395 2207 
2753 2436 3718 4400 3966 
2754 3718 1880 4398 4400 
2755 4400 4398 664 4399 
2756 3966 4400 4399 2437 
2757 111 4401 4404 110 
2758 4401 911 4402 4404 
2759 4404 4402 1290 4403 
2760 110 4404 4403 109 
2761 911 4405 4408 4402 
2762 4405 539 4406 4408 
2763 4408 4406 1289 4407 
2764 4402 4408 4407 1290 
2765 1290 4407 4411 4410 
2766 4407 1289 4409 4411 
2767 4411 4409 546 4077 
2768 4410 4411 4077 1233 
2769 109 4403 4412 108 
2770 4403 1290 4410 4412 
2771 4412 4410 1233 4086 
2772 108 4412 4086 107 
2773 604 4413 4417 4416 
2774 4413 1291 4414 4417 
2775 4417 4414 1294 4415 
2776 4416 4417 4415 1293 
2777 1291 4418 4421 4414 
2778 4418 636 4419 4421 
2779 4421 4419 1292 4420 
2780 4414 4421 4420 1294 
2781 1294 4420 4424 4423 
2782 4420 1292 4422 4424 
2783 4424 4422 632 3868 
2784 4423 4424 3868 1197 
2785 1293 4415 4426 4425 
2786 4415 1294 4423 4426 
2787 4426 4423 1197 3865 
2788 4425 4426 3865 605 
2789 603 4427 4431 4430 
2790 4427 1295 4428 4431 
2791 4431 4428 1298 4429 
2792 4430 4431 4429 1297 
2793 1295 4432 4434 4428 
2794 4432 595 4268 4434 
2795 4434 4268 1264 4433 
2796 4428 4434 4433 1298 
2797 1298 4433 4437 4436 
2798 4433 1264 4265 4437 
2799 4437 4265 570 4435 
2800 4436 4437 4435 1296 
2801 1297 4429 4440 4439 
2802 4429 1298 4436 4440 
2803 4440 4436 1296 4438 
2804 4439 4440 4438 637 
2805 880 4441 4445 4444 
2806 4441 1299 4442 4445 
2807 4445 4442 1301 4443 
2808 4444 4445 4443 1300 
2809 1299 4446 4448 4442 
2810 4446 868 3093 4448 
2811 4448 3093 1042 4447 
2812 4442 4448 4447 1301 
2813 1301 4447 4450 4449 
2814 4447 1042 3090 4450 
2815 4450 3090 869 2743 
2816 4449 4450 2743 965 
2817 1300 4443 4452 4451 
2818 4443 1301 4449 4452 
2819 4452 4449 965 2738 
2820 4451 4452 2738 889 
2821 548 4453 4456 4049 
2822 4453 1302 4454 4456 
2823 4456 4454 1303 4455 
2824 4049 4456 4455 1226 
2825 1302 4457 4460 4454 
2826 4457 539 4458 4460 
2827 4460 4458 910 4459 
2828 4454 4460 4459 1303 
2829 1303 4459 4463 4462 
2830 4459 910 4461 4463 
2831 4463 4461 2 115 
2832 4462 4463 115 116 
2833 1226 4455 4464 4052 
2834 4455 1303 4462 4464 
2835 4464 4462 116 117 
2836 4052 4464 117 118 
2837 849 4465 4469 4468 
2838 4465 1304 4466 4469 
2839 4469 4466 1308 4467 
2840 4468 4469 4467 1307 
2841 1304 4470 4473 4466 
2842 4470 843 4471 4473 
2843 4473 4471 1305 4472 
2844 4466 4473 4472 1308 
2845 1308 4472 4477 4476 
2846 4472 1305 4474 4477 
2847 4477 4474 823 4475 
2848 4476 4477 4475 1306 
2849 1307 4467 4480 4479 
2850 4467 1308 4476 4480 
2851 4480 4476 1306 4478 
2852 4479 4480 4478 837 
2853 2368 4481 4483 3333 
2854 4481 2383 4482 4483 
2855 4483 4482 2384 2690 
2856 3333 4483 2690 2369 
2857 2395 4484 4487 4486 
2858 4484 2410 3958 4487 
2859 4487 3958 1499 4485 
2860 4486 4487 4485 661 
2861 2338 4488 4491 4490 
2862 4488 2353 3335 4491 
2863 4491 3335 2354 4489 
2864 4490 4491 4489 2339 
2865 2250 4492 4496 4495 
2866 4492 2265 4493 4496 
2867 4496 4493 2266 4494 
2868 4495 4496 4494 2251 
2869 2457 4497 4501 4500 
2870 4497 2466 4498 4501 
2871 4501 4498 2467 4499 
2872 4500 4501 4499 2458 
2873 1058 3149 4505 4504 
2874 3149 865 4502 4505 
2875 4505 4502 1309 4503 
2876 4504 4505 4503 1311 
2877 1311 4503 4509 4508 
2878 4503 1309 4506 4509 
2879 4509 4506 862 4507 
2880 4508 4509 4507 1310 
2881 2477 4510 4514 4513 
2882 4510 2486 4511 4514 
2883 4514 4511 2487 4512 
2884 4513 4514 4512 2478 
2885 890 3201 4518 4517 
2886 3201 1070 4515 4518 
2887 4518 4515 1315 4516 
2888 4517 4518 4516 1314 
2889 1070 3197 4521 4515 
2890 3197 896 4519 4521 
2891 4521 4519 1312 4520 
2892 4515 4521 4520 1315 
2893 1315 4520 4525 4524 
2894 4520 1312 4522 4525 
2895 4525 4522 874 4523 
2896 4524 4525 4523 1313 
2897 1314 4516 4528 4527 
2898 4516 1315 4524 4528 
2899 4528 4524 1313 4526 
2900 4527 4528 4526 876 
2901 603 4430 4531 4146 
2902 4430 1297 4529 4531 
2903 4531 4529 1317 4530 
2904 4146 4531 4530 1246 
2905 1297 4439 4534 4529 
2906 4439 637 4532 4534 
2907 4534 4532 1316 4533 
2908 4529 4534 4533 1317 
2909 1317 4533 4537 4536 
2910 4533 1316 4535 4537 
2911 4537 4535 636 4418 
2912 4536 4537 4418 1291 
2913 1246 4530 4538 4149 
2914 4530 1317 4536 4538 
2915 4538 4536 1291 4413 
2916 4149 4538 4413 604 
2917 557 4539 4542 3886 
2918 4539 1318 4540 4542 
2919 4542 4540 1320 4541 
2920 3886 4542 4541 1203 
2921 1318 4543 4545 4540 
2922 4543 541 4177 4545 
2923 4545 4177 1319 4544 
2924 4540 4545 4544 1320 
2925 1320 4544 4548 4547 
2926 4544 1319 4546 4548 
2927 4548 4546 137 138 
2928 4547 4548 138 139 
2929 1203 4541 4549 3889 
2930 4541 1320 4547 4549 
2931 4549 4547 139 140 
2932 3889 4549 140 141 
2933 2455 4550 4554 4553 
2934 4550 2464 4551 4554 
2935 4554 4551 2465 4552 
2936 4553 4554 4552 2456 
2937 2015 4555 4559 4558 
2938 4555 2016 4556 4559 
2939 4559 4556 2477 4557 
2940 4558 4559 4557 2468 
2941 769 4560 4564 4563 
2942 4560 2449 4561 4564 
2943 4564 4561 1998 4562 
2944 4563 4564 4562 1458 
2945 2442 4565 4569 4568 
2946 4565 2451 4566 4569 
2947 4569 4566 2452 4567 
2948 4568 4569 4567 2443 
2949 606 3195 4572 4142 
2950 3195 1068 4570 4572 
2951 4572 4570 1321 4571 
2952 4142 4572 4571 1245 
2953 1068 3192 4574 4570 
2954 3192 601 4018 4574 
2955 4574 4018 1220 4573 
2956 4570 4574 4573 1321 
2957 1321 4573 4576 4575 
2958 4573 1220 4028 4576 
2959 4576 4028 595 4432 
2960 4575 4576 4432 1295 
2961 1245 4571 4577 4145 
2962 4571 1321 4575 4577 
2963 4577 4575 1295 4427 
2964 4145 4577 4427 603 
2965 828 4578 4581 2843 
2966 4578 1322 4579 4581 
2967 4581 4579 1324 4580 
2968 2843 4581 4580 992 
2969 1322 4582 4585 4579 
2970 4582 829 4583 4585 
2971 4585 4583 1323 4584 
2972 4579 4585 4584 1324 
2973 1324 4584 4588 4587 
2974 4584 1323 4586 4588 
2975 4588 4586 833 4311 
2976 4587 4588 4311 1276 
2977 992 4580 4589 2846 
2978 4580 1324 4587 4589 
2979 4589 4587 1276 4308 
2980 2846 4589 4308 832 
2981 572 4590 4594 4593 
2982 4590 1325 4591 4594 
2983 4594 4591 1329 4592 
2984 4593 4594 4592 1328 
2985 1325 4595 4598 4591 
2986 4595 589 4596 4598 
2987 4598 4596 1326 4597 
2988 4591 4598 4597 1329 
2989 1329 4597 4602 4601 
2990 4597 1326 4599 4602 
2991 4602 4599 579 4600 
2992 4601 4602 4600 1327 
2993 1328 4592 4605 4604 
2994 4592 1329 4601 4605 
2995 4605 4601 1327 4603 
2996 4604 4605 4603 573 
2997 591 4606 4610 4609 
2998 4606 1330 4607 4610 
2999 4610 4607 1333 4608 
3000 4609 4610 4608 1332 
3001 1330 4611 4614 4607 
3002 4611 598 4612 4614 
3003 4614 4612 1331 4613 
3004 4607 4614 4613 1333 
3005 1333 4613 4617 4616 
3006 4613 1331 4615 4617 
3007 4617 4615 600 3134 
3008 4616 4617 3134 1052 
3009 1332 4608 4619 4618 
3010 4608 1333 4616 4619 
3011 4619 4616 1052 3131 
3012 4618 4619 3131 594 
3013 605 4620 4623 4425 
3014 4620 1334 4621 4623 
3015 4623 4621 1335 4622 
3016 4425 4623 4622 1293 
3017 1334 4624 4626 4621 
3018 4624 608 3313 4626 
3019 4626 3313 1094 4625 
3020 4621 4626 4625 1335 
3021 1335 4625 4628 4627 
3022 4625 1094 3320 4628 
3023 4628 3320 607 4140 
3024 4627 4628 4140 1247 
3025 1293 4622 4629 4416 
3026 4622 1335 4627 4629 
3027 4629 4627 1247 4150 
3028 4416 4629 4150 604 
3029 588 4630 4633 3258 
3030 4630 1336 4631 4633 
3031 4633 4631 1338 4632 
3032 3258 4633 4632 1084 
3033 1336 4634 4636 4631 
3034 4634 579 4599 4636 
3035 4636 4599 1326 4635 
3036 4631 4636 4635 1338 
3037 1338 4635 4639 4638 
3038 4635 1326 4596 4639 
3039 4639 4596 589 4637 
3040 4638 4639 4637 1337 
3041 1084 4632 4641 3261 
3042 4632 1338 4638 4641 
3043 4641 4638 1337 4640 
3044 3261 4641 4640 592 
3045 2467 4642 4646 4645 
3046 4642 2476 4643 4646 
3047 4646 4643 1519 4644 
3048 4645 4646 4644 1822 
3049 2441 4647 4650 4649 
3050 4647 2450 4648 4650 
3051 4650 4648 2451 4565 
3052 4649 4650 4565 2442 
3053 2471 4651 4655 4654 
3054 4651 2480 4652 4655 
3055 4655 4652 2481 4653 
3056 4654 4655 4653 2472 
3057 2261 4656 4660 4659 
3058 4656 2276 4657 4660 
3059 4660 4657 2277 4658 
3060 4659 4660 4658 2262 
3061 2198 4661 4665 4664 
3062 4661 2213 4662 4665 
3063 4665 4662 2214 4663 
3064 4664 4665 4663 2199 
3065 2255 4163 4669 4668 
3066 4163 2270 4666 4669 
3067 4669 4666 2271 4667 
3068 4668 4669 4667 2256 
3069 2195 4670 4674 4673 
3070 4670 2210 4671 4674 
3071 4674 4671 2211 4672 
3072 4673 4674 4672 2196 
3073 566 4675 4679 4678 
3074 4675 1339 4676 4679 
3075 4679 4676 1342 4677 
3076 4678 4679 4677 1341 
3077 1339 4680 4683 4676 
3078 4680 567 4681 4683 
3079 4683 4681 1340 4682 
3080 4676 4683 4682 1342 
3081 1342 4682 4686 4685 
3082 4682 1340 4684 4686 
3083 4686 4684 598 4611 
3084 4685 4686 4611 1330 
3085 1341 4677 4688 4687 
3086 4677 1342 4685 4688 
3087 4688 4685 1330 4606 
3088 4687 4688 4606 591 
3089 2462 4689 4692 4691 
3090 4689 2471 4654 4692 
3091 4692 4654 2472 4690 
3092 4691 4692 4690 2463 
3093 2493 4693 4697 4696 
3094 4693 2502 4694 4697 
3095 4697 4694 2503 4695 
3096 4696 4697 4695 2494 
3097 2496 4698 4701 4700 
3098 4698 1075 3221 4701 
3099 4701 3221 565 4699 
3100 4700 4701 4699 2497 
3101 2456 4552 4704 4703 
3102 4552 2465 4702 4704 
3103 4704 4702 2466 4497 
3104 4703 4704 4497 2457 
3105 673 4705 4709 4708 
3106 4705 1343 4706 4709 
3107 4709 4706 1346 4707 
3108 4708 4709 4707 1345 
3109 1343 4710 4713 4706 
3110 4710 662 4711 4713 
3111 4713 4711 1344 4712 
3112 4706 4713 4712 1346 
3113 1346 4712 4716 4715 
3114 4712 1344 4714 4716 
3115 4716 4714 572 4593 
3116 4715 4716 4593 1328 
3117 1345 4707 4718 4717 
3118 4707 1346 4715 4718 
3119 4718 4715 1328 4604 
3120 4717 4718 4604 573 
3121 641 4719 4723 4722 
3122 4719 1347 4720 4723 
3123 4723 4720 1349 4721 
3124 4722 4723 4721 1348 
3125 2548 4724 4728 4727 
3126 4724 2555 4725 4728 
3127 4728 4725 2556 4726 
3128 4727 4728 4726 2549 
3129 2561 4729 4733 4732 
3130 4729 2568 4730 4733 
3131 4733 4730 2569 4731 
3132 4732 4733 4731 2562 
3133 1348 4721 4736 4735 
3134 4721 1349 4734 4736 
3135 4736 4734 1198 3869 
3136 4735 4736 3869 632 
3137 555 4737 4740 3354 
3138 4737 1350 4738 4740 
3139 4740 4738 1353 4739 
3140 3354 4740 4739 1099 
3141 1350 4741 4744 4738 
3142 4741 696 4742 4744 
3143 4744 4742 1351 4743 
3144 4738 4744 4743 1353 
3145 2524 4745 4749 4748 
3146 4745 2531 4746 4749 
3147 4749 4746 2532 4747 
3148 4748 4749 4747 2525 
3149 1099 4739 4752 3357 
3150 4739 1353 4750 4752 
3151 4752 4750 1352 4751 
3152 3357 4752 4751 554 
3153 2193 4753 4757 4756 
3154 4753 2208 4754 4757 
3155 4757 4754 2209 4755 
3156 4756 4757 4755 2194 
3157 2116 4758 4762 4761 
3158 4758 2131 4759 4762 
3159 4762 4759 2132 4760 
3160 4761 4762 4760 2117 
3161 2285 4763 4767 4766 
3162 4763 2300 4764 4767 
3163 4767 4764 2301 4765 
3164 4766 4767 4765 2286 
3165 2238 4768 4772 4771 
3166 4768 2253 4769 4772 
3167 4772 4769 2254 4770 
3168 4771 4772 4770 2239 
3169 2111 4773 4776 4153 
3170 4773 2126 4774 4776 
3171 4776 4774 2127 4775 
3172 4153 4776 4775 2112 
3173 2316 4383 4780 4779 
3174 4383 2331 4777 4780 
3175 4780 4777 2332 4778 
3176 4779 4780 4778 2317 
3177 2196 4672 4783 4782 
3178 4672 2211 3496 4783 
3179 4783 3496 2212 4781 
3180 4782 4783 4781 2197 
3181 2287 4784 4788 4787 
3182 4784 2302 4785 4788 
3183 4788 4785 2303 4786 
3184 4787 4788 4786 2288 
3185 789 4789 4793 4792 
3186 4789 1354 4790 4793 
3187 4793 4790 1357 4791 
3188 4792 4793 4791 1356 
3189 1354 4794 4797 4790 
3190 4794 790 4795 4797 
3191 4797 4795 1355 4796 
3192 4790 4797 4796 1357 
3193 1357 4796 4800 4799 
3194 4796 1355 4798 4800 
3195 4800 4798 701 4278 
3196 4799 4800 4278 1267 
3197 1356 4791 4802 4801 
3198 4791 1357 4799 4802 
3199 4802 4799 1267 4275 
3200 4801 4802 4275 702 
3201 2313 4803 4807 4806 
3202 4803 2328 4804 4807 
3203 4807 4804 2329 4805 
3204 4806 4807 4805 2314 
3205 2363 4808 4811 4343 
3206 4808 2378 4809 4811 
3207 4811 4809 2379 4810 
3208 4343 4811 4810 2364 
3209 2217 4812 4813 4227 
3210 4812 2232 3948 4813 
3211 4813 3948 2233 2970 
3212 4227 4813 2970 2218 
3213 2272 4814 4817 4816 
3214 4814 2287 4787 4817 
3215 4817 4787 2288 4815 
3216 4816 4817 4815 2273 
3217 619 4818 4821 2688 
3218 4818 1358 4819 4821 
3219 4821 4819 1361 4820 
3220 2688 4821 4820 955 
3221 1358 4822 4825 4819 
3222 4822 622 4823 4825 
3223 4825 4823 1359 4824 
3224 4819 4825 4824 1361 
3225 1361 4824 4829 4828 
3226 4824 1359 4826 4829 
3227 4829 4826 623 4827 
3228 4828 4829 4827 1360 
3229 955 4820 4831 2679 
3230 4820 1361 4828 4831 
3231 4831 4828 1360 4830 
3232 2679 4831 4830 620 
3233 2311 4832 4836 4835 
3234 4832 2326 4833 4836 
3235 4836 4833 2327 4834 
3236 4835 4836 4834 2312 
3237 2417 4837 4839 3588 
3238 4837 2432 3491 4839 
3239 4839 3491 2433 4838 
3240 3588 4839 4838 2418 
3241 2321 4339 4843 4842 
3242 4339 2336 4840 4843 
3243 4843 4840 2337 4841 
3244 4842 4843 4841 2322 
3245 2377 3984 4847 4846 
3246 3984 2392 4844 4847 
3247 4847 4844 2393 4845 
3248 4846 4847 4845 2378 
3249 758 4848 4852 4851 
3250 4848 1362 4849 4852 
3251 4852 4849 1365 4850 
3252 4851 4852 4850 1364 
3253 1362 4853 4855 4849 
3254 4853 749 3407 4855 
3255 4855 3407 1112 4854 
3256 4849 4855 4854 1365 
3257 1365 4854 4858 4857 
3258 4854 1112 3404 4858 
3259 4858 3404 747 4856 
3260 4857 4858 4856 1363 
3261 1364 4850 4861 4860 
3262 4850 1365 4857 4861 
3263 4861 4857 1363 4859 
3264 4860 4861 4859 760 
3265 870 4862 4866 4865 
3266 4862 1366 4863 4866 
3267 4866 4863 1369 4864 
3268 4865 4866 4864 1368 
3269 1366 4867 4870 4863 
3270 4867 871 4868 4870 
3271 4870 4868 1367 4869 
3272 4863 4870 4869 1369 
3273 1369 4869 4873 4872 
3274 4869 1367 4871 4873 
3275 4873 4871 892 3078 
3276 4872 4873 3078 1038 
3277 1368 4864 4875 4874 
3278 4864 1369 4872 4875 
3279 4875 4872 1038 3073 
3280 4874 4875 3073 891 
3281 863 4876 4879 3827 
3282 4876 1370 4877 4879 
3283 4879 4877 1373 4878 
3284 3827 4879 4878 1187 
3285 1370 4880 4883 4877 
3286 4880 859 4881 4883 
3287 4883 4881 1371 4882 
3288 4877 4883 4882 1373 
3289 1373 4882 4887 4886 
3290 4882 1371 4884 4887 
3291 4887 4884 860 4885 
3292 4886 4887 4885 1372 
3293 1187 4878 4889 3830 
3294 4878 1373 4886 4889 
3295 4889 4886 1372 4888 
3296 3830 4889 4888 543 
3297 706 4890 4894 4893 
3298 4890 1374 4891 4894 
3299 4894 4891 1378 4892 
3300 4893 4894 4892 1377 
3301 1374 4895 4898 4891 
3302 4895 791 4896 4898 
3303 4898 4896 1375 4897 
3304 4891 4898 4897 1378 
3305 1378 4897 4902 4901 
3306 4897 1375 4899 4902 
3307 4902 4899 807 4900 
3308 4901 4902 4900 1376 
3309 1377 4892 4905 4904 
3310 4892 1378 4901 4905 
3311 4905 4901 1376 4903 
3312 4904 4905 4903 707 
3313 813 4906 4909 3054 
3314 4906 1379 4907 4909 
3315 4909 4907 1381 4908 
3316 3054 4909 4908 1033 
3317 1379 4910 4913 4907 
3318 4910 812 4911 4913 
3319 4913 4911 1380 4912 
3320 4907 4913 4912 1381 
3321 1381 4912 4916 4915 
3322 4912 1380 4914 4916 
3323 4916 4914 829 4582 
3324 4915 4916 4582 1322 
3325 1033 4908 4917 3057 
3326 4908 1381 4915 4917 
3327 4917 4915 1322 4578 
3328 3057 4917 4578 828 
3329 2378 4845 4919 4809 
3330 4845 2393 4918 4919 
3331 4919 4918 2394 3344 
3332 4809 4919 3344 2379 
3333 2151 2906 4922 4921 
3334 2906 2166 4007 4922 
3335 4922 4007 2167 4920 
3336 4921 4922 4920 2152 
3337 2323 4923 4926 4925 
3338 4923 2338 4490 4926 
3339 4926 4490 2339 4924 
3340 4925 4926 4924 2324 
3341 2365 4927 4931 4930 
3342 4927 2380 4928 4931 
3343 4931 4928 1990 4929 
3344 4930 4931 4929 663 
3345 612 3385 4935 4934 
3346 3385 1106 4932 4935 
3347 4935 4932 1383 4933 
3348 4934 4935 4933 1382 
3349 1106 3382 4937 4932 
3350 3382 608 4624 4937 
3351 4937 4624 1334 4936 
3352 4932 4937 4936 1383 
3353 1383 4936 4939 4938 
3354 4936 1334 4620 4939 
3355 4939 4620 605 3864 
3356 4938 4939 3864 1196 
3357 1382 4933 4941 4940 
3358 4933 1383 4938 4941 
3359 4941 4938 1196 3861 
3360 4940 4941 3861 611 
3361 860 4884 4945 4944 
3362 4884 1371 4942 4945 
3363 4945 4942 1387 4943 
3364 4944 4945 4943 1386 
3365 1371 4881 4948 4942 
3366 4881 859 4946 4948 
3367 4948 4946 1384 4947 
3368 4942 4948 4947 1387 
3369 1387 4947 4952 4951 
3370 4947 1384 4949 4952 
3371 4952 4949 786 4950 
3372 4951 4952 4950 1385 
3373 1386 4943 4955 4954 
3374 4943 1387 4951 4955 
3375 4955 4951 1385 4953 
3376 4954 4955 4953 785 
3377 872 4956 4960 4959 
3378 4956 1388 4957 4960 
3379 4960 4957 1391 4958 
3380 4959 4960 4958 1390 
3381 1388 4961 4963 4957 
3382 4961 823 4474 4963 
3383 4963 4474 1305 4962 
3384 4957 4963 4962 1391 
3385 1391 4962 4966 4965 
3386 4962 1305 4471 4966 
3387 4966 4471 843 4964 
3388 4965 4966 4964 1389 
3389 1390 4958 4969 4968 
3390 4958 1391 4965 4969 
3391 4969 4965 1389 4967 
3392 4968 4969 4967 881 
3393 896 2611 4972 4519 
3394 2611 933 4970 4972 
3395 4972 4970 1394 4971 
3396 4519 4972 4971 1312 
3397 933 2606 4975 4970 
3398 2606 894 4973 4975 
3399 4975 4973 1392 4974 
3400 4970 4975 4974 1394 
3401 1394 4974 4979 4978 
3402 4974 1392 4976 4979 
3403 4979 4976 875 4977 
3404 4978 4979 4977 1393 
3405 1312 4971 4981 4522 
3406 4971 1394 4978 4981 
3407 4981 4978 1393 4980 
3408 4522 4981 4980 874 
3409 637 4982 4985 4532 
3410 4982 1395 4983 4985 
3411 4985 4983 1398 4984 
3412 4532 4985 4984 1316 
3413 1395 4986 4989 4983 
3414 4986 639 4987 4989 
3415 4989 4987 1396 4988 
3416 4983 4989 4988 1398 
3417 1398 4988 4993 4992 
3418 4988 1396 4990 4993 
3419 4993 4990 640 4991 
3420 4992 4993 4991 1397 
3421 1316 4984 4995 4535 
3422 4984 1398 4992 4995 
3423 4995 4992 1397 4994 
3424 4535 4995 4994 636 
3425 759 4996 5000 4999 
3426 4996 1399 4997 5000 
3427 5000 4997 1402 4998 
3428 4999 5000 4998 1401 
3429 1399 5001 5004 4997 
3430 5001 626 5002 5004 
3431 5004 5002 1400 5003 
3432 4997 5004 5003 1402 
3433 2510 5005 5009 5008 
3434 5005 2513 5006 5009 
3435 5009 5006 2514 5007 
3436 5008 5009 5007 2511 
3437 570 5010 5013 4435 
3438 5010 1403 5011 5013 
3439 5013 5011 1405 5012 
3440 4435 5013 5012 1296 
3441 1403 5014 5017 5011 
3442 5014 659 5015 5017 
3443 5017 5015 1404 5016 
3444 5011 5017 5016 1405 
3445 1405 5016 5020 5019 
3446 5016 1404 5018 5020 
3447 5020 5018 639 4986 
3448 5019 5020 4986 1395 
3449 1296 5012 5021 4438 
3450 5012 1405 5019 5021 
3451 5021 5019 1395 4982 
3452 4438 5021 4982 637 
3453 2237 5022 5024 5023 
3454 5022 2252 3486 5024 
3455 5024 3486 2253 4768 
3456 5023 5024 4768 2238 
3457 2177 5025 5029 5028 
3458 5025 2192 5026 5029 
3459 5029 5026 2193 5027 
3460 5028 5029 5027 2178 
3461 2439 5030 5034 5033 
3462 5030 669 5031 5034 
3463 5034 5031 1641 5032 
3464 5033 5034 5032 2440 
3465 2234 3594 5037 4351 
3466 3594 2249 5035 5037 
3467 5037 5035 2250 5036 
3468 4351 5037 5036 2235 
3469 580 5038 5042 5041 
3470 5038 1406 5039 5042 
3471 5042 5039 1408 5040 
3472 5041 5042 5040 1407 
3473 1406 5043 5045 5039 
3474 5043 579 4634 5045 
3475 5045 4634 1336 5044 
3476 5039 5045 5044 1408 
3477 1408 5044 5047 5046 
3478 5044 1336 4630 5047 
3479 5047 4630 588 2777 
3480 5046 5047 2777 976 
3481 1407 5040 5049 5048 
3482 5040 1408 5046 5049 
3483 5049 5046 976 2786 
3484 5048 5049 2786 587 
3485 626 5001 5053 5052 
3486 5001 1399 5050 5053 
3487 5053 5050 1411 5051 
3488 5052 5053 5051 1410 
3489 1399 4996 5056 5050 
3490 4996 759 5054 5056 
3491 5056 5054 1409 5055 
3492 5050 5056 5055 1411 
3493 1411 5055 5059 5058 
3494 5055 1409 5057 5059 
3495 5059 5057 748 3368 
3496 5058 5059 3368 1102 
3497 1410 5051 5061 5060 
3498 5051 1411 5058 5061 
3499 5061 5058 1102 3363 
3500 5060 5061 3363 615 
3501 811 5062 5065 3104 
3502 5062 1412 5063 5065 
3503 5065 5063 1414 5064 
3504 3104 5065 5064 1046 
3505 1412 5066 5069 5063 
3506 5066 810 5067 5069 
3507 5069 5067 1413 5068 
3508 5063 5069 5068 1414 
3509 1414 5068 5072 5071 
3510 5068 1413 5070 5072 
3511 5072 5070 812 4910 
3512 5071 5072 4910 1379 
3513 1046 5064 5073 3107 
3514 5064 1414 5071 5073 
3515 5073 5071 1379 4906 
3516 3107 5073 4906 813 
3517 583 5074 5078 5077 
3518 5074 1415 5075 5078 
3519 5078 5075 1418 5076 
3520 5077 5078 5076 1417 
3521 1415 5079 5081 5075 
3522 5079 538 3504 5081 
3523 5081 3504 1132 5080 
3524 5075 5081 5080 1418 
3525 1418 5080 5084 5083 
3526 5080 1132 3512 5084 
3527 5084 3512 544 5082 
3528 5083 5084 5082 1416 
3529 1417 5076 5087 5086 
3530 5076 1418 5083 5087 
3531 5087 5083 1416 5085 
3532 5086 5087 5085 578 
3533 732 5088 5092 5091 
3534 5088 1419 5089 5092 
3535 5092 5089 1423 5090 
3536 5091 5092 5090 1422 
3537 1419 5093 5096 5089 
3538 5093 731 5094 5096 
3539 5096 5094 1420 5095 
3540 5089 5096 5095 1423 
3541 1423 5095 5100 5099 
3542 5095 1420 5097 5100 
3543 5100 5097 705 5098 
3544 5099 5100 5098 1421 
3545 1422 5090 5103 5102 
3546 5090 1423 5099 5103 
3547 5103 5099 1421 5101 
3548 5102 5103 5101 703 
3549 783 5104 5108 5107 
3550 5104 1424 5105 5108 
3551 5108 5105 1428 5106 
3552 5107 5108 5106 1427 
3553 1424 5109 5112 5105 
3554 5109 784 5110 5112 
3555 5112 5110 1425 5111 
3556 5105 5112 5111 1428 
3557 1428 5111 5116 5115 
3558 5111 1425 5113 5116 
3559 5116 5113 774 5114 
3560 5115 5116 5114 1426 
3561 1427 5106 5119 5118 
3562 5106 1428 5115 5119 
3563 5119 5115 1426 5117 
3564 5118 5119 5117 777 
3565 2205 3634 5122 5121 
3566 3634 2220 5120 5122 
3567 5122 5120 2221 4394 
3568 5121 5122 4394 2206 
3569 34 5123 5125 33 
3570 5123 2106 5124 5125 
3571 5125 5124 2107 4231 
3572 33 5125 4231 32 
3573 2401 3500 5128 5127 
3574 3500 2416 5126 5128 
3575 5128 5126 2417 3587 
3576 5127 5128 3587 2402 
3577 2199 4663 5131 3997 
3578 4663 2214 5129 5131 
3579 5131 5129 2215 5130 
3580 3997 5131 5130 2200 
3581 735 3542 5135 5134 
3582 3542 1134 5132 5135 
3583 5135 5132 1431 5133 
3584 5134 5135 5133 1430 
3585 1134 3539 5138 5132 
3586 3539 736 5136 5138 
3587 5138 5136 1429 5137 
3588 5132 5138 5137 1431 
3589 1431 5137 5141 5140 
3590 5137 1429 5139 5141 
3591 5141 5139 731 5093 
3592 5140 5141 5093 1419 
3593 1430 5133 5143 5142 
3594 5133 1431 5140 5143 
3595 5143 5140 1419 5088 
3596 5142 5143 5088 732 
3597 2398 5144 5148 5147 
3598 5144 2413 5145 5148 
3599 5148 5145 2414 5146 
3600 5147 5148 5146 2399 
3601 2437 4399 5152 5151 
3602 4399 664 5149 5152 
3603 5152 5149 1896 5150 
3604 5151 5152 5150 2438 
3605 2276 5153 5156 4657 
3606 5153 2291 5154 5156 
3607 5156 5154 2292 5155 
3608 4657 5156 5155 2277 
3609 2189 5157 5159 2706 
3610 5157 2204 3635 5159 
3611 5159 3635 2205 5158 
3612 2706 5159 5158 2190 
3613 829 5160 5163 4583 
3614 5160 1432 5161 5163 
3615 5163 5161 1435 5162 
3616 4583 5163 5162 1323 
3617 1432 5164 5167 5161 
3618 5164 831 5165 5167 
3619 5167 5165 1433 5166 
3620 5161 5167 5166 1435 
3621 1435 5166 5171 5170 
3622 5166 1433 5168 5171 
3623 5171 5168 834 5169 
3624 5170 5171 5169 1434 
3625 1323 5162 5173 4586 
3626 5162 1435 5170 5173 
3627 5173 5170 1434 5172 
3628 4586 5173 5172 833 
3629 2387 5174 5176 4012 
3630 5174 2402 3590 5176 
3631 5176 3590 2403 5175 
3632 4012 5176 5175 2388 
3633 2102 5177 5181 5180 
3634 5177 2117 5178 5181 
3635 5181 5178 2118 5179 
3636 5180 5181 5179 2103 
3637 69 70 5185 5184 
3638 70 71 5182 5185 
3639 5185 5182 2201 5183 
3640 5184 5185 5183 2186 
3641 36 5186 5188 35 
3642 5186 2105 5187 5188 
3643 5188 5187 2106 5123 
3644 35 5188 5123 34 
3645 821 5189 5193 5192 
3646 5189 1436 5190 5193 
3647 5193 5190 1439 5191 
3648 5192 5193 5191 1438 
3649 1436 5194 5197 5190 
3650 5194 822 5195 5197 
3651 5197 5195 1437 5196 
3652 5190 5197 5196 1439 
3653 1439 5196 5200 5199 
3654 5196 1437 5198 5200 
3655 5200 5198 871 4867 
3656 5199 5200 4867 1366 
3657 1438 5191 5202 5201 
3658 5191 1439 5199 5202 
3659 5202 5199 1366 4862 
3660 5201 5202 4862 870 
3661 804 5203 5206 3142 
3662 5203 1440 5204 5206 
3663 5206 5204 1442 5205 
3664 3142 5206 5205 1056 
3665 1440 5207 5210 5204 
3666 5207 803 5208 5210 
3667 5210 5208 1441 5209 
3668 5204 5210 5209 1442 
3669 1442 5209 5213 5212 
3670 5209 1441 5211 5213 
3671 5213 5211 810 5066 
3672 5212 5213 5066 1412 
3673 1056 5205 5214 3145 
3674 5205 1442 5212 5214 
3675 5214 5212 1412 5062 
3676 3145 5214 5062 811 
3677 2135 5215 5218 5217 
3678 5215 2150 2907 5218 
3679 5218 2907 2151 5216 
3680 5217 5218 5216 2136 
3681 2269 5219 5222 4162 
3682 5219 2284 5220 5222 
3683 5222 5220 2285 5221 
3684 4162 5222 5221 2270 
3685 2248 2702 5224 3593 
3686 2702 2263 3308 5224 
3687 5224 3308 2264 5223 
3688 3593 5224 5223 2249 
3689 2280 2697 5227 5226 
3690 2697 2295 5225 5227 
3691 5227 5225 2296 4373 
3692 5226 5227 4373 2281 
3693 625 5228 5231 4314 
3694 5228 1443 5229 5231 
3695 5231 5229 1444 5230 
3696 4314 5231 5230 1279 
3697 1443 5232 5234 5229 
3698 5232 626 5052 5234 
3699 5234 5052 1410 5233 
3700 5229 5234 5233 1444 
3701 1444 5233 5236 5235 
3702 5233 1410 5060 5236 
3703 5236 5060 615 3668 
3704 5235 5236 3668 1157 
3705 1279 5230 5237 4319 
3706 5230 1444 5235 5237 
3707 5237 5235 1157 3664 
3708 4319 5237 3664 616 
3709 716 5238 5241 3114 
3710 5238 1445 5239 5241 
3711 5241 5239 1448 5240 
3712 3114 5241 5240 1048 
3713 1445 5242 5245 5239 
3714 5242 717 5243 5245 
3715 5245 5243 1446 5244 
3716 5239 5245 5244 1448 
3717 1448 5244 5249 5248 
3718 5244 1446 5246 5249 
3719 5249 5246 711 5247 
3720 5248 5249 5247 1447 
3721 1048 5240 5251 3117 
3722 5240 1448 5248 5251 
3723 5251 5248 1447 5250 
3724 3117 5251 5250 710 
3725 881 5252 5256 5255 
3726 5252 1449 5253 5256 
3727 5256 5253 1452 5254 
3728 5255 5256 5254 1451 
3729 1449 5257 5260 5253 
3730 5257 882 5258 5260 
3731 5260 5258 1450 5259 
3732 5253 5260 5259 1452 
3733 1452 5259 5263 5262 
3734 5259 1450 5261 5263 
3735 5263 5261 885 3693 
3736 5262 5263 3693 1163 
3737 1451 5254 5265 5264 
3738 5254 1452 5262 5265 
3739 5265 5262 1163 3688 
3740 5264 5265 3688 884 
3741 609 5266 5270 5269 
3742 5266 1453 5267 5270 
3743 5270 5267 1456 5268 
3744 5269 5270 5268 1455 
3745 1453 5271 5274 5267 
3746 5271 621 5272 5274 
3747 5274 5272 1454 5273 
3748 5267 5274 5273 1456 
3749 1456 5273 5277 5276 
3750 5273 1454 5275 5277 
3751 5277 5275 618 2978 
3752 5276 5277 2978 1015 
3753 1455 5268 5279 5278 
3754 5268 1456 5276 5279 
3755 5279 5276 1015 2987 
3756 5278 5279 2987 614 
3757 742 5280 5283 4366 
3758 5280 1457 5281 5283 
3759 5283 5281 1460 5282 
3760 4366 5283 5282 1287 
3761 1457 5284 5286 5281 
3762 5284 769 4563 5286 
3763 5286 4563 1458 5285 
3764 5281 5286 5285 1460 
3765 1460 5285 5290 5289 
3766 5285 1458 5287 5290 
3767 5290 5287 768 5288 
3768 5289 5290 5288 1459 
3769 1287 5282 5292 4357 
3770 5282 1460 5289 5292 
3771 5292 5289 1459 5291 
3772 4357 5292 5291 743 
3773 797 5293 5297 5296 
3774 5293 1461 5294 5297 
3775 5297 5294 1464 5295 
3776 5296 5297 5295 1463 
3777 1461 5298 5300 5294 
3778 5298 786 4949 5300 
3779 5300 4949 1384 5299 
3780 5294 5300 5299 1464 
3781 1464 5299 5303 5302 
3782 5299 1384 4946 5303 
3783 5303 4946 859 5301 
3784 5302 5303 5301 1462 
3785 1463 5295 5306 5305 
3786 5295 1464 5302 5306 
3787 5306 5302 1462 5304 
3788 5305 5306 5304 854 
3789 893 5307 5310 3740 
3790 5307 1465 5308 5310 
3791 5310 5308 1466 5309 
3792 3740 5310 5309 1172 
3793 1465 5311 5313 5308 
3794 5311 872 4959 5313 
3795 5313 4959 1390 5312 
3796 5308 5313 5312 1466 
3797 1466 5312 5315 5314 
3798 5312 1390 4968 5315 
3799 5315 4968 881 5255 
3800 5314 5315 5255 1451 
3801 1172 5309 5316 3743 
3802 5309 1466 5314 5316 
3803 5316 5314 1451 5264 
3804 3743 5316 5264 884 
3805 2114 5317 5321 5320 
3806 5317 2129 5318 5321 
3807 5321 5318 2130 5319 
3808 5320 5321 5319 2115 
3809 2183 4003 5323 5322 
3810 4003 2198 4664 5323 
3811 5323 4664 2199 3996 
3812 5322 5323 3996 2184 
3813 2260 3525 5327 5326 
3814 3525 2275 5324 5327 
3815 5327 5324 674 5325 
3816 5326 5327 5325 1797 
3817 2123 5328 5331 4157 
3818 5328 2138 5329 5331 
3819 5331 5329 2139 5330 
3820 4157 5331 5330 2124 
3821 2089 5332 5335 5334 
3822 5332 132 133 5335 
3823 5335 133 3 5333 
3824 5334 5335 5333 2090 
3825 2089 5334 5338 4171 
3826 5334 2090 5336 5338 
3827 5338 5336 689 5337 
3828 4171 5338 5337 909 
3829 689 5336 5341 5340 
3830 5336 2090 5339 5341 
3831 5341 5339 2091 4179 
3832 5340 5341 4179 1467 
3833 820 5342 5346 5345 
3834 5342 1468 5343 5346 
3835 5346 5343 1471 5344 
3836 5345 5346 5344 1470 
3837 1468 5347 5350 5343 
3838 5347 824 5348 5350 
3839 5350 5348 1469 5349 
3840 5343 5350 5349 1471 
3841 1471 5349 5353 5352 
3842 5349 1469 5351 5353 
3843 5353 5351 876 4526 
3844 5352 5353 4526 1313 
3845 1470 5344 5355 5354 
3846 5344 1471 5352 5355 
3847 5355 5352 1313 4523 
3848 5354 5355 4523 874 
3849 619 3773 5358 4818 
3850 3773 1174 5356 5358 
3851 5358 5356 1473 5357 
3852 4818 5358 5357 1358 
3853 1174 3770 5360 5356 
3854 3770 618 5275 5360 
3855 5360 5275 1454 5359 
3856 5356 5360 5359 1473 
3857 1473 5359 5363 5362 
3858 5359 1454 5272 5363 
3859 5363 5272 621 5361 
3860 5362 5363 5361 1472 
3861 1358 5357 5365 4822 
3862 5357 1473 5362 5365 
3863 5365 5362 1472 5364 
3864 4822 5365 5364 622 
3865 710 5250 5368 3226 
3866 5250 1447 5366 5368 
3867 5368 5366 1475 5367 
3868 3226 5368 5367 1077 
3869 1447 5247 5371 5366 
3870 5247 711 5369 5371 
3871 5371 5369 1474 5370 
3872 5366 5371 5370 1475 
3873 1475 5370 5374 5373 
3874 5370 1474 5372 5374 
3875 5374 5372 803 5207 
3876 5373 5374 5207 1440 
3877 1077 5367 5375 3229 
3878 5367 1475 5373 5375 
3879 5375 5373 1440 5203 
3880 3229 5375 5203 804 
3881 738 2637 5378 3915 
3882 2637 943 5376 5378 
3883 5378 5376 1478 5377 
3884 3915 5378 5377 1209 
3885 943 2646 5381 5376 
3886 2646 740 5379 5381 
3887 5381 5379 1476 5380 
3888 5376 5381 5380 1478 
3889 1478 5380 5385 5384 
3890 5380 1476 5382 5385 
3891 5385 5382 737 5383 
3892 5384 5385 5383 1477 
3893 1209 5377 5387 3906 
3894 5377 1478 5384 5387 
3895 5387 5384 1477 5386 
3896 3906 5387 5386 767 
3897 2165 2854 5389 2905 
3898 2854 2180 5388 5389 
3899 5389 5388 2181 4005 
3900 2905 5389 4005 2166 
3901 2249 5223 5391 5035 
3902 5223 2264 5390 5391 
3903 5391 5390 2265 4492 
3904 5035 5391 4492 2250 
3905 2289 5392 5395 5394 
3906 5392 2304 5393 5395 
3907 5395 5393 2305 3339 
3908 5394 5395 3339 2290 
3909 2419 5396 5400 5399 
3910 5396 2434 5397 5400 
3911 5400 5397 2435 5398 
3912 5399 5400 5398 2420 
3913 597 5401 5405 5404 
3914 5401 1479 5402 5405 
3915 5405 5402 1481 5403 
3916 5404 5405 5403 1480 
3917 1479 5406 5408 5402 
3918 5406 596 4023 5408 
3919 5408 4023 1218 5407 
3920 5402 5408 5407 1481 
3921 1481 5407 5410 5409 
3922 5407 1218 4020 5410 
3923 5410 4020 602 3180 
3924 5409 5410 3180 1065 
3925 1480 5403 5412 5411 
3926 5403 1481 5409 5412 
3927 5412 5409 1065 3175 
3928 5411 5412 3175 599 
3929 765 5413 5417 5416 
3930 5413 1482 5414 5417 
3931 5417 5414 1486 5415 
3932 5416 5417 5415 1485 
3933 1482 5418 5421 5414 
3934 5418 764 5419 5421 
3935 5421 5419 1483 5420 
3936 5414 5421 5420 1486 
3937 1486 5420 5425 5424 
3938 5420 1483 5422 5425 
3939 5425 5422 754 5423 
3940 5424 5425 5423 1484 
3941 1485 5415 5428 5427 
3942 5415 1486 5424 5428 
3943 5428 5424 1484 5426 
3944 5427 5428 5426 756 
3945 756 5426 5432 5431 
3946 5426 1484 5429 5432 
3947 5432 5429 1488 5430 
3948 5431 5432 5430 1487 
3949 1484 5423 5434 5429 
3950 5423 754 3681 5434 
3951 5434 3681 1159 5433 
3952 5429 5434 5433 1488 
3953 1488 5433 5436 5435 
3954 5433 1159 3678 5436 
3955 5436 3678 752 3789 
3956 5435 5436 3789 1178 
3957 1487 5430 5438 5437 
3958 5430 1488 5435 5438 
3959 5438 5435 1178 3785 
3960 5437 5438 3785 753 
3961 748 5057 5441 3810 
3962 5057 1409 5439 5441 
3963 5441 5439 1490 5440 
3964 3810 5441 5440 1183 
3965 1409 5054 5444 5439 
3966 5054 759 5442 5444 
3967 5444 5442 1489 5443 
3968 5439 5444 5443 1490 
3969 1490 5443 5447 5446 
3970 5443 1489 5445 5447 
3971 5447 5445 760 4859 
3972 5446 5447 4859 1363 
3973 1183 5440 5448 3813 
3974 5440 1490 5446 5448 
3975 5448 5446 1363 4856 
3976 3813 5448 4856 747 
3977 784 5109 5452 5451 
3978 5109 1424 5449 5452 
3979 5452 5449 1494 5450 
3980 5451 5452 5450 1493 
3981 1424 5104 5455 5449 
3982 5104 783 5453 5455 
3983 5455 5453 1491 5454 
3984 5449 5455 5454 1494 
3985 1494 5454 5459 5458 
3986 5454 1491 5456 5459 
3987 5459 5456 862 5457 
3988 5458 5459 5457 1492 
3989 1493 5450 5462 5461 
3990 5450 1494 5458 5462 
3991 5462 5458 1492 5460 
3992 5461 5462 5460 861 
3993 861 5460 5466 5465 
3994 5460 1492 5463 5466 
3995 5466 5463 1496 5464 
3996 5465 5466 5464 1495 
3997 1492 5457 5468 5463 
3998 5457 862 4506 5468 
3999 5468 4506 1309 5467 
4000 5463 5468 5467 1496 
4001 1496 5467 5470 5469 
4002 5467 1309 4502 5470 
4003 5470 4502 865 3251 
4004 5469 5470 3251 1082 
4005 1495 5464 5472 5471 
4006 5464 1496 5469 5472 
4007 5472 5469 1082 3248 
4008 5471 5472 3248 864 
4009 739 3912 5475 2829 
4010 3912 1208 5473 5475 
4011 5475 5473 1498 5474 
4012 2829 5475 5474 988 
4013 1208 3909 5478 5473 
4014 3909 766 5476 5478 
4015 5478 5476 1497 5477 
4016 5473 5478 5477 1498 
4017 1498 5477 5481 5480 
4018 5477 1497 5479 5481 
4019 5481 5479 731 5139 
4020 5480 5481 5139 1429 
4021 988 5474 5482 2832 
4022 5474 1498 5480 5482 
4023 5482 5480 1429 5136 
4024 2832 5482 5136 736 
4025 2403 3589 5486 5485 
4026 3589 2418 5483 5486 
4027 5486 5483 2419 5484 
4028 5485 5486 5484 2404 
4029 28 5487 5490 27 
4030 5487 2109 5488 5490 
4031 5490 5488 2110 5489 
4032 27 5490 5489 26 
4033 79 80 5493 5492 
4034 80 81 5491 5493 
4035 5493 5491 2276 4656 
4036 5492 5493 4656 2261 
4037 2119 5494 5498 5497 
4038 5494 2134 5495 5498 
4039 5498 5495 2135 5496 
4040 5497 5498 5496 2120 
4041 661 4485 5502 5501 
4042 4485 1499 5499 5502 
4043 5502 5499 1502 5500 
4044 5501 5502 5500 1501 
4045 1499 3957 5505 5499 
4046 3957 660 5503 5505 
4047 5505 5503 1500 5504 
4048 5499 5505 5504 1502 
4049 1502 5504 5508 5507 
4050 5504 1500 5506 5508 
4051 5508 5506 567 4680 
4052 5507 5508 4680 1339 
4053 1501 5500 5510 5509 
4054 5500 1502 5507 5510 
4055 5510 5507 1339 4675 
4056 5509 5510 4675 566 
4057 629 5511 5515 5514 
4058 5511 1503 5512 5515 
4059 5515 5512 1506 5513 
4060 5514 5515 5513 1505 
4061 1503 5516 5519 5512 
4062 5516 630 5517 5519 
4063 5519 5517 1504 5518 
4064 5512 5519 5518 1506 
4065 1506 5518 5522 5521 
4066 5518 1504 5520 5522 
4067 5522 5520 622 5364 
4068 5521 5522 5364 1472 
4069 1505 5513 5524 5523 
4070 5513 1506 5521 5524 
4071 5524 5521 1472 5361 
4072 5523 5524 5361 621 
4073 871 5525 5528 4868 
4074 5525 1507 5526 5528 
4075 5528 5526 1508 5527 
4076 4868 5528 5527 1367 
4077 1507 5529 5531 5526 
4078 5529 872 5311 5531 
4079 5531 5311 1465 5530 
4080 5526 5531 5530 1508 
4081 1508 5530 5533 5532 
4082 5530 1465 5307 5533 
4083 5533 5307 893 3837 
4084 5532 5533 3837 1190 
4085 1367 5527 5534 4871 
4086 5527 1508 5532 5534 
4087 5534 5532 1190 3833 
4088 4871 5534 3833 892 
4089 636 4994 5537 4419 
4090 4994 1397 5535 5537 
4091 5537 5535 1510 5536 
4092 4419 5537 5536 1292 
4093 1397 4991 5540 5535 
4094 4991 640 5538 5540 
4095 5540 5538 1509 5539 
4096 5535 5540 5539 1510 
4097 1510 5539 5543 5542 
4098 5539 1509 5541 5543 
4099 5543 5541 641 4722 
4100 5542 5543 4722 1348 
4101 1292 5536 5544 4422 
4102 5536 1510 5542 5544 
4103 5544 5542 1348 4735 
4104 4422 5544 4735 632 
4105 659 5545 5548 5015 
4106 5545 1511 5546 5548 
4107 5548 5546 1514 5547 
4108 5015 5548 5547 1404 
4109 1511 5549 5552 5546 
4110 5549 668 5550 5552 
4111 5552 5550 1512 5551 
4112 5546 5552 5551 1514 
4113 1514 5551 5556 5555 
4114 5551 1512 5553 5556 
4115 5556 5553 638 5554 
4116 5555 5556 5554 1513 
4117 1404 5547 5558 5018 
4118 5547 1514 5555 5558 
4119 5558 5555 1513 5557 
4120 5018 5558 5557 639 
4121 2396 4348 5561 3648 
4122 4348 2411 5559 5561 
4123 5561 5559 2412 5560 
4124 3648 5561 5560 2397 
4125 2185 3998 5565 5564 
4126 3998 2200 5562 5565 
4127 5565 5562 1602 5563 
4128 5564 5565 5563 672 
4129 2388 5175 5568 5567 
4130 5175 2403 5485 5568 
4131 5568 5485 2404 5566 
4132 5567 5568 5566 2389 
4133 2160 5569 5571 5570 
4134 5569 2175 2902 5571 
4135 5571 2902 2176 3991 
4136 5570 5571 3991 2161 
4137 698 5572 5576 5575 
4138 5572 1515 5573 5576 
4139 5576 5573 1518 5574 
4140 5575 5576 5574 1517 
4141 1515 5577 5580 5573 
4142 5577 699 5578 5580 
4143 5580 5578 1516 5579 
4144 5573 5580 5579 1518 
4145 1518 5579 5583 5582 
4146 5579 1516 5581 5583 
4147 5583 5581 553 2653 
4148 5582 5583 2653 945 
4149 1517 5574 5585 5584 
4150 5574 1518 5582 5585 
4151 5585 5582 945 2648 
4152 5584 5585 2648 552 
4153 2127 5586 5590 5589 
4154 5586 2142 5587 5590 
4155 5590 5587 2143 5588 
4156 5589 5590 5588 2128 
4157 2328 5591 5593 4804 
4158 5591 2343 5592 5593 
4159 5593 5592 2344 2867 
4160 4804 5593 2867 2329 
4161 2275 5594 5596 5324 
4162 5594 2290 3342 5596 
4163 5596 3342 1687 5595 
4164 5324 5596 5595 674 
4165 2359 3644 5599 5598 
4166 3644 2374 3758 5599 
4167 5599 3758 2375 5597 
4168 5598 5599 5597 2360 
4169 862 5456 5602 4507 
4170 5456 1491 5600 5602 
4171 5602 5600 1520 5601 
4172 4507 5602 5601 1310 
4173 1491 5453 5605 5600 
4174 5453 783 5603 5605 
4175 5605 5603 1519 5604 
4176 5600 5605 5604 1520 
4177 2446 5606 5609 5608 
4178 5606 2455 4553 5609 
4179 5609 4553 2456 5607 
4180 5608 5609 5607 2447 
4181 2452 5610 5614 5613 
4182 5610 2461 5611 5614 
4183 5614 5611 2462 5612 
4184 5613 5614 5612 2453 
4185 620 4830 5617 3901 
4186 4830 1360 5615 5617 
4187 5617 5615 1522 5616 
4188 3901 5617 5616 1205 
4189 1360 4827 5620 5615 
4190 4827 623 5618 5620 
4191 5620 5618 1521 5619 
4192 5615 5620 5619 1522 
4193 1522 5619 5623 5622 
4194 5619 1521 5621 5623 
4195 5623 5621 624 4325 
4196 5622 5623 4325 1280 
4197 1205 5616 5624 3895 
4198 5616 1522 5622 5624 
4199 5624 5622 1280 4322 
4200 3895 5624 4322 617 
4201 2409 2911 5627 5626 
4202 2911 2424 5625 5627 
4203 5627 5625 2425 3955 
4204 5626 5627 3955 2410 
4205 2216 3515 5630 5629 
4206 3515 2231 5628 5630 
4207 5630 5628 2232 4812 
4208 5629 5630 4812 2217 
4209 2154 4168 5633 3753 
4210 4168 2169 5631 5633 
4211 5633 5631 2170 5632 
4212 3753 5633 5632 2155 
4213 2230 5634 5638 5637 
4214 5634 2245 5635 5638 
4215 5638 5635 675 5636 
4216 5637 5638 5636 924 
4217 715 5639 5643 5642 
4218 5639 1523 5640 5643 
4219 5643 5640 1526 5641 
4220 5642 5643 5641 1525 
4221 1523 5644 5646 5640 
4222 5644 724 3935 5646 
4223 5646 3935 1214 5645 
4224 5640 5646 5645 1526 
4225 1526 5645 5649 5648 
4226 5645 1214 3932 5649 
4227 5649 3932 728 5647 
4228 5648 5649 5647 1524 
4229 1525 5641 5652 5651 
4230 5641 1526 5648 5652 
4231 5652 5648 1524 5650 
4232 5651 5652 5650 725 
4233 1529 5653 5657 5656 
4234 5653 1910 5654 5657 
4235 5657 5654 1909 5655 
4236 5656 5657 5655 2571 
4237 1527 5658 5662 5661 
4238 5658 654 5659 5662 
4239 5662 5659 1528 5660 
4240 5661 5662 5660 1530 
4241 1530 5660 5666 5665 
4242 5660 1528 5663 5666 
4243 5666 5663 693 5664 
4244 5665 5666 5664 1529 
4245 2532 5667 5671 5670 
4246 5667 2539 5668 5671 
4247 5671 5668 2540 5669 
4248 5670 5671 5669 2533 
4249 2284 5672 5674 5220 
4250 5672 2299 5673 5674 
4251 5674 5673 2300 4763 
4252 5220 5674 4763 2285 
4253 2180 4237 5676 5388 
4254 4237 2195 4673 5676 
4255 5676 4673 2196 5675 
4256 5388 5676 5675 2181 
4257 2423 5677 5680 2910 
4258 5677 2438 5678 5680 
4259 5680 5678 2439 5679 
4260 2910 5680 5679 2424 
4261 2331 5681 5683 4777 
4262 5681 2346 3585 5683 
4263 5683 3585 2347 5682 
4264 4777 5683 5682 2332 
4265 2550 5684 5688 5687 
4266 5684 2557 5685 5688 
4267 5688 5685 2558 5686 
4268 5687 5688 5686 2551 
4269 1351 4742 5692 5691 
4270 4742 696 5689 5692 
4271 5692 5689 1531 5690 
4272 5691 5692 5690 1533 
4273 1533 5690 5696 5695 
4274 5690 1531 5693 5696 
4275 5696 5693 651 5694 
4276 5695 5696 5694 1532 
4277 2537 5697 5701 5700 
4278 5697 2544 5698 5701 
4279 5701 5698 2545 5699 
4280 5700 5701 5699 2538 
4281 700 5702 5706 5705 
4282 5702 1534 5703 5706 
4283 5706 5703 1536 5704 
4284 5705 5706 5704 1535 
4285 1534 5707 5709 5703 
4286 5707 698 5575 5709 
4287 5709 5575 1517 5708 
4288 5703 5709 5708 1536 
4289 1536 5708 5711 5710 
4290 5708 1517 5584 5711 
4291 5711 5584 552 3428 
4292 5710 5711 3428 1117 
4293 1535 5704 5713 5712 
4294 5704 1536 5710 5713 
4295 5713 5710 1117 3423 
4296 5712 5713 3423 551 
4297 2110 5714 5717 5716 
4298 5714 2125 5715 5717 
4299 5717 5715 545 3849 
4300 5716 5717 3849 1192 
4301 2294 5718 5721 2696 
4302 5718 2309 5719 5721 
4303 5721 5719 2310 5720 
4304 2696 5721 5720 2295 
4305 2264 3307 5723 5390 
4306 3307 2279 2698 5723 
4307 5723 2698 2280 5722 
4308 5390 5723 5722 2265 
4309 2231 5724 5726 5628 
4310 5724 2246 5725 5726 
4311 5726 5725 2247 3947 
4312 5628 5726 3947 2232 
4313 812 5727 5730 4911 
4314 5727 1537 5728 5730 
4315 5730 5728 1539 5729 
4316 4911 5730 5729 1380 
4317 1537 5731 5734 5728 
4318 5731 815 5732 5734 
4319 5734 5732 1538 5733 
4320 5728 5734 5733 1539 
4321 1539 5733 5737 5736 
4322 5733 1538 5735 5737 
4323 5737 5735 831 5164 
4324 5736 5737 5164 1432 
4325 1380 5729 5738 4914 
4326 5729 1539 5736 5738 
4327 5738 5736 1432 5160 
4328 4914 5738 5160 829 
4329 725 5739 5742 5651 
4330 5739 1540 5740 5742 
4331 5742 5740 1542 5741 
4332 5651 5742 5741 1525 
4333 1540 5743 5745 5740 
4334 5743 706 4893 5745 
4335 5745 4893 1377 5744 
4336 5740 5745 5744 1542 
4337 1542 5744 5748 5747 
4338 5744 1377 4904 5748 
4339 5748 4904 707 5746 
4340 5747 5748 5746 1541 
4341 1525 5741 5750 5642 
4342 5741 1542 5747 5750 
4343 5750 5747 1541 5749 
4344 5642 5750 5749 715 
4345 766 3908 5754 5753 
4346 3908 1207 5751 5754 
4347 5754 5751 1546 5752 
4348 5753 5754 5752 1545 
4349 1207 3903 5757 5751 
4350 3903 767 5755 5757 
4351 5757 5755 1543 5756 
4352 5751 5757 5756 1546 
4353 1546 5756 5761 5760 
4354 5756 1543 5758 5761 
4355 5761 5758 772 5759 
4356 5760 5761 5759 1544 
4357 1545 5752 5764 5763 
4358 5752 1546 5760 5764 
4359 5764 5760 1544 5762 
4360 5763 5764 5762 773 
4361 1547 5765 5769 5768 
4362 5765 649 5766 5769 
4363 5769 5766 1548 5767 
4364 5768 5769 5767 1550 
4365 1550 5767 5773 5772 
4366 5767 1548 5770 5773 
4367 5773 5770 781 5771 
4368 5772 5773 5771 1549 
4369 2514 5774 5778 5777 
4370 5774 2517 5775 5778 
4371 5778 5775 2518 5776 
4372 5777 5778 5776 2515 
4373 2486 5779 5782 4511 
4374 5779 2495 5780 5782 
4375 5782 5780 2496 5781 
4376 4511 5782 5781 2487 
4377 2447 5607 5785 5784 
4378 5607 2456 4703 5785 
4379 5785 4703 2457 5783 
4380 5784 5785 5783 2448 
4381 2448 5783 5788 5787 
4382 5783 2457 4500 5788 
4383 5788 4500 2458 5786 
4384 5787 5788 5786 2449 
4385 784 5451 5792 5791 
4386 5451 1493 5789 5792 
4387 5792 5789 1553 5790 
4388 5791 5792 5790 1552 
4389 1493 5461 5795 5789 
4390 5461 861 5793 5795 
4391 5795 5793 1551 5794 
4392 5789 5795 5794 1553 
4393 1553 5794 5798 5797 
4394 5794 1551 5796 5798 
4395 5798 5796 860 4944 
4396 5797 5798 4944 1386 
4397 1552 5790 5800 5799 
4398 5790 1553 5797 5800 
4399 5800 5797 1386 4954 
4400 5799 5800 4954 785 
4401 741 5801 5805 5804 
4402 5801 1554 5802 5805 
4403 5805 5802 1556 5803 
4404 5804 5805 5803 1555 
4405 1554 5806 5808 5802 
4406 5806 746 2952 5808 
4407 5808 2952 1011 5807 
4408 5802 5808 5807 1556 
4409 1556 5807 5810 5809 
4410 5807 1011 2949 5810 
4411 5810 2949 751 3676 
4412 5809 5810 3676 1161 
4413 1555 5803 5812 5811 
4414 5803 1556 5809 5812 
4415 5812 5809 1161 3686 
4416 5811 5812 3686 755 
4417 740 3977 5815 5379 
4418 3977 1216 5813 5815 
4419 5815 5813 1558 5814 
4420 5379 5815 5814 1476 
4421 1216 3973 5817 5813 
4422 3973 744 4359 5817 
4423 5817 4359 1285 5816 
4424 5813 5817 5816 1558 
4425 1558 5816 5820 5819 
4426 5816 1285 4354 5820 
4427 5820 4354 743 5818 
4428 5819 5820 5818 1557 
4429 1476 5814 5822 5382 
4430 5814 1558 5819 5822 
4431 5822 5819 1557 5821 
4432 5382 5822 5821 737 
4433 847 5823 5827 5826 
4434 5823 1559 5824 5827 
4435 5827 5824 1562 5825 
4436 5826 5827 5825 1561 
4437 1559 5828 5830 5824 
4438 5828 863 3826 5830 
4439 5830 3826 1186 5829 
4440 5824 5830 5829 1562 
4441 1562 5829 5833 5832 
4442 5829 1186 3823 5833 
4443 5833 3823 542 5831 
4444 5832 5833 5831 1560 
4445 1561 5825 5836 5835 
4446 5825 1562 5832 5836 
4447 5836 5832 1560 5834 
4448 5835 5836 5834 840 
4449 856 5837 5841 5840 
4450 5837 1563 5838 5841 
4451 5841 5838 1566 5839 
4452 5840 5841 5839 1565 
4453 1563 5842 5844 5838 
4454 5842 781 5770 5844 
4455 5844 5770 1548 5843 
4456 5838 5844 5843 1566 
4457 1566 5843 5847 5846 
4458 5843 1548 5766 5847 
4459 5847 5766 649 5845 
4460 5846 5847 5845 1564 
4461 1565 5839 5850 5849 
4462 5839 1566 5846 5850 
4463 5850 5846 1564 5848 
4464 5849 5850 5848 700 
4465 760 5851 5854 4860 
4466 5851 1567 5852 5854 
4467 5854 5852 1569 5853 
4468 4860 5854 5853 1364 
4469 1400 5855 5859 5858 
4470 5855 1668 5856 5859 
4471 5859 5856 1666 5857 
4472 5858 5859 5857 2519 
4473 1364 5853 5862 4851 
4474 5853 1569 5860 5862 
4475 5862 5860 1568 5861 
4476 4851 5862 5861 758 
4477 2201 5863 5865 5864 
4478 5863 2216 5629 5865 
4479 5865 5629 2217 4226 
4480 5864 5865 4226 2202 
4481 2162 3993 5867 4369 
4482 3993 2177 5028 5867 
4483 5867 5028 2178 5866 
4484 4369 5867 5866 2163 
4485 77 78 5870 5869 
4486 78 79 5492 5870 
4487 5870 5492 2261 5868 
4488 5869 5870 5868 2246 
4489 2251 4494 5873 5872 
4490 4494 2266 5871 5873 
4491 5873 5871 2267 3483 
4492 5872 5873 3483 2252 
4493 848 5874 5878 5877 
4494 5874 1570 5875 5878 
4495 5878 5875 1573 5876 
4496 5877 5878 5876 1572 
4497 1570 5879 5881 5875 
4498 5879 847 5826 5881 
4499 5881 5826 1561 5880 
4500 5875 5881 5880 1573 
4501 1573 5880 5884 5883 
4502 5880 1561 5835 5884 
4503 5884 5835 840 5882 
4504 5883 5884 5882 1571 
4505 1572 5876 5887 5886 
4506 5876 1573 5883 5887 
4507 5887 5883 1571 5885 
4508 5886 5887 5885 842 
4509 818 5888 5892 5891 
4510 5888 1574 5889 5892 
4511 5892 5889 1577 5890 
4512 5891 5892 5890 1576 
4513 1574 5893 5896 5889 
4514 5893 799 5894 5896 
4515 5896 5894 1575 5895 
4516 5889 5896 5895 1577 
4517 1577 5895 5899 5898 
4518 5895 1575 5897 5899 
4519 5899 5897 849 4468 
4520 5898 5899 4468 1307 
4521 1576 5890 5901 5900 
4522 5890 1577 5898 5901 
4523 5901 5898 1307 4479 
4524 5900 5901 4479 837 
4525 791 5902 5905 4896 
4526 5902 1578 5903 5905 
4527 5905 5903 1581 5904 
4528 4896 5905 5904 1375 
4529 1578 5906 5909 5903 
4530 5906 802 5907 5909 
4531 5909 5907 1579 5908 
4532 5903 5909 5908 1581 
4533 1581 5908 5913 5912 
4534 5908 1579 5910 5913 
4535 5913 5910 816 5911 
4536 5912 5913 5911 1580 
4537 1375 5904 5915 4899 
4538 5904 1581 5912 5915 
4539 5915 5912 1580 5914 
4540 4899 5915 5914 807 
4541 569 5916 5919 4261 
4542 5916 1582 5917 5919 
4543 5919 5917 1584 5918 
4544 4261 5919 5918 1263 
4545 1582 5920 5923 5917 
4546 5920 658 5921 5923 
4547 5923 5921 1583 5922 
4548 5917 5923 5922 1584 
4549 1584 5922 5926 5925 
4550 5922 1583 5924 5926 
4551 5926 5924 659 5014 
4552 5925 5926 5014 1403 
4553 1263 5918 5927 4264 
4554 5918 1584 5925 5927 
4555 5927 5925 1403 5010 
4556 4264 5927 5010 570 
4557 755 5928 5931 5811 
4558 5928 1585 5929 5931 
4559 5931 5929 1588 5930 
4560 5811 5931 5930 1555 
4561 1585 5932 5935 5929 
4562 5932 763 5933 5935 
4563 5935 5933 1586 5934 
4564 5929 5935 5934 1588 
4565 1588 5934 5939 5938 
4566 5934 1586 5936 5939 
4567 5939 5936 770 5937 
4568 5938 5939 5937 1587 
4569 1555 5930 5941 5804 
4570 5930 1588 5938 5941 
4571 5941 5938 1587 5940 
4572 5804 5941 5940 741 
4573 810 5942 5945 5067 
4574 5942 1589 5943 5945 
4575 5945 5943 1591 5944 
4576 5067 5945 5944 1413 
4577 1589 5946 5949 5943 
4578 5946 809 5947 5949 
4579 5949 5947 1590 5948 
4580 5943 5949 5948 1591 
4581 1591 5948 5952 5951 
4582 5948 1590 5950 5952 
4583 5952 5950 815 5731 
4584 5951 5952 5731 1537 
4585 1413 5944 5953 5070 
4586 5944 1591 5951 5953 
4587 5953 5951 1537 5727 
4588 5070 5953 5727 812 
4589 745 2891 5956 4362 
4590 2891 999 5954 5956 
4591 5956 5954 1593 5955 
4592 4362 5956 5955 1286 
4593 999 2886 5958 5954 
4594 2886 746 5806 5958 
4595 5958 5806 1554 5957 
4596 5954 5958 5957 1593 
4597 1593 5957 5961 5960 
4598 5957 1554 5801 5961 
4599 5961 5801 741 5959 
4600 5960 5961 5959 1592 
4601 1286 5955 5963 4365 
4602 5955 1593 5960 5963 
4603 5963 5960 1592 5962 
4604 4365 5963 5962 742 
4605 889 3800 5966 4451 
4606 3800 1180 5964 5966 
4607 5966 5964 1596 5965 
4608 4451 5966 5965 1300 
4609 1180 3795 5969 5964 
4610 3795 888 5967 5969 
4611 5969 5967 1594 5968 
4612 5964 5969 5968 1596 
4613 1596 5968 5973 5972 
4614 5968 1594 5970 5973 
4615 5973 5970 879 5971 
4616 5972 5973 5971 1595 
4617 1300 5965 5975 4444 
4618 5965 1596 5972 5975 
4619 5975 5972 1595 5974 
4620 4444 5975 5974 880 
4621 613 3038 5979 5978 
4622 3038 1030 5976 5979 
4623 5979 5976 1599 5977 
4624 5978 5979 5977 1598 
4625 1030 3047 5981 5976 
4626 3047 612 4934 5981 
4627 5981 4934 1382 5980 
4628 5976 5981 5980 1599 
4629 1599 5980 5984 5983 
4630 5980 1382 4940 5984 
4631 5984 4940 611 5982 
4632 5983 5984 5982 1597 
4633 1598 5977 5987 5986 
4634 5977 1599 5983 5987 
4635 5987 5983 1597 5985 
4636 5986 5987 5985 610 
4637 671 5988 5992 5991 
4638 5988 1600 5989 5992 
4639 5992 5989 1603 5990 
4640 5991 5992 5990 1602 
4641 1600 5993 5996 5989 
4642 5993 576 5994 5996 
4643 5996 5994 901 5995 
4644 5989 5996 5995 1603 
4645 1603 5995 6000 5999 
4646 5995 901 5997 6000 
4647 6000 5997 577 5998 
4648 5999 6000 5998 1601 
4649 1602 5990 6002 5563 
4650 5990 1603 5999 6002 
4651 6002 5999 1601 6001 
4652 5563 6002 6001 672 
4653 574 6003 6007 6006 
4654 6003 1604 6004 6007 
4655 6007 6004 1606 6005 
4656 6006 6007 6005 1605 
4657 1604 6008 6010 6004 
4658 6008 573 4603 6010 
4659 6010 4603 1327 6009 
4660 6004 6010 6009 1606 
4661 1606 6009 6012 6011 
4662 6009 1327 4600 6012 
4663 6012 4600 579 5043 
4664 6011 6012 5043 1406 
4665 1605 6005 6014 6013 
4666 6005 1606 6011 6014 
4667 6014 6011 1406 5038 
4668 6013 6014 5038 580 
4669 2529 6015 6019 6018 
4670 6015 2536 6016 6019 
4671 6019 6016 2537 6017 
4672 6018 6019 6017 2530 
4673 1607 6020 6024 6023 
4674 6020 643 6021 6024 
4675 6024 6021 1608 6022 
4676 6023 6024 6022 1609 
4677 1609 6022 6027 6026 
4678 6022 1608 6025 6027 
4679 6027 6025 630 5516 
4680 6026 6027 5516 1503 
4681 2530 6017 6030 6029 
4682 6017 2537 5700 6030 
4683 6030 5700 2538 6028 
4684 6029 6030 6028 2531 
4685 622 5520 6033 4823 
4686 5520 1504 6031 6033 
4687 6033 6031 1612 6032 
4688 4823 6033 6032 1359 
4689 1504 5517 6036 6031 
4690 5517 630 6034 6036 
4691 6036 6034 1610 6035 
4692 6031 6036 6035 1612 
4693 1612 6035 6040 6039 
4694 6035 1610 6037 6040 
4695 6040 6037 631 6038 
4696 6039 6040 6038 1611 
4697 1359 6032 6042 4826 
4698 6032 1612 6039 6042 
4699 6042 6039 1611 6041 
4700 4826 6042 6041 623 
4701 756 5431 6046 6045 
4702 5431 1487 6043 6046 
4703 6046 6043 1615 6044 
4704 6045 6046 6044 1614 
4705 1487 5437 6048 6043 
4706 5437 753 3169 6048 
4707 6048 3169 1062 6047 
4708 6043 6048 6047 1615 
4709 1615 6047 6051 6050 
4710 6047 1062 3166 6051 
4711 6051 3166 750 6049 
4712 6050 6051 6049 1613 
4713 1614 6044 6054 6053 
4714 6044 1615 6050 6054 
4715 6054 6050 1613 6052 
4716 6053 6054 6052 757 
4717 803 6055 6058 5208 
4718 6055 1616 6056 6058 
4719 6058 6056 1618 6057 
4720 5208 6058 6057 1441 
4721 1616 6059 6062 6056 
4722 6059 805 6060 6062 
4723 6062 6060 1617 6061 
4724 6056 6062 6061 1618 
4725 1618 6061 6065 6064 
4726 6061 1617 6063 6065 
4727 6065 6063 809 5946 
4728 6064 6065 5946 1589 
4729 1441 6057 6066 5211 
4730 6057 1618 6064 6066 
4731 6066 6064 1589 5942 
4732 5211 6066 5942 810 
4733 765 5416 6070 6069 
4734 5416 1485 6067 6070 
4735 6070 6067 1620 6068 
4736 6069 6070 6068 907 
4737 1485 5427 6072 6067 
4738 5427 756 6045 6072 
4739 6072 6045 1614 6071 
4740 6067 6072 6071 1620 
4741 1620 6071 6075 6074 
4742 6071 1614 6053 6075 
4743 6075 6053 757 6073 
4744 6074 6075 6073 1619 
4745 907 6068 6078 6077 
4746 6068 1620 6074 6078 
4747 6078 6074 1619 6076 
4748 6077 6078 6076 762 
4749 2445 6079 6082 6081 
4750 6079 2454 6080 6082 
4751 6082 6080 2455 5606 
4752 6081 6082 5606 2446 
4753 2468 4557 6085 6084 
4754 4557 2477 4513 6085 
4755 6085 4513 2478 6083 
4756 6084 6085 6083 2469 
4757 2475 6086 6090 6089 
4758 6086 2484 6087 6090 
4759 6090 6087 2485 6088 
4760 6089 6090 6088 2476 
4761 2480 6091 6094 4652 
4762 6091 2489 6092 6094 
4763 6094 6092 2490 6093 
4764 4652 6094 6093 2481 
4765 544 3853 6097 5082 
4766 3853 1193 6095 6097 
4767 6097 6095 1623 6096 
4768 5082 6097 6096 1416 
4769 1193 3850 6100 6095 
4770 3850 545 6098 6100 
4771 6100 6098 1621 6099 
4772 6095 6100 6099 1623 
4773 1623 6099 6103 6102 
4774 6099 1621 3530 6103 
4775 6103 3530 670 6101 
4776 6102 6103 6101 1622 
4777 1416 6096 6105 5085 
4778 6096 1623 6102 6105 
4779 6105 6102 1622 6104 
4780 5085 6105 6104 578 
4781 2122 6106 6109 6108 
4782 6106 2137 6107 6109 
4783 6109 6107 2138 5328 
4784 6108 6109 5328 2123 
4785 2428 6110 6114 6113 
4786 6110 1631 6111 6114 
4787 6114 6111 677 6112 
4788 6113 6114 6112 2429 
4789 2332 5682 6118 6117 
4790 5682 2347 6115 6118 
4791 6118 6115 2348 6116 
4792 6117 6118 6116 2333 
4793 2292 6119 6122 6121 
4794 6119 2307 2964 6122 
4795 6122 2964 2308 6120 
4796 6121 6122 6120 2293 
4797 859 4880 6125 5301 
4798 4880 1370 6123 6125 
4799 6125 6123 1625 6124 
4800 5301 6125 6124 1462 
4801 1370 4876 6127 6123 
4802 4876 863 5828 6127 
4803 6127 5828 1559 6126 
4804 6123 6127 6126 1625 
4805 1625 6126 6130 6129 
4806 6126 1559 5823 6130 
4807 6130 5823 847 6128 
4808 6129 6130 6128 1624 
4809 1462 6124 6132 5304 
4810 6124 1625 6129 6132 
4811 6132 6129 1624 6131 
4812 5304 6132 6131 854 
4813 672 6001 6136 6135 
4814 6001 1601 6133 6136 
4815 6136 6133 1628 6134 
4816 6135 6136 6134 1627 
4817 1601 5998 6139 6133 
4818 5998 577 6137 6139 
4819 6139 6137 1626 6138 
4820 6133 6139 6138 1628 
4821 1628 6138 6142 6141 
4822 6138 1626 6140 6142 
4823 6142 6140 578 6104 
4824 6141 6142 6104 1622 
4825 1627 6134 6144 6143 
4826 6134 1628 6141 6144 
4827 6144 6141 1622 6101 
4828 6143 6144 6101 670 
4829 742 5962 6147 5280 
4830 5962 1592 6145 6147 
4831 6147 6145 1630 6146 
4832 5280 6147 6146 1457 
4833 1592 5959 6149 6145 
4834 5959 741 5940 6149 
4835 6149 5940 1587 6148 
4836 6145 6149 6148 1630 
4837 1630 6148 6152 6151 
4838 6148 1587 5937 6152 
4839 6152 5937 770 6150 
4840 6151 6152 6150 1629 
4841 1457 6146 6154 5284 
4842 6146 1630 6151 6154 
4843 6154 6151 1629 6153 
4844 5284 6154 6153 769 
4845 2176 2901 6156 3992 
4846 2901 2191 6155 6156 
4847 6156 6155 2192 5025 
4848 3992 6156 5025 2177 
4849 2145 6157 6159 3961 
4850 6157 2160 5570 6159 
4851 6159 5570 2161 6158 
4852 3961 6159 6158 2146 
4853 57 58 6162 6161 
4854 58 59 6160 6162 
4855 6162 6160 2111 4152 
4856 6161 6162 4152 2096 
4857 2191 6163 6165 6155 
4858 6163 2206 4396 6165 
4859 6165 4396 2207 6164 
4860 6155 6165 6164 2192 
4861 727 4253 6169 6168 
4862 4253 1259 6166 6169 
4863 6169 6166 1634 6167 
4864 6168 6169 6167 1633 
4865 1259 4250 6171 6166 
4866 4250 730 3654 6171 
4867 6171 3654 1155 6170 
4868 6166 6171 6170 1634 
4869 1634 6170 6174 6173 
4870 6170 1155 3662 6174 
4871 6174 3662 734 6172 
4872 6173 6174 6172 1632 
4873 1633 6167 6177 6176 
4874 6167 1634 6173 6177 
4875 6177 6173 1632 6175 
4876 6176 6177 6175 733 
4877 854 6131 6181 6180 
4878 6131 1624 6178 6181 
4879 6181 6178 1637 6179 
4880 6180 6181 6179 1636 
4881 1624 6128 6183 6178 
4882 6128 847 5879 6183 
4883 6183 5879 1570 6182 
4884 6178 6183 6182 1637 
4885 1637 6182 6186 6185 
4886 6182 1570 5874 6186 
4887 6186 5874 848 6184 
4888 6185 6186 6184 1635 
4889 1636 6179 6189 6188 
4890 6179 1637 6185 6189 
4891 6189 6185 1635 6187 
4892 6188 6189 6187 853 
4893 2390 6190 6191 3722 
4894 6190 2405 3733 6191 
4895 6191 3733 2406 4239 
4896 3722 6191 4239 2391 
4897 2163 5866 6194 6193 
4898 5866 2178 6192 6194 
4899 6194 6192 2179 2852 
4900 6193 6194 2852 2164 
4901 2288 4786 6197 6196 
4902 4786 2303 6195 6197 
4903 6197 6195 2304 5392 
4904 6196 6197 5392 2289 
4905 2300 6198 6200 4764 
4906 6198 2315 4384 6200 
4907 6200 4384 2316 6199 
4908 4764 6200 6199 2301 
4909 764 6201 6205 6204 
4910 6201 2443 6202 6205 
4911 6205 6202 2444 6203 
4912 6204 6205 6203 1790 
4913 2067 6206 6209 6208 
4914 6206 2015 4558 6209 
4915 6209 4558 2468 6207 
4916 6208 6209 6207 2459 
4917 598 6210 6213 4612 
4918 6210 1638 6211 6213 
4919 6213 6211 1639 6212 
4920 4612 6213 6212 1331 
4921 1638 6214 6216 6211 
4922 6214 597 5404 6216 
4923 6216 5404 1480 6215 
4924 6211 6216 6215 1639 
4925 1639 6215 6218 6217 
4926 6215 1480 5411 6218 
4927 6218 5411 599 3326 
4928 6217 6218 3326 1096 
4929 1331 6212 6219 4615 
4930 6212 1639 6217 6219 
4931 6219 6217 1096 3322 
4932 4615 6219 3322 600 
4933 658 6220 6224 6223 
4934 6220 1640 6221 6224 
4935 6224 6221 1644 6222 
4936 6223 6224 6222 1643 
4937 1640 6225 6228 6221 
4938 6225 657 6226 6228 
4939 6228 6226 1641 6227 
4940 6221 6228 6227 1644 
4941 1644 6227 6231 6230 
4942 6227 1641 5031 6231 
4943 6231 5031 669 6229 
4944 6230 6231 6229 1642 
4945 1643 6222 6234 6233 
4946 6222 1644 6230 6234 
4947 6234 6230 1642 6232 
4948 6233 6234 6232 667 
4949 858 6235 6239 6238 
4950 6235 1645 6236 6239 
4951 6239 6236 1648 6237 
4952 6238 6239 6237 1647 
4953 1645 6240 6243 6236 
4954 6240 857 6241 6243 
4955 6243 6241 1646 6242 
4956 6236 6243 6242 1648 
4957 1648 6242 6246 6245 
4958 6242 1646 6244 6246 
4959 6246 6244 559 3282 
4960 6245 6246 3282 1089 
4961 1647 6237 6248 6247 
4962 6237 1648 6245 6248 
4963 6248 6245 1089 3277 
4964 6247 6248 3277 564 
4965 733 6175 6252 6251 
4966 6175 1632 6249 6252 
4967 6252 6249 1650 6250 
4968 6251 6252 6250 1649 
4969 1632 6172 6254 6249 
4970 6172 734 3781 6254 
4971 6254 3781 1176 6253 
4972 6249 6254 6253 1650 
4973 1650 6253 6256 6255 
4974 6253 1176 3778 6256 
4975 6256 3778 735 5134 
4976 6255 6256 5134 1430 
4977 1649 6250 6258 6257 
4978 6250 1650 6255 6258 
4979 6258 6255 1430 5142 
4980 6257 6258 5142 732 
4981 2271 6259 6262 6261 
4982 6259 2286 6260 6262 
4983 6262 6260 2287 4814 
4984 6261 6262 4814 2272 
4985 2411 6263 6265 5559 
4986 6263 2426 6264 6265 
4987 6265 6264 2427 3637 
4988 5559 6265 3637 2412 
4989 2291 6266 6268 5154 
4990 6266 2306 6267 6268 
4991 6268 6267 2307 6119 
4992 5154 6268 6119 2292 
4993 2277 5155 6271 6270 
4994 5155 2292 6121 6271 
4995 6271 6121 2293 6269 
4996 6270 6271 6269 2278 
4997 699 6272 6275 5578 
4998 6272 1651 6273 6275 
4999 6275 6273 1653 6274 
5000 5578 6275 6274 1516 
5001 1651 6276 6279 6273 
5002 6276 697 6277 6279 
5003 6279 6277 1652 6278 
5004 6273 6279 6278 1653 
5005 1653 6278 6282 6281 
5006 6278 1652 6280 6282 
5007 6282 6280 556 3600 
5008 6281 6282 3600 1144 
5009 1516 6274 6283 5581 
5010 6274 1653 6281 6283 
5011 6283 6281 1144 3596 
5012 5581 6283 3596 553 
5013 2559 6284 6288 6287 
5014 6284 2566 6285 6288 
5015 6288 6285 2567 6286 
5016 6287 6288 6286 2560 
5017 2564 6289 6293 6292 
5018 6289 2571 6290 6293 
5019 6293 6290 2572 6291 
5020 6292 6293 6291 2565 
5021 1655 6294 6297 6296 
5022 6294 1654 6295 6297 
5023 6297 6295 557 3885 
5024 6296 6297 3885 1202 
5025 1352 6298 6299 4751 
5026 6298 1655 6296 6299 
5027 6299 6296 1202 3881 
5028 4751 6299 3881 554 
5029 711 6300 6303 5369 
5030 6300 1656 6301 6303 
5031 6303 6301 1657 6302 
5032 5369 6303 6302 1474 
5033 1656 6304 6307 6301 
5034 6304 712 6305 6307 
5035 6307 6305 899 6306 
5036 6301 6307 6306 1657 
5037 1657 6306 6310 6309 
5038 6306 899 6308 6310 
5039 6310 6308 805 6059 
5040 6309 6310 6059 1616 
5041 1474 6302 6311 5372 
5042 6302 1657 6309 6311 
5043 6311 6309 1616 6055 
5044 5372 6311 6055 803 
5045 543 4888 6314 4111 
5046 4888 1372 6312 6314 
5047 6314 6312 1658 6313 
5048 4111 6314 6313 1239 
5049 1372 4885 6316 6312 
5050 4885 860 5796 6316 
5051 6316 5796 1551 6315 
5052 6312 6316 6315 1658 
5053 1658 6315 6318 6317 
5054 6315 1551 5793 6318 
5055 6318 5793 861 5465 
5056 6317 6318 5465 1495 
5057 1239 6313 6319 4114 
5058 6313 1658 6317 6319 
5059 6319 6317 1495 5471 
5060 4114 6319 5471 864 
5061 663 6320 6324 6323 
5062 6320 1659 6321 6324 
5063 6324 6321 1662 6322 
5064 6323 6324 6322 1661 
5065 1659 6325 6328 6321 
5066 6325 571 6326 6328 
5067 6328 6326 1660 6327 
5068 6321 6328 6327 1662 
5069 1662 6327 6331 6330 
5070 6327 1660 6329 6331 
5071 6331 6329 572 4714 
5072 6330 6331 4714 1344 
5073 1661 6322 6332 4388 
5074 6322 1662 6330 6332 
5075 6332 6330 1344 4711 
5076 4388 6332 4711 662 
5077 776 6333 6337 6336 
5078 6333 1663 6334 6337 
5079 6337 6334 1665 6335 
5080 6336 6337 6335 1664 
5081 1663 6338 6340 6334 
5082 6338 774 5113 6340 
5083 6340 5113 1425 6339 
5084 6334 6340 6339 1665 
5085 1665 6339 6342 6341 
5086 6339 1425 5110 6342 
5087 6342 5110 784 5791 
5088 6341 6342 5791 1552 
5089 1664 6335 6344 6343 
5090 6335 1665 6341 6344 
5091 6344 6341 1552 5799 
5092 6343 6344 5799 785 
5093 628 6345 6348 6347 
5094 6345 1666 5856 6348 
5095 6348 5856 1668 6346 
5096 6347 6348 6346 1667 
5097 2504 6349 6353 6352 
5098 6349 2507 6350 6353 
5099 6353 6350 2508 6351 
5100 6352 6353 6351 2505 
5101 1668 5855 6355 6354 
5102 5855 1400 5002 6355 
5103 6355 5002 626 5232 
5104 6354 6355 5232 1443 
5105 1667 6346 6357 6356 
5106 6346 1668 6354 6357 
5107 6357 6354 1443 5228 
5108 6356 6357 5228 625 
5109 569 6358 6361 5916 
5110 6358 1669 6359 6361 
5111 6361 6359 1671 6360 
5112 5916 6361 6360 1582 
5113 1669 6362 6365 6359 
5114 6362 568 6363 6365 
5115 6365 6363 1670 6364 
5116 6359 6365 6364 1671 
5117 1671 6364 6368 6367 
5118 6364 1670 6366 6368 
5119 6368 6366 657 6225 
5120 6367 6368 6225 1640 
5121 1582 6360 6369 5920 
5122 6360 1671 6367 6369 
5123 6369 6367 1640 6220 
5124 5920 6369 6220 658 
5125 700 5705 6372 5849 
5126 5705 1535 6370 6372 
5127 6372 6370 1673 6371 
5128 5849 6372 6371 1565 
5129 1535 5712 6374 6370 
5130 5712 551 4120 6374 
5131 6374 4120 1241 6373 
5132 6370 6374 6373 1673 
5133 1673 6373 6377 6376 
5134 6373 1241 4126 6377 
5135 6377 4126 562 6375 
5136 6376 6377 6375 1672 
5137 1565 6371 6379 5840 
5138 6371 1673 6376 6379 
5139 6379 6376 1672 6378 
5140 5840 6379 6378 856 
5141 568 6362 6383 6382 
5142 6362 1669 6380 6383 
5143 6383 6380 1675 6381 
5144 6382 6383 6381 1674 
5145 1669 6358 6385 6380 
5146 6358 569 4260 6385 
5147 6385 4260 1262 6384 
5148 6380 6385 6384 1675 
5149 1675 6384 6387 6386 
5150 6384 1262 4256 6387 
5151 6387 4256 596 5406 
5152 6386 6387 5406 1479 
5153 1674 6381 6389 6388 
5154 6381 1675 6386 6389 
5155 6389 6386 1479 5401 
5156 6388 6389 5401 597 
5157 2549 4726 6393 6392 
5158 4726 2556 6390 6393 
5159 6393 6390 1823 6391 
5160 6392 6393 6391 1803 
5161 1676 6394 6397 6396 
5162 6394 652 4297 6397 
5163 6397 4297 1272 6395 
5164 6396 6397 6395 1677 
5165 1677 6395 6399 6398 
5166 6395 1272 4294 6399 
5167 6399 4294 654 5658 
5168 6398 6399 5658 1527 
5169 2525 4747 6402 6401 
5170 4747 2532 5670 6402 
5171 6402 5670 2533 6400 
5172 6401 6402 6400 2526 
5173 851 6403 6407 6406 
5174 6403 916 6404 6407 
5175 6407 6404 1681 6405 
5176 6406 6407 6405 1680 
5177 916 6408 6411 6404 
5178 6408 801 6409 6411 
5179 6411 6409 1678 6410 
5180 6404 6411 6410 1681 
5181 1681 6410 6415 6414 
5182 6410 1678 6412 6415 
5183 6415 6412 796 6413 
5184 6414 6415 6413 1679 
5185 1680 6405 6418 6417 
5186 6405 1681 6414 6418 
5187 6418 6414 1679 6416 
5188 6417 6418 6416 852 
5189 709 6419 6423 6422 
5190 6419 1682 6420 6423 
5191 6423 6420 1686 6421 
5192 6422 6423 6421 1685 
5193 1682 6424 6427 6420 
5194 6424 708 6425 6427 
5195 6427 6425 1683 6426 
5196 6420 6427 6426 1686 
5197 1686 6426 6431 6430 
5198 6426 1683 6428 6431 
5199 6431 6428 714 6429 
5200 6430 6431 6429 1684 
5201 1685 6421 6434 6433 
5202 6421 1686 6430 6434 
5203 6434 6430 1684 6432 
5204 6433 6434 6432 713 
5205 674 5595 6438 6437 
5206 5595 1687 6435 6438 
5207 6438 6435 1689 6436 
5208 6437 6438 6436 1688 
5209 1687 3341 6440 6435 
5210 3341 673 4708 6440 
5211 6440 4708 1345 6439 
5212 6435 6440 6439 1689 
5213 1689 6439 6442 6441 
5214 6439 1345 4717 6442 
5215 6442 4717 573 6008 
5216 6441 6442 6008 1604 
5217 1688 6436 6444 6443 
5218 6436 1689 6441 6444 
5219 6444 6441 1604 6003 
5220 6443 6444 6003 574 
5221 589 4595 6448 6447 
5222 4595 1325 6445 6448 
5223 6448 6445 1692 6446 
5224 6447 6448 6446 1691 
5225 1325 4590 6450 6445 
5226 4590 572 6329 6450 
5227 6450 6329 1660 6449 
5228 6445 6450 6449 1692 
5229 1692 6449 6453 6452 
5230 6449 1660 6326 6453 
5231 6453 6326 571 6451 
5232 6452 6453 6451 1690 
5233 1691 6446 6456 6455 
5234 6446 1692 6452 6456 
5235 6456 6452 1690 6454 
5236 6455 6456 6454 590 
5237 609 5269 6460 6459 
5238 5269 1455 6457 6460 
5239 6460 6457 1694 6458 
5240 6459 6460 6458 1693 
5241 1455 5278 6462 6457 
5242 5278 614 3273 6462 
5243 6462 3273 1087 6461 
5244 6457 6462 6461 1694 
5245 1694 6461 6464 6463 
5246 6461 1087 3270 6464 
5247 6464 3270 613 5978 
5248 6463 6464 5978 1598 
5249 1693 6458 6466 6465 
5250 6458 1694 6463 6466 
5251 6466 6463 1598 5986 
5252 6465 6466 5986 610 
5253 2131 3962 6469 4759 
5254 3962 2146 6467 6469 
5255 6469 6467 2147 6468 
5256 4759 6469 6468 2132 
5257 2188 6470 6473 6472 
5258 6470 2203 6471 6473 
5259 6473 6471 2204 5157 
5260 6472 6473 5157 2189 
5261 26 5489 6474 25 
5262 5489 2110 5716 6474 
5263 6474 5716 1192 3846 
5264 25 6474 3846 24 
5265 2136 5216 6477 6476 
5266 5216 2151 4921 6477 
5267 6477 4921 2152 6475 
5268 6476 6477 6475 2137 
5269 705 6478 6481 5098 
5270 6478 1695 6479 6481 
5271 6481 6479 1698 6480 
5272 5098 6481 6480 1421 
5273 1695 6482 6485 6479 
5274 6482 793 6483 6485 
5275 6485 6483 1696 6484 
5276 6479 6485 6484 1698 
5277 1698 6484 6489 6488 
5278 6484 1696 6486 6489 
5279 6489 6486 787 6487 
5280 6488 6489 6487 1697 
5281 1421 6480 6491 5101 
5282 6480 1698 6488 6491 
5283 6491 6488 1697 6490 
5284 5101 6491 6490 703 
5285 592 4640 6494 3560 
5286 4640 1337 6492 6494 
5287 6494 6492 1700 6493 
5288 3560 6494 6493 1140 
5289 1337 4637 6496 6492 
5290 4637 589 6447 6496 
5291 6496 6447 1691 6495 
5292 6492 6496 6495 1700 
5293 1700 6495 6499 6498 
5294 6495 1691 6455 6499 
5295 6499 6455 590 6497 
5296 6498 6499 6497 1699 
5297 1140 6493 6501 3563 
5298 6493 1700 6498 6501 
5299 6501 6498 1699 6500 
5300 3563 6501 6500 593 
5301 634 6502 6505 3855 
5302 6502 1701 6503 6505 
5303 6505 6503 1703 6504 
5304 3855 6505 6504 1195 
5305 1701 6506 6509 6503 
5306 6506 635 6507 6509 
5307 6509 6507 1702 6508 
5308 6503 6509 6508 1703 
5309 1703 6508 6512 6511 
5310 6508 1702 6510 6512 
5311 6512 6510 610 5985 
5312 6511 6512 5985 1597 
5313 1195 6504 6513 3860 
5314 6504 1703 6511 6513 
5315 6513 6511 1597 5982 
5316 3860 6513 5982 611 
5317 879 5970 6517 6516 
5318 5970 1594 6514 6517 
5319 6517 6514 1706 6515 
5320 6516 6517 6515 1705 
5321 1594 5967 6519 6514 
5322 5967 888 4192 6519 
5323 6519 4192 1250 6518 
5324 6514 6519 6518 1706 
5325 1706 6518 6522 6521 
5326 6518 1250 4189 6522 
5327 6522 4189 887 6520 
5328 6521 6522 6520 1704 
5329 1705 6515 6525 6524 
5330 6515 1706 6521 6525 
5331 6525 6521 1704 6523 
5332 6524 6525 6523 878 
5333 767 5386 6528 5755 
5334 5386 1477 6526 6528 
5335 6528 6526 1709 6527 
5336 5755 6528 6527 1543 
5337 1477 5383 6531 6526 
5338 5383 737 6529 6531 
5339 6531 6529 1707 6530 
5340 6526 6531 6530 1709 
5341 1709 6530 6535 6534 
5342 6530 1707 6532 6535 
5343 6535 6532 771 6533 
5344 6534 6535 6533 1708 
5345 1543 6527 6537 5758 
5346 6527 1709 6534 6537 
5347 6537 6534 1708 6536 
5348 5758 6537 6536 772 
5349 2364 4810 6539 6538 
5350 4810 2379 3347 6539 
5351 6539 3347 2380 4927 
5352 6538 6539 4927 2365 
5353 2200 5130 6541 5562 
5354 5130 2215 6540 6541 
5355 6541 6540 671 5991 
5356 5562 6541 5991 1602 
5357 2283 6542 6545 6544 
5358 6542 2298 6543 6545 
5359 6545 6543 2299 5672 
5360 6544 6545 5672 2284 
5361 2312 4834 6548 6547 
5362 4834 2327 6546 6548 
5363 6548 6546 2328 4803 
5364 6547 6548 4803 2313 
5365 2568 6549 6552 4730 
5366 6549 2575 6550 6552 
5367 6552 6550 2576 6551 
5368 4730 6552 6551 2569 
5369 2543 6553 6556 6555 
5370 6553 2550 5687 6556 
5371 6556 5687 2551 6554 
5372 6555 6556 6554 2544 
5373 2575 6557 6559 6550 
5374 6557 1654 6294 6559 
5375 6559 6294 1655 6558 
5376 6550 6559 6558 2576 
5377 2571 5655 6562 6290 
5378 5655 1909 6560 6562 
5379 6562 6560 1996 6561 
5380 6290 6562 6561 2572 
5381 2152 4920 6564 6563 
5382 4920 2167 3953 6564 
5383 6564 3953 2168 4166 
5384 6563 6564 4166 2153 
5385 2440 5032 6567 6566 
5386 5032 1641 6226 6567 
5387 6567 6226 657 6565 
5388 6566 6567 6565 1881 
5389 2427 6568 6570 3638 
5390 6568 547 6569 6570 
5391 6570 6569 1631 6110 
5392 3638 6570 6110 2428 
5393 2362 4010 6572 6571 
5394 4010 2377 4846 6572 
5395 6572 4846 2378 4808 
5396 6571 6572 4808 2363 
5397 809 6573 6576 5947 
5398 6573 1710 6574 6576 
5399 6576 6574 1713 6575 
5400 5947 6576 6575 1590 
5401 1710 6577 6580 6574 
5402 6577 808 6578 6580 
5403 6580 6578 1711 6579 
5404 6574 6580 6579 1713 
5405 1713 6579 6584 6583 
5406 6579 1711 6581 6584 
5407 6584 6581 814 6582 
5408 6583 6584 6582 1712 
5409 1590 6575 6586 5950 
5410 6575 1713 6583 6586 
5411 6586 6583 1712 6585 
5412 5950 6586 6585 815 
5413 2113 6587 6590 6589 
5414 6587 2128 6588 6590 
5415 6590 6588 2129 5317 
5416 6589 6590 5317 2114 
5417 2322 4841 6592 2962 
5418 4841 2337 6591 6592 
5419 6592 6591 2338 4923 
5420 2962 6592 4923 2323 
5421 2415 3749 6594 3499 
5422 3749 2430 3763 6594 
5423 6594 3763 2431 6593 
5424 3499 6594 6593 2416 
5425 2124 5330 6597 6596 
5426 5330 2139 3754 6597 
5427 6597 3754 2140 6595 
5428 6596 6597 6595 2125 
5429 2333 6116 6600 6599 
5430 6116 2348 4345 6600 
5431 6600 4345 2349 6598 
5432 6599 6600 6598 2334 
5433 2434 3970 6602 5397 
5434 3970 1717 6601 6602 
5435 6602 6601 680 3716 
5436 5397 6602 3716 2435 
5437 2103 5179 6606 6605 
5438 5179 2118 6603 6606 
5439 6606 6603 2119 6604 
5440 6605 6606 6604 2104 
5441 2186 5183 6609 6608 
5442 5183 2201 5864 6609 
5443 6609 5864 2202 6607 
5444 6608 6609 6607 2187 
5445 681 6610 6613 3969 
5446 6610 1714 6611 6613 
5447 6613 6611 1718 6612 
5448 3969 6613 6612 1717 
5449 1714 6614 6617 6611 
5450 6614 682 6615 6617 
5451 6617 6615 1715 6616 
5452 6611 6617 6616 1718 
5453 1718 6616 6621 6620 
5454 6616 1715 6618 6621 
5455 6621 6618 679 6619 
5456 6620 6621 6619 1716 
5457 1717 6612 6623 6601 
5458 6612 1718 6620 6623 
5459 6623 6620 1716 6622 
5460 6601 6623 6622 680 
5461 750 3477 6626 6049 
5462 3477 1129 6624 6626 
5463 6626 6624 1720 6625 
5464 6049 6626 6625 1613 
5465 1129 3473 6628 6624 
5466 3473 749 4853 6628 
5467 6628 4853 1362 6627 
5468 6624 6628 6627 1720 
5469 1720 6627 6631 6630 
5470 6627 1362 4848 6631 
5471 6631 4848 758 6629 
5472 6630 6631 6629 1719 
5473 1613 6625 6633 6052 
5474 6625 1720 6630 6633 
5475 6633 6630 1719 6632 
5476 6052 6633 6632 757 
5477 1349 4720 6637 6636 
5478 4720 1347 6634 6637 
5479 6637 6634 2529 6635 
5480 6636 6637 6635 2522 
5481 635 6638 6641 6640 
5482 6638 2524 4748 6641 
5483 6641 4748 2525 6639 
5484 6640 6641 6639 1721 
5485 2540 6642 6646 6645 
5486 6642 2547 6643 6646 
5487 6646 6643 2548 6644 
5488 6645 6646 6644 2541 
5489 2528 6647 6650 6649 
5490 6647 2535 6648 6650 
5491 6650 6648 1607 6023 
5492 6649 6650 6023 1609 
5493 2416 6593 6652 5126 
5494 6593 2431 6651 6652 
5495 6652 6651 2432 4837 
5496 5126 6652 4837 2417 
5497 2345 6653 6656 6655 
5498 6653 2360 6654 6656 
5499 6656 6654 2361 3582 
5500 6655 6656 3582 2346 
5501 2242 6657 6660 3519 
5502 6657 2257 6658 6660 
5503 6660 6658 2258 6659 
5504 3519 6660 6659 2243 
5505 2268 6661 6663 6662 
5506 6661 2283 6544 6663 
5507 6663 6544 2284 5219 
5508 6662 6663 5219 2269 
5509 1741 6664 6668 6667 
5510 6664 2527 6665 6668 
5511 6668 6665 2528 6666 
5512 6667 6668 6666 629 
5513 2536 6669 6670 6016 
5514 6669 2543 6555 6670 
5515 6670 6555 2544 5697 
5516 6016 6670 5697 2537 
5517 2574 6671 6674 6673 
5518 6671 1984 6672 6674 
5519 6674 6672 1654 6557 
5520 6673 6674 6557 2575 
5521 2557 6675 6677 5685 
5522 6675 2564 6292 6677 
5523 6677 6292 2565 6676 
5524 5685 6677 6676 2558 
5525 593 6500 6680 3550 
5526 6500 1699 6678 6680 
5527 6680 6678 1724 6679 
5528 3550 6680 6679 1138 
5529 1699 6497 6683 6678 
5530 6497 590 6681 6683 
5531 6683 6681 1723 6682 
5532 6678 6683 6682 1724 
5533 1724 6682 6686 6685 
5534 6682 1723 6684 6686 
5535 6686 6684 591 4609 
5536 6685 6686 4609 1332 
5537 1138 6679 6687 3553 
5538 6679 1724 6685 6687 
5539 6687 6685 1332 4618 
5540 3553 6687 4618 594 
5541 2207 4395 6691 6690 
5542 4395 2222 6688 6691 
5543 6691 6688 2223 6689 
5544 6690 6691 6689 2208 
5545 2099 6692 6695 6694 
5546 6692 2114 5320 6695 
5547 6695 5320 2115 6693 
5548 6694 6695 6693 2100 
5549 2413 3639 6696 5145 
5550 3639 2428 6113 6696 
5551 6696 6113 2429 3747 
5552 5145 6696 3747 2414 
5553 2244 6697 6700 6699 
5554 6697 2259 3526 6700 
5555 6700 3526 2260 6698 
5556 6699 6700 6698 2245 
5557 723 4220 6704 6703 
5558 4220 1256 6701 6704 
5559 6704 6701 1727 6702 
5560 6703 6704 6702 1726 
5561 1256 4216 6707 6701 
5562 4216 722 6705 6707 
5563 6707 6705 1725 6706 
5564 6701 6707 6706 1727 
5565 1727 6706 6710 6709 
5566 6706 1725 6708 6710 
5567 6710 6708 713 6432 
5568 6709 6710 6432 1684 
5569 1726 6702 6712 6711 
5570 6702 1727 6709 6712 
5571 6712 6709 1684 6429 
5572 6711 6712 6429 714 
5573 658 6223 6715 5921 
5574 6223 1643 6713 6715 
5575 6715 6713 1729 6714 
5576 5921 6715 6714 1583 
5577 1643 6233 6718 6713 
5578 6233 667 6716 6718 
5579 6718 6716 1728 6717 
5580 6713 6718 6717 1729 
5581 1729 6717 6721 6720 
5582 6717 1728 6719 6721 
5583 6721 6719 668 5549 
5584 6720 6721 5549 1511 
5585 1583 6714 6722 5924 
5586 6714 1729 6720 6722 
5587 6722 6720 1511 5545 
5588 5924 6722 5545 659 
5589 2556 6723 6726 6390 
5590 6723 2563 6724 6726 
5591 6726 6724 1532 6725 
5592 6390 6726 6725 1823 
5593 2555 6727 6729 4725 
5594 6727 2562 6728 6729 
5595 6729 6728 2563 6723 
5596 4725 6729 6723 2556 
5597 633 6730 6733 6732 
5598 6730 2526 6731 6733 
5599 6733 6731 2527 6664 
5600 6732 6733 6664 1741 
5601 2558 6676 6736 6735 
5602 6676 2565 6734 6736 
5603 6736 6734 2566 6284 
5604 6735 6736 6284 2559 
5605 718 6737 6741 6740 
5606 6737 1730 6738 6741 
5607 6741 6738 1732 6739 
5608 6740 6741 6739 1731 
5609 1730 6742 6744 6738 
5610 6742 721 4070 6744 
5611 6744 4070 1230 6743 
5612 6738 6744 6743 1732 
5613 1732 6743 6746 6745 
5614 6743 1230 4067 6746 
5615 6746 4067 723 6703 
5616 6745 6746 6703 1726 
5617 1731 6739 6748 6747 
5618 6739 1732 6745 6748 
5619 6748 6745 1726 6711 
5620 6747 6748 6711 714 
5621 881 4967 6751 5252 
5622 4967 1389 6749 6751 
5623 6751 6749 1735 6750 
5624 5252 6751 6750 1449 
5625 1389 4964 6754 6749 
5626 4964 843 6752 6754 
5627 6754 6752 1733 6753 
5628 6749 6754 6753 1735 
5629 1735 6753 6758 6757 
5630 6753 1733 6755 6758 
5631 6758 6755 844 6756 
5632 6757 6758 6756 1734 
5633 1449 6750 6760 5257 
5634 6750 1735 6757 6760 
5635 6760 6757 1734 6759 
5636 5257 6760 6759 882 
5637 559 6244 6763 3570 
5638 6244 1646 6761 6763 
5639 6763 6761 1738 6762 
5640 3570 6763 6762 1142 
5641 1646 6241 6766 6761 
5642 6241 857 6764 6766 
5643 6766 6764 1736 6765 
5644 6761 6766 6765 1738 
5645 1738 6765 6770 6769 
5646 6765 1736 6767 6770 
5647 6770 6767 855 6768 
5648 6769 6770 6768 1737 
5649 1142 6762 6772 3573 
5650 6762 1738 6769 6772 
5651 6772 6769 1737 6771 
5652 3573 6772 6771 561 
5653 610 6510 6775 6465 
5654 6510 1702 6773 6775 
5655 6775 6773 1740 6774 
5656 6465 6775 6774 1693 
5657 1702 6507 6777 6773 
5658 6507 635 6640 6777 
5659 6777 6640 1721 6776 
5660 6773 6777 6776 1740 
5661 1740 6776 6781 6780 
5662 6776 1721 6778 6781 
5663 6781 6778 633 6779 
5664 6780 6781 6779 1739 
5665 1693 6774 6783 6459 
5666 6774 1740 6780 6783 
5667 6783 6780 1739 6782 
5668 6459 6783 6782 609 
5669 633 6732 6786 6779 
5670 6732 1741 6784 6786 
5671 6786 6784 1742 6785 
5672 6779 6786 6785 1739 
5673 1741 6667 6788 6784 
5674 6667 629 5514 6788 
5675 6788 5514 1505 6787 
5676 6784 6788 6787 1742 
5677 1742 6787 6790 6789 
5678 6787 1505 5523 6790 
5679 6790 5523 621 5271 
5680 6789 6790 5271 1453 
5681 1739 6785 6791 6782 
5682 6785 1742 6789 6791 
5683 6791 6789 1453 5266 
5684 6782 6791 5266 609 
5685 704 6792 6796 6795 
5686 6792 1743 6793 6796 
5687 6796 6793 1745 6794 
5688 6795 6796 6794 1744 
5689 1743 6797 6799 6793 
5690 6797 733 6251 6799 
5691 6799 6251 1649 6798 
5692 6793 6799 6798 1745 
5693 1745 6798 6801 6800 
5694 6798 1649 6257 6801 
5695 6801 6257 732 5091 
5696 6800 6801 5091 1422 
5697 1744 6794 6803 6802 
5698 6794 1745 6800 6803 
5699 6803 6800 1422 5102 
5700 6802 6803 5102 703 
5701 2562 4731 6806 6728 
5702 4731 2569 6804 6806 
5703 6806 6804 2570 6805 
5704 6728 6806 6805 2563 
5705 2544 6554 6809 5698 
5706 6554 2551 6807 6809 
5707 6809 6807 2552 6808 
5708 5698 6809 6808 2545 
5709 1747 6810 6813 6812 
5710 6810 1347 4719 6813 
5711 6813 4719 641 6811 
5712 6812 6813 6811 1746 
5713 1676 6814 6816 6394 
5714 6814 1747 6812 6816 
5715 6816 6812 1746 6815 
5716 6394 6816 6815 652 
5717 2425 6817 6819 3956 
5718 6817 2440 6566 6819 
5719 6819 6566 1881 6818 
5720 3956 6819 6818 660 
5721 2389 5566 6821 3757 
5722 5566 2404 6820 6821 
5723 6821 6820 2405 6190 
5724 3757 6821 6190 2390 
5725 2266 6822 6824 5871 
5726 6822 2281 4376 6824 
5727 6824 4376 2282 6823 
5728 5871 6824 6823 2267 
5729 2354 3334 6826 6825 
5730 3334 2369 2693 6826 
5731 6826 2693 2370 2862 
5732 6825 6826 2862 2355 
5733 815 6585 6829 5732 
5734 6585 1712 6827 6829 
5735 6829 6827 1750 6828 
5736 5732 6829 6828 1538 
5737 1712 6582 6832 6827 
5738 6582 814 6830 6832 
5739 6832 6830 1748 6831 
5740 6827 6832 6831 1750 
5741 1750 6831 6836 6835 
5742 6831 1748 6833 6836 
5743 6836 6833 830 6834 
5744 6835 6836 6834 1749 
5745 1538 6828 6838 5735 
5746 6828 1750 6835 6838 
5747 6838 6835 1749 6837 
5748 5735 6838 6837 831 
5749 547 4079 6841 6569 
5750 4079 1232 6839 6841 
5751 6841 6839 1753 6840 
5752 6569 6841 6840 1631 
5753 1232 4074 6844 6839 
5754 4074 546 6842 6844 
5755 6844 6842 1751 6843 
5756 6839 6844 6843 1753 
5757 1753 6843 6848 6847 
5758 6843 1751 6845 6848 
5759 6848 6845 676 6846 
5760 6847 6848 6846 1752 
5761 1631 6840 6850 6111 
5762 6840 1753 6847 6850 
5763 6850 6847 1752 6849 
5764 6111 6850 6849 677 
5765 2563 6805 6852 6724 
5766 6805 2570 6851 6852 
5767 6852 6851 1533 5695 
5768 6724 6852 5695 1532 
5769 1701 6853 6855 6506 
5770 6853 2523 6854 6855 
5771 6855 6854 2524 6638 
5772 6506 6855 6638 635 
5773 2539 6856 6858 5668 
5774 6856 2546 6857 6858 
5775 6858 6857 2547 6642 
5776 5668 6858 6642 2540 
5777 788 6859 6863 6862 
5778 6859 1754 6860 6863 
5779 6863 6860 1756 6861 
5780 6862 6863 6861 1755 
5781 1754 6864 6866 6860 
5782 6864 704 6795 6866 
5783 6866 6795 1744 6865 
5784 6860 6866 6865 1756 
5785 1756 6865 6868 6867 
5786 6865 1744 6802 6868 
5787 6868 6802 703 6490 
5788 6867 6868 6490 1697 
5789 1755 6861 6870 6869 
5790 6861 1756 6867 6870 
5791 6870 6867 1697 6487 
5792 6869 6870 6487 787 
5793 885 5261 6873 3927 
5794 5261 1450 6871 6873 
5795 6873 6871 1759 6872 
5796 3927 6873 6872 1212 
5797 1450 5258 6876 6871 
5798 5258 882 6874 6876 
5799 6876 6874 1757 6875 
5800 6871 6876 6875 1759 
5801 1759 6875 6880 6879 
5802 6875 1757 6877 6880 
5803 6880 6877 883 6878 
5804 6879 6880 6878 1758 
5805 1212 6872 6882 3920 
5806 6872 1759 6879 6882 
5807 6882 6879 1758 6881 
5808 3920 6882 6881 886 
5809 841 6883 6887 6886 
5810 6883 1760 6884 6887 
5811 6887 6884 1763 6885 
5812 6886 6887 6885 1762 
5813 1760 6888 6891 6884 
5814 6888 846 6889 6891 
5815 6891 6889 1761 6890 
5816 6884 6891 6890 1763 
5817 1763 6890 6894 6893 
5818 6890 1761 6892 6894 
5819 6894 6892 848 5877 
5820 6893 6894 5877 1572 
5821 1762 6885 6896 6895 
5822 6885 1763 6893 6896 
5823 6896 6893 1572 5886 
5824 6895 6896 5886 842 
5825 705 5097 6900 6899 
5826 5097 1420 6897 6900 
5827 6900 6897 1765 6898 
5828 6899 6900 6898 1764 
5829 1420 5094 6902 6897 
5830 5094 731 5479 6902 
5831 6902 5479 1497 6901 
5832 6897 6902 6901 1765 
5833 1765 6901 6904 6903 
5834 6901 1497 5476 6904 
5835 6904 5476 766 5753 
5836 6903 6904 5753 1545 
5837 1764 6898 6906 6905 
5838 6898 1765 6903 6906 
5839 6906 6903 1545 5763 
5840 6905 6906 5763 773 
5841 857 6240 6910 6909 
5842 6240 1645 6907 6910 
5843 6910 6907 1769 6908 
5844 6909 6910 6908 1768 
5845 1645 6235 6913 6907 
5846 6235 858 6911 6913 
5847 6913 6911 1766 6912 
5848 6907 6913 6912 1769 
5849 1769 6912 6917 6916 
5850 6912 1766 6914 6917 
5851 6917 6914 782 6915 
5852 6916 6917 6915 1767 
5853 1768 6908 6920 6919 
5854 6908 1769 6916 6920 
5855 6920 6916 1767 6918 
5856 6919 6920 6918 779 
5857 682 6614 6924 6923 
5858 6614 1714 6921 6924 
5859 6924 6921 1773 6922 
5860 6923 6924 6922 1772 
5861 1714 6610 6926 6921 
5862 6610 681 3489 6926 
5863 6926 3489 1770 6925 
5864 6921 6926 6925 1773 
5865 1773 6925 6930 6929 
5866 6925 1770 6927 6930 
5867 6930 6927 685 6928 
5868 6929 6930 6928 1771 
5869 1772 6922 6933 6932 
5870 6922 1773 6929 6933 
5871 6933 6929 1771 6931 
5872 6932 6933 6931 684 
5873 2422 3967 6935 6934 
5874 3967 2437 5151 6935 
5875 6935 5151 2438 5677 
5876 6934 6935 5677 2423 
5877 2143 6936 6940 6939 
5878 6936 2158 6937 6940 
5879 6940 6937 2159 6938 
5880 6939 6940 6938 2144 
5881 2141 6941 6945 6944 
5882 6941 2156 6942 6945 
5883 6945 6942 2157 6943 
5884 6944 6945 6943 2142 
5885 2109 4158 6946 5488 
5886 4158 2124 6596 6946 
5887 6946 6596 2125 5714 
5888 5488 6946 5714 2110 
5889 759 4999 6949 5442 
5890 4999 1401 6947 6949 
5891 6949 6947 1774 6948 
5892 5442 6949 6948 1489 
5893 2517 6950 6953 5775 
5894 6950 2520 6951 6953 
5895 6953 6951 2521 6952 
5896 5775 6953 6952 2518 
5897 1489 6948 6955 5445 
5898 6948 1774 6954 6955 
5899 6955 6954 1567 5851 
5900 5445 6955 5851 760 
5901 580 5041 6959 6958 
5902 5041 1407 6956 6959 
5903 6959 6956 1777 6957 
5904 6958 6959 6957 1776 
5905 1407 5048 6961 6956 
5906 5048 587 2995 6961 
5907 6961 2995 1017 6960 
5908 6956 6961 6960 1777 
5909 1777 6960 6964 6963 
5910 6960 1017 2992 6964 
5911 6964 2992 586 6962 
5912 6963 6964 6962 1775 
5913 1776 6957 6967 6966 
5914 6957 1777 6963 6967 
5915 6967 6963 1775 6965 
5916 6966 6967 6965 581 
5917 623 6041 6970 5618 
5918 6041 1611 6968 6970 
5919 6970 6968 1780 6969 
5920 5618 6970 6969 1521 
5921 1611 6038 6973 6968 
5922 6038 631 6971 6973 
5923 6973 6971 1778 6972 
5924 6968 6973 6972 1780 
5925 1780 6972 6977 6976 
5926 6972 1778 6974 6977 
5927 6977 6974 627 6975 
5928 6976 6977 6975 1779 
5929 1521 6969 6979 5621 
5930 6969 1780 6976 6979 
5931 6979 6976 1779 6978 
5932 5621 6979 6978 624 
5933 722 3707 6982 6705 
5934 3707 1167 6980 6982 
5935 6982 6980 1782 6981 
5936 6705 6982 6981 1725 
5937 1167 3702 6984 6980 
5938 3702 724 5644 6984 
5939 6984 5644 1523 6983 
5940 6980 6984 6983 1782 
5941 1782 6983 6987 6986 
5942 6983 1523 5639 6987 
5943 6987 5639 715 6985 
5944 6986 6987 6985 1781 
5945 1725 6981 6989 6708 
5946 6981 1782 6986 6989 
5947 6989 6986 1781 6988 
5948 6708 6989 6988 713 
5949 2503 6990 6992 6991 
5950 6990 867 3154 6992 
5951 6992 3154 1058 4504 
5952 6991 6992 4504 1311 
5953 2484 6993 6995 6087 
5954 6993 2493 4696 6995 
5955 6995 4696 2494 6994 
5956 6087 6995 6994 2485 
5957 2476 6088 6997 4643 
5958 6088 2485 6996 6997 
5959 6997 6996 1520 5604 
5960 4643 6997 5604 1519 
5961 779 6918 7001 7000 
5962 6918 1767 6998 7001 
5963 7001 6998 1786 6999 
5964 7000 7001 6999 1785 
5965 1767 6915 7004 6998 
5966 6915 782 7002 7004 
5967 7004 7002 1783 7003 
5968 6998 7004 7003 1786 
5969 1785 6999 7008 7007 
5970 6999 1786 7005 7008 
5971 7008 7005 1784 7006 
5972 7007 7008 7006 778 
5973 2485 6994 7010 6996 
5974 6994 2494 7009 7010 
5975 7010 7009 1310 5601 
5976 6996 7010 5601 1520 
5977 2449 5786 7013 4561 
5978 5786 2458 7011 7013 
5979 7013 7011 1821 7012 
5980 4561 7013 7012 1998 
5981 2498 7014 7017 7016 
5982 7014 1200 3876 7017 
5983 7017 3876 560 7015 
5984 7016 7017 7015 2499 
5985 2273 4815 7020 7019 
5986 4815 2288 6196 7020 
5987 7020 6196 2289 7018 
5988 7019 7020 7018 2274 
5989 2350 7021 7022 4387 
5990 7021 2365 4930 7022 
5991 7022 4930 663 6323 
5992 4387 7022 6323 1661 
5993 2129 7023 7025 5318 
5994 7023 2144 7024 7025 
5995 7025 7024 2145 3960 
5996 5318 7025 3960 2130 
5997 2100 6693 7029 7028 
5998 6693 2115 7026 7029 
5999 7029 7026 2116 7027 
6000 7028 7029 7027 2101 
6001 793 6482 7033 7032 
6002 6482 1695 7030 7033 
6003 7033 7030 1789 7031 
6004 7032 7033 7031 1788 
6005 1695 6478 7035 7030 
6006 6478 705 6899 7035 
6007 7035 6899 1764 7034 
6008 7030 7035 7034 1789 
6009 1789 7034 7038 7037 
6010 7034 1764 6905 7038 
6011 7038 6905 773 7036 
6012 7037 7038 7036 1787 
6013 1788 7031 7041 7040 
6014 7031 1789 7037 7041 
6015 7041 7037 1787 7039 
6016 7040 7041 7039 775 
6017 754 5422 7044 3682 
6018 5422 1483 7042 7044 
6019 7044 7042 1791 7043 
6020 3682 7044 7043 1160 
6021 1483 5419 7046 7042 
6022 5419 764 6204 7046 
6023 7046 6204 1790 7045 
6024 7042 7046 7045 1791 
6025 1791 7045 7049 7048 
6026 7045 1790 7047 7049 
6027 7049 7047 763 5932 
6028 7048 7049 5932 1585 
6029 1160 7043 7050 3685 
6030 7043 1791 7048 7050 
6031 7050 7048 1585 5928 
6032 3685 7050 5928 755 
6033 697 6276 7054 7053 
6034 6276 1651 7051 7054 
6035 7054 7051 1795 7052 
6036 7053 7054 7052 1794 
6037 1651 6272 7057 7051 
6038 6272 699 7055 7057 
6039 7057 7055 1792 7056 
6040 7051 7057 7056 1795 
6041 1795 7056 7061 7060 
6042 7056 1792 7058 7061 
6043 7061 7058 647 7059 
6044 7060 7061 7059 1793 
6045 1794 7052 7064 7063 
6046 7052 1795 7060 7064 
6047 7064 7060 1793 7062 
6048 7063 7064 7062 650 
6049 2450 7065 7068 4648 
6050 7065 2459 7066 7068 
6051 7068 7066 2460 7067 
6052 4648 7068 7067 2451 
6053 2497 4699 7070 7069 
6054 4699 565 3879 7070 
6055 7070 3879 1200 7014 
6056 7069 7070 7014 2498 
6057 575 7071 7075 7074 
6058 7071 1796 7072 7075 
6059 7075 7072 1799 7073 
6060 7074 7075 7073 1798 
6061 1796 7076 7079 7072 
6062 7076 675 7077 7079 
6063 7079 7077 1797 7078 
6064 7072 7079 7078 1799 
6065 1799 7078 7081 7080 
6066 7078 1797 5325 7081 
6067 7081 5325 674 6437 
6068 7080 7081 6437 1688 
6069 1798 7073 7083 7082 
6070 7073 1799 7080 7083 
6071 7083 7080 1688 6443 
6072 7082 7083 6443 574 
6073 684 6931 7087 7086 
6074 6931 1771 7084 7087 
6075 7087 7084 1801 7085 
6076 7086 7087 7085 1800 
6077 1771 6928 7089 7084 
6078 6928 685 3761 7089 
6079 7089 3761 1722 7088 
6080 7084 7089 7088 1801 
6081 1801 7088 7092 7091 
6082 7088 1722 7090 7092 
6083 7092 7090 677 6849 
6084 7091 7092 6849 1752 
6085 1800 7085 7094 7093 
6086 7085 1801 7091 7094 
6087 7094 7091 1752 6846 
6088 7093 7094 6846 676 
6089 645 7095 7099 7098 
6090 7095 1802 7096 7099 
6091 7099 7096 1804 7097 
6092 7098 7099 7097 1803 
6093 1802 7100 7102 7096 
6094 7100 643 6020 7102 
6095 7102 6020 1607 7101 
6096 7096 7102 7101 1804 
6097 2572 6561 7106 7105 
6098 6561 1996 7103 7106 
6099 7106 7103 1983 7104 
6100 7105 7106 7104 2573 
6101 650 7062 7110 7109 
6102 7062 1793 7107 7110 
6103 7110 7107 1808 7108 
6104 7109 7110 7108 1807 
6105 1793 7059 7113 7107 
6106 7059 647 7111 7113 
6107 7113 7111 1805 7112 
6108 7107 7113 7112 1808 
6109 1808 7112 7117 7116 
6110 7112 1805 7114 7117 
6111 7117 7114 642 7115 
6112 7116 7117 7115 1806 
6113 1807 7108 7120 7119 
6114 7108 1808 7116 7120 
6115 7120 7116 1806 7118 
6116 7119 7120 7118 644 
6117 2155 5632 7122 3529 
6118 5632 2170 7121 7122 
6119 7122 7121 1627 6143 
6120 3529 7122 6143 670 
6121 2170 7123 7124 7121 
6122 7123 2185 5564 7124 
6123 7124 5564 672 6135 
6124 7121 7124 6135 1627 
6125 2148 4370 7126 3292 
6126 4370 2163 6193 7126 
6127 7126 6193 2164 7125 
6128 3292 7126 7125 2149 
6129 2306 4391 7127 6267 
6130 4391 2321 4842 7127 
6131 7127 4842 2322 2961 
6132 6267 7127 2961 2307 
6133 2492 7128 7131 7130 
6134 7128 2501 7129 7131 
6135 7131 7129 2502 4693 
6136 7130 7131 4693 2493 
6137 765 7132 7134 5413 
6138 7132 2441 4649 7134 
6139 7134 4649 2442 7133 
6140 5413 7134 7133 1482 
6141 1629 7135 7136 6153 
6142 7135 2448 5787 7136 
6143 7136 5787 2449 4560 
6144 6153 7136 4560 769 
6145 2478 4512 7140 7139 
6146 4512 2487 7137 7140 
6147 7140 7137 2488 7138 
6148 7139 7140 7138 2479 
6149 2479 7138 7143 7142 
6150 7138 2488 7141 7143 
6151 7143 7141 2489 6091 
6152 7142 7143 6091 2480 
6153 2495 7144 7145 5780 
6154 7144 563 3212 7145 
6155 7145 3212 1075 4698 
6156 5780 7145 4698 2496 
6157 2474 7146 7149 7148 
6158 7146 2483 7147 7149 
6159 7149 7147 2484 6086 
6160 7148 7149 6086 2475 
6161 728 3391 7152 5647 
6162 3391 1108 7150 7152 
6163 7152 7150 1810 7151 
6164 5647 7152 7151 1524 
6165 1108 3387 7154 7150 
6166 3387 729 4247 7154 
6167 7154 4247 1258 7153 
6168 7150 7154 7153 1810 
6169 1810 7153 7157 7156 
6170 7153 1258 4242 7157 
6171 7157 4242 726 7155 
6172 7156 7157 7155 1809 
6173 1524 7151 7159 5650 
6174 7151 1810 7156 7159 
6175 7159 7156 1809 7158 
6176 5650 7159 7158 725 
6177 2357 3302 7160 3578 
6178 3302 2372 4014 7160 
6179 7160 4014 2373 3642 
6180 3578 7160 3642 2358 
6181 2282 4375 7163 7162 
6182 4375 2297 7161 7163 
6183 7163 7161 2298 6542 
6184 7162 7163 6542 2283 
6185 2309 7164 7167 5719 
6186 7164 2324 7165 7167 
6187 7167 7165 2325 7166 
6188 5719 7167 7166 2310 
6189 2339 4489 7169 7168 
6190 4489 2354 6825 7169 
6191 7169 6825 2355 2966 
6192 7168 7169 2966 2340 
6193 2223 7170 7172 7171 
6194 7170 2238 4771 7172 
6195 7172 4771 2239 3987 
6196 7171 7172 3987 2224 
6197 59 60 7174 6160 
6198 60 61 7173 7174 
6199 7174 7173 2126 4773 
6200 6160 7174 4773 2111 
6201 2334 6598 7177 7176 
6202 6598 2349 7175 7177 
6203 7177 7175 2350 4386 
6204 7176 7177 4386 2335 
6205 95 96 7178 2914 
6206 96 97 4349 7178 
6207 7178 4349 2396 3647 
6208 2914 7178 3647 2381 
6209 581 7179 7182 6966 
6210 7179 1811 7180 7182 
6211 7182 7180 1812 7181 
6212 6966 7182 7181 1776 
6213 1811 7183 7185 7180 
6214 7183 575 7074 7185 
6215 7185 7074 1798 7184 
6216 7180 7185 7184 1812 
6217 1812 7184 7187 7186 
6218 7184 1798 7082 7187 
6219 7187 7082 574 6006 
6220 7186 7187 6006 1605 
6221 1776 7181 7188 6958 
6222 7181 1812 7186 7188 
6223 7188 7186 1605 6013 
6224 6958 7188 6013 580 
6225 787 7189 7192 6869 
6226 7189 1813 7190 7192 
6227 7192 7190 1816 7191 
6228 6869 7192 7191 1755 
6229 1813 7193 7196 7190 
6230 7193 798 7194 7196 
6231 7196 7194 1814 7195 
6232 7190 7196 7195 1816 
6233 1816 7195 7200 7199 
6234 7195 1814 7197 7200 
6235 7200 7197 794 7198 
6236 7199 7200 7198 1815 
6237 1755 7191 7202 6862 
6238 7191 1816 7199 7202 
6239 7202 7199 1815 7201 
6240 6862 7202 7201 788 
6241 792 7203 7207 7206 
6242 7203 1817 7204 7207 
6243 7207 7204 1820 7205 
6244 7206 7207 7205 1819 
6245 1820 7208 7211 7210 
6246 7208 1818 7209 7211 
6247 7211 7209 790 4794 
6248 7210 7211 4794 1354 
6249 1819 7205 7213 7212 
6250 7205 1820 7210 7213 
6251 7213 7210 1354 4789 
6252 7212 7213 4789 789 
6253 2481 6093 7217 7216 
6254 6093 2490 7214 7217 
6255 7217 7214 2491 7215 
6256 7216 7217 7215 2482 
6257 1822 4644 7219 7218 
6258 4644 1519 5603 7219 
6259 7219 5603 783 5107 
6260 7218 7219 5107 1427 
6261 1821 7220 7222 7221 
6262 7220 1822 7218 7222 
6263 7222 7218 1427 5118 
6264 7221 7222 5118 777 
6265 2380 3346 7224 4928 
6266 3346 2395 4486 7224 
6267 7224 4486 661 7223 
6268 4928 7224 7223 1990 
6269 2367 7225 7228 7227 
6270 7225 2382 7226 7228 
6271 7228 7226 2383 4481 
6272 7227 7228 4481 2368 
6273 2192 6164 7229 5026 
6274 6164 2207 6690 7229 
6275 7229 6690 2208 4753 
6276 5026 7229 4753 2193 
6277 2383 7230 7232 4482 
6278 7230 2398 5147 7232 
6279 7232 5147 2399 7231 
6280 4482 7232 7231 2384 
6281 645 7098 7235 7234 
6282 7098 1803 6391 7235 
6283 7235 6391 1823 7233 
6284 7234 7235 7233 913 
6285 2538 5699 7238 7237 
6286 5699 2545 7236 7238 
6287 7238 7236 2546 6856 
6288 7237 7238 6856 2539 
6289 913 7233 7240 7239 
6290 7233 1823 6725 7240 
6291 7240 6725 1532 5694 
6292 7239 7240 5694 651 
6293 822 5194 7244 7243 
6294 5194 1436 7241 7244 
6295 7244 7241 1827 7242 
6296 7243 7244 7242 1826 
6297 1436 5189 7247 7241 
6298 5189 821 7245 7247 
6299 7247 7245 1824 7246 
6300 7241 7247 7246 1827 
6301 1827 7246 7251 7250 
6302 7246 1824 7248 7251 
6303 7251 7248 825 7249 
6304 7250 7251 7249 1825 
6305 1826 7242 7254 7253 
6306 7242 1827 7250 7254 
6307 7254 7250 1825 7252 
6308 7253 7254 7252 839 
6309 561 6771 7257 2820 
6310 6771 1737 7255 7257 
6311 7257 7255 1829 7256 
6312 2820 7257 7256 985 
6313 1737 6768 7260 7255 
6314 6768 855 7258 7260 
6315 7260 7258 1828 7259 
6316 7255 7260 7259 1829 
6317 1829 7259 7263 7262 
6318 7259 1828 7261 7263 
6319 7263 7261 856 6378 
6320 7262 7263 6378 1672 
6321 985 7256 7264 2823 
6322 7256 1829 7262 7264 
6323 7264 7262 1672 6375 
6324 2823 7264 6375 562 
6325 768 7265 7268 5288 
6326 7265 1830 7266 7268 
6327 7268 7266 1831 7267 
6328 5288 7268 7267 1459 
6329 1830 7269 7271 7266 
6330 7269 771 6532 7271 
6331 7271 6532 1707 7270 
6332 7266 7271 7270 1831 
6333 1831 7270 7273 7272 
6334 7270 1707 6529 7273 
6335 7273 6529 737 5821 
6336 7272 7273 5821 1557 
6337 1459 7267 7274 5291 
6338 7267 1831 7272 7274 
6339 7274 7272 1557 5818 
6340 5291 7274 5818 743 
6341 2382 3649 7276 7226 
6342 3649 2397 7275 7276 
6343 7276 7275 2398 7230 
6344 7226 7276 7230 2383 
6345 63 64 7279 7278 
6346 64 65 7277 7279 
6347 7279 7277 2156 6941 
6348 7278 7279 6941 2141 
6349 2115 5319 7280 7026 
6350 5319 2130 3963 7280 
6351 7280 3963 2131 4758 
6352 7026 7280 4758 2116 
6353 2343 3579 7282 5592 
6354 3579 2358 3645 7282 
6355 7282 3645 2359 7281 
6356 5592 7282 7281 2344 
6357 99 100 7284 4347 
6358 100 101 7283 7284 
6359 7284 7283 2426 6263 
6360 4347 7284 6263 2411 
6361 2117 4760 7287 5178 
6362 4760 2132 7285 7287 
6363 7287 7285 2133 7286 
6364 5178 7287 7286 2118 
6365 71 72 7288 5182 
6366 72 73 3516 7288 
6367 7288 3516 2216 5863 
6368 5182 7288 5863 2201 
6369 2256 4667 7291 7290 
6370 4667 2271 6261 7291 
6371 7291 6261 2272 7289 
6372 7290 7291 7289 2257 
6373 807 7292 7295 4900 
6374 7292 1832 7293 7295 
6375 7295 7293 1835 7294 
6376 4900 7295 7294 1376 
6377 1832 7296 7299 7293 
6378 7296 806 7297 7299 
6379 7299 7297 1833 7298 
6380 7293 7299 7298 1835 
6381 1835 7298 7303 7302 
6382 7298 1833 7300 7303 
6383 7303 7300 709 7301 
6384 7302 7303 7301 1834 
6385 1376 7294 7305 4903 
6386 7294 1835 7302 7305 
6387 7305 7302 1834 7304 
6388 4903 7305 7304 707 
6389 567 7306 7309 4681 
6390 7306 1836 7307 7309 
6391 7309 7307 1837 7308 
6392 4681 7309 7308 1340 
6393 1836 7310 7312 7307 
6394 7310 568 6382 7312 
6395 7312 6382 1674 7311 
6396 7307 7312 7311 1837 
6397 1837 7311 7314 7313 
6398 7311 1674 6388 7314 
6399 7314 6388 597 6214 
6400 7313 7314 6214 1638 
6401 1340 7308 7315 4684 
6402 7308 1837 7313 7315 
6403 7315 7313 1638 6210 
6404 4684 7315 6210 598 
6405 707 7304 7318 5746 
6406 7304 1834 7316 7318 
6407 7318 7316 1838 7317 
6408 5746 7318 7317 1541 
6409 1834 7301 7320 7316 
6410 7301 709 6422 7320 
6411 7320 6422 1685 7319 
6412 7316 7320 7319 1838 
6413 1838 7319 7322 7321 
6414 7319 1685 6433 7322 
6415 7322 6433 713 6988 
6416 7321 7322 6988 1781 
6417 1541 7317 7323 5749 
6418 7317 1838 7321 7323 
6419 7323 7321 1781 6985 
6420 5749 7323 6985 715 
6421 2194 4755 7325 4236 
6422 4755 2209 7324 7325 
6423 7325 7324 2210 4670 
6424 4236 7325 4670 2195 
6425 2149 7125 7327 7326 
6426 7125 2164 2855 7327 
6427 7327 2855 2165 2904 
6428 7326 7327 2904 2150 
6429 2386 2958 7328 3944 
6430 2958 2401 5127 7328 
6431 7328 5127 2402 5174 
6432 3944 7328 5174 2387 
6433 2344 7281 7329 2868 
6434 7281 2359 5598 7329 
6435 7329 5598 2360 6653 
6436 2868 7329 6653 2345 
6437 733 6797 7332 6176 
6438 6797 1743 7330 7332 
6439 7332 7330 1840 7331 
6440 6176 7332 7331 1633 
6441 1743 6792 7335 7330 
6442 6792 704 7333 7335 
6443 7335 7333 1839 7334 
6444 7330 7335 7334 1840 
6445 1840 7334 7338 7337 
6446 7334 1839 7336 7338 
6447 7338 7336 702 4274 
6448 7337 7338 4274 1266 
6449 1633 7331 7339 6168 
6450 7331 1840 7337 7339 
6451 7339 7337 1266 4270 
6452 6168 7339 4270 727 
6453 656 7340 7344 7343 
6454 7340 1841 7341 7344 
6455 7344 7341 1844 7342 
6456 7343 7344 7342 1843 
6457 1841 7345 7347 7341 
6458 7345 655 4289 7347 
6459 7347 4289 1270 7346 
6460 7341 7347 7346 1844 
6461 1844 7346 7350 7349 
6462 7346 1270 4284 7350 
6463 7350 4284 653 7348 
6464 7349 7350 7348 1842 
6465 1843 7342 7353 7352 
6466 7342 1844 7349 7353 
6467 7353 7349 1842 7351 
6468 7352 7353 7351 638 
6469 642 7354 7358 7357 
6470 7354 1845 7355 7358 
6471 7358 7355 1849 7356 
6472 7357 7358 7356 1848 
6473 1845 7359 7362 7355 
6474 7359 646 7360 7362 
6475 7362 7360 1846 7361 
6476 7355 7362 7361 1849 
6477 1849 7361 7366 7365 
6478 7361 1846 7363 7366 
6479 7366 7363 628 7364 
6480 7365 7366 7364 1847 
6481 1848 7356 7369 7368 
6482 7356 1849 7365 7369 
6483 7369 7365 1847 7367 
6484 7368 7369 7367 627 
6485 839 7252 7373 7372 
6486 7252 1825 7370 7373 
6487 7373 7370 1853 7371 
6488 7372 7373 7371 1852 
6489 1825 7249 7376 7370 
6490 7249 825 7374 7376 
6491 7376 7374 1850 7375 
6492 7370 7376 7375 1853 
6493 1853 7375 7380 7379 
6494 7375 1850 7377 7380 
6495 7380 7377 835 7378 
6496 7379 7380 7378 1851 
6497 1852 7371 7383 7382 
6498 7371 1853 7379 7383 
6499 7383 7379 1851 7381 
6500 7382 7383 7381 836 
6501 796 7384 7387 6413 
6502 7384 1854 7385 7387 
6503 7387 7385 1857 7386 
6504 6413 7387 7386 1679 
6505 1854 7388 7391 7385 
6506 7388 795 7389 7391 
6507 7391 7389 1855 7390 
6508 7385 7391 7390 1857 
6509 1857 7390 7395 7394 
6510 7390 1855 7392 7395 
6511 7395 7392 853 7393 
6512 7394 7395 7393 1856 
6513 1679 7386 7397 6416 
6514 7386 1857 7394 7397 
6515 7397 7394 1856 7396 
6516 6416 7397 7396 852 
6517 2511 5007 7400 7399 
6518 5007 2514 5777 7400 
6519 7400 5777 2515 7398 
6520 7399 7400 7398 2512 
6521 2505 6351 7404 7403 
6522 6351 2508 7401 7404 
6523 7404 7401 2509 7402 
6524 7403 7404 7402 2506 
6525 1567 6954 7408 7407 
6526 6954 1774 7405 7408 
6527 7408 7405 2510 7406 
6528 7407 7408 7406 2507 
6529 761 7409 7412 7411 
6530 7409 2504 6352 7412 
6531 7412 6352 2505 7410 
6532 7411 7412 7410 1921 
6533 720 7413 7416 4091 
6534 7413 1858 7414 7416 
6535 7416 7414 1859 7415 
6536 4091 7416 7415 1235 
6537 1858 7417 7419 7414 
6538 7417 717 5242 7419 
6539 7419 5242 1445 7418 
6540 7414 7419 7418 1859 
6541 1859 7418 7421 7420 
6542 7418 1445 5238 7421 
6543 7421 5238 716 2937 
6544 7420 7421 2937 1007 
6545 1235 7415 7422 4094 
6546 7415 1859 7420 7422 
6547 7422 7420 1007 2932 
6548 4094 7422 2932 719 
6549 582 7423 7427 7426 
6550 7423 1860 7424 7427 
6551 7427 7424 1862 7425 
6552 7426 7427 7425 1861 
6553 1860 7428 7430 7424 
6554 7428 581 6965 7430 
6555 7430 6965 1775 7429 
6556 7424 7430 7429 1862 
6557 1862 7429 7432 7431 
6558 7429 1775 6962 7432 
6559 7432 6962 586 2597 
6560 7431 7432 2597 929 
6561 1861 7425 7434 7433 
6562 7425 1862 7431 7434 
6563 7434 7431 929 2592 
6564 7433 7434 2592 584 
6565 639 5557 7437 4987 
6566 5557 1513 7435 7437 
6567 7437 7435 1864 7436 
6568 4987 7437 7436 1396 
6569 1513 5554 7439 7435 
6570 5554 638 7351 7439 
6571 7439 7351 1842 7438 
6572 7435 7439 7438 1864 
6573 1864 7438 7442 7441 
6574 7438 1842 7348 7442 
6575 7442 7348 653 7440 
6576 7441 7442 7440 1863 
6577 1396 7436 7444 4990 
6578 7436 1864 7441 7444 
6579 7444 7441 1863 7443 
6580 4990 7444 7443 640 
6581 1401 4998 7448 7447 
6582 4998 1402 7445 7448 
6583 7448 7445 2516 7446 
6584 7447 7448 7446 2513 
6585 1549 5771 7452 7451 
6586 5771 781 7449 7452 
6587 7452 7449 1865 7450 
6588 7451 7452 7450 1867 
6589 1867 7450 7456 7455 
6590 7450 1865 7453 7456 
6591 7456 7453 780 7454 
6592 7455 7456 7454 1866 
6593 785 4953 7459 6343 
6594 4953 1385 7457 7459 
6595 7459 7457 1870 7458 
6596 6343 7459 7458 1664 
6597 1385 4950 7462 7457 
6598 4950 786 7460 7462 
6599 7462 7460 1868 7461 
6600 7457 7462 7461 1870 
6601 1870 7461 7466 7465 
6602 7461 1868 7463 7466 
6603 7466 7463 775 7464 
6604 7465 7466 7464 1869 
6605 1664 7458 7468 6336 
6606 7458 1870 7465 7468 
6607 7468 7465 1869 7467 
6608 6336 7468 7467 776 
6609 2245 6698 7469 5635 
6610 6698 2260 5326 7469 
6611 7469 5326 1797 7077 
6612 5635 7469 7077 675 
6613 2253 3485 7470 4769 
6614 3485 2268 6662 7470 
6615 7470 6662 2269 4161 
6616 4769 7470 4161 2254 
6617 2157 7471 7475 7474 
6618 7471 2172 7472 7475 
6619 7475 7472 2173 7473 
6620 7474 7475 7473 2158 
6621 2112 4775 7476 3940 
6622 4775 2127 5589 7476 
6623 7476 5589 2128 6587 
6624 3940 7476 6587 2113 
6625 855 7477 7480 7258 
6626 7477 1871 7478 7480 
6627 7480 7478 1872 7479 
6628 7258 7480 7479 1828 
6629 1871 7481 7483 7478 
6630 7481 780 7453 7483 
6631 7483 7453 1865 7482 
6632 7478 7483 7482 1872 
6633 1872 7482 7485 7484 
6634 7482 1865 7449 7485 
6635 7485 7449 781 5842 
6636 7484 7485 5842 1563 
6637 1828 7479 7486 7261 
6638 7479 1872 7484 7486 
6639 7486 7484 1563 5837 
6640 7261 7486 5837 856 
6641 822 7487 7490 5195 
6642 7487 1873 7488 7490 
6643 7490 7488 1874 7489 
6644 5195 7490 7489 1437 
6645 1873 7491 7493 7488 
6646 7491 823 4961 7493 
6647 7493 4961 1388 7492 
6648 7488 7493 7492 1874 
6649 1874 7492 7495 7494 
6650 7492 1388 4956 7495 
6651 7495 4956 872 5529 
6652 7494 7495 5529 1507 
6653 1437 7489 7496 5198 
6654 7489 1874 7494 7496 
6655 7496 7494 1507 5525 
6656 5198 7496 5525 871 
6657 846 7497 7501 7500 
6658 7497 1875 7498 7501 
6659 7501 7498 1878 7499 
6660 7500 7501 7499 1877 
6661 1875 7502 7505 7498 
6662 7502 845 7503 7505 
6663 7505 7503 1876 7504 
6664 7498 7505 7504 1878 
6665 1878 7504 7508 7507 
6666 7504 1876 7506 7508 
6667 7508 7506 851 6406 
6668 7507 7508 6406 1680 
6669 1877 7499 7510 7509 
6670 7499 1878 7507 7510 
6671 7510 7507 1680 6417 
6672 7509 7510 6417 852 
6673 2535 7511 7513 6648 
6674 7511 2542 7512 7513 
6675 7513 7512 1804 7101 
6676 6648 7513 7101 1607 
6677 2554 7514 7516 7515 
6678 7514 2561 4732 7516 
6679 7516 4732 2562 6727 
6680 7515 7516 6727 2555 
6681 2547 7517 7518 6643 
6682 7517 2554 7515 7518 
6683 7518 7515 2555 4724 
6684 6643 7518 4724 2548 
6685 1530 5665 7520 7519 
6686 5665 1529 5656 7520 
6687 7520 5656 2571 6289 
6688 7519 7520 6289 2564 
6689 848 6892 7523 6184 
6690 6892 1761 7521 7523 
6691 7523 7521 1879 7522 
6692 6184 7523 7522 1635 
6693 1761 6889 7525 7521 
6694 6889 846 7500 7525 
6695 7525 7500 1877 7524 
6696 7521 7525 7524 1879 
6697 1879 7524 7527 7526 
6698 7524 1877 7509 7527 
6699 7527 7509 852 7396 
6700 7526 7527 7396 1856 
6701 1635 7522 7528 6187 
6702 7522 1879 7526 7528 
6703 7528 7526 1856 7393 
6704 6187 7528 7393 853 
6705 2392 4240 7531 4844 
6706 4240 2407 7529 7531 
6707 7531 7529 2408 7530 
6708 4844 7531 7530 2393 
6709 91 92 7534 7533 
6710 92 93 2916 7534 
6711 7534 2916 2366 7532 
6712 7533 7534 7532 2351 
6713 2262 4658 7535 2701 
6714 4658 2277 6270 7535 
6715 7535 6270 2278 3305 
6716 2701 7535 3305 2263 
6717 2303 7536 7539 6195 
6718 7536 2318 7537 7539 
6719 7539 7537 2319 7538 
6720 6195 7539 7538 2304 
6721 660 6818 7542 5503 
6722 6818 1881 7540 7542 
6723 7542 7540 1882 7541 
6724 5503 7542 7541 1500 
6725 1881 6565 7544 7540 
6726 6565 657 6366 7544 
6727 7544 6366 1670 7543 
6728 7540 7544 7543 1882 
6729 1882 7543 7546 7545 
6730 7543 1670 6363 7546 
6731 7546 6363 568 7310 
6732 7545 7546 7310 1836 
6733 1500 7541 7547 5506 
6734 7541 1882 7545 7547 
6735 7547 7545 1836 7306 
6736 5506 7547 7306 567 
6737 2399 5146 7549 7548 
6738 5146 2414 3750 7549 
6739 7549 3750 2415 3498 
6740 7548 7549 3498 2400 
6741 2404 5484 7550 6820 
6742 5484 2419 5399 7550 
6743 7550 5399 2420 3731 
6744 6820 7550 3731 2405 
6745 2134 3293 7551 5495 
6746 3293 2149 7326 7551 
6747 7551 7326 2150 5215 
6748 5495 7551 5215 2135 
6749 2324 4924 7553 7165 
6750 4924 2339 7168 7553 
6751 7553 7168 2340 7552 
6752 7165 7553 7552 2325 
6753 61 62 7555 7173 
6754 62 63 7278 7555 
6755 7555 7278 2141 7554 
6756 7173 7555 7554 2126 
6757 2337 7556 7558 6591 
6758 7556 2352 7557 7558 
6759 7558 7557 2353 4488 
6760 6591 7558 4488 2338 
6761 2171 7559 7562 7561 
6762 7559 2186 6608 7562 
6763 7562 6608 2187 7560 
6764 7561 7562 7560 2172 
6765 2297 7563 7565 7161 
6766 7563 2312 6547 7565 
6767 7565 6547 2313 7564 
6768 7161 7565 7564 2298 
6769 2226 3728 7567 3494 
6770 3728 2241 7566 7567 
6771 7567 7566 2242 3518 
6772 3494 7567 3518 2227 
6773 2104 6604 7570 7569 
6774 6604 2119 5497 7570 
6775 7570 5497 2120 7568 
6776 7569 7570 7568 2105 
6777 2228 3520 7574 7573 
6778 3520 2243 7571 7574 
6779 7574 7571 2244 7572 
6780 7573 7574 7572 2229 
6781 2098 3941 7576 7575 
6782 3941 2113 6589 7576 
6783 7576 6589 2114 6692 
6784 7575 7576 6692 2099 
6785 795 7577 7580 7389 
6786 7577 921 7578 7580 
6787 7580 7578 1883 7579 
6788 7389 7580 7579 1855 
6789 921 7581 7583 7578 
6790 7581 797 5296 7583 
6791 7583 5296 1463 7582 
6792 7578 7583 7582 1883 
6793 1883 7582 7585 7584 
6794 7582 1463 5305 7585 
6795 7585 5305 854 6180 
6796 7584 7585 6180 1636 
6797 1855 7579 7586 7392 
6798 7579 1883 7584 7586 
6799 7586 7584 1636 6188 
6800 7392 7586 6188 853 
6801 873 7587 7590 4128 
6802 7587 906 7588 7590 
6803 7590 7588 1884 7589 
6804 4128 7590 7589 1243 
6805 906 7591 7593 7588 
6806 7591 875 4976 7593 
6807 7593 4976 1392 7592 
6808 7588 7593 7592 1884 
6809 1884 7592 7595 7594 
6810 7592 1392 4973 7595 
6811 7595 4973 894 3014 
6812 7594 7595 3014 1021 
6813 1243 7589 7596 4132 
6814 7589 1884 7594 7596 
6815 7596 7594 1021 3009 
6816 4132 7596 3009 895 
6817 648 7597 7601 7600 
6818 7597 1885 7598 7601 
6819 7601 7598 1887 7599 
6820 7600 7601 7599 1886 
6821 1885 7602 7604 7598 
6822 7602 647 7058 7604 
6823 7604 7058 1792 7603 
6824 7598 7604 7603 1887 
6825 1887 7603 7606 7605 
6826 7603 1792 7055 7606 
6827 7606 7055 699 5577 
6828 7605 7606 5577 1515 
6829 1886 7599 7608 7607 
6830 7599 1887 7605 7608 
6831 7608 7605 1515 5572 
6832 7607 7608 5572 698 
6833 627 7367 7611 6975 
6834 7367 1847 7609 7611 
6835 7611 7609 1888 7610 
6836 6975 7611 7610 1779 
6837 1847 7364 7613 7609 
6838 7364 628 6347 7613 
6839 7613 6347 1667 7612 
6840 7609 7613 7612 1888 
6841 1888 7612 7615 7614 
6842 7612 1667 6356 7615 
6843 7615 6356 625 4317 
6844 7614 7615 4317 1281 
6845 1779 7610 7616 6978 
6846 7610 1888 7614 7616 
6847 7616 7614 1281 4326 
6848 6978 7616 4326 624 
6849 649 7617 7620 5845 
6850 7617 1889 7618 7620 
6851 7620 7618 1890 7619 
6852 5845 7620 7619 1564 
6853 1889 7621 7623 7618 
6854 7621 648 7600 7623 
6855 7623 7600 1886 7622 
6856 7618 7623 7622 1890 
6857 1890 7622 7625 7624 
6858 7622 1886 7607 7625 
6859 7625 7607 698 5707 
6860 7624 7625 5707 1534 
6861 1564 7619 7626 5848 
6862 7619 1890 7624 7626 
6863 7626 7624 1534 5702 
6864 5848 7626 5702 700 
6865 800 7627 7631 7630 
6866 7627 1891 7628 7631 
6867 7631 7628 1893 7629 
6868 7630 7631 7629 900 
6869 1891 7632 7635 7628 
6870 7632 850 7633 7635 
6871 7635 7633 1892 7634 
6872 7628 7635 7634 1893 
6873 1893 7634 7638 7637 
6874 7634 1892 7636 7638 
6875 7638 7636 849 5897 
6876 7637 7638 5897 1575 
6877 900 7629 7640 7639 
6878 7629 1893 7637 7640 
6879 7640 7637 1575 5894 
6880 7639 7640 5894 799 
6881 664 7641 7644 5149 
6882 7641 1894 7642 7644 
6883 7644 7642 1897 7643 
6884 5149 7644 7643 1896 
6885 1894 7645 7648 7642 
6886 7645 665 7646 7648 
6887 7648 7646 1895 7647 
6888 7642 7648 7647 1897 
6889 1897 7647 7651 7650 
6890 7647 1895 7649 7651 
6891 7651 7649 667 6232 
6892 7650 7651 6232 1642 
6893 1896 7643 7653 7652 
6894 7643 1897 7650 7653 
6895 7653 7650 1642 6229 
6896 7652 7653 6229 669 
6897 850 7654 7657 7633 
6898 7654 1898 7655 7657 
6899 7657 7655 1899 7656 
6900 7633 7657 7656 1892 
6901 1898 7658 7660 7655 
6902 7658 844 6755 7660 
6903 7660 6755 1733 7659 
6904 7655 7660 7659 1899 
6905 1899 7659 7662 7661 
6906 7659 1733 6752 7662 
6907 7662 6752 843 4470 
6908 7661 7662 4470 1304 
6909 1892 7656 7663 7636 
6910 7656 1899 7661 7663 
6911 7663 7661 1304 4465 
6912 7636 7663 4465 849 
6913 640 7443 7666 5538 
6914 7443 1863 7664 7666 
6915 7666 7664 1900 7665 
6916 5538 7666 7665 1509 
6917 1863 7440 7668 7664 
6918 7440 653 4287 7668 
6919 7668 4287 1273 7667 
6920 7664 7668 7667 1900 
6921 1900 7667 7670 7669 
6922 7667 1273 4298 7670 
6923 7670 4298 652 6815 
6924 7669 7670 6815 1746 
6925 1509 7665 7671 5541 
6926 7665 1900 7669 7671 
6927 7671 7669 1746 6811 
6928 5541 7671 6811 641 
6929 2488 7672 7674 7141 
6930 7672 2497 7069 7674 
6931 7674 7069 2498 7673 
6932 7141 7674 7673 2489 
6933 2489 7673 7676 6092 
6934 7673 2498 7016 7676 
6935 7676 7016 2499 7675 
6936 6092 7676 7675 2490 
6937 1482 7133 7677 5418 
6938 7133 2442 4568 7677 
6939 7677 4568 2443 6201 
6940 5418 7677 6201 764 
6941 2500 7678 7681 7680 
6942 7678 981 2806 7681 
6943 7681 2806 866 7679 
6944 7680 7681 7679 2501 
6945 786 5298 7684 7460 
6946 5298 1461 7682 7684 
6947 7684 7682 1902 7683 
6948 7460 7684 7683 1868 
6949 1461 5293 7687 7682 
6950 5293 797 7685 7687 
6951 7687 7685 1901 7686 
6952 7682 7687 7686 1902 
6953 1902 7686 7690 7689 
6954 7686 1901 7688 7690 
6955 7690 7688 793 7032 
6956 7689 7690 7032 1788 
6957 1868 7683 7691 7463 
6958 7683 1902 7689 7691 
6959 7691 7689 1788 7040 
6960 7463 7691 7040 775 
6961 2501 7679 7693 7129 
6962 7679 866 2583 7693 
6963 7693 2583 925 7692 
6964 7129 7693 7692 2502 
6965 1903 7694 7697 7696 
6966 7694 858 6238 7697 
6967 7697 6238 1647 7695 
6968 7696 7697 7695 1904 
6969 1904 7695 7699 7698 
6970 7695 1647 6247 7699 
6971 7699 6247 564 3417 
6972 7698 7699 3417 1115 
6973 2487 5781 7700 7137 
6974 5781 2496 4700 7700 
6975 7700 4700 2497 7672 
6976 7137 7700 7672 2488 
6977 668 7701 7704 5550 
6978 7701 1905 7702 7704 
6979 7704 7702 1907 7703 
6980 5550 7704 7703 1512 
6981 1905 7705 7708 7702 
6982 7705 666 7706 7708 
6983 7708 7706 1906 7707 
6984 7702 7708 7707 1907 
6985 1907 7707 7711 7710 
6986 7707 1906 7709 7711 
6987 7711 7709 656 7343 
6988 7710 7711 7343 1843 
6989 1512 7703 7712 5553 
6990 7703 1907 7710 7712 
6991 7712 7710 1843 7352 
6992 5553 7712 7352 638 
6993 693 7713 7715 5664 
6994 7713 1908 7714 7715 
6995 7715 7714 1910 5653 
6996 5664 7715 5653 1529 
6997 1908 7716 7718 7714 
6998 7716 540 4172 7718 
6999 7718 4172 909 7717 
7000 7714 7718 7717 1910 
7001 1910 7717 7720 5654 
7002 7717 909 5337 7720 
7003 7720 5337 689 7719 
7004 5654 7720 7719 1909 
7005 2565 6291 7722 6734 
7006 6291 2572 7105 7722 
7007 7722 7105 2573 7721 
7008 6734 7722 7721 2566 
7009 556 6280 7725 4101 
7010 6280 1652 7723 7725 
7011 7725 7723 1912 7724 
7012 4101 7725 7724 1237 
7013 1652 6277 7728 7723 
7014 6277 697 7726 7728 
7015 7728 7726 1911 7727 
7016 7723 7728 7727 1912 
7017 1912 7727 7731 7730 
7018 7727 1911 7729 7731 
7019 7731 7729 696 4741 
7020 7730 7731 4741 1350 
7021 1237 7724 7732 4104 
7022 7724 1912 7730 7732 
7023 7732 7730 1350 4737 
7024 4104 7732 4737 555 
7025 2173 7733 7735 7734 
7026 7733 2188 6472 7735 
7027 7735 6472 2189 2705 
7028 7734 7735 2705 2174 
7029 2274 7018 7736 3524 
7030 7018 2289 5394 7736 
7031 7736 5394 2290 5594 
7032 3524 7736 5594 2275 
7033 2258 7737 7739 7738 
7034 7737 2273 7019 7739 
7035 7739 7019 2274 3523 
7036 7738 7739 3523 2259 
7037 81 82 7741 5491 
7038 82 83 7740 7741 
7039 7741 7740 2291 5153 
7040 5491 7741 5153 2276 
7041 2214 7742 7745 5129 
7042 7742 2229 7743 7745 
7043 7745 7743 2230 7744 
7044 5129 7745 7744 2215 
7045 2138 7746 7747 5329 
7046 7746 2153 4169 7747 
7047 7747 4169 2154 3752 
7048 5329 7747 3752 2139 
7049 2220 4352 7749 5120 
7050 4352 2235 7748 7749 
7051 7749 7748 2236 3296 
7052 5120 7749 3296 2221 
7053 2126 7554 7750 4774 
7054 7554 2141 6944 7750 
7055 7750 6944 2142 5586 
7056 4774 7750 5586 2127 
7057 701 7751 7754 4279 
7058 7751 1913 7752 7754 
7059 7754 7752 1914 7753 
7060 4279 7754 7753 1268 
7061 1913 7755 7757 7752 
7062 7755 706 5743 7757 
7063 7757 5743 1540 7756 
7064 7752 7757 7756 1914 
7065 1914 7756 7759 7758 
7066 7756 1540 5739 7759 
7067 7759 5739 725 7158 
7068 7758 7759 7158 1809 
7069 1268 7753 7760 4282 
7070 7753 1914 7758 7760 
7071 7760 7758 1809 7155 
7072 4282 7760 7155 726 
7073 542 4210 7763 5831 
7074 4210 1254 7761 7763 
7075 7763 7761 1916 7762 
7076 5831 7763 7762 1560 
7077 1254 4206 7765 7761 
7078 4206 868 4446 7765 
7079 7765 4446 1299 7764 
7080 7761 7765 7764 1916 
7081 1916 7764 7768 7767 
7082 7764 1299 4441 7768 
7083 7768 4441 880 7766 
7084 7767 7768 7766 1915 
7085 1560 7762 7770 5834 
7086 7762 1916 7767 7770 
7087 7770 7767 1915 7769 
7088 5834 7770 7769 840 
7089 2327 7771 7772 6546 
7090 7771 2342 3580 7772 
7091 7772 3580 2343 5591 
7092 6546 7772 5591 2328 
7093 2229 7572 7773 7743 
7094 7572 2244 6699 7773 
7095 7773 6699 2245 5634 
7096 7743 7773 5634 2230 
7097 2314 4805 7775 7774 
7098 4805 2329 2870 7775 
7099 7775 2870 2330 4381 
7100 7774 7775 4381 2315 
7101 2438 5150 7776 5678 
7102 5150 1896 7652 7776 
7103 7776 7652 669 5030 
7104 5678 7776 5030 2439 
7105 887 4200 7779 6520 
7106 4200 1252 7777 7779 
7107 7779 7777 1918 7778 
7108 6520 7779 7778 1704 
7109 1252 4196 7781 7777 
7110 4196 886 6881 7781 
7111 7781 6881 1758 7780 
7112 7777 7781 7780 1918 
7113 1918 7780 7784 7783 
7114 7780 1758 6878 7784 
7115 7784 6878 883 7782 
7116 7783 7784 7782 1917 
7117 1704 7778 7786 6523 
7118 7778 1918 7783 7786 
7119 7786 7783 1917 7785 
7120 6523 7786 7785 878 
7121 789 4792 7790 7789 
7122 4792 1356 7787 7790 
7123 7790 7787 1920 7788 
7124 7789 7790 7788 1919 
7125 1356 4801 7792 7787 
7126 4801 702 7336 7792 
7127 7792 7336 1839 7791 
7128 7787 7792 7791 1920 
7129 1920 7791 7794 7793 
7130 7791 1839 7333 7794 
7131 7794 7333 704 6864 
7132 7793 7794 6864 1754 
7133 1919 7788 7796 7795 
7134 7788 1920 7793 7796 
7135 7796 7793 1754 6859 
7136 7795 7796 6859 788 
7137 2515 5776 7799 7798 
7138 5776 2518 7797 7799 
7139 7799 7797 1550 5772 
7140 7798 7799 5772 1549 
7141 2519 5857 7803 7802 
7142 5857 1666 7800 7803 
7143 7803 7800 1928 7801 
7144 7802 7803 7801 2520 
7145 2507 7406 7805 6350 
7146 7406 2510 5008 7805 
7147 7805 5008 2511 7804 
7148 6350 7805 7804 2508 
7149 691 7806 7810 7809 
7150 7806 1922 7807 7810 
7151 7810 7807 1924 7808 
7152 7809 7810 7808 1923 
7153 1922 7811 7813 7807 
7154 7811 550 3454 7813 
7155 7813 3454 1124 7812 
7156 7807 7813 7812 1924 
7157 1924 7812 7816 7815 
7158 7812 1124 3449 7816 
7159 7816 3449 558 7814 
7160 7815 7816 7814 920 
7161 1923 7808 7819 7818 
7162 7808 1924 7815 7819 
7163 7819 7815 920 7817 
7164 7818 7819 7817 692 
7165 788 7201 7822 7795 
7166 7201 1815 7820 7822 
7167 7822 7820 1926 7821 
7168 7795 7822 7821 1919 
7169 1815 7198 7825 7820 
7170 7198 794 7823 7825 
7171 7825 7823 1925 7824 
7172 7820 7825 7824 1926 
7173 1926 7824 7828 7827 
7174 7824 1925 7826 7828 
7175 7828 7826 792 7206 
7176 7827 7828 7206 1819 
7177 1919 7821 7829 7789 
7178 7821 1926 7827 7829 
7179 7829 7827 1819 7212 
7180 7789 7829 7212 789 
7181 1921 7410 7832 7831 
7182 7410 2505 7403 7832 
7183 7832 7403 2506 7830 
7184 7831 7832 7830 778 
7185 1666 6345 7834 7800 
7186 6345 628 7363 7834 
7187 7834 7363 1846 7833 
7188 7800 7834 7833 1928 
7189 1928 7833 7837 7836 
7190 7833 1846 7360 7837 
7191 7837 7360 646 7835 
7192 7836 7837 7835 1927 
7193 2508 7804 7839 7401 
7194 7804 2511 7399 7839 
7195 7839 7399 2512 7838 
7196 7401 7839 7838 2509 
7197 761 7840 7844 7843 
7198 7840 1929 7841 7844 
7199 7844 7841 1930 7842 
7200 7843 7844 7842 1568 
7201 1929 7845 7847 7841 
7202 7845 762 6076 7847 
7203 7847 6076 1619 7846 
7204 7841 7847 7846 1930 
7205 1930 7846 7849 7848 
7206 7846 1619 6073 7849 
7207 7849 6073 757 6632 
7208 7848 7849 6632 1719 
7209 1568 7842 7850 5861 
7210 7842 1930 7848 7850 
7211 7850 7848 1719 6629 
7212 5861 7850 6629 758 
7213 590 6454 7853 6681 
7214 6454 1690 7851 7853 
7215 7853 7851 1932 7852 
7216 6681 7853 7852 1723 
7217 1690 6451 7856 7851 
7218 6451 571 7854 7856 
7219 7856 7854 1931 7855 
7220 7851 7856 7855 1932 
7221 1932 7855 7859 7858 
7222 7855 1931 7857 7859 
7223 7859 7857 566 4678 
7224 7858 7859 4678 1341 
7225 1723 7852 7860 6684 
7226 7852 1932 7858 7860 
7227 7860 7858 1341 4687 
7228 6684 7860 4687 591 
7229 837 7861 7864 5900 
7230 7861 1933 7862 7864 
7231 7864 7862 1935 7863 
7232 5900 7864 7863 1576 
7233 1933 7865 7867 7862 
7234 7865 839 7372 7867 
7235 7867 7372 1852 7866 
7236 7862 7867 7866 1935 
7237 1935 7866 7870 7869 
7238 7866 1852 7382 7870 
7239 7870 7382 836 7868 
7240 7869 7870 7868 1934 
7241 1576 7863 7872 5891 
7242 7863 1935 7869 7872 
7243 7872 7869 1934 7871 
7244 5891 7872 7871 818 
7245 2426 7873 7874 6264 
7246 7873 1153 4080 7874 
7247 7874 4080 547 6568 
7248 6264 7874 6568 2427 
7249 30 4233 7875 29 
7250 4233 2108 4159 7875 
7251 7875 4159 2109 5487 
7252 29 7875 5487 28 
7253 2325 7552 7878 7877 
7254 7552 2340 2968 7878 
7255 7878 2968 2341 7876 
7256 7877 7878 7876 2326 
7257 2240 7879 7881 3727 
7258 7879 2255 4668 7881 
7259 7881 4668 2256 7880 
7260 3727 7881 7880 2241 
7261 823 7491 7884 4475 
7262 7491 1873 7882 7884 
7263 7884 7882 1936 7883 
7264 4475 7884 7883 1306 
7265 1873 7487 7886 7882 
7266 7487 822 7243 7886 
7267 7886 7243 1826 7885 
7268 7882 7886 7885 1936 
7269 1936 7885 7888 7887 
7270 7885 1826 7253 7888 
7271 7888 7253 839 7865 
7272 7887 7888 7865 1933 
7273 1306 7883 7889 4478 
7274 7883 1936 7887 7889 
7275 7889 7887 1933 7861 
7276 4478 7889 7861 837 
7277 1774 6947 7890 7405 
7278 6947 1401 7447 7890 
7279 7890 7447 2513 5005 
7280 7405 7890 5005 2510 
7281 2518 6952 7892 7797 
7282 6952 2521 7891 7892 
7283 7892 7891 1547 5768 
7284 7797 7892 5768 1550 
7285 2513 7446 7894 5006 
7286 7446 2516 7893 7894 
7287 7894 7893 2517 5774 
7288 5006 7894 5774 2514 
7289 838 7895 7899 7898 
7290 7895 1937 7896 7899 
7291 7899 7896 1940 7897 
7292 7898 7899 7897 1939 
7293 1937 7900 7902 7896 
7294 7900 824 5347 7902 
7295 7902 5347 1468 7901 
7296 7896 7902 7901 1940 
7297 1940 7901 7905 7904 
7298 7901 1468 5342 7905 
7299 7905 5342 820 7903 
7300 7904 7905 7903 1938 
7301 1939 7897 7908 7907 
7302 7897 1940 7904 7908 
7303 7908 7904 1938 7906 
7304 7907 7908 7906 834 
7305 537 2877 7911 4040 
7306 2877 995 7909 7911 
7307 7911 7909 1942 7910 
7308 4040 7911 7910 1223 
7309 995 2872 7913 7909 
7310 2872 538 5079 7913 
7311 7913 5079 1415 7912 
7312 7909 7913 7912 1942 
7313 1942 7912 7916 7915 
7314 7912 1415 5074 7916 
7315 7916 5074 583 7914 
7316 7915 7916 7914 1941 
7317 1223 7910 7918 4032 
7318 7910 1942 7915 7918 
7319 7918 7915 1941 7917 
7320 4032 7918 7917 585 
7321 647 7602 7921 7111 
7322 7602 1885 7919 7921 
7323 7921 7919 1944 7920 
7324 7111 7921 7920 1805 
7325 1885 7597 7924 7919 
7326 7597 648 7922 7924 
7327 7924 7922 1943 7923 
7328 7919 7924 7923 1944 
7329 1944 7923 7927 7926 
7330 7923 1943 7925 7927 
7331 7927 7925 646 7359 
7332 7926 7927 7359 1845 
7333 1805 7920 7928 7114 
7334 7920 1944 7926 7928 
7335 7928 7926 1845 7354 
7336 7114 7928 7354 642 
7337 841 7929 7932 6883 
7338 7929 1945 7930 7932 
7339 7932 7930 1947 7931 
7340 6883 7932 7931 1760 
7341 1945 7933 7936 7930 
7342 7933 877 7934 7936 
7343 7936 7934 1946 7935 
7344 7930 7936 7935 1947 
7345 1947 7935 7939 7938 
7346 7935 1946 7937 7939 
7347 7939 7937 845 7502 
7348 7938 7939 7502 1875 
7349 1760 7931 7940 6888 
7350 7931 1947 7938 7940 
7351 7940 7938 1875 7497 
7352 6888 7940 7497 846 
7353 680 6622 7943 3717 
7354 6622 1716 7941 7943 
7355 7943 7941 1949 7942 
7356 3717 7943 7942 1880 
7357 1716 6619 7946 7941 
7358 6619 679 7944 7946 
7359 7946 7944 1948 7945 
7360 7941 7946 7945 1949 
7361 1949 7945 7949 7948 
7362 7945 1948 7947 7949 
7363 7949 7947 665 7645 
7364 7948 7949 7645 1894 
7365 1880 7942 7950 4398 
7366 7942 1949 7948 7950 
7367 7950 7948 1894 7641 
7368 4398 7950 7641 664 
7369 2106 7951 7954 5124 
7370 7951 2121 7952 7954 
7371 7954 7952 2122 7953 
7372 5124 7954 7953 2107 
7373 2101 7027 7956 7955 
7374 7027 2116 4761 7956 
7375 7956 4761 2117 5177 
7376 7955 7956 5177 2102 
7377 2326 7876 7958 4833 
7378 7876 2341 7957 7958 
7379 7958 7957 2342 7771 
7380 4833 7958 7771 2327 
7381 101 102 7959 7283 
7382 102 103 4083 7959 
7383 7959 4083 1153 7873 
7384 7283 7959 7873 2426 
7385 1927 7835 7962 7961 
7386 7835 646 7925 7962 
7387 7962 7925 1943 7960 
7388 7961 7962 7960 1950 
7389 1950 7960 7964 7963 
7390 7960 1943 7922 7964 
7391 7964 7922 648 7621 
7392 7963 7964 7621 1889 
7393 1547 7965 7966 5765 
7394 7965 1950 7963 7966 
7395 7966 7963 1889 7617 
7396 5765 7966 7617 649 
7397 2319 7967 7970 7969 
7398 7967 2334 7176 7970 
7399 7970 7176 2335 7968 
7400 7969 7970 7968 2320 
7401 2210 7971 7972 4671 
7402 7971 2225 3729 7972 
7403 7972 3729 2226 3493 
7404 4671 7972 3493 2211 
7405 2302 7973 7975 4785 
7406 7973 2317 7974 7975 
7407 7975 7974 2318 7536 
7408 4785 7975 7536 2303 
7409 2429 6112 7976 3748 
7410 6112 677 7090 7976 
7411 7976 7090 1722 3760 
7412 3748 7976 3760 2430 
7413 890 4517 7979 4331 
7414 4517 1314 7977 7979 
7415 7979 7977 1952 7978 
7416 4331 7979 7978 1283 
7417 1314 4527 7982 7977 
7418 4527 876 7980 7982 
7419 7982 7980 1951 7981 
7420 7977 7982 7981 1952 
7421 1952 7981 7985 7984 
7422 7981 1951 7983 7985 
7423 7985 7983 870 4865 
7424 7984 7985 4865 1368 
7425 1283 7978 7986 4334 
7426 7978 1952 7984 7986 
7427 7986 7984 1368 4874 
7428 4334 7986 4874 891 
7429 630 6025 7989 6034 
7430 6025 1608 7987 7989 
7431 7989 7987 1955 7988 
7432 6034 7989 7988 1610 
7433 1608 6021 7992 7987 
7434 6021 643 7990 7992 
7435 7992 7990 1953 7991 
7436 7987 7992 7991 1955 
7437 1955 7991 7996 7995 
7438 7991 1953 7993 7996 
7439 7996 7993 644 7994 
7440 7995 7996 7994 1954 
7441 1610 7988 7998 6037 
7442 7988 1955 7995 7998 
7443 7998 7995 1954 7997 
7444 6037 7998 7997 631 
7445 67 68 8000 7999 
7446 68 69 5184 8000 
7447 8000 5184 2186 7559 
7448 7999 8000 7559 2171 
7449 2137 6475 8001 6107 
7450 6475 2152 6563 8001 
7451 8001 6563 2153 7746 
7452 6107 8001 7746 2138 
7453 2257 7289 8002 6658 
7454 7289 2272 4816 8002 
7455 8002 4816 2273 7737 
7456 6658 8002 7737 2258 
7457 2270 5221 8003 4666 
7458 5221 2285 4766 8003 
7459 8003 4766 2286 6259 
7460 4666 8003 6259 2271 
7461 2533 5669 8006 8005 
7462 5669 2540 6645 8006 
7463 8006 6645 2541 8004 
7464 8005 8006 8004 2534 
7465 2566 7721 8009 6285 
7466 7721 2573 8007 8009 
7467 8009 8007 2574 8008 
7468 6285 8009 8008 2567 
7469 2527 8010 8012 6665 
7470 8010 2534 8011 8012 
7471 8012 8011 2535 6647 
7472 6665 8012 6647 2528 
7473 801 8013 8017 8016 
7474 8013 915 8014 8017 
7475 8017 8014 1957 8015 
7476 8016 8017 8015 1956 
7477 2092 8018 8022 8021 
7478 8018 1994 8019 8022 
7479 8022 8019 1995 8020 
7480 8021 8022 8020 1818 
7481 2076 8023 8026 8025 
7482 8023 2093 8024 8026 
7483 8026 8024 799 5893 
7484 8025 8026 5893 1574 
7485 1956 8015 8029 8028 
7486 8015 1957 8027 8029 
7487 8029 8027 1817 7203 
7488 8028 8029 7203 792 
7489 776 7467 8033 8032 
7490 7467 1869 8030 8033 
7491 8033 8030 1959 8031 
7492 8032 8033 8031 1958 
7493 1869 7464 8035 8030 
7494 7464 775 7039 8035 
7495 8035 7039 1787 8034 
7496 8030 8035 8034 1959 
7497 1959 8034 8037 8036 
7498 8034 1787 7036 8037 
7499 8037 7036 773 5762 
7500 8036 8037 5762 1544 
7501 1958 8031 8039 8038 
7502 8031 1959 8036 8039 
7503 8039 8036 1544 5759 
7504 8038 8039 5759 772 
7505 690 8040 8044 8043 
7506 8040 1960 8041 8044 
7507 8044 8041 1964 8042 
7508 8043 8044 8042 1963 
7509 1960 8045 8048 8041 
7510 8045 683 8046 8048 
7511 8048 8046 1961 8047 
7512 8041 8048 8047 1964 
7513 1964 8047 8052 8051 
7514 8047 1961 8049 8052 
7515 8052 8049 687 8050 
7516 8051 8052 8050 1962 
7517 1963 8042 8055 8054 
7518 8042 1964 8051 8055 
7519 8055 8051 1962 8053 
7520 8054 8055 8053 688 
7521 1676 6396 8058 8057 
7522 6396 1677 8056 8058 
7523 8058 8056 2550 6553 
7524 8057 8058 6553 2543 
7525 2523 8059 8060 6854 
7526 8059 2530 6029 8060 
7527 8060 6029 2531 4745 
7528 6854 8060 4745 2524 
7529 2526 6400 8061 6731 
7530 6400 2533 8005 8061 
7531 8061 8005 2534 8010 
7532 6731 8061 8010 2527 
7533 2570 8062 8064 6851 
7534 8062 2577 8063 8064 
7535 8064 8063 1351 5691 
7536 6851 8064 5691 1533 
7537 686 8065 8069 8068 
7538 8065 1965 8066 8069 
7539 8069 8066 1967 8067 
7540 8068 8069 8067 1966 
7541 1965 8070 8072 8066 
7542 8070 676 6845 8072 
7543 8072 6845 1751 8071 
7544 8066 8072 8071 1967 
7545 1967 8071 8074 8073 
7546 8071 1751 6842 8074 
7547 8074 6842 546 4409 
7548 8073 8074 4409 1289 
7549 1966 8067 8076 8075 
7550 8067 1967 8073 8076 
7551 8076 8073 1289 4406 
7552 8075 8076 4406 539 
7553 582 7426 8080 8079 
7554 7426 1861 8077 8080 
7555 8080 8077 1969 8078 
7556 8079 8080 8078 1968 
7557 1861 7433 8082 8077 
7558 7433 584 2790 8082 
7559 8082 2790 979 8081 
7560 8077 8082 8081 1969 
7561 1969 8081 8084 8083 
7562 8081 979 2798 8084 
7563 8084 2798 585 7917 
7564 8083 8084 7917 1941 
7565 1968 8078 8086 8085 
7566 8078 1969 8083 8086 
7567 8086 8083 1941 7914 
7568 8085 8086 7914 583 
7569 780 7481 8090 8089 
7570 7481 1871 8087 8090 
7571 8090 8087 1971 8088 
7572 8089 8090 8088 1970 
7573 1871 7477 8092 8087 
7574 7477 855 6767 8092 
7575 8092 6767 1736 8091 
7576 8087 8092 8091 1971 
7577 1971 8091 8094 8093 
7578 8091 1736 6764 8094 
7579 8094 6764 857 6909 
7580 8093 8094 6909 1768 
7581 1970 8088 8096 8095 
7582 8088 1971 8093 8096 
7583 8096 8093 1768 6919 
7584 8095 8096 6919 779 
7585 882 6759 8099 6874 
7586 6759 1734 8097 8099 
7587 8099 8097 1974 8098 
7588 6874 8099 8098 1757 
7589 1734 6756 8102 8097 
7590 6756 844 8100 8102 
7591 8102 8100 1972 8101 
7592 8097 8102 8101 1974 
7593 1974 8101 8106 8105 
7594 8101 1972 8103 8106 
7595 8106 8103 877 8104 
7596 8105 8106 8104 1973 
7597 1757 8098 8108 6877 
7598 8098 1974 8105 8108 
7599 8108 8105 1973 8107 
7600 6877 8108 8107 883 
7601 2298 7564 8110 6543 
7602 7564 2313 4806 8110 
7603 8110 4806 2314 8109 
7604 6543 8110 8109 2299 
7605 2236 8111 8112 3297 
7606 8111 2251 5872 8112 
7607 8112 5872 2252 5022 
7608 3297 8112 5022 2237 
7609 2197 4781 8113 4002 
7610 4781 2212 4379 8113 
7611 8113 4379 2213 4661 
7612 4002 8113 4661 2198 
7613 2208 6689 8115 4754 
7614 6689 2223 7171 8115 
7615 8115 7171 2224 8114 
7616 4754 8115 8114 2209 
7617 877 7933 8118 8104 
7618 7933 1945 8116 8118 
7619 8118 8116 1976 8117 
7620 8104 8118 8117 1973 
7621 1945 7929 8121 8116 
7622 7929 841 8119 8121 
7623 8121 8119 1975 8120 
7624 8116 8121 8120 1976 
7625 1976 8120 8124 8123 
7626 8120 1975 8122 8124 
7627 8124 8122 878 7785 
7628 8123 8124 7785 1917 
7629 1973 8117 8125 8107 
7630 8117 1976 8123 8125 
7631 8125 8123 1917 7782 
7632 8107 8125 7782 883 
7633 840 7769 8128 5882 
7634 7769 1915 8126 8128 
7635 8128 8126 1978 8127 
7636 5882 8128 8127 1571 
7637 1915 7766 8130 8126 
7638 7766 880 5974 8130 
7639 8130 5974 1595 8129 
7640 8126 8130 8129 1978 
7641 1978 8129 8133 8132 
7642 8129 1595 5971 8133 
7643 8133 5971 879 8131 
7644 8132 8133 8131 1977 
7645 1571 8127 8135 5885 
7646 8127 1978 8132 8135 
7647 8135 8132 1977 8134 
7648 5885 8135 8134 842 
7649 790 8136 8139 4795 
7650 8136 1979 8137 8139 
7651 8139 8137 1980 8138 
7652 4795 8139 8138 1355 
7653 1979 8140 8142 8137 
7654 8140 791 4895 8142 
7655 8142 4895 1374 8141 
7656 8137 8142 8141 1980 
7657 1980 8141 8144 8143 
7658 8141 1374 4890 8144 
7659 8144 4890 706 7755 
7660 8143 8144 7755 1913 
7661 1355 8138 8145 4798 
7662 8138 1980 8143 8145 
7663 8145 8143 1913 7751 
7664 4798 8145 7751 701 
7665 2308 2963 8147 8146 
7666 2963 2323 4925 8147 
7667 8147 4925 2324 7164 
7668 8146 8147 7164 2309 
7669 2397 5560 8148 7275 
7670 5560 2412 3640 8148 
7671 8148 3640 2413 5144 
7672 7275 8148 5144 2398 
7673 2420 5398 8149 3732 
7674 5398 2435 3719 8149 
7675 8149 3719 2436 3965 
7676 3732 8149 3965 2421 
7677 2318 8150 8151 7537 
7678 8150 2333 6599 8151 
7679 8151 6599 2334 7967 
7680 7537 8151 7967 2319 
7681 667 7649 8154 6716 
7682 7649 1895 8152 8154 
7683 8154 8152 1982 8153 
7684 6716 8154 8153 1728 
7685 1895 7646 8157 8152 
7686 7646 665 8155 8157 
7687 8157 8155 1981 8156 
7688 8152 8157 8156 1982 
7689 1982 8156 8160 8159 
7690 8156 1981 8158 8160 
7691 8160 8158 666 7705 
7692 8159 8160 7705 1905 
7693 1728 8153 8161 6719 
7694 8153 1982 8159 8161 
7695 8161 8159 1905 7701 
7696 6719 8161 7701 668 
7697 1790 6203 8164 7047 
7698 6203 2444 8162 8164 
7699 8164 8162 2445 8163 
7700 7047 8164 8163 763 
7701 2490 7675 8167 7214 
7702 7675 2499 8165 8167 
7703 8167 8165 2500 8166 
7704 7214 8167 8166 2491 
7705 2466 8168 8169 4498 
7706 8168 2475 6089 8169 
7707 8169 6089 2476 4642 
7708 4498 8169 4642 2467 
7709 2016 8170 8172 4556 
7710 8170 1903 8171 8172 
7711 8172 8171 2486 4510 
7712 4556 8172 4510 2477 
7713 2576 6558 8175 8174 
7714 6558 1655 6298 8175 
7715 8175 6298 1352 8173 
7716 8174 8175 8173 2577 
7717 2546 8176 8178 6857 
7718 8176 2553 8177 8178 
7719 8178 8177 2554 7517 
7720 6857 8178 7517 2547 
7721 2545 6808 8180 7236 
7722 6808 2552 8179 8180 
7723 8180 8179 2553 8176 
7724 7236 8180 8176 2546 
7725 2553 8181 8183 8177 
7726 8181 2560 8182 8183 
7727 8183 8182 2561 7514 
7728 8177 8183 7514 2554 
7729 557 6295 8185 4539 
7730 6295 1654 6672 8185 
7731 8185 6672 1984 8184 
7732 4539 8185 8184 1318 
7733 1347 6810 8187 6634 
7734 6810 1747 8186 8187 
7735 8187 8186 2536 6015 
7736 6634 8187 6015 2529 
7737 2577 8173 8188 8063 
7738 8173 1352 4750 8188 
7739 8188 4750 1353 4743 
7740 8063 8188 4743 1351 
7741 1318 8184 8191 4543 
7742 8184 1984 8189 8191 
7743 8191 8189 1983 8190 
7744 4543 8191 8190 541 
7745 2239 4770 8192 3988 
7746 4770 2254 4164 8192 
7747 8192 4164 2255 7879 
7748 3988 8192 7879 2240 
7749 2187 6607 8194 8193 
7750 6607 2202 4229 8194 
7751 8194 4229 2203 6470 
7752 8193 8194 6470 2188 
7753 2128 5588 8195 6588 
7754 5588 2143 6939 8195 
7755 8195 6939 2144 7023 
7756 6588 8195 7023 2129 
7757 2209 8114 8196 7324 
7758 8114 2224 3989 8196 
7759 8196 3989 2225 7971 
7760 7324 8196 7971 2210 
7761 2317 4778 8197 7974 
7762 4778 2332 6117 8197 
7763 8197 6117 2333 8150 
7764 7974 8197 8150 2318 
7765 2156 8198 8199 6942 
7766 8198 2171 7561 8199 
7767 8199 7561 2172 7471 
7768 6942 8199 7471 2157 
7769 2341 2967 8200 7957 
7770 2967 2356 3303 8200 
7771 8200 3303 2357 3577 
7772 7957 8200 3577 2342 
7773 2352 8201 8202 7557 
7774 8201 2367 7227 8202 
7775 8202 7227 2368 3332 
7776 7557 8202 3332 2353 
7777 1904 7698 8204 8203 
7778 7698 1115 3413 8204 
7779 8204 3413 563 7144 
7780 8203 8204 7144 2495 
7781 1586 8205 8207 5936 
7782 8205 2446 5608 8207 
7783 8207 5608 2447 8206 
7784 5936 8207 8206 770 
7785 2464 8208 8211 4551 
7786 8208 2473 8209 8211 
7787 8211 8209 2474 8210 
7788 4551 8211 8210 2465 
7789 2472 4653 8214 8213 
7790 4653 2481 7216 8214 
7791 8214 7216 2482 8212 
7792 8213 8214 8212 2473 
7793 820 5345 8218 8217 
7794 5345 1470 8215 8218 
7795 8218 8215 1987 8216 
7796 8217 8218 8216 1986 
7797 1470 5354 8220 8215 
7798 5354 874 4980 8220 
7799 8220 4980 1393 8219 
7800 8215 8220 8219 1987 
7801 1987 8219 8223 8222 
7802 8219 1393 4977 8223 
7803 8223 4977 875 8221 
7804 8222 8223 8221 1985 
7805 1986 8216 8226 8225 
7806 8216 1987 8222 8226 
7807 8226 8222 1985 8224 
7808 8225 8226 8224 827 
7809 671 8227 8230 5988 
7810 8227 924 8228 8230 
7811 8230 8228 1989 8229 
7812 5988 8230 8229 1600 
7813 924 5636 8232 8228 
7814 5636 675 7076 8232 
7815 8232 7076 1796 8231 
7816 8228 8232 8231 1989 
7817 1989 8231 8235 8234 
7818 8231 1796 7071 8235 
7819 8235 7071 575 8233 
7820 8234 8235 8233 1988 
7821 1600 8229 8237 5993 
7822 8229 1989 8234 8237 
7823 8237 8234 1988 8236 
7824 5993 8237 8236 576 
7825 661 5501 8240 7223 
7826 5501 1501 8238 8240 
7827 8240 8238 1991 8239 
7828 7223 8240 8239 1990 
7829 1501 5509 8242 8238 
7830 5509 566 7857 8242 
7831 8242 7857 1931 8241 
7832 8238 8242 8241 1991 
7833 1991 8241 8244 8243 
7834 8241 1931 7854 8244 
7835 8244 7854 571 6325 
7836 8243 8244 6325 1659 
7837 1990 8239 8245 4929 
7838 8239 1991 8243 8245 
7839 8245 8243 1659 6320 
7840 4929 8245 6320 663 
7841 772 6536 8248 8038 
7842 6536 1708 8246 8248 
7843 8248 8246 1993 8247 
7844 8038 8248 8247 1958 
7845 1708 6533 8251 8246 
7846 6533 771 8249 8251 
7847 8251 8249 1992 8250 
7848 8246 8251 8250 1993 
7849 1993 8250 8254 8253 
7850 8250 1992 8252 8254 
7851 8254 8252 774 6338 
7852 8253 8254 6338 1663 
7853 1958 8247 8255 8032 
7854 8247 1993 8253 8255 
7855 8255 8253 1663 6333 
7856 8032 8255 6333 776 
7857 2092 8021 8257 8256 
7858 8021 1818 7208 8257 
7859 8257 7208 1820 7204 
7860 8256 8257 7204 1817 
7861 1994 8258 8260 8019 
7862 8258 802 5906 8260 
7863 8260 5906 1578 8259 
7864 8019 8260 8259 1995 
7865 1995 8259 8262 8261 
7866 8259 1578 5902 8262 
7867 8262 5902 791 8140 
7868 8261 8262 8140 1979 
7869 1818 8020 8263 7209 
7870 8020 1995 8261 8263 
7871 8263 8261 1979 8136 
7872 7209 8263 8136 790 
7873 2347 3584 8264 6115 
7874 3584 2362 6571 8264 
7875 8264 6571 2363 4342 
7876 6115 8264 4342 2348 
7877 2146 6158 8265 6467 
7878 6158 2161 3994 8265 
7879 8265 3994 2162 4368 
7880 6467 8265 4368 2147 
7881 2349 4344 8266 7175 
7882 4344 2364 6538 8266 
7883 8266 6538 2365 7021 
7884 7175 8266 7021 2350 
7885 2203 4228 8267 6471 
7886 4228 2218 2973 8267 
7887 8267 2973 2219 3632 
7888 6471 8267 3632 2204 
7889 2569 6551 8268 6804 
7890 6551 2576 8174 8268 
7891 8268 8174 2577 8062 
7892 6804 8268 8062 2570 
7893 1747 6814 8269 8186 
7894 6814 1676 8057 8269 
7895 8269 8057 2543 6669 
7896 8186 8269 6669 2536 
7897 1996 6560 8271 8270 
7898 6560 1909 7719 8271 
7899 8271 7719 689 5340 
7900 8270 8271 5340 1467 
7901 1983 7103 8272 8190 
7902 7103 1996 8270 8272 
7903 8272 8270 1467 4178 
7904 8190 8272 4178 541 
7905 1721 6639 8273 6778 
7906 6639 2525 6401 8273 
7907 8273 6401 2526 6730 
7908 6778 8273 6730 633 
7909 634 8274 8276 6502 
7910 8274 2522 8275 8276 
7911 8276 8275 2523 6853 
7912 6502 8276 6853 1701 
7913 2542 8277 8278 7512 
7914 8277 2549 6392 8278 
7915 8278 6392 1803 7097 
7916 7512 8278 7097 1804 
7917 2531 6028 8279 4746 
7918 6028 2538 7237 8279 
7919 8279 7237 2539 5667 
7920 4746 8279 5667 2532 
7921 2460 8280 8284 8283 
7922 8280 2469 8281 8284 
7923 8284 8281 2470 8282 
7924 8283 8284 8282 2461 
7925 1821 7221 8287 7012 
7926 7221 777 8285 8287 
7927 8287 8285 1997 8286 
7928 7012 8287 8286 1998 
7929 1998 8286 8289 4562 
7930 8286 1997 8288 8289 
7931 8289 8288 768 5287 
7932 4562 8289 5287 1458 
7933 2083 8290 8293 8292 
7934 8290 2095 8291 8293 
7935 8293 8291 2450 4647 
7936 8292 8293 4647 2441 
7937 844 7658 8296 8100 
7938 7658 1898 8294 8296 
7939 8296 8294 2000 8295 
7940 8100 8296 8295 1972 
7941 1898 7654 8299 8294 
7942 7654 850 8297 8299 
7943 8299 8297 1999 8298 
7944 8294 8299 8298 2000 
7945 2000 8298 8302 8301 
7946 8298 1999 8300 8302 
7947 8302 8300 845 7937 
7948 8301 8302 7937 1946 
7949 1972 8295 8303 8103 
7950 8295 2000 8301 8303 
7951 8303 8301 1946 7934 
7952 8103 8303 7934 877 
7953 550 7811 8306 3435 
7954 7811 1922 8304 8306 
7955 8306 8304 2003 8305 
7956 3435 8306 8305 1120 
7957 1922 7806 8309 8304 
7958 7806 691 8307 8309 
7959 8309 8307 2001 8308 
7960 8304 8309 8308 2003 
7961 2003 8308 8313 8312 
7962 8308 2001 8310 8313 
7963 8313 8310 688 8311 
7964 8312 8313 8311 2002 
7965 1120 8305 8315 3440 
7966 8305 2003 8312 8315 
7967 8315 8312 2002 8314 
7968 3440 8315 8314 549 
7969 876 5351 8318 7980 
7970 5351 1469 8316 8318 
7971 8318 8316 2005 8317 
7972 7980 8318 8317 1951 
7973 1469 5348 8321 8316 
7974 5348 824 8319 8321 
7975 8321 8319 2004 8320 
7976 8316 8321 8320 2005 
7977 2005 8320 8324 8323 
7978 8320 2004 8322 8324 
7979 8324 8322 821 5192 
7980 8323 8324 5192 1438 
7981 1951 8317 8325 7983 
7982 8317 2005 8323 8325 
7983 8325 8323 1438 5201 
7984 7983 8325 5201 870 
7985 2190 5158 8326 2900 
7986 5158 2205 5121 8326 
7987 8326 5121 2206 6163 
7988 2900 8326 6163 2191 
7989 2125 6595 8327 5715 
7990 6595 2140 3531 8327 
7991 8327 3531 1621 6098 
7992 5715 8327 6098 545 
7993 2373 4013 8328 3643 
7994 4013 2388 5567 8328 
7995 8328 5567 2389 3756 
7996 3643 8328 3756 2374 
7997 2267 6823 8329 3484 
7998 6823 2282 7162 8329 
7999 8329 7162 2283 6661 
8000 3484 8329 6661 2268 
8001 830 6833 8333 8332 
8002 6833 1748 8330 8333 
8003 8333 8330 2009 8331 
8004 8332 8333 8331 2008 
8005 1748 6830 8336 8330 
8006 6830 814 8334 8336 
8007 8336 8334 2006 8335 
8008 8330 8336 8335 2009 
8009 2009 8335 8340 8339 
8010 8335 2006 8337 8340 
8011 8340 8337 817 8338 
8012 8339 8340 8338 2007 
8013 2008 8331 8343 8342 
8014 8331 2009 8339 8343 
8015 8343 8339 2007 8341 
8016 8342 8343 8341 835 
8017 717 7417 8347 8346 
8018 7417 1858 8344 8347 
8019 8347 8344 2011 8345 
8020 8346 8347 8345 2010 
8021 1858 7413 8349 8344 
8022 7413 720 3616 8349 
8023 8349 3616 1148 8348 
8024 8344 8349 8348 2011 
8025 2011 8348 8351 8350 
8026 8348 1148 3613 8351 
8027 8351 3613 721 6742 
8028 8350 8351 6742 1730 
8029 2010 8345 8353 8352 
8030 8345 2011 8350 8353 
8031 8353 8350 1730 6737 
8032 8352 8353 6737 718 
8033 631 7997 8356 6971 
8034 7997 1954 8354 8356 
8035 8356 8354 2012 8355 
8036 6971 8356 8355 1778 
8037 1954 7994 8358 8354 
8038 7994 644 7118 8358 
8039 8358 7118 1806 8357 
8040 8354 8358 8357 2012 
8041 2012 8357 8360 8359 
8042 8357 1806 7115 8360 
8043 8360 7115 642 7357 
8044 8359 8360 7357 1848 
8045 1778 8355 8361 6974 
8046 8355 2012 8359 8361 
8047 8361 8359 1848 7368 
8048 6974 8361 7368 627 
8049 878 8122 8364 6524 
8050 8122 1975 8362 8364 
8051 8364 8362 2013 8363 
8052 6524 8364 8363 1705 
8053 1975 8119 8366 8362 
8054 8119 841 6886 8366 
8055 8366 6886 1762 8365 
8056 8362 8366 8365 2013 
8057 2013 8365 8368 8367 
8058 8365 1762 6895 8368 
8059 8368 6895 842 8134 
8060 8367 8368 8134 1977 
8061 1705 8363 8369 6516 
8062 8363 2013 8367 8369 
8063 8369 8367 1977 8131 
8064 6516 8369 8131 879 
8065 644 7993 8372 7119 
8066 7993 1953 8370 8372 
8067 8372 8370 2014 8371 
8068 7119 8372 8371 1807 
8069 1953 7990 8374 8370 
8070 7990 643 7100 8374 
8071 8374 7100 1802 8373 
8072 8370 8374 8373 2014 
8073 2014 8373 8377 8376 
8074 8373 1802 7095 8377 
8075 8377 7095 645 8375 
8076 8376 8377 8375 912 
8077 1807 8371 8379 7109 
8078 8371 2014 8376 8379 
8079 8379 8376 912 8378 
8080 7109 8379 8378 650 
8081 2320 7968 8381 8380 
8082 7968 2335 4389 8381 
8083 8381 4389 662 4710 
8084 8380 8381 4710 1343 
8085 2366 2915 8383 8382 
8086 2915 2381 3650 8383 
8087 8383 3650 2382 7225 
8088 8382 8383 7225 2367 
8089 2178 5027 8384 6192 
8090 5027 2193 4756 8384 
8091 8384 4756 2194 4235 
8092 6192 8384 4235 2179 
8093 2132 6468 8385 7285 
8094 6468 2147 4371 8385 
8095 8385 4371 2148 3291 
8096 7285 8385 3291 2133 
8097 2215 7744 8386 6540 
8098 7744 2230 5637 8386 
8099 8386 5637 924 8227 
8100 6540 8386 8227 671 
8101 2246 5868 8387 5725 
8102 5868 2261 4659 8387 
8103 8387 4659 2262 2700 
8104 5725 8387 2700 2247 
8105 2172 7560 8388 7472 
8106 7560 2187 8193 8388 
8107 8388 8193 2188 7733 
8108 7472 8388 7733 2173 
8109 2407 2859 8389 7529 
8110 2859 2422 6934 8389 
8111 8389 6934 2423 2909 
8112 7529 8389 2909 2408 
8113 75 76 8390 3514 
8114 76 77 5869 8390 
8115 8390 5869 2246 5724 
8116 3514 8390 5724 2231 
8117 2118 7286 8391 6603 
8118 7286 2133 3294 8391 
8119 8391 3294 2134 5494 
8120 6603 8391 5494 2119 
8121 2394 8392 8393 3345 
8122 8392 2409 5626 8393 
8123 8393 5626 2410 4484 
8124 3345 8393 4484 2395 
8125 2142 6943 8394 5587 
8126 6943 2157 7474 8394 
8127 8394 7474 2158 6936 
8128 5587 8394 6936 2143 
8129 858 7694 8396 6911 
8130 7694 1903 8170 8396 
8131 8396 8170 2016 8395 
8132 6911 8396 8395 1766 
8133 2444 8397 8399 8162 
8134 8397 2453 8398 8399 
8135 8399 8398 2454 6079 
8136 8162 8399 6079 2445 
8137 770 8206 8400 6150 
8138 8206 2447 5784 8400 
8139 8400 5784 2448 7135 
8140 6150 8400 7135 1629 
8141 1766 8395 8402 6914 
8142 8395 2016 4555 8402 
8143 8402 4555 2015 8401 
8144 6914 8402 8401 782 
8145 583 5077 8405 8085 
8146 5077 1417 8403 8405 
8147 8405 8403 2017 8404 
8148 8085 8405 8404 1968 
8149 1417 5086 8407 8403 
8150 5086 578 6140 8407 
8151 8407 6140 1626 8406 
8152 8403 8407 8406 2017 
8153 2017 8406 8410 8409 
8154 8406 1626 6137 8410 
8155 8410 6137 577 8408 
8156 8409 8410 8408 903 
8157 1968 8404 8412 8079 
8158 8404 2017 8409 8412 
8159 8412 8409 903 8411 
8160 8079 8412 8411 582 
8161 651 5693 8416 8415 
8162 5693 1531 8413 8416 
8163 8416 8413 2018 8414 
8164 8415 8416 8414 914 
8165 1531 5689 8418 8413 
8166 5689 696 7729 8418 
8167 8418 7729 1911 8417 
8168 8413 8418 8417 2018 
8169 2018 8417 8420 8419 
8170 8417 1911 7726 8420 
8171 8420 7726 697 7053 
8172 8419 8420 7053 1794 
8173 914 8414 8422 8421 
8174 8414 2018 8419 8422 
8175 8422 8419 1794 7063 
8176 8421 8422 7063 650 
8177 678 8423 8427 8426 
8178 8423 2019 8424 8427 
8179 8427 8424 2022 8425 
8180 8426 8427 8425 2021 
8181 2019 8428 8430 8424 
8182 8428 679 6618 8430 
8183 8430 6618 1715 8429 
8184 8424 8430 8429 2022 
8185 2022 8429 8433 8432 
8186 8429 1715 6615 8433 
8187 8433 6615 682 8431 
8188 8432 8433 8431 2020 
8189 2021 8425 8436 8435 
8190 8425 2022 8432 8436 
8191 8436 8432 2020 8434 
8192 8435 8436 8434 683 
8193 825 7248 8440 8439 
8194 7248 1824 8437 8440 
8195 8440 8437 2024 8438 
8196 8439 8440 8438 2023 
8197 1824 7245 8442 8437 
8198 7245 821 8322 8442 
8199 8442 8322 2004 8441 
8200 8437 8442 8441 2024 
8201 2024 8441 8444 8443 
8202 8441 2004 8319 8444 
8203 8444 8319 824 7900 
8204 8443 8444 7900 1937 
8205 2023 8438 8446 8445 
8206 8438 2024 8443 8446 
8207 8446 8443 1937 7895 
8208 8445 8446 7895 838 
8209 2453 5612 8448 8398 
8210 5612 2462 4691 8448 
8211 8448 4691 2463 8447 
8212 8398 8448 8447 2454 
8213 2469 6083 8450 8281 
8214 6083 2478 7139 8450 
8215 8450 7139 2479 8449 
8216 8281 8450 8449 2470 
8217 2494 4695 8451 7009 
8218 4695 2503 6991 8451 
8219 8451 6991 1311 4508 
8220 7009 8451 4508 1310 
8221 2458 4499 8452 7011 
8222 4499 2467 4645 8452 
8223 8452 4645 1822 7220 
8224 7011 8452 7220 1821 
8225 851 7506 8456 8455 
8226 7506 1876 8453 8456 
8227 8456 8453 2025 8454 
8228 8455 8456 8454 917 
8229 1876 7503 8458 8453 
8230 7503 845 8300 8458 
8231 8458 8300 1999 8457 
8232 8453 8458 8457 2025 
8233 2025 8457 8460 8459 
8234 8457 1999 8297 8460 
8235 8460 8297 850 7632 
8236 8459 8460 7632 1891 
8237 917 8454 8462 8461 
8238 8454 2025 8459 8462 
8239 8462 8459 1891 7627 
8240 8461 8462 7627 800 
8241 2144 6938 8464 7024 
8242 6938 2159 8463 8464 
8243 8464 8463 2160 6157 
8244 7024 8464 6157 2145 
8245 2168 3952 8466 4167 
8246 3952 2183 5322 8466 
8247 8466 5322 2184 8465 
8248 4167 8466 8465 2169 
8249 2169 8465 8467 5631 
8250 8465 2184 3999 8467 
8251 8467 3999 2185 7123 
8252 5631 8467 7123 2170 
8253 2310 7166 8469 8468 
8254 7166 2325 7877 8469 
8255 8469 7877 2326 4832 
8256 8468 8469 4832 2311 
8257 687 8470 8474 8473 
8258 8470 2026 8471 8474 
8259 8474 8471 2028 8472 
8260 8473 8474 8472 2027 
8261 2026 8475 8477 8471 
8262 8475 684 7086 8477 
8263 8477 7086 1800 8476 
8264 8471 8477 8476 2028 
8265 2028 8476 8479 8478 
8266 8476 1800 7093 8479 
8267 8479 7093 676 8070 
8268 8478 8479 8070 1965 
8269 2027 8472 8481 8480 
8270 8472 2028 8478 8481 
8271 8481 8478 1965 8065 
8272 8480 8481 8065 686 
8273 834 5168 8484 7907 
8274 5168 1433 8482 8484 
8275 8484 8482 2030 8483 
8276 7907 8484 8483 1939 
8277 1433 5165 8486 8482 
8278 5165 831 6837 8486 
8279 8486 6837 1749 8485 
8280 8482 8486 8485 2030 
8281 2030 8485 8489 8488 
8282 8485 1749 6834 8489 
8283 8489 6834 830 8487 
8284 8488 8489 8487 2029 
8285 1939 8483 8491 7898 
8286 8483 2030 8488 8491 
8287 8491 8488 2029 8490 
8288 7898 8491 8490 838 
8289 794 7197 8495 8494 
8290 7197 1814 8492 8495 
8291 8495 8492 2032 8493 
8292 8494 8495 8493 2031 
8293 1814 7194 8498 8492 
8294 7194 798 8496 8498 
8295 8498 8496 922 8497 
8296 8492 8498 8497 2032 
8297 2032 8497 8501 8500 
8298 8497 922 8499 8501 
8299 8501 8499 795 7388 
8300 8500 8501 7388 1854 
8301 2031 8493 8503 8502 
8302 8493 2032 8500 8503 
8303 8503 8500 1854 7384 
8304 8502 8503 7384 796 
8305 808 6577 8507 8506 
8306 6577 1710 8504 8507 
8307 8507 8504 2034 8505 
8308 8506 8507 8505 2033 
8309 1710 6573 8509 8504 
8310 6573 809 6063 8509 
8311 8509 6063 1617 8508 
8312 8504 8509 8508 2034 
8313 2034 8508 8512 8511 
8314 8508 1617 6060 8512 
8315 8512 6060 805 8510 
8316 8511 8512 8510 898 
8317 2033 8505 8515 8514 
8318 8505 2034 8511 8515 
8319 8515 8511 898 8513 
8320 8514 8515 8513 708 
8321 2293 6120 8517 8516 
8322 6120 2308 8146 8517 
8323 8517 8146 2309 5718 
8324 8516 8517 5718 2294 
8325 2265 5722 8518 4493 
8326 5722 2280 5226 8518 
8327 8518 5226 2281 6822 
8328 4493 8518 6822 2266 
8329 2159 8519 8520 8463 
8330 8519 2174 2708 8520 
8331 8520 2708 2175 5569 
8332 8463 8520 5569 2160 
8333 65 66 8521 7277 
8334 66 67 7999 8521 
8335 8521 7999 2171 8198 
8336 7277 8521 8198 2156 
8337 711 5246 8524 6300 
8338 5246 1446 8522 8524 
8339 8524 8522 2036 8523 
8340 6300 8524 8523 1656 
8341 1446 5243 8526 8522 
8342 5243 717 8346 8526 
8343 8526 8346 2010 8525 
8344 8522 8526 8525 2036 
8345 2036 8525 8529 8528 
8346 8525 2010 8352 8529 
8347 8529 8352 718 8527 
8348 8528 8529 8527 2035 
8349 1656 8523 8531 6304 
8350 8523 2036 8528 8531 
8351 8531 8528 2035 8530 
8352 6304 8531 8530 712 
8353 2299 8109 8532 5673 
8354 8109 2314 7774 8532 
8355 8532 7774 2315 6198 
8356 5673 8532 6198 2300 
8357 83 84 8533 7740 
8358 84 85 4392 8533 
8359 8533 4392 2306 6266 
8360 7740 8533 6266 2291 
8361 2304 7538 8535 5393 
8362 7538 2319 7969 8535 
8363 8535 7969 2320 8534 
8364 5393 8535 8534 2305 
8365 2241 7880 8536 7566 
8366 7880 2256 7290 8536 
8367 8536 7290 2257 6657 
8368 7566 8536 6657 2242 
8369 708 6424 8539 8514 
8370 6424 1682 8537 8539 
8371 8539 8537 2038 8538 
8372 8514 8539 8538 2033 
8373 1682 6419 8541 8537 
8374 6419 709 7300 8541 
8375 8541 7300 1833 8540 
8376 8537 8541 8540 2038 
8377 2038 8540 8544 8543 
8378 8540 1833 7297 8544 
8379 8544 7297 806 8542 
8380 8543 8544 8542 2037 
8381 2033 8538 8546 8506 
8382 8538 2038 8543 8546 
8383 8546 8543 2037 8545 
8384 8506 8546 8545 808 
8385 778 7006 8549 7831 
8386 7006 1784 8547 8549 
8387 8549 8547 2039 8548 
8388 7831 8549 8548 1921 
8389 1903 7696 8550 8171 
8390 7696 1904 8203 8550 
8391 8550 8203 2495 5779 
8392 8171 8550 5779 2486 
8393 2039 8551 8554 8553 
8394 8551 908 8552 8554 
8395 8554 8552 762 7845 
8396 8553 8554 7845 1929 
8397 1921 8548 8555 7411 
8398 8548 2039 8553 8555 
8399 8555 8553 1929 7840 
8400 7411 8555 7840 761 
8401 2301 6199 8557 8556 
8402 6199 2316 4779 8557 
8403 8557 4779 2317 7973 
8404 8556 8557 7973 2302 
8405 2120 5496 8560 8559 
8406 5496 2135 5217 8560 
8407 8560 5217 2136 8558 
8408 8559 8560 8558 2121 
8409 2360 5597 8561 6654 
8410 5597 2375 3724 8561 
8411 8561 3724 2376 4009 
8412 6654 8561 4009 2361 
8413 2243 6659 8562 7571 
8414 6659 2258 7738 8562 
8415 8562 7738 2259 6697 
8416 7571 8562 6697 2244 
8417 793 7688 8565 6483 
8418 7688 1901 8563 8565 
8419 8565 8563 2040 8564 
8420 6483 8565 8564 1696 
8421 1901 7685 8568 8563 
8422 7685 797 8566 8568 
8423 8568 8566 923 8567 
8424 8563 8568 8567 2040 
8425 2040 8567 8571 8570 
8426 8567 923 8569 8571 
8427 8571 8569 798 7193 
8428 8570 8571 7193 1813 
8429 1696 8564 8572 6486 
8430 8564 2040 8570 8572 
8431 8572 8570 1813 7189 
8432 6486 8572 7189 787 
8433 1677 6398 8574 8056 
8434 6398 1527 8573 8574 
8435 8574 8573 2557 5684 
8436 8056 8574 5684 2550 
8437 2560 6286 8576 8182 
8438 6286 2567 8575 8576 
8439 8576 8575 2568 4729 
8440 8182 8576 4729 2561 
8441 678 8426 8580 8579 
8442 8426 2021 8577 8580 
8443 8580 8577 2043 8578 
8444 8579 8580 8578 2042 
8445 2021 8435 8582 8577 
8446 8435 683 8045 8582 
8447 8582 8045 1960 8581 
8448 8577 8582 8581 2043 
8449 2043 8581 8585 8584 
8450 8581 1960 8040 8585 
8451 8585 8040 690 8583 
8452 8584 8585 8583 2041 
8453 2042 8578 8588 8587 
8454 8578 2043 8584 8588 
8455 8588 8584 2041 8586 
8456 8587 8588 8586 694 
8457 827 4303 8591 8225 
8458 4303 1277 8589 8591 
8459 8591 8589 2044 8590 
8460 8225 8591 8590 1986 
8461 1277 4312 8593 8589 
8462 4312 833 5172 8593 
8463 8593 5172 1434 8592 
8464 8589 8593 8592 2044 
8465 2044 8592 8595 8594 
8466 8592 1434 5169 8595 
8467 8595 5169 834 7906 
8468 8594 8595 7906 1938 
8469 1986 8590 8596 8217 
8470 8590 2044 8594 8596 
8471 8596 8594 1938 7903 
8472 8217 8596 7903 820 
8473 1569 5852 8598 8597 
8474 5852 1567 7407 8598 
8475 8598 7407 2507 6349 
8476 8597 8598 6349 2504 
8477 1866 7454 8601 8600 
8478 7454 780 8089 8601 
8479 8601 8089 1970 8599 
8480 8600 8601 8599 2045 
8481 2045 8599 8603 8602 
8482 8599 1970 8095 8603 
8483 8603 8095 779 7000 
8484 8602 8603 7000 1785 
8485 2509 7838 8606 8605 
8486 7838 2512 8604 8606 
8487 8606 8604 1867 7455 
8488 8605 8606 7455 1866 
8489 2296 8607 8608 4374 
8490 8607 2311 4835 8608 
8491 8608 4835 2312 7563 
8492 4374 8608 7563 2297 
8493 2105 7568 8609 5187 
8494 7568 2120 8559 8609 
8495 8609 8559 2121 7951 
8496 5187 8609 7951 2106 
8497 2222 3298 8610 6688 
8498 3298 2237 5023 8610 
8499 8610 5023 2238 7170 
8500 6688 8610 7170 2223 
8501 2158 7473 8611 6937 
8502 7473 2173 7734 8611 
8503 8611 7734 2174 8519 
8504 6937 8611 8519 2159 
8505 694 8612 8616 8615 
8506 8612 2046 8613 8616 
8507 8616 8613 2049 8614 
8508 8615 8616 8614 2048 
8509 2046 8617 8619 8613 
8510 8617 691 7809 8619 
8511 8619 7809 1923 8618 
8512 8613 8619 8618 2049 
8513 2049 8618 8622 8621 
8514 8618 1923 7818 8622 
8515 8622 7818 692 8620 
8516 8621 8622 8620 2047 
8517 2048 8614 8625 8624 
8518 8614 2049 8621 8625 
8519 8625 8621 2047 8623 
8520 8624 8625 8623 695 
8521 683 8434 8628 8046 
8522 8434 2020 8626 8628 
8523 8628 8626 2050 8627 
8524 8046 8628 8627 1961 
8525 2020 8431 8630 8626 
8526 8431 682 6923 8630 
8527 8630 6923 1772 8629 
8528 8626 8630 8629 2050 
8529 2050 8629 8632 8631 
8530 8629 1772 6932 8632 
8531 8632 6932 684 8475 
8532 8631 8632 8475 2026 
8533 1961 8627 8633 8049 
8534 8627 2050 8631 8633 
8535 8633 8631 2026 8470 
8536 8049 8633 8470 687 
8537 794 8494 8636 7823 
8538 8494 2031 8634 8636 
8539 8636 8634 2051 8635 
8540 7823 8636 8635 1925 
8541 2031 8502 8638 8634 
8542 8502 796 6412 8638 
8543 8638 6412 1678 8637 
8544 8634 8638 8637 2051 
8545 2051 8637 8640 8639 
8546 8637 1678 6409 8640 
8547 8640 6409 801 8016 
8548 8639 8640 8016 1956 
8549 1925 8635 8641 7826 
8550 8635 2051 8639 8641 
8551 8641 8639 1956 8028 
8552 7826 8641 8028 792 
8553 777 5117 8644 8285 
8554 5117 1426 8642 8644 
8555 8644 8642 2052 8643 
8556 8285 8644 8643 1997 
8557 1426 5114 8646 8642 
8558 5114 774 8252 8646 
8559 8646 8252 1992 8645 
8560 8642 8646 8645 2052 
8561 2052 8645 8648 8647 
8562 8645 1992 8249 8648 
8563 8648 8249 771 7269 
8564 8647 8648 7269 1830 
8565 1997 8643 8649 8288 
8566 8643 2052 8647 8649 
8567 8649 8647 1830 7265 
8568 8288 8649 7265 768 
8569 656 8650 8653 7340 
8570 8650 2053 8651 8653 
8571 8653 8651 2055 8652 
8572 7340 8653 8652 1841 
8573 2053 8654 8656 8651 
8574 8654 694 8615 8656 
8575 8656 8615 2048 8655 
8576 8651 8656 8655 2055 
8577 2055 8655 8659 8658 
8578 8655 2048 8624 8659 
8579 8659 8624 695 8657 
8580 8658 8659 8657 2054 
8581 1841 8652 8661 7345 
8582 8652 2055 8658 8661 
8583 8661 8658 2054 8660 
8584 7345 8661 8660 655 
8585 2181 5675 8662 4006 
8586 5675 2196 4782 8662 
8587 8662 4782 2197 4001 
8588 4006 8662 4001 2182 
8589 2286 4765 8663 6260 
8590 4765 2301 8556 8663 
8591 8663 8556 2302 4784 
8592 6260 8663 4784 2287 
8593 2431 3762 8664 6651 
8594 3762 685 6927 8664 
8595 8664 6927 1770 3488 
8596 6651 8664 3488 2432 
8597 2330 2869 8665 4382 
8598 2869 2345 6655 8665 
8599 8665 6655 2346 5681 
8600 4382 8665 5681 2331 
8601 1198 4734 8666 3858 
8602 4734 1349 6636 8666 
8603 8666 6636 2522 8274 
8604 3858 8666 8274 634 
8605 2567 8008 8667 8575 
8606 8008 2574 6673 8667 
8607 8667 6673 2575 6549 
8608 8575 8667 6549 2568 
8609 2522 6635 8668 8275 
8610 6635 2529 6018 8668 
8611 8668 6018 2530 8059 
8612 8275 8668 8059 2523 
8613 2551 5686 8670 6807 
8614 5686 2558 6735 8670 
8615 8670 6735 2559 8669 
8616 6807 8670 8669 2552 
8617 836 7381 8674 8673 
8618 7381 1851 8671 8674 
8619 8674 8671 2058 8672 
8620 8673 8674 8672 2057 
8621 1851 7378 8676 8671 
8622 7378 835 8341 8676 
8623 8676 8341 2007 8675 
8624 8671 8676 8675 2058 
8625 2058 8675 8679 8678 
8626 8675 2007 8338 8679 
8627 8679 8338 817 8677 
8628 8678 8679 8677 2056 
8629 2057 8672 8682 8681 
8630 8672 2058 8678 8682 
8631 8682 8678 2056 8680 
8632 8681 8682 8680 816 
8633 2512 7398 8683 8604 
8634 7398 2515 7798 8683 
8635 8683 7798 1549 7451 
8636 8604 8683 7451 1867 
8637 2521 8684 8685 7891 
8638 8684 1927 7961 8685 
8639 8685 7961 1950 7965 
8640 7891 8685 7965 1547 
8641 778 7830 8687 7007 
8642 7830 2506 8686 8687 
8643 8687 8686 2045 8602 
8644 7007 8687 8602 1785 
8645 1568 5860 8688 7843 
8646 5860 1569 8597 8688 
8647 8688 8597 2504 7409 
8648 7843 8688 7409 761 
8649 819 2926 8692 8691 
8650 2926 1004 8689 8692 
8651 8692 8689 2059 8690 
8652 8691 8692 8690 905 
8653 1004 2923 8694 8689 
8654 2923 826 4305 8694 
8655 8694 4305 1275 8693 
8656 8689 8694 8693 2059 
8657 2059 8693 8696 8695 
8658 8693 1275 4300 8696 
8659 8696 4300 827 8224 
8660 8695 8696 8224 1985 
8661 905 8690 8698 8697 
8662 8690 2059 8695 8698 
8663 8698 8695 1985 8221 
8664 8697 8698 8221 875 
8665 2483 8699 8700 7147 
8666 8699 2492 7130 8700 
8667 8700 7130 2493 6993 
8668 7147 8700 6993 2484 
8669 2502 7692 8701 4694 
8670 7692 925 2578 8701 
8671 8701 2578 867 6990 
8672 4694 8701 6990 2503 
8673 2451 7067 8702 4566 
8674 7067 2460 8283 8702 
8675 8702 8283 2461 5610 
8676 4566 8702 5610 2452 
8677 817 8337 8706 8705 
8678 8337 2006 8703 8706 
8679 8706 8703 2061 8704 
8680 8705 8706 8704 2060 
8681 2006 8334 8708 8703 
8682 8334 814 6581 8708 
8683 8708 6581 1711 8707 
8684 8703 8708 8707 2061 
8685 2061 8707 8710 8709 
8686 8707 1711 6578 8710 
8687 8710 6578 808 8545 
8688 8709 8710 8545 2037 
8689 2060 8704 8712 8711 
8690 8704 2061 8709 8712 
8691 8712 8709 2037 8542 
8692 8711 8712 8542 806 
8693 2454 8447 8714 6080 
8694 8447 2463 8713 8714 
8695 8714 8713 2464 4550 
8696 6080 8714 4550 2455 
8697 2499 7015 8715 8165 
8698 7015 560 2809 8715 
8699 8715 2809 981 7678 
8700 8165 8715 7678 2500 
8701 2463 4690 8716 8713 
8702 4690 2472 8213 8716 
8703 8716 8213 2473 8208 
8704 8713 8716 8208 2464 
8705 2095 8717 8718 8291 
8706 8717 2067 6208 8718 
8707 8718 6208 2459 7065 
8708 8291 8718 7065 2450 
8709 688 8053 8721 8311 
8710 8053 1962 8719 8721 
8711 8721 8719 2063 8720 
8712 8311 8721 8720 2002 
8713 1962 8050 8723 8719 
8714 8050 687 8473 8723 
8715 8723 8473 2027 8722 
8716 8719 8723 8722 2063 
8717 2063 8722 8726 8725 
8718 8722 2027 8480 8726 
8719 8726 8480 686 8724 
8720 8725 8726 8724 2062 
8721 2002 8720 8728 8314 
8722 8720 2063 8725 8728 
8723 8728 8725 2062 8727 
8724 8314 8728 8727 549 
8725 666 8158 8732 8731 
8726 8158 1981 8729 8732 
8727 8732 8729 2065 8730 
8728 8731 8732 8730 2064 
8729 1981 8155 8734 8729 
8730 8155 665 7947 8734 
8731 8734 7947 1948 8733 
8732 8729 8734 8733 2065 
8733 2065 8733 8736 8735 
8734 8733 1948 7944 8736 
8735 8736 7944 679 8428 
8736 8735 8736 8428 2019 
8737 2064 8730 8738 8737 
8738 8730 2065 8735 8738 
8739 8738 8735 2019 8423 
8740 8737 8738 8423 678 
8741 806 7296 8741 8711 
8742 7296 1832 8739 8741 
8743 8741 8739 2066 8740 
8744 8711 8741 8740 2060 
8745 1832 7292 8743 8739 
8746 7292 807 5914 8743 
8747 8743 5914 1580 8742 
8748 8739 8743 8742 2066 
8749 2066 8742 8745 8744 
8750 8742 1580 5911 8745 
8751 8745 5911 816 8680 
8752 8744 8745 8680 2056 
8753 2060 8740 8746 8705 
8754 8740 2066 8744 8746 
8755 8746 8744 2056 8677 
8756 8705 8746 8677 817 
8757 2095 8290 8750 8749 
8758 8290 2083 8747 8750 
8759 8750 8747 908 8748 
8760 8749 8750 8748 2094 
8761 2491 8166 8752 8751 
8762 8166 2500 7680 8752 
8763 8752 7680 2501 7128 
8764 8751 8752 7128 2492 
8765 2465 8210 8753 4702 
8766 8210 2474 7148 8753 
8767 8753 7148 2475 8168 
8768 4702 8753 8168 2466 
8769 1783 8754 8756 8755 
8770 8754 2067 8717 8756 
8771 8756 8717 2095 8749 
8772 8755 8756 8749 2094 
8773 2424 5679 8757 5625 
8774 5679 2439 5033 8757 
8775 8757 5033 2440 6817 
8776 5625 8757 6817 2425 
8777 2351 7532 8759 8758 
8778 7532 2366 8382 8759 
8779 8759 8382 2367 8201 
8780 8758 8759 8201 2352 
8781 2418 4838 8760 5483 
8782 4838 2433 3971 8760 
8783 8760 3971 2434 5396 
8784 5483 8760 5396 2419 
8785 2295 5720 8761 5225 
8786 5720 2310 8468 8761 
8787 8761 8468 2311 8607 
8788 5225 8761 8607 2296 
8789 782 8401 8762 7002 
8790 8401 2015 6206 8762 
8791 8762 6206 2067 8754 
8792 7002 8762 8754 1783 
8793 2482 7215 8764 8763 
8794 7215 2491 8751 8764 
8795 8764 8751 2492 8699 
8796 8763 8764 8699 2483 
8797 1784 7005 8766 8765 
8798 7005 1786 7003 8766 
8799 8766 7003 1783 8755 
8800 8765 8766 8755 2094 
8801 908 8551 8767 8748 
8802 8551 2039 8547 8767 
8803 8767 8547 1784 8765 
8804 8748 8767 8765 2094 
8805 2384 7231 8768 2691 
8806 7231 2399 7548 8768 
8807 8768 7548 2400 2956 
8808 2691 8768 2956 2385 
8809 2213 4378 8769 4662 
8810 4378 2228 7573 8769 
8811 8769 7573 2229 7742 
8812 4662 8769 7742 2214 
8813 2393 7530 8770 4918 
8814 7530 2408 2912 8770 
8815 8770 2912 2409 8392 
8816 4918 8770 8392 2394 
8817 2336 8771 8772 4840 
8818 8771 2351 8758 8772 
8819 8772 8758 2352 7556 
8820 4840 8772 7556 2337 
8821 654 4293 8775 5659 
8822 4293 1271 8773 8775 
8823 8775 8773 2069 8774 
8824 5659 8775 8774 1528 
8825 1271 4290 8777 8773 
8826 4290 655 8660 8777 
8827 8777 8660 2054 8776 
8828 8773 8777 8776 2069 
8829 2069 8776 8780 8779 
8830 8776 2054 8657 8780 
8831 8780 8657 695 8778 
8832 8779 8780 8778 2068 
8833 1528 8774 8782 5663 
8834 8774 2069 8779 8782 
8835 8782 8779 2068 8781 
8836 5663 8782 8781 693 
8837 692 8783 8786 8620 
8838 8783 919 8784 8786 
8839 8786 8784 2070 8785 
8840 8620 8786 8785 2047 
8841 919 8787 8789 8784 
8842 8787 540 7716 8789 
8843 8789 7716 1908 8788 
8844 8784 8789 8788 2070 
8845 2070 8788 8791 8790 
8846 8788 1908 7713 8791 
8847 8791 7713 693 8781 
8848 8790 8791 8781 2068 
8849 2047 8785 8792 8623 
8850 8785 2070 8790 8792 
8851 8792 8790 2068 8778 
8852 8623 8792 8778 695 
8853 576 8236 8796 8795 
8854 8236 1988 8793 8796 
8855 8796 8793 2071 8794 
8856 8795 8796 8794 902 
8857 1988 8233 8798 8793 
8858 8233 575 7183 8798 
8859 8798 7183 1811 8797 
8860 8793 8798 8797 2071 
8861 2071 8797 8800 8799 
8862 8797 1811 7179 8800 
8863 8800 7179 581 7428 
8864 8799 8800 7428 1860 
8865 902 8794 8802 8801 
8866 8794 2071 8799 8802 
8867 8802 8799 1860 7423 
8868 8801 8802 7423 582 
8869 656 7709 8805 8650 
8870 7709 1906 8803 8805 
8871 8805 8803 2072 8804 
8872 8650 8805 8804 2053 
8873 1906 7706 8807 8803 
8874 7706 666 8731 8807 
8875 8807 8731 2064 8806 
8876 8803 8807 8806 2072 
8877 2072 8806 8809 8808 
8878 8806 2064 8737 8809 
8879 8809 8737 678 8579 
8880 8808 8809 8579 2042 
8881 2053 8804 8810 8654 
8882 8804 2072 8808 8810 
8883 8810 8808 2042 8587 
8884 8654 8810 8587 694 
8885 712 8530 8814 8813 
8886 8530 2035 8811 8814 
8887 8814 8811 2073 8812 
8888 8813 8814 8812 897 
8889 2035 8527 8816 8811 
8890 8527 718 6740 8816 
8891 8816 6740 1731 8815 
8892 8811 8816 8815 2073 
8893 2073 8815 8818 8817 
8894 8815 1731 6747 8818 
8895 8818 6747 714 6428 
8896 8817 8818 6428 1683 
8897 897 8812 8820 8819 
8898 8812 2073 8817 8820 
8899 8820 8817 1683 6425 
8900 8819 8820 6425 708 
8901 816 5910 8823 8681 
8902 5910 1579 8821 8823 
8903 8823 8821 2075 8822 
8904 8681 8823 8822 2057 
8905 1579 5907 8826 8821 
8906 5907 802 8824 8826 
8907 8826 8824 2074 8825 
8908 8821 8826 8825 2075 
8909 2075 8825 8829 8828 
8910 8825 2074 8827 8829 
8911 8829 8827 818 7871 
8912 8828 8829 7871 1934 
8913 2057 8822 8830 8673 
8914 8822 2075 8828 8830 
8915 8830 8828 1934 7868 
8916 8673 8830 7868 836 
8917 2092 8256 8833 8832 
8918 8256 1817 8027 8833 
8919 8833 8027 1957 8831 
8920 8832 8833 8831 2093 
8921 1574 5888 8835 8025 
8922 5888 818 8827 8835 
8923 8835 8827 2074 8834 
8924 8025 8835 8834 2076 
8925 2076 8834 8837 8836 
8926 8834 2074 8824 8837 
8927 8837 8824 802 8258 
8928 8836 8837 8258 1994 
8929 2092 8832 8838 8018 
8930 8832 2093 8023 8838 
8931 8838 8023 2076 8836 
8932 8018 8838 8836 1994 
8933 690 8043 8841 8583 
8934 8043 1963 8839 8841 
8935 8841 8839 2077 8840 
8936 8583 8841 8840 2041 
8937 1963 8054 8843 8839 
8938 8054 688 8310 8843 
8939 8843 8310 2001 8842 
8940 8839 8843 8842 2077 
8941 2077 8842 8845 8844 
8942 8842 2001 8307 8845 
8943 8845 8307 691 8617 
8944 8844 8845 8617 2046 
8945 2041 8840 8846 8586 
8946 8840 2077 8844 8846 
8947 8846 8844 2046 8612 
8948 8586 8846 8612 694 
8949 835 7377 8849 8342 
8950 7377 1850 8847 8849 
8951 8849 8847 2078 8848 
8952 8342 8849 8848 2008 
8953 1850 7374 8851 8847 
8954 7374 825 8439 8851 
8955 8851 8439 2023 8850 
8956 8847 8851 8850 2078 
8957 2078 8850 8853 8852 
8958 8850 2023 8445 8853 
8959 8853 8445 838 8490 
8960 8852 8853 8490 2029 
8961 2008 8848 8854 8332 
8962 8848 2078 8852 8854 
8963 8854 8852 2029 8487 
8964 8332 8854 8487 830 
8965 686 8068 8857 8724 
8966 8068 1966 8855 8857 
8967 8857 8855 2079 8856 
8968 8724 8857 8856 2062 
8969 1966 8075 8859 8855 
8970 8075 539 4457 8859 
8971 8859 4457 1302 8858 
8972 8855 8859 8858 2079 
8973 2079 8858 8861 8860 
8974 8858 1302 4453 8861 
8975 8861 4453 548 4048 
8976 8860 8861 4048 1225 
8977 2062 8856 8862 8727 
8978 8856 2079 8860 8862 
8979 8862 8860 1225 4045 
8980 8727 8862 4045 549 
8981 2470 8449 8864 8863 
8982 8449 2479 7142 8864 
8983 8864 7142 2480 4651 
8984 8863 8864 4651 2471 
8985 2534 8004 8866 8011 
8986 8004 2541 8865 8866 
8987 8866 8865 2542 7511 
8988 8011 8866 7511 2535 
8989 2541 6644 8867 8865 
8990 6644 2548 4727 8867 
8991 8867 4727 2549 8277 
8992 8865 8867 8277 2542 
8993 2552 8669 8868 8179 
8994 8669 2559 6287 8868 
8995 8868 6287 2560 8181 
8996 8179 8868 8181 2553 
8997 2473 8212 8869 8209 
8998 8212 2482 8763 8869 
8999 8869 8763 2483 7146 
9000 8209 8869 7146 2474 
9001 1527 5661 8870 8573 
9002 5661 1530 7519 8870 
9003 8870 7519 2564 6675 
9004 8573 8870 6675 2557 
9005 2573 7104 8871 8007 
9006 7104 1983 8189 8871 
9007 8871 8189 1984 6671 
9008 8007 8871 6671 2574 
9009 629 6666 8872 5511 
9010 6666 2528 6649 8872 
9011 8872 6649 1609 6026 
9012 5511 8872 6026 1503 
9013 712 8813 8875 6305 
9014 8813 897 8873 8875 
9015 8875 8873 2080 8874 
9016 6305 8875 8874 899 
9017 897 8819 8877 8873 
9018 8819 708 8513 8877 
9019 8877 8513 898 8876 
9020 8873 8877 8876 2080 
9021 899 8874 8878 6308 
9022 8874 2080 8876 8878 
9023 8878 8876 898 8510 
9024 6308 8878 8510 805 
9025 1957 8014 8881 8880 
9026 8014 915 8879 8881 
9027 8881 8879 800 7630 
9028 8880 8881 7630 900 
9029 2093 8831 8882 8024 
9030 8831 1957 8880 8882 
9031 8882 8880 900 7639 
9032 8024 8882 7639 799 
9033 577 5997 8885 8408 
9034 5997 901 8883 8885 
9035 8885 8883 2081 8884 
9036 8408 8885 8884 903 
9037 901 5994 8887 8883 
9038 5994 576 8795 8887 
9039 8887 8795 902 8886 
9040 8883 8887 8886 2081 
9041 903 8884 8888 8411 
9042 8884 2081 8886 8888 
9043 8888 8886 902 8801 
9044 8411 8888 8801 582 
9045 873 3465 8891 7587 
9046 3465 904 8889 8891 
9047 8891 8889 2082 8890 
9048 7587 8891 8890 906 
9049 904 3461 8893 8889 
9050 3461 819 8691 8893 
9051 8893 8691 905 8892 
9052 8889 8893 8892 2082 
9053 906 8890 8894 7591 
9054 8890 2082 8892 8894 
9055 8894 8892 905 8697 
9056 7591 8894 8697 875 
9057 2516 8895 8896 7893 
9058 8895 2519 7802 8896 
9059 8896 7802 2520 6950 
9060 7893 8896 6950 2517 
9061 1402 5003 8897 7445 
9062 5003 1400 5858 8897 
9063 8897 5858 2519 8895 
9064 7445 8897 8895 2516 
9065 763 8163 8898 5933 
9066 8163 2445 6081 8898 
9067 8898 6081 2446 8205 
9068 5933 8898 8205 1586 
9069 907 6077 8900 8899 
9070 6077 762 8552 8900 
9071 8900 8552 908 8747 
9072 8899 8900 8747 2083 
9073 2461 8282 8901 5611 
9074 8282 2470 8863 8901 
9075 8901 8863 2471 4689 
9076 5611 8901 4689 2462 
9077 2091 8902 8903 4176 
9078 8902 135 136 8903 
9079 8903 136 137 4546 
9080 4176 8903 4546 1319 
9081 2089 4182 8904 5332 
9082 4182 1125 3459 8904 
9083 8904 3459 130 131 
9084 5332 8904 131 132 
9085 2090 5333 8905 5339 
9086 5333 3 134 8905 
9087 8905 134 135 8902 
9088 5339 8905 8902 2091 
9089 89 90 8906 4338 
9090 90 91 7533 8906 
9091 8906 7533 2351 8771 
9092 4338 8906 8771 2336 
9093 2107 7953 8907 4232 
9094 7953 2122 6108 8907 
9095 8907 6108 2123 4156 
9096 4232 8907 4156 2108 
9097 2305 8534 8908 3340 
9098 8534 2320 8380 8908 
9099 8908 8380 1343 4705 
9100 3340 8908 4705 673 
9101 111 112 8911 4401 
9102 112 113 8909 8911 
9103 8911 8909 2084 8910 
9104 4401 8911 8910 911 
9105 113 114 8913 8909 
9106 114 2 4461 8913 
9107 8913 4461 910 8912 
9108 8909 8913 8912 2084 
9109 911 8910 8914 4405 
9110 8910 2084 8912 8914 
9111 8914 8912 910 4458 
9112 4405 8914 4458 539 
9113 650 8378 8917 8421 
9114 8378 912 8915 8917 
9115 8917 8915 2085 8916 
9116 8421 8917 8916 914 
9117 912 8375 8919 8915 
9118 8375 645 7234 8919 
9119 8919 7234 913 8918 
9120 8915 8919 8918 2085 
9121 914 8916 8920 8415 
9122 8916 2085 8918 8920 
9123 8920 8918 913 7239 
9124 8415 8920 7239 651 
9125 800 8879 8923 8461 
9126 8879 915 8921 8923 
9127 8923 8921 2086 8922 
9128 8461 8923 8922 917 
9129 915 8013 8925 8921 
9130 8013 801 6408 8925 
9131 8925 6408 916 8924 
9132 8921 8925 8924 2086 
9133 917 8922 8926 8455 
9134 8922 2086 8924 8926 
9135 8926 8924 916 6403 
9136 8455 8926 6403 851 
9137 558 4181 8929 7814 
9138 4181 918 8927 8929 
9139 8929 8927 2087 8928 
9140 7814 8929 8928 920 
9141 918 4173 8931 8927 
9142 4173 540 8787 8931 
9143 8931 8787 919 8930 
9144 8927 8931 8930 2087 
9145 920 8928 8932 7817 
9146 8928 2087 8930 8932 
9147 8932 8930 919 8783 
9148 7817 8932 8783 692 
9149 797 7581 8935 8566 
9150 7581 921 8933 8935 
9151 8935 8933 2088 8934 
9152 8566 8935 8934 923 
9153 921 7577 8937 8933 
9154 7577 795 8499 8937 
9155 8937 8499 922 8936 
9156 8933 8937 8936 2088 
9157 923 8934 8938 8569 
9158 8934 2088 8936 8938 
9159 8938 8936 922 8496 
9160 8569 8938 8496 798 
9161 2520 7801 8939 6951 
9162 7801 1928 7836 8939 
9163 8939 7836 1927 8684 
9164 6951 8939 8684 2521 
9165 2506 7402 8940 8686 
9166 7402 2509 8605 8940 
9167 8940 8605 1866 8600 
9168 8686 8940 8600 2045 
9169 907 8899 8941 6069 
9170 8899 2083 8292 8941 
9171 8941 8292 2441 7132 
9172 6069 8941 7132 765 
9173 2459 6207 8942 7066 
9174 6207 2468 6084 8942 
9175 8942 6084 2469 8280 
9176 7066 8942 8280 2460 
9177 2443 4567 8943 6202 
9178 4567 2452 5613 8943 
9179 8943 5613 2453 8397 
9180 6202 8943 8397 2444 
9181 2278 6269 8944 3306 
9182 6269 2293 8516 8944 
9183 8944 8516 2294 2695 
9184 3306 8944 2695 2279 
9185 2121 8558 8945 7952 
9186 8558 2136 6476 8945 
9187 8945 6476 2137 6106 
9188 7952 8945 6106 2122 
9189 2235 5036 8946 7748 
9190 5036 2250 4495 8946 
9191 8946 4495 2251 8111 
9192 7748 8946 8111 2236 
9193 38 8947 8948 37 
9194 8947 2104 7569 8948 
9195 8948 7569 2105 5186 
9196 37 8948 5186 36 
9197 40 8949 8950 39 
9198 8949 2103 6605 8950 
9199 8950 6605 2104 8947 
9200 39 8950 8947 38 
9201 42 8951 8952 41 
9202 8951 2102 5180 8952 
9203 8952 5180 2103 8949 
9204 41 8952 8949 40 
9205 44 8953 8954 43 
9206 8953 2101 7955 8954 
9207 8954 7955 2102 8951 
9208 43 8954 8951 42 
9209 46 8955 8956 45 
9210 8955 2100 7028 8956 
9211 8956 7028 2101 8953 
9212 45 8956 8953 44 
9213 48 8957 8958 47 
9214 8957 2099 6694 8958 
9215 8958 6694 2100 8955 
9216 47 8958 8955 46 
9217 50 8959 8960 49 
9218 8959 2098 7575 8960 
9219 8960 7575 2099 8957 
9220 49 8960 8957 48 
9221 52 8961 8962 51 
9222 8961 2097 3942 8962 
9223 8962 3942 2098 8959 
9224 51 8962 8959 50 
9225 54 8963 8964 53 
9226 8963 2096 4154 8964 
9227 8964 4154 2097 8961 
9228 53 8964 8961 52 
9229 1 56 8965 55 
9230 56 57 6161 8965 
9231 8965 6161 2096 8963 
9232 55 8965 8963 54 
$EndElements
