$MeshFormat
4.1 0 8
$EndMeshFormat
$PhysicalNames
5
1 1 "inlet"
1 2 "outlet"
1 3 "wall"
1 4 "slab"
2 5 "main"
$EndPhysicalNames
$Entities
8 8 1 0
1 0 0 0 0 
2 0 0.04 0 0 
3 0.17 0 0 0 
4 0.17 0.04 0 0 
5 0.05 0 0 0 
6 0.06 0.01 0 0 
7 0.12 0.01 0 0 
8 0.12 0 0 0 
1 0 0 0 0 0.04 0 1 1 2 2 -1 
2 0.17 0 0 0.17 0.04 0 1 2 2 4 -3 
3 0 0.04 0 0.17 0.04 0 1 3 2 4 -2 
4 0 0 0 0.05 0 0 1 3 2 1 -5 
5 0.12 0 0 0.17 0 0 1 3 2 8 -3 
6 0.05 0 0 0.06 0.01 0 1 4 2 5 -6 
7 0.06 0.01 0 0.12 0.01 0 1 4 2 6 -7 
8 0.12 0 0 0.12 0.01 0 1 4 2 7 -8 
1 0 0 0 0.17 0.04 0 1 5 8 1 4 6 7 8 5 -2 3 
$EndEntities
$Nodes
17 8735 1 8735
0 1 0 1
1
0 0 0
0 2 0 1
2
0 0.04 0
0 3 0 1
3
0.17 0 0
0 4 0 1
4
0.17 0.04 0
0 5 0 1
5
0.05 0 0
0 6 0 1
6
0.06 0.01 0
0 7 0 1
7
0.12 0.01 0
0 8 0 1
8
0.12 0 0
1 1 0 47
9
10
11
12
13
14
15
16
17
18
19
20
21
22
23
24
25
26
27
28
29
30
31
32
33
34
35
36
37
38
39
40
41
42
43
44
45
46
47
48
49
50
51
52
53
54
55
0 0.03913728062533849 0
0 0.03827456125350899 0
0 0.03741184188081168 0
0 0.03654912250752026 0
0 0.03574192577089762 0
0 0.03493472903263337 0
0 0.03412753229800103 0
0 0.03332033555972734 0
0 0.03246649792188539 0
0 0.03161266028688486 0
0 0.03075882264645121 0
0 0.0299049850074257 0
0 0.02904536705776048 0
0 0.02818574910801628 0
0 0.02732613115552363 0
0 0.02646651320382402 0
0 0.02556050918267857 0
0 0.02465450516065886 0
0 0.02374850113882823 0
0 0.02284249711607055 0
0 0.021857034542627 0
0 0.02087157196757805 0
0 0.01988610938827191 0
0 0.01890064681412696 0
0 0.01807259312404277 0
0 0.01724453943369023 0
0 0.01641648573780095 0
0 0.01558843204111266 0
0 0.01477665661702871 0
0 0.01396488119294475 0
0 0.0131531057686393 0
0 0.01234133034507091 0
0 0.01155902937112467 0
0 0.01077672839683476 0
0 0.009994427417623949 0
0 0.009212126438362868 0
0 0.008470639883523902 0
0 0.00772915332868495 0
0 0.006987666776549578 0
0 0.00624618022370968 0
0 0.005485419661382371 0
0 0.004724659099055062 0
0 0.003963898549654093 0
0 0.003203138001141491 0
0 0.002402353506568172 0
0 0.001601569011994854 0
0 0.0008007845059974303 0
1 2 0 51
56
57
58
59
60
61
62
63
64
65
66
67
68
69
70
71
72
73
74
75
76
77
78
79
80
81
82
83
84
85
86
87
88
89
90
91
92
93
94
95
96
97
98
99
100
101
102
103
104
105
106
0.17 0.0391798733278705 0
0.17 0.038359746655741 0
0.17 0.03753961998411782 0
0.17 0.03671949331153684 0
0.17 0.03589727569248913 0
0.17 0.0350750580726201 0
0.17 0.03425284045210295 0
0.17 0.03343062283152699 0
0.17 0.03261361740138291 0
0.17 0.03179661197141441 0
0.17 0.03097960654378879 0
0.17 0.03016260111554471 0
0.17 0.02936574516352455 0
0.17 0.0285688892114883 0
0.17 0.02777203326252362 0
0.17 0.02697517730987346 0
0.17 0.02619699421853575 0
0.17 0.02541881112716978 0
0.17 0.02464062803322745 0
0.17 0.02386244493896542 0
0.17 0.02309955974416474 0
0.17 0.02233667454972159 0
0.17 0.02157378935444201 0
0.17 0.02081090415984458 0
0.17 0.02006079185111321 0
0.17 0.01931067954716323 0
0.17 0.0185605672498112 0
0.17 0.01781045495185971 0
0.17 0.01707131149034346 0
0.17 0.0163321680288272 0
0.17 0.01559302457597253 0
0.17 0.01485388112300624 0
0.17 0.01413901778353201 0
0.17 0.01342415444405779 0
0.17 0.01270929110870086 0
0.17 0.01199442777334394 0
0.17 0.01129440457732343 0
0.17 0.01059438138193337 0
0.17 0.009894358180426326 0
0.17 0.009194334979469067 0
0.17 0.008479410653718572 0
0.17 0.007764486326933336 0
0.17 0.007049561996672275 0
0.17 0.006334637667452778 0
0.17 0.005571687593639789 0
0.17 0.004808737519826807 0
0.17 0.004045787448848495 0
0.17 0.003282837377145256 0
0.17 0.002462128033113048 0
0.17 0.00164141868908084 0
0.17 0.0008207093450196337 0
1 3 0 191
107
108
109
110
111
112
113
114
115
116
117
118
119
120
121
122
123
124
125
126
127
128
129
130
131
132
133
134
135
136
137
138
139
140
141
142
143
144
145
146
147
148
149
150
151
152
153
154
155
156
157
158
159
160
161
162
163
164
165
166
167
168
169
170
171
172
173
174
175
176
177
178
179
180
181
182
183
184
185
186
187
188
189
190
191
192
193
194
195
196
197
198
199
200
201
202
203
204
205
206
207
208
209
210
211
212
213
214
215
216
217
218
219
220
221
222
223
224
225
226
227
228
229
230
231
232
233
234
235
236
237
238
239
240
241
242
243
244
245
246
247
248
249
250
251
252
253
254
255
256
257
258
259
260
261
262
263
264
265
266
267
268
269
270
271
272
273
274
275
276
277
278
279
280
281
282
283
284
285
286
287
288
289
290
291
292
293
294
295
296
297
0.1691423845305178 0.04 0
0.1682847690610356 0.04 0
0.1674271535920159 0.04 0
0.1665695381232741 0.04 0
0.1657008784923326 0.04 0
0.1648322188603778 0.04 0
0.1639635592297134 0.04 0
0.1630948996003556 0.04 0
0.1622207508431126 0.04 0
0.1613466020858696 0.04 0
0.1604724533287086 0.04 0
0.159598304570528 0.04 0
0.1586052124035198 0.04 0
0.1576121202390711 0.04 0
0.1566190280737536 0.04 0
0.1556259359084362 0.04 0
0.1546510669429282 0.04 0
0.1536761979757674 0.04 0
0.1527013290151059 0.04 0
0.1517264600556457 0.04 0
0.1508819917446881 0.04 0
0.1500375234342676 0.04 0
0.1491930551192572 0.04 0
0.1483485868045322 0.04 0
0.1474742301570016 0.04 0
0.1465998735086996 0.04 0
0.1457255168625244 0.04 0
0.1448511602174627 0.04 0
0.143949095910933 0.04 0
0.1430470316056762 0.04 0
0.1421449673079036 0.04 0
0.141242903010131 0.04 0
0.1403802964614349 0.04 0
0.1395176899111959 0.04 0
0.1386550833663988 0.04 0
0.137792476822116 0.04 0
0.1369241288131213 0.04 0
0.1360557808034085 0.04 0
0.1351874327779909 0.04 0
0.1343190847533844 0.04 0
0.1333905530636768 0.04 0
0.1324620213720073 0.04 0
0.1315334896682676 0.04 0
0.1306049579663786 0.04 0
0.1296564319385848 0.04 0
0.1287079059077673 0.04 0
0.1277593798645853 0.04 0
0.126810853823126 0.04 0
0.125836131225959 0.04 0
0.1248614086281654 0.04 0
0.1238866860064114 0.04 0
0.1229119633834757 0.04 0
0.1219954767550334 0.04 0
0.1210789901269756 0.04 0
0.1201625035092747 0.04 0
0.1192460168904619 0.04 0
0.1183703038645051 0.04 0
0.1174945908394627 0.04 0
0.1166188777964574 0.04 0
0.1157431647536487 0.04 0
0.1148371802965485 0.04 0
0.1139311958381719 0.04 0
0.1130252113777411 0.04 0
0.1121192269175173 0.04 0
0.1112583711641601 0.04 0
0.1103975154110655 0.04 0
0.1095366596469575 0.04 0
0.108675803882627 0.04 0
0.1077369434057623 0.04 0
0.1067980829301262 0.04 0
0.1058592224705968 0.04 0
0.1049203620137139 0.04 0
0.103947713957509 0.04 0
0.1029750659003404 0.04 0
0.1020024178332938 0.04 0
0.1010297697647966 0.04 0
0.1001232894549435 0.04 0
0.09921680914514527 0.04 0
0.09831032883247137 0.04 0
0.09740384852062066 0.04 0
0.09656209002746459 0.04 0
0.0957203315365622 0.04 0
0.09487857302865746 0.04 0
0.09403681452029013 0.04 0
0.09322257735230688 0.04 0
0.09240834018532443 0.04 0
0.09159410302148822 0.04 0
0.09077986585791091 0.04 0
0.08993266233007154 0.04 0
0.08908545880325987 0.04 0
0.08823825529659783 0.04 0
0.08739105178984391 0.04 0
0.0864830638662089 0.04 0
0.08557507594189094 0.04 0
0.08466708802456863 0.04 0
0.08375910011164699 0.04 0
0.08279616451677191 0.04 0
0.08183322892189683 0.04 0
0.08087029329014508 0.04 0
0.07990735765882388 0.04 0
0.07901629099573024 0.04 0
0.07812522433263659 0.04 0
0.0772341576645912 0.04 0
0.07634309099654583 0.04 0
0.07552458273533372 0.04 0
0.07470607447412159 0.04 0
0.07388756623293001 0.04 0
0.07306905799137246 0.04 0
0.0722332116120505 0.04 0
0.07139736523272854 0.04 0
0.07056151885268561 0.04 0
0.06972567247264266 0.04 0
0.06883174290542803 0.04 0
0.06793781333860768 0.04 0
0.06704388379345445 0.04 0
0.06614995424870089 0.04 0
0.06529893072380398 0.04 0
0.0644479071987633 0.04 0
0.06359688365935943 0.04 0
0.0627458601199556 0.04 0
0.06188745848720544 0.04 0
0.06102905685492697 0.04 0
0.06017065519153532 0.04 0
0.05931225352814368 0.04 0
0.05841693934697875 0.04 0
0.05752162516635381 0.04 0
0.05662631098139877 0.04 0
0.05573099679684403 0.04 0
0.05479789262617127 0.04 0
0.05386478845493574 0.04 0
0.05293168430545953 0.04 0
0.05199858015640055 0.04 0
0.05110467794894503 0.04 0
0.0502107757409504 0.04 0
0.04931687352985337 0.04 0
0.04842297131875635 0.04 0
0.0476106606164302 0.04 0
0.04679834991410407 0.04 0
0.04598603921564483 0.04 0
0.04517372851673918 0.04 0
0.04440652318437732 0.04 0
0.04363931785190533 0.04 0
0.0428721124542453 0.04 0
0.04210490705611722 0.04 0
0.04134584081426806 0.04 0
0.04058677457162532 0.04 0
0.03982770827452645 0.04 0
0.03906864197903229 0.04 0
0.03829624147489882 0.04 0
0.03752384096986439 0.04 0
0.03675144050905627 0.04 0
0.03597904004854113 0.04 0
0.03516289813910528 0.04 0
0.03434675623000352 0.04 0
0.03353061429696086 0.04 0
0.03271447236643216 0.04 0
0.03184009746373503 0.04 0
0.03096572256272184 0.04 0
0.03009134761680593 0.04 0
0.02921697267045181 0.04 0
0.0283151454982826 0.04 0
0.02741331832243196 0.04 0
0.02651149119499657 0.04 0
0.02560966406621701 0.04 0
0.02469239775221016 0.04 0
0.02377513144031784 0.04 0
0.02285786510757776 0.04 0
0.02194059877401738 0.04 0
0.02099315418986722 0.04 0
0.02004570960655283 0.04 0
0.01909826502184755 0.04 0
0.01815082043841687 0.04 0
0.01721090450239024 0.04 0
0.0162709885659453 0.04 0
0.01533107262433595 0.04 0
0.01439115668331137 0.04 0
0.01348288891203195 0.04 0
0.01257462113928673 0.04 0
0.01166635337522429 0.04 0
0.01075808561361249 0.04 0
0.009895058389421729 0.04 0
0.009032031162337528 0.04 0
0.008169003982305384 0.04 0
0.007305976802096492 0.04 0
0.006399045474815929 0.04 0
0.005492114145065896 0.04 0
0.004585182882136968 0.04 0
0.003678251619869455 0.04 0
0.002758688694958683 0.04 0
0.001839125769786509 0.04 0
0.0009195628842572634 0.04 0
1 4 0 59
298
299
300
301
302
303
304
305
306
307
308
309
310
311
312
313
314
315
316
317
318
319
320
321
322
323
324
325
326
327
328
329
330
331
332
333
334
335
336
337
338
339
340
341
342
343
344
345
346
347
348
349
350
351
352
353
354
355
356
0.0007983465060552325 0 0
0.001596693011990144 0 0
0.00239503951843843 0 0
0.003193386024900054 0 0
0.003937032068211646 0 0
0.004680678111523237 0 0
0.005424324154625928 0 0
0.006167970197728617 0 0
0.006891274880845295 0 0
0.007614579563961974 0 0
0.008337884246212087 0 0
0.009061188928462202 0 0
0.009849854191261906 0 0
0.01063851945406161 0 0
0.01142718471985227 0 0
0.01221584998564292 0 0
0.01304904439488672 0 0
0.01388223880413051 0 0
0.01471543321591417 0 0
0.01554862762769783 0 0
0.01634084635422947 0 0
0.01713306508076111 0 0
0.01792528380631609 0 0
0.01871750253187108 0 0
0.01959502368781993 0 0
0.02047254484376879 0 0
0.02135006599738442 0 0
0.02222758715100004 0 0
0.02313442868865102 0 0
0.024041270226302 0 0
0.02494811175758581 0 0
0.02585495328425048 0 0
0.02676390049893931 0 0
0.0276728477150154 0 0
0.02858179492708822 0 0
0.02949074213805564 0 0
0.03035983906290646 0 0
0.03122893598686621 0 0
0.03209803291159651 0 0
0.03296712983472438 0 0
0.03381551346588905 0 0
0.03466389709705371 0 0
0.03551228072540995 0 0
0.03636066435441105 0 0
0.03722314393032735 0 0
0.03808562350697782 0 0
0.03894810309588139 0 0
0.03981058268639643 0 0
0.04066773400303147 0 0
0.04152488532069459 0 0
0.04238203663501169 0 0
0.04323918794894357 0 0
0.04405238718751602 0 0
0.04486558642627656 0 0
0.04567878566859421 0 0
0.04649198491132395 0 0
0.04736898868529543 0 0
0.04824599245926691 0 0
0.0491229962292898 0 0
1 5 0 59
357
358
359
360
361
362
363
364
365
366
367
368
369
370
371
372
373
374
375
376
377
378
379
380
381
382
383
384
385
386
387
388
389
390
391
392
393
394
395
396
397
398
399
400
401
402
403
404
405
406
407
408
409
410
411
412
413
414
415
0.1208881449276596 0 0
0.1217762898539692 0 0
0.1226644347813507 0 0
0.1235525797087322 0 0
0.1244106242746917 0 0
0.1252686688406512 0 0
0.1261267134066704 0 0
0.1269847579700808 0 0
0.1278034500421676 0 0
0.128622142113386 0 0
0.1294408341876943 0 0
0.1302595262620026 0 0
0.1311037285234548 0 0
0.1319479307840114 0 0
0.132792133041241 0 0
0.1336363353016254 0 0
0.1344713187899174 0 0
0.1353063022782095 0 0
0.136141285768492 0 0
0.1369762692595471 0 0
0.1378066684051027 0 0
0.1386370675497044 0 0
0.1394674666928862 0 0
0.1402978658366805 0 0
0.1410845635856052 0 0
0.14187126133453 0 0
0.1426579590856337 0 0
0.1434446568420007 0 0
0.1442607974210804 0 0
0.1450769380039659 0 0
0.1458930785791382 0 0
0.1467092191550993 0 0
0.1474723668517322 0 0
0.1482355145478335 0 0
0.1489986622507113 0 0
0.1497618099456814 0 0
0.1505488598348404 0 0
0.1513359097257388 0 0
0.1521229596147304 0 0
0.1529100094972694 0 0
0.1537472204304972 0 0
0.1545844313597496 0 0
0.1554216422791399 0 0
0.1562588531953678 0 0
0.1571396834602771 0 0
0.1580205137249848 0 0
0.1589013439832928 0 0
0.1597821742411605 0 0
0.1606574481599694 0 0
0.161532722070346 0 0
0.1624079959900759 0 0
0.1632832699091725 0 0
0.1641041510932718 0 0
0.16492503227203 0 0
0.1657459134550326 0 0
0.1665667946317852 0 0
0.167425095978555 0 0
0.1682833973163782 0 0
0.1691416986575775 0 0
1 6 0 19
416
417
418
419
420
421
422
423
424
425
426
427
428
429
430
431
432
433
434
0.05050733942894414 0.000507339428944139 0
0.05101467885595271 0.001014678855952699 0
0.0515220182832309 0.001522018283230899 0
0.05202935771137333 0.002029357711373328 0
0.05249656642451214 0.002496566424512138 0
0.05296377513929933 0.002963775139299332 0
0.05343098385184948 0.003430983851849479 0
0.0538981925682252 0.003898192568225201 0
0.0543967752864797 0.004396775286479699 0
0.05489535800390685 0.004895358003906851 0
0.05539394072253802 0.005393940722538018 0
0.05589252343886509 0.005892523438865086 0
0.05638988782661975 0.006389887826619747 0
0.05688725221510779 0.006887252215107784 0
0.05738461660418911 0.007384616604189113 0
0.05788198099595036 0.007881980995950352 0
0.05841148574654374 0.008411485746543729 0
0.05894099049850812 0.008940990498508111 0
0.05947049524905587 0.009470495249055869 0
1 7 0 71
435
436
437
438
439
440
441
442
443
444
445
446
447
448
449
450
451
452
453
454
455
456
457
458
459
460
461
462
463
464
465
466
467
468
469
470
471
472
473
474
475
476
477
478
479
480
481
482
483
484
485
486
487
488
489
490
491
492
493
494
495
496
497
498
499
500
501
502
503
504
505
0.06089939397007441 0.01 0
0.0617987879401488 0.01 0
0.06269818190966966 0.01 0
0.06359757587976908 0.01 0
0.06448624616037989 0.01 0
0.06537491644278255 0.01 0
0.06626358672343266 0.01 0
0.06715225700737809 0.01 0
0.06793877548266912 0.01 0
0.06872529395826338 0.01 0
0.06951181243523293 0.01 0
0.07029833090954563 0.01 0
0.0710460029006344 0.01 0
0.07179367489015746 0.01 0
0.07254134687974911 0.01 0
0.07328901887021676 0.01 0
0.07408108865635282 0.01 0
0.07487315844324896 0.01 0
0.07566522822683228 0.01 0
0.07645729800524276 0.01 0
0.07727120373550769 0.01 0
0.07808510946810321 0.01 0
0.07889901519976143 0.01 0
0.07971292093141966 0.01 0
0.08055201311495973 0.01 0
0.0813911052915232 0.01 0
0.08223019748014994 0.01 0
0.0830692896677937 0.01 0
0.08389671689467335 0.01 0
0.0847241441231604 0.01 0
0.08555157134159347 0.01 0
0.08637899855969336 0.01 0
0.08717036749501385 0.01 0
0.08796173642779447 0.01 0
0.08875310536328251 0.01 0
0.08954447429673471 0.01 0
0.09038215640656067 0.01 0
0.09121983851154281 0.01 0
0.0920575206095903 0.01 0
0.0928952027090693 0.01 0
0.0937467025356456 0.01 0
0.09459820236016003 0.01 0
0.09544970219300025 0.01 0
0.09630120202973705 0.01 0
0.09722286398172068 0.01 0
0.09814452593156436 0.01 0
0.09906618787957383 0.01 0
0.09998784982827061 0.01 0
0.1008999124850865 0.01 0
0.1018119751431648 0.01 0
0.1027240377914831 0.01 0
0.1036361004422865 0.01 0
0.1044725909912439 0.01 0
0.1053090815438827 0.01 0
0.1061455720826625 0.01 0
0.1069820626207146 0.01 0
0.107741560908421 0.01 0
0.1085010591958216 0.01 0
0.1092605574725394 0.01 0
0.1100200557474332 0.01 0
0.110813161875008 0.01 0
0.111606268003009 0.01 0
0.1123993741314562 0.01 0
0.1131924802610529 0.01 0
0.1140027531639282 0.01 0
0.1148130260690253 0.01 0
0.115623298984794 0.01 0
0.1164335718995341 0.01 0
0.1173251789275358 0.01 0
0.1182167859585018 0.01 0
0.1191083929783171 0.01 0
1 8 0 11
506
507
508
509
510
511
512
513
514
515
516
0.12 0.009150226672923499 0
0.12 0.008300453346654456 0
0.12 0.007450680018872325 0
0.12 0.006600906692564888 0
0.12 0.005791819220675848 0
0.12 0.004982731748040996 0
0.12 0.004173644276064279 0
0.12 0.003364556804087563 0
0.12 0.00252341760302597 0
0.12 0.001682278401964377 0
0.12 0.0008411392009821887 0
2 1 0 8219
517
518
519
520
521
522
523
524
525
526
527
528
529
530
531
532
533
534
535
536
537
538
539
540
541
542
543
544
545
546
547
548
549
550
551
552
553
554
555
556
557
558
559
560
561
562
563
564
565
566
567
568
569
570
571
572
573
574
575
576
577
578
579
580
581
582
583
584
585
586
587
588
589
590
591
592
593
594
595
596
597
598
599
600
601
602
603
604
605
606
607
608
609
610
611
612
613
614
615
616
617
618
619
620
621
622
623
624
625
626
627
628
629
630
631
632
633
634
635
636
637
638
639
640
641
642
643
644
645
646
647
648
649
650
651
652
653
654
655
656
657
658
659
660
661
662
663
664
665
666
667
668
669
670
671
672
673
674
675
676
677
678
679
680
681
682
683
684
685
686
687
688
689
690
691
692
693
694
695
696
697
698
699
700
701
702
703
704
705
706
707
708
709
710
711
712
713
714
715
716
717
718
719
720
721
722
723
724
725
726
727
728
729
730
731
732
733
734
735
736
737
738
739
740
741
742
743
744
745
746
747
748
749
750
751
752
753
754
755
756
757
758
759
760
761
762
763
764
765
766
767
768
769
770
771
772
773
774
775
776
777
778
779
780
781
782
783
784
785
786
787
788
789
790
791
792
793
794
795
796
797
798
799
800
801
802
803
804
805
806
807
808
809
810
811
812
813
814
815
816
817
818
819
820
821
822
823
824
825
826
827
828
829
830
831
832
833
834
835
836
837
838
839
840
841
842
843
844
845
846
847
848
849
850
851
852
853
854
855
856
857
858
859
860
861
862
863
864
865
866
867
868
869
870
871
872
873
874
875
876
877
878
879
880
881
882
883
884
885
886
887
888
889
890
891
892
893
894
895
896
897
898
899
900
901
902
903
904
905
906
907
908
909
910
911
912
913
914
915
916
917
918
919
920
921
922
923
924
925
926
927
928
929
930
931
932
933
934
935
936
937
938
939
940
941
942
943
944
945
946
947
948
949
950
951
952
953
954
955
956
957
958
959
960
961
962
963
964
965
966
967
968
969
970
971
972
973
974
975
976
977
978
979
980
981
982
983
984
985
986
987
988
989
990
991
992
993
994
995
996
997
998
999
1000
1001
1002
1003
1004
1005
1006
1007
1008
1009
1010
1011
1012
1013
1014
1015
1016
1017
1018
1019
1020
1021
1022
1023
1024
1025
1026
1027
1028
1029
1030
1031
1032
1033
1034
1035
1036
1037
1038
1039
1040
1041
1042
1043
1044
1045
1046
1047
1048
1049
1050
1051
1052
1053
1054
1055
1056
1057
1058
1059
1060
1061
1062
1063
1064
1065
1066
1067
1068
1069
1070
1071
1072
1073
1074
1075
1076
1077
1078
1079
1080
1081
1082
1083
1084
1085
1086
1087
1088
1089
1090
1091
1092
1093
1094
1095
1096
1097
1098
1099
1100
1101
1102
1103
1104
1105
1106
1107
1108
1109
1110
1111
1112
1113
1114
1115
1116
1117
1118
1119
1120
1121
1122
1123
1124
1125
1126
1127
1128
1129
1130
1131
1132
1133
1134
1135
1136
1137
1138
1139
1140
1141
1142
1143
1144
1145
1146
1147
1148
1149
1150
1151
1152
1153
1154
1155
1156
1157
1158
1159
1160
1161
1162
1163
1164
1165
1166
1167
1168
1169
1170
1171
1172
1173
1174
1175
1176
1177
1178
1179
1180
1181
1182
1183
1184
1185
1186
1187
1188
1189
1190
1191
1192
1193
1194
1195
1196
1197
1198
1199
1200
1201
1202
1203
1204
1205
1206
1207
1208
1209
1210
1211
1212
1213
1214
1215
1216
1217
1218
1219
1220
1221
1222
1223
1224
1225
1226
1227
1228
1229
1230
1231
1232
1233
1234
1235
1236
1237
1238
1239
1240
1241
1242
1243
1244
1245
1246
1247
1248
1249
1250
1251
1252
1253
1254
1255
1256
1257
1258
1259
1260
1261
1262
1263
1264
1265
1266
1267
1268
1269
1270
1271
1272
1273
1274
1275
1276
1277
1278
1279
1280
1281
1282
1283
1284
1285
1286
1287
1288
1289
1290
1291
1292
1293
1294
1295
1296
1297
1298
1299
1300
1301
1302
1303
1304
1305
1306
1307
1308
1309
1310
1311
1312
1313
1314
1315
1316
1317
1318
1319
1320
1321
1322
1323
1324
1325
1326
1327
1328
1329
1330
1331
1332
1333
1334
1335
1336
1337
1338
1339
1340
1341
1342
1343
1344
1345
1346
1347
1348
1349
1350
1351
1352
1353
1354
1355
1356
1357
1358
1359
1360
1361
1362
1363
1364
1365
1366
1367
1368
1369
1370
1371
1372
1373
1374
1375
1376
1377
1378
1379
1380
1381
1382
1383
1384
1385
1386
1387
1388
1389
1390
1391
1392
1393
1394
1395
1396
1397
1398
1399
1400
1401
1402
1403
1404
1405
1406
1407
1408
1409
1410
1411
1412
1413
1414
1415
1416
1417
1418
1419
1420
1421
1422
1423
1424
1425
1426
1427
1428
1429
1430
1431
1432
1433
1434
1435
1436
1437
1438
1439
1440
1441
1442
1443
1444
1445
1446
1447
1448
1449
1450
1451
1452
1453
1454
1455
1456
1457
1458
1459
1460
1461
1462
1463
1464
1465
1466
1467
1468
1469
1470
1471
1472
1473
1474
1475
1476
1477
1478
1479
1480
1481
1482
1483
1484
1485
1486
1487
1488
1489
1490
1491
1492
1493
1494
1495
1496
1497
1498
1499
1500
1501
1502
1503
1504
1505
1506
1507
1508
1509
1510
1511
1512
1513
1514
1515
1516
1517
1518
1519
1520
1521
1522
1523
1524
1525
1526
1527
1528
1529
1530
1531
1532
1533
1534
1535
1536
1537
1538
1539
1540
1541
1542
1543
1544
1545
1546
1547
1548
1549
1550
1551
1552
1553
1554
1555
1556
1557
1558
1559
1560
1561
1562
1563
1564
1565
1566
1567
1568
1569
1570
1571
1572
1573
1574
1575
1576
1577
1578
1579
1580
1581
1582
1583
1584
1585
1586
1587
1588
1589
1590
1591
1592
1593
1594
1595
1596
1597
1598
1599
1600
1601
1602
1603
1604
1605
1606
1607
1608
1609
1610
1611
1612
1613
1614
1615
1616
1617
1618
1619
1620
1621
1622
1623
1624
1625
1626
1627
1628
1629
1630
1631
1632
1633
1634
1635
1636
1637
1638
1639
1640
1641
1642
1643
1644
1645
1646
1647
1648
1649
1650
1651
1652
1653
1654
1655
1656
1657
1658
1659
1660
1661
1662
1663
1664
1665
1666
1667
1668
1669
1670
1671
1672
1673
1674
1675
1676
1677
1678
1679
1680
1681
1682
1683
1684
1685
1686
1687
1688
1689
1690
1691
1692
1693
1694
1695
1696
1697
1698
1699
1700
1701
1702
1703
1704
1705
1706
1707
1708
1709
1710
1711
1712
1713
1714
1715
1716
1717
1718
1719
1720
1721
1722
1723
1724
1725
1726
1727
1728
1729
1730
1731
1732
1733
1734
1735
1736
1737
1738
1739
1740
1741
1742
1743
1744
1745
1746
1747
1748
1749
1750
1751
1752
1753
1754
1755
1756
1757
1758
1759
1760
1761
1762
1763
1764
1765
1766
1767
1768
1769
1770
1771
1772
1773
1774
1775
1776
1777
1778
1779
1780
1781
1782
1783
1784
1785
1786
1787
1788
1789
1790
1791
1792
1793
1794
1795
1796
1797
1798
1799
1800
1801
1802
1803
1804
1805
1806
1807
1808
1809
1810
1811
1812
1813
1814
1815
1816
1817
1818
1819
1820
1821
1822
1823
1824
1825
1826
1827
1828
1829
1830
1831
1832
1833
1834
1835
1836
1837
1838
1839
1840
1841
1842
1843
1844
1845
1846
1847
1848
1849
1850
1851
1852
1853
1854
1855
1856
1857
1858
1859
1860
1861
1862
1863
1864
1865
1866
1867
1868
1869
1870
1871
1872
1873
1874
1875
1876
1877
1878
1879
1880
1881
1882
1883
1884
1885
1886
1887
1888
1889
1890
1891
1892
1893
1894
1895
1896
1897
1898
1899
1900
1901
1902
1903
1904
1905
1906
1907
1908
1909
1910
1911
1912
1913
1914
1915
1916
1917
1918
1919
1920
1921
1922
1923
1924
1925
1926
1927
1928
1929
1930
1931
1932
1933
1934
1935
1936
1937
1938
1939
1940
1941
1942
1943
1944
1945
1946
1947
1948
1949
1950
1951
1952
1953
1954
1955
1956
1957
1958
1959
1960
1961
1962
1963
1964
1965
1966
1967
1968
1969
1970
1971
1972
1973
1974
1975
1976
1977
1978
1979
1980
1981
1982
1983
1984
1985
1986
1987
1988
1989
1990
1991
1992
1993
1994
1995
1996
1997
1998
1999
2000
2001
2002
2003
2004
2005
2006
2007
2008
2009
2010
2011
2012
2013
2014
2015
2016
2017
2018
2019
2020
2021
2022
2023
2024
2025
2026
2027
2028
2029
2030
2031
2032
2033
2034
2035
2036
2037
2038
2039
2040
2041
2042
2043
2044
2045
2046
2047
2048
2049
2050
2051
2052
2053
2054
2055
2056
2057
2058
2059
2060
2061
2062
2063
2064
2065
2066
2067
2068
2069
2070
2071
2072
2073
2074
2075
2076
2077
2078
2079
2080
2081
2082
2083
2084
2085
2086
2087
2088
2089
2090
2091
2092
2093
2094
2095
2096
2097
2098
2099
2100
2101
2102
2103
2104
2105
2106
2107
2108
2109
2110
2111
2112
2113
2114
2115
2116
2117
2118
2119
2120
2121
2122
2123
2124
2125
2126
2127
2128
2129
2130
2131
2132
2133
2134
2135
2136
2137
2138
2139
2140
2141
2142
2143
2144
2145
2146
2147
2148
2149
2150
2151
2152
2153
2154
2155
2156
2157
2158
2159
2160
2161
2162
2163
2164
2165
2166
2167
2168
2169
2170
2171
2172
2173
2174
2175
2176
2177
2178
2179
2180
2181
2182
2183
2184
2185
2186
2187
2188
2189
2190
2191
2192
2193
2194
2195
2196
2197
2198
2199
2200
2201
2202
2203
2204
2205
2206
2207
2208
2209
2210
2211
2212
2213
2214
2215
2216
2217
2218
2219
2220
2221
2222
2223
2224
2225
2226
2227
2228
2229
2230
2231
2232
2233
2234
2235
2236
2237
2238
2239
2240
2241
2242
2243
2244
2245
2246
2247
2248
2249
2250
2251
2252
2253
2254
2255
2256
2257
2258
2259
2260
2261
2262
2263
2264
2265
2266
2267
2268
2269
2270
2271
2272
2273
2274
2275
2276
2277
2278
2279
2280
2281
2282
2283
2284
2285
2286
2287
2288
2289
2290
2291
2292
2293
2294
2295
2296
2297
2298
2299
2300
2301
2302
2303
2304
2305
2306
2307
2308
2309
2310
2311
2312
2313
2314
2315
2316
2317
2318
2319
2320
2321
2322
2323
2324
2325
2326
2327
2328
2329
2330
2331
2332
2333
2334
2335
2336
2337
2338
2339
2340
2341
2342
2343
2344
2345
2346
2347
2348
2349
2350
2351
2352
2353
2354
2355
2356
2357
2358
2359
2360
2361
2362
2363
2364
2365
2366
2367
2368
2369
2370
2371
2372
2373
2374
2375
2376
2377
2378
2379
2380
2381
2382
2383
2384
2385
2386
2387
2388
2389
2390
2391
2392
2393
2394
2395
2396
2397
2398
2399
2400
2401
2402
2403
2404
2405
2406
2407
2408
2409
2410
2411
2412
2413
2414
2415
2416
2417
2418
2419
2420
2421
2422
2423
2424
2425
2426
2427
2428
2429
2430
2431
2432
2433
2434
2435
2436
2437
2438
2439
2440
2441
2442
2443
2444
2445
2446
2447
2448
2449
2450
2451
2452
2453
2454
2455
2456
2457
2458
2459
2460
2461
2462
2463
2464
2465
2466
2467
2468
2469
2470
2471
2472
2473
2474
2475
2476
2477
2478
2479
2480
2481
2482
2483
2484
2485
2486
2487
2488
2489
2490
2491
2492
2493
2494
2495
2496
2497
2498
2499
2500
2501
2502
2503
2504
2505
2506
2507
2508
2509
2510
2511
2512
2513
2514
2515
2516
2517
2518
2519
2520
2521
2522
2523
2524
2525
2526
2527
2528
2529
2530
2531
2532
2533
2534
2535
2536
2537
2538
2539
2540
2541
2542
2543
2544
2545
2546
2547
2548
2549
2550
2551
2552
2553
2554
2555
2556
2557
2558
2559
2560
2561
2562
2563
2564
2565
2566
2567
2568
2569
2570
2571
2572
2573
2574
2575
2576
2577
2578
2579
2580
2581
2582
2583
2584
2585
2586
2587
2588
2589
2590
2591
2592
2593
2594
2595
2596
2597
2598
2599
2600
2601
2602
2603
2604
2605
2606
2607
2608
2609
2610
2611
2612
2613
2614
2615
2616
2617
2618
2619
2620
2621
2622
2623
2624
2625
2626
2627
2628
2629
2630
2631
2632
2633
2634
2635
2636
2637
2638
2639
2640
2641
2642
2643
2644
2645
2646
2647
2648
2649
2650
2651
2652
2653
2654
2655
2656
2657
2658
2659
2660
2661
2662
2663
2664
2665
2666
2667
2668
2669
2670
2671
2672
2673
2674
2675
2676
2677
2678
2679
2680
2681
2682
2683
2684
2685
2686
2687
2688
2689
2690
2691
2692
2693
2694
2695
2696
2697
2698
2699
2700
2701
2702
2703
2704
2705
2706
2707
2708
2709
2710
2711
2712
2713
2714
2715
2716
2717
2718
2719
2720
2721
2722
2723
2724
2725
2726
2727
2728
2729
2730
2731
2732
2733
2734
2735
2736
2737
2738
2739
2740
2741
2742
2743
2744
2745
2746
2747
2748
2749
2750
2751
2752
2753
2754
2755
2756
2757
2758
2759
2760
2761
2762
2763
2764
2765
2766
2767
2768
2769
2770
2771
2772
2773
2774
2775
2776
2777
2778
2779
2780
2781
2782
2783
2784
2785
2786
2787
2788
2789
2790
2791
2792
2793
2794
2795
2796
2797
2798
2799
2800
2801
2802
2803
2804
2805
2806
2807
2808
2809
2810
2811
2812
2813
2814
2815
2816
2817
2818
2819
2820
2821
2822
2823
2824
2825
2826
2827
2828
2829
2830
2831
2832
2833
2834
2835
2836
2837
2838
2839
2840
2841
2842
2843
2844
2845
2846
2847
2848
2849
2850
2851
2852
2853
2854
2855
2856
2857
2858
2859
2860
2861
2862
2863
2864
2865
2866
2867
2868
2869
2870
2871
2872
2873
2874
2875
2876
2877
2878
2879
2880
2881
2882
2883
2884
2885
2886
2887
2888
2889
2890
2891
2892
2893
2894
2895
2896
2897
2898
2899
2900
2901
2902
2903
2904
2905
2906
2907
2908
2909
2910
2911
2912
2913
2914
2915
2916
2917
2918
2919
2920
2921
2922
2923
2924
2925
2926
2927
2928
2929
2930
2931
2932
2933
2934
2935
2936
2937
2938
2939
2940
2941
2942
2943
2944
2945
2946
2947
2948
2949
2950
2951
2952
2953
2954
2955
2956
2957
2958
2959
2960
2961
2962
2963
2964
2965
2966
2967
2968
2969
2970
2971
2972
2973
2974
2975
2976
2977
2978
2979
2980
2981
2982
2983
2984
2985
2986
2987
2988
2989
2990
2991
2992
2993
2994
2995
2996
2997
2998
2999
3000
3001
3002
3003
3004
3005
3006
3007
3008
3009
3010
3011
3012
3013
3014
3015
3016
3017
3018
3019
3020
3021
3022
3023
3024
3025
3026
3027
3028
3029
3030
3031
3032
3033
3034
3035
3036
3037
3038
3039
3040
3041
3042
3043
3044
3045
3046
3047
3048
3049
3050
3051
3052
3053
3054
3055
3056
3057
3058
3059
3060
3061
3062
3063
3064
3065
3066
3067
3068
3069
3070
3071
3072
3073
3074
3075
3076
3077
3078
3079
3080
3081
3082
3083
3084
3085
3086
3087
3088
3089
3090
3091
3092
3093
3094
3095
3096
3097
3098
3099
3100
3101
3102
3103
3104
3105
3106
3107
3108
3109
3110
3111
3112
3113
3114
3115
3116
3117
3118
3119
3120
3121
3122
3123
3124
3125
3126
3127
3128
3129
3130
3131
3132
3133
3134
3135
3136
3137
3138
3139
3140
3141
3142
3143
3144
3145
3146
3147
3148
3149
3150
3151
3152
3153
3154
3155
3156
3157
3158
3159
3160
3161
3162
3163
3164
3165
3166
3167
3168
3169
3170
3171
3172
3173
3174
3175
3176
3177
3178
3179
3180
3181
3182
3183
3184
3185
3186
3187
3188
3189
3190
3191
3192
3193
3194
3195
3196
3197
3198
3199
3200
3201
3202
3203
3204
3205
3206
3207
3208
3209
3210
3211
3212
3213
3214
3215
3216
3217
3218
3219
3220
3221
3222
3223
3224
3225
3226
3227
3228
3229
3230
3231
3232
3233
3234
3235
3236
3237
3238
3239
3240
3241
3242
3243
3244
3245
3246
3247
3248
3249
3250
3251
3252
3253
3254
3255
3256
3257
3258
3259
3260
3261
3262
3263
3264
3265
3266
3267
3268
3269
3270
3271
3272
3273
3274
3275
3276
3277
3278
3279
3280
3281
3282
3283
3284
3285
3286
3287
3288
3289
3290
3291
3292
3293
3294
3295
3296
3297
3298
3299
3300
3301
3302
3303
3304
3305
3306
3307
3308
3309
3310
3311
3312
3313
3314
3315
3316
3317
3318
3319
3320
3321
3322
3323
3324
3325
3326
3327
3328
3329
3330
3331
3332
3333
3334
3335
3336
3337
3338
3339
3340
3341
3342
3343
3344
3345
3346
3347
3348
3349
3350
3351
3352
3353
3354
3355
3356
3357
3358
3359
3360
3361
3362
3363
3364
3365
3366
3367
3368
3369
3370
3371
3372
3373
3374
3375
3376
3377
3378
3379
3380
3381
3382
3383
3384
3385
3386
3387
3388
3389
3390
3391
3392
3393
3394
3395
3396
3397
3398
3399
3400
3401
3402
3403
3404
3405
3406
3407
3408
3409
3410
3411
3412
3413
3414
3415
3416
3417
3418
3419
3420
3421
3422
3423
3424
3425
3426
3427
3428
3429
3430
3431
3432
3433
3434
3435
3436
3437
3438
3439
3440
3441
3442
3443
3444
3445
3446
3447
3448
3449
3450
3451
3452
3453
3454
3455
3456
3457
3458
3459
3460
3461
3462
3463
3464
3465
3466
3467
3468
3469
3470
3471
3472
3473
3474
3475
3476
3477
3478
3479
3480
3481
3482
3483
3484
3485
3486
3487
3488
3489
3490
3491
3492
3493
3494
3495
3496
3497
3498
3499
3500
3501
3502
3503
3504
3505
3506
3507
3508
3509
3510
3511
3512
3513
3514
3515
3516
3517
3518
3519
3520
3521
3522
3523
3524
3525
3526
3527
3528
3529
3530
3531
3532
3533
3534
3535
3536
3537
3538
3539
3540
3541
3542
3543
3544
3545
3546
3547
3548
3549
3550
3551
3552
3553
3554
3555
3556
3557
3558
3559
3560
3561
3562
3563
3564
3565
3566
3567
3568
3569
3570
3571
3572
3573
3574
3575
3576
3577
3578
3579
3580
3581
3582
3583
3584
3585
3586
3587
3588
3589
3590
3591
3592
3593
3594
3595
3596
3597
3598
3599
3600
3601
3602
3603
3604
3605
3606
3607
3608
3609
3610
3611
3612
3613
3614
3615
3616
3617
3618
3619
3620
3621
3622
3623
3624
3625
3626
3627
3628
3629
3630
3631
3632
3633
3634
3635
3636
3637
3638
3639
3640
3641
3642
3643
3644
3645
3646
3647
3648
3649
3650
3651
3652
3653
3654
3655
3656
3657
3658
3659
3660
3661
3662
3663
3664
3665
3666
3667
3668
3669
3670
3671
3672
3673
3674
3675
3676
3677
3678
3679
3680
3681
3682
3683
3684
3685
3686
3687
3688
3689
3690
3691
3692
3693
3694
3695
3696
3697
3698
3699
3700
3701
3702
3703
3704
3705
3706
3707
3708
3709
3710
3711
3712
3713
3714
3715
3716
3717
3718
3719
3720
3721
3722
3723
3724
3725
3726
3727
3728
3729
3730
3731
3732
3733
3734
3735
3736
3737
3738
3739
3740
3741
3742
3743
3744
3745
3746
3747
3748
3749
3750
3751
3752
3753
3754
3755
3756
3757
3758
3759
3760
3761
3762
3763
3764
3765
3766
3767
3768
3769
3770
3771
3772
3773
3774
3775
3776
3777
3778
3779
3780
3781
3782
3783
3784
3785
3786
3787
3788
3789
3790
3791
3792
3793
3794
3795
3796
3797
3798
3799
3800
3801
3802
3803
3804
3805
3806
3807
3808
3809
3810
3811
3812
3813
3814
3815
3816
3817
3818
3819
3820
3821
3822
3823
3824
3825
3826
3827
3828
3829
3830
3831
3832
3833
3834
3835
3836
3837
3838
3839
3840
3841
3842
3843
3844
3845
3846
3847
3848
3849
3850
3851
3852
3853
3854
3855
3856
3857
3858
3859
3860
3861
3862
3863
3864
3865
3866
3867
3868
3869
3870
3871
3872
3873
3874
3875
3876
3877
3878
3879
3880
3881
3882
3883
3884
3885
3886
3887
3888
3889
3890
3891
3892
3893
3894
3895
3896
3897
3898
3899
3900
3901
3902
3903
3904
3905
3906
3907
3908
3909
3910
3911
3912
3913
3914
3915
3916
3917
3918
3919
3920
3921
3922
3923
3924
3925
3926
3927
3928
3929
3930
3931
3932
3933
3934
3935
3936
3937
3938
3939
3940
3941
3942
3943
3944
3945
3946
3947
3948
3949
3950
3951
3952
3953
3954
3955
3956
3957
3958
3959
3960
3961
3962
3963
3964
3965
3966
3967
3968
3969
3970
3971
3972
3973
3974
3975
3976
3977
3978
3979
3980
3981
3982
3983
3984
3985
3986
3987
3988
3989
3990
3991
3992
3993
3994
3995
3996
3997
3998
3999
4000
4001
4002
4003
4004
4005
4006
4007
4008
4009
4010
4011
4012
4013
4014
4015
4016
4017
4018
4019
4020
4021
4022
4023
4024
4025
4026
4027
4028
4029
4030
4031
4032
4033
4034
4035
4036
4037
4038
4039
4040
4041
4042
4043
4044
4045
4046
4047
4048
4049
4050
4051
4052
4053
4054
4055
4056
4057
4058
4059
4060
4061
4062
4063
4064
4065
4066
4067
4068
4069
4070
4071
4072
4073
4074
4075
4076
4077
4078
4079
4080
4081
4082
4083
4084
4085
4086
4087
4088
4089
4090
4091
4092
4093
4094
4095
4096
4097
4098
4099
4100
4101
4102
4103
4104
4105
4106
4107
4108
4109
4110
4111
4112
4113
4114
4115
4116
4117
4118
4119
4120
4121
4122
4123
4124
4125
4126
4127
4128
4129
4130
4131
4132
4133
4134
4135
4136
4137
4138
4139
4140
4141
4142
4143
4144
4145
4146
4147
4148
4149
4150
4151
4152
4153
4154
4155
4156
4157
4158
4159
4160
4161
4162
4163
4164
4165
4166
4167
4168
4169
4170
4171
4172
4173
4174
4175
4176
4177
4178
4179
4180
4181
4182
4183
4184
4185
4186
4187
4188
4189
4190
4191
4192
4193
4194
4195
4196
4197
4198
4199
4200
4201
4202
4203
4204
4205
4206
4207
4208
4209
4210
4211
4212
4213
4214
4215
4216
4217
4218
4219
4220
4221
4222
4223
4224
4225
4226
4227
4228
4229
4230
4231
4232
4233
4234
4235
4236
4237
4238
4239
4240
4241
4242
4243
4244
4245
4246
4247
4248
4249
4250
4251
4252
4253
4254
4255
4256
4257
4258
4259
4260
4261
4262
4263
4264
4265
4266
4267
4268
4269
4270
4271
4272
4273
4274
4275
4276
4277
4278
4279
4280
4281
4282
4283
4284
4285
4286
4287
4288
4289
4290
4291
4292
4293
4294
4295
4296
4297
4298
4299
4300
4301
4302
4303
4304
4305
4306
4307
4308
4309
4310
4311
4312
4313
4314
4315
4316
4317
4318
4319
4320
4321
4322
4323
4324
4325
4326
4327
4328
4329
4330
4331
4332
4333
4334
4335
4336
4337
4338
4339
4340
4341
4342
4343
4344
4345
4346
4347
4348
4349
4350
4351
4352
4353
4354
4355
4356
4357
4358
4359
4360
4361
4362
4363
4364
4365
4366
4367
4368
4369
4370
4371
4372
4373
4374
4375
4376
4377
4378
4379
4380
4381
4382
4383
4384
4385
4386
4387
4388
4389
4390
4391
4392
4393
4394
4395
4396
4397
4398
4399
4400
4401
4402
4403
4404
4405
4406
4407
4408
4409
4410
4411
4412
4413
4414
4415
4416
4417
4418
4419
4420
4421
4422
4423
4424
4425
4426
4427
4428
4429
4430
4431
4432
4433
4434
4435
4436
4437
4438
4439
4440
4441
4442
4443
4444
4445
4446
4447
4448
4449
4450
4451
4452
4453
4454
4455
4456
4457
4458
4459
4460
4461
4462
4463
4464
4465
4466
4467
4468
4469
4470
4471
4472
4473
4474
4475
4476
4477
4478
4479
4480
4481
4482
4483
4484
4485
4486
4487
4488
4489
4490
4491
4492
4493
4494
4495
4496
4497
4498
4499
4500
4501
4502
4503
4504
4505
4506
4507
4508
4509
4510
4511
4512
4513
4514
4515
4516
4517
4518
4519
4520
4521
4522
4523
4524
4525
4526
4527
4528
4529
4530
4531
4532
4533
4534
4535
4536
4537
4538
4539
4540
4541
4542
4543
4544
4545
4546
4547
4548
4549
4550
4551
4552
4553
4554
4555
4556
4557
4558
4559
4560
4561
4562
4563
4564
4565
4566
4567
4568
4569
4570
4571
4572
4573
4574
4575
4576
4577
4578
4579
4580
4581
4582
4583
4584
4585
4586
4587
4588
4589
4590
4591
4592
4593
4594
4595
4596
4597
4598
4599
4600
4601
4602
4603
4604
4605
4606
4607
4608
4609
4610
4611
4612
4613
4614
4615
4616
4617
4618
4619
4620
4621
4622
4623
4624
4625
4626
4627
4628
4629
4630
4631
4632
4633
4634
4635
4636
4637
4638
4639
4640
4641
4642
4643
4644
4645
4646
4647
4648
4649
4650
4651
4652
4653
4654
4655
4656
4657
4658
4659
4660
4661
4662
4663
4664
4665
4666
4667
4668
4669
4670
4671
4672
4673
4674
4675
4676
4677
4678
4679
4680
4681
4682
4683
4684
4685
4686
4687
4688
4689
4690
4691
4692
4693
4694
4695
4696
4697
4698
4699
4700
4701
4702
4703
4704
4705
4706
4707
4708
4709
4710
4711
4712
4713
4714
4715
4716
4717
4718
4719
4720
4721
4722
4723
4724
4725
4726
4727
4728
4729
4730
4731
4732
4733
4734
4735
4736
4737
4738
4739
4740
4741
4742
4743
4744
4745
4746
4747
4748
4749
4750
4751
4752
4753
4754
4755
4756
4757
4758
4759
4760
4761
4762
4763
4764
4765
4766
4767
4768
4769
4770
4771
4772
4773
4774
4775
4776
4777
4778
4779
4780
4781
4782
4783
4784
4785
4786
4787
4788
4789
4790
4791
4792
4793
4794
4795
4796
4797
4798
4799
4800
4801
4802
4803
4804
4805
4806
4807
4808
4809
4810
4811
4812
4813
4814
4815
4816
4817
4818
4819
4820
4821
4822
4823
4824
4825
4826
4827
4828
4829
4830
4831
4832
4833
4834
4835
4836
4837
4838
4839
4840
4841
4842
4843
4844
4845
4846
4847
4848
4849
4850
4851
4852
4853
4854
4855
4856
4857
4858
4859
4860
4861
4862
4863
4864
4865
4866
4867
4868
4869
4870
4871
4872
4873
4874
4875
4876
4877
4878
4879
4880
4881
4882
4883
4884
4885
4886
4887
4888
4889
4890
4891
4892
4893
4894
4895
4896
4897
4898
4899
4900
4901
4902
4903
4904
4905
4906
4907
4908
4909
4910
4911
4912
4913
4914
4915
4916
4917
4918
4919
4920
4921
4922
4923
4924
4925
4926
4927
4928
4929
4930
4931
4932
4933
4934
4935
4936
4937
4938
4939
4940
4941
4942
4943
4944
4945
4946
4947
4948
4949
4950
4951
4952
4953
4954
4955
4956
4957
4958
4959
4960
4961
4962
4963
4964
4965
4966
4967
4968
4969
4970
4971
4972
4973
4974
4975
4976
4977
4978
4979
4980
4981
4982
4983
4984
4985
4986
4987
4988
4989
4990
4991
4992
4993
4994
4995
4996
4997
4998
4999
5000
5001
5002
5003
5004
5005
5006
5007
5008
5009
5010
5011
5012
5013
5014
5015
5016
5017
5018
5019
5020
5021
5022
5023
5024
5025
5026
5027
5028
5029
5030
5031
5032
5033
5034
5035
5036
5037
5038
5039
5040
5041
5042
5043
5044
5045
5046
5047
5048
5049
5050
5051
5052
5053
5054
5055
5056
5057
5058
5059
5060
5061
5062
5063
5064
5065
5066
5067
5068
5069
5070
5071
5072
5073
5074
5075
5076
5077
5078
5079
5080
5081
5082
5083
5084
5085
5086
5087
5088
5089
5090
5091
5092
5093
5094
5095
5096
5097
5098
5099
5100
5101
5102
5103
5104
5105
5106
5107
5108
5109
5110
5111
5112
5113
5114
5115
5116
5117
5118
5119
5120
5121
5122
5123
5124
5125
5126
5127
5128
5129
5130
5131
5132
5133
5134
5135
5136
5137
5138
5139
5140
5141
5142
5143
5144
5145
5146
5147
5148
5149
5150
5151
5152
5153
5154
5155
5156
5157
5158
5159
5160
5161
5162
5163
5164
5165
5166
5167
5168
5169
5170
5171
5172
5173
5174
5175
5176
5177
5178
5179
5180
5181
5182
5183
5184
5185
5186
5187
5188
5189
5190
5191
5192
5193
5194
5195
5196
5197
5198
5199
5200
5201
5202
5203
5204
5205
5206
5207
5208
5209
5210
5211
5212
5213
5214
5215
5216
5217
5218
5219
5220
5221
5222
5223
5224
5225
5226
5227
5228
5229
5230
5231
5232
5233
5234
5235
5236
5237
5238
5239
5240
5241
5242
5243
5244
5245
5246
5247
5248
5249
5250
5251
5252
5253
5254
5255
5256
5257
5258
5259
5260
5261
5262
5263
5264
5265
5266
5267
5268
5269
5270
5271
5272
5273
5274
5275
5276
5277
5278
5279
5280
5281
5282
5283
5284
5285
5286
5287
5288
5289
5290
5291
5292
5293
5294
5295
5296
5297
5298
5299
5300
5301
5302
5303
5304
5305
5306
5307
5308
5309
5310
5311
5312
5313
5314
5315
5316
5317
5318
5319
5320
5321
5322
5323
5324
5325
5326
5327
5328
5329
5330
5331
5332
5333
5334
5335
5336
5337
5338
5339
5340
5341
5342
5343
5344
5345
5346
5347
5348
5349
5350
5351
5352
5353
5354
5355
5356
5357
5358
5359
5360
5361
5362
5363
5364
5365
5366
5367
5368
5369
5370
5371
5372
5373
5374
5375
5376
5377
5378
5379
5380
5381
5382
5383
5384
5385
5386
5387
5388
5389
5390
5391
5392
5393
5394
5395
5396
5397
5398
5399
5400
5401
5402
5403
5404
5405
5406
5407
5408
5409
5410
5411
5412
5413
5414
5415
5416
5417
5418
5419
5420
5421
5422
5423
5424
5425
5426
5427
5428
5429
5430
5431
5432
5433
5434
5435
5436
5437
5438
5439
5440
5441
5442
5443
5444
5445
5446
5447
5448
5449
5450
5451
5452
5453
5454
5455
5456
5457
5458
5459
5460
5461
5462
5463
5464
5465
5466
5467
5468
5469
5470
5471
5472
5473
5474
5475
5476
5477
5478
5479
5480
5481
5482
5483
5484
5485
5486
5487
5488
5489
5490
5491
5492
5493
5494
5495
5496
5497
5498
5499
5500
5501
5502
5503
5504
5505
5506
5507
5508
5509
5510
5511
5512
5513
5514
5515
5516
5517
5518
5519
5520
5521
5522
5523
5524
5525
5526
5527
5528
5529
5530
5531
5532
5533
5534
5535
5536
5537
5538
5539
5540
5541
5542
5543
5544
5545
5546
5547
5548
5549
5550
5551
5552
5553
5554
5555
5556
5557
5558
5559
5560
5561
5562
5563
5564
5565
5566
5567
5568
5569
5570
5571
5572
5573
5574
5575
5576
5577
5578
5579
5580
5581
5582
5583
5584
5585
5586
5587
5588
5589
5590
5591
5592
5593
5594
5595
5596
5597
5598
5599
5600
5601
5602
5603
5604
5605
5606
5607
5608
5609
5610
5611
5612
5613
5614
5615
5616
5617
5618
5619
5620
5621
5622
5623
5624
5625
5626
5627
5628
5629
5630
5631
5632
5633
5634
5635
5636
5637
5638
5639
5640
5641
5642
5643
5644
5645
5646
5647
5648
5649
5650
5651
5652
5653
5654
5655
5656
5657
5658
5659
5660
5661
5662
5663
5664
5665
5666
5667
5668
5669
5670
5671
5672
5673
5674
5675
5676
5677
5678
5679
5680
5681
5682
5683
5684
5685
5686
5687
5688
5689
5690
5691
5692
5693
5694
5695
5696
5697
5698
5699
5700
5701
5702
5703
5704
5705
5706
5707
5708
5709
5710
5711
5712
5713
5714
5715
5716
5717
5718
5719
5720
5721
5722
5723
5724
5725
5726
5727
5728
5729
5730
5731
5732
5733
5734
5735
5736
5737
5738
5739
5740
5741
5742
5743
5744
5745
5746
5747
5748
5749
5750
5751
5752
5753
5754
5755
5756
5757
5758
5759
5760
5761
5762
5763
5764
5765
5766
5767
5768
5769
5770
5771
5772
5773
5774
5775
5776
5777
5778
5779
5780
5781
5782
5783
5784
5785
5786
5787
5788
5789
5790
5791
5792
5793
5794
5795
5796
5797
5798
5799
5800
5801
5802
5803
5804
5805
5806
5807
5808
5809
5810
5811
5812
5813
5814
5815
5816
5817
5818
5819
5820
5821
5822
5823
5824
5825
5826
5827
5828
5829
5830
5831
5832
5833
5834
5835
5836
5837
5838
5839
5840
5841
5842
5843
5844
5845
5846
5847
5848
5849
5850
5851
5852
5853
5854
5855
5856
5857
5858
5859
5860
5861
5862
5863
5864
5865
5866
5867
5868
5869
5870
5871
5872
5873
5874
5875
5876
5877
5878
5879
5880
5881
5882
5883
5884
5885
5886
5887
5888
5889
5890
5891
5892
5893
5894
5895
5896
5897
5898
5899
5900
5901
5902
5903
5904
5905
5906
5907
5908
5909
5910
5911
5912
5913
5914
5915
5916
5917
5918
5919
5920
5921
5922
5923
5924
5925
5926
5927
5928
5929
5930
5931
5932
5933
5934
5935
5936
5937
5938
5939
5940
5941
5942
5943
5944
5945
5946
5947
5948
5949
5950
5951
5952
5953
5954
5955
5956
5957
5958
5959
5960
5961
5962
5963
5964
5965
5966
5967
5968
5969
5970
5971
5972
5973
5974
5975
5976
5977
5978
5979
5980
5981
5982
5983
5984
5985
5986
5987
5988
5989
5990
5991
5992
5993
5994
5995
5996
5997
5998
5999
6000
6001
6002
6003
6004
6005
6006
6007
6008
6009
6010
6011
6012
6013
6014
6015
6016
6017
6018
6019
6020
6021
6022
6023
6024
6025
6026
6027
6028
6029
6030
6031
6032
6033
6034
6035
6036
6037
6038
6039
6040
6041
6042
6043
6044
6045
6046
6047
6048
6049
6050
6051
6052
6053
6054
6055
6056
6057
6058
6059
6060
6061
6062
6063
6064
6065
6066
6067
6068
6069
6070
6071
6072
6073
6074
6075
6076
6077
6078
6079
6080
6081
6082
6083
6084
6085
6086
6087
6088
6089
6090
6091
6092
6093
6094
6095
6096
6097
6098
6099
6100
6101
6102
6103
6104
6105
6106
6107
6108
6109
6110
6111
6112
6113
6114
6115
6116
6117
6118
6119
6120
6121
6122
6123
6124
6125
6126
6127
6128
6129
6130
6131
6132
6133
6134
6135
6136
6137
6138
6139
6140
6141
6142
6143
6144
6145
6146
6147
6148
6149
6150
6151
6152
6153
6154
6155
6156
6157
6158
6159
6160
6161
6162
6163
6164
6165
6166
6167
6168
6169
6170
6171
6172
6173
6174
6175
6176
6177
6178
6179
6180
6181
6182
6183
6184
6185
6186
6187
6188
6189
6190
6191
6192
6193
6194
6195
6196
6197
6198
6199
6200
6201
6202
6203
6204
6205
6206
6207
6208
6209
6210
6211
6212
6213
6214
6215
6216
6217
6218
6219
6220
6221
6222
6223
6224
6225
6226
6227
6228
6229
6230
6231
6232
6233
6234
6235
6236
6237
6238
6239
6240
6241
6242
6243
6244
6245
6246
6247
6248
6249
6250
6251
6252
6253
6254
6255
6256
6257
6258
6259
6260
6261
6262
6263
6264
6265
6266
6267
6268
6269
6270
6271
6272
6273
6274
6275
6276
6277
6278
6279
6280
6281
6282
6283
6284
6285
6286
6287
6288
6289
6290
6291
6292
6293
6294
6295
6296
6297
6298
6299
6300
6301
6302
6303
6304
6305
6306
6307
6308
6309
6310
6311
6312
6313
6314
6315
6316
6317
6318
6319
6320
6321
6322
6323
6324
6325
6326
6327
6328
6329
6330
6331
6332
6333
6334
6335
6336
6337
6338
6339
6340
6341
6342
6343
6344
6345
6346
6347
6348
6349
6350
6351
6352
6353
6354
6355
6356
6357
6358
6359
6360
6361
6362
6363
6364
6365
6366
6367
6368
6369
6370
6371
6372
6373
6374
6375
6376
6377
6378
6379
6380
6381
6382
6383
6384
6385
6386
6387
6388
6389
6390
6391
6392
6393
6394
6395
6396
6397
6398
6399
6400
6401
6402
6403
6404
6405
6406
6407
6408
6409
6410
6411
6412
6413
6414
6415
6416
6417
6418
6419
6420
6421
6422
6423
6424
6425
6426
6427
6428
6429
6430
6431
6432
6433
6434
6435
6436
6437
6438
6439
6440
6441
6442
6443
6444
6445
6446
6447
6448
6449
6450
6451
6452
6453
6454
6455
6456
6457
6458
6459
6460
6461
6462
6463
6464
6465
6466
6467
6468
6469
6470
6471
6472
6473
6474
6475
6476
6477
6478
6479
6480
6481
6482
6483
6484
6485
6486
6487
6488
6489
6490
6491
6492
6493
6494
6495
6496
6497
6498
6499
6500
6501
6502
6503
6504
6505
6506
6507
6508
6509
6510
6511
6512
6513
6514
6515
6516
6517
6518
6519
6520
6521
6522
6523
6524
6525
6526
6527
6528
6529
6530
6531
6532
6533
6534
6535
6536
6537
6538
6539
6540
6541
6542
6543
6544
6545
6546
6547
6548
6549
6550
6551
6552
6553
6554
6555
6556
6557
6558
6559
6560
6561
6562
6563
6564
6565
6566
6567
6568
6569
6570
6571
6572
6573
6574
6575
6576
6577
6578
6579
6580
6581
6582
6583
6584
6585
6586
6587
6588
6589
6590
6591
6592
6593
6594
6595
6596
6597
6598
6599
6600
6601
6602
6603
6604
6605
6606
6607
6608
6609
6610
6611
6612
6613
6614
6615
6616
6617
6618
6619
6620
6621
6622
6623
6624
6625
6626
6627
6628
6629
6630
6631
6632
6633
6634
6635
6636
6637
6638
6639
6640
6641
6642
6643
6644
6645
6646
6647
6648
6649
6650
6651
6652
6653
6654
6655
6656
6657
6658
6659
6660
6661
6662
6663
6664
6665
6666
6667
6668
6669
6670
6671
6672
6673
6674
6675
6676
6677
6678
6679
6680
6681
6682
6683
6684
6685
6686
6687
6688
6689
6690
6691
6692
6693
6694
6695
6696
6697
6698
6699
6700
6701
6702
6703
6704
6705
6706
6707
6708
6709
6710
6711
6712
6713
6714
6715
6716
6717
6718
6719
6720
6721
6722
6723
6724
6725
6726
6727
6728
6729
6730
6731
6732
6733
6734
6735
6736
6737
6738
6739
6740
6741
6742
6743
6744
6745
6746
6747
6748
6749
6750
6751
6752
6753
6754
6755
6756
6757
6758
6759
6760
6761
6762
6763
6764
6765
6766
6767
6768
6769
6770
6771
6772
6773
6774
6775
6776
6777
6778
6779
6780
6781
6782
6783
6784
6785
6786
6787
6788
6789
6790
6791
6792
6793
6794
6795
6796
6797
6798
6799
6800
6801
6802
6803
6804
6805
6806
6807
6808
6809
6810
6811
6812
6813
6814
6815
6816
6817
6818
6819
6820
6821
6822
6823
6824
6825
6826
6827
6828
6829
6830
6831
6832
6833
6834
6835
6836
6837
6838
6839
6840
6841
6842
6843
6844
6845
6846
6847
6848
6849
6850
6851
6852
6853
6854
6855
6856
6857
6858
6859
6860
6861
6862
6863
6864
6865
6866
6867
6868
6869
6870
6871
6872
6873
6874
6875
6876
6877
6878
6879
6880
6881
6882
6883
6884
6885
6886
6887
6888
6889
6890
6891
6892
6893
6894
6895
6896
6897
6898
6899
6900
6901
6902
6903
6904
6905
6906
6907
6908
6909
6910
6911
6912
6913
6914
6915
6916
6917
6918
6919
6920
6921
6922
6923
6924
6925
6926
6927
6928
6929
6930
6931
6932
6933
6934
6935
6936
6937
6938
6939
6940
6941
6942
6943
6944
6945
6946
6947
6948
6949
6950
6951
6952
6953
6954
6955
6956
6957
6958
6959
6960
6961
6962
6963
6964
6965
6966
6967
6968
6969
6970
6971
6972
6973
6974
6975
6976
6977
6978
6979
6980
6981
6982
6983
6984
6985
6986
6987
6988
6989
6990
6991
6992
6993
6994
6995
6996
6997
6998
6999
7000
7001
7002
7003
7004
7005
7006
7007
7008
7009
7010
7011
7012
7013
7014
7015
7016
7017
7018
7019
7020
7021
7022
7023
7024
7025
7026
7027
7028
7029
7030
7031
7032
7033
7034
7035
7036
7037
7038
7039
7040
7041
7042
7043
7044
7045
7046
7047
7048
7049
7050
7051
7052
7053
7054
7055
7056
7057
7058
7059
7060
7061
7062
7063
7064
7065
7066
7067
7068
7069
7070
7071
7072
7073
7074
7075
7076
7077
7078
7079
7080
7081
7082
7083
7084
7085
7086
7087
7088
7089
7090
7091
7092
7093
7094
7095
7096
7097
7098
7099
7100
7101
7102
7103
7104
7105
7106
7107
7108
7109
7110
7111
7112
7113
7114
7115
7116
7117
7118
7119
7120
7121
7122
7123
7124
7125
7126
7127
7128
7129
7130
7131
7132
7133
7134
7135
7136
7137
7138
7139
7140
7141
7142
7143
7144
7145
7146
7147
7148
7149
7150
7151
7152
7153
7154
7155
7156
7157
7158
7159
7160
7161
7162
7163
7164
7165
7166
7167
7168
7169
7170
7171
7172
7173
7174
7175
7176
7177
7178
7179
7180
7181
7182
7183
7184
7185
7186
7187
7188
7189
7190
7191
7192
7193
7194
7195
7196
7197
7198
7199
7200
7201
7202
7203
7204
7205
7206
7207
7208
7209
7210
7211
7212
7213
7214
7215
7216
7217
7218
7219
7220
7221
7222
7223
7224
7225
7226
7227
7228
7229
7230
7231
7232
7233
7234
7235
7236
7237
7238
7239
7240
7241
7242
7243
7244
7245
7246
7247
7248
7249
7250
7251
7252
7253
7254
7255
7256
7257
7258
7259
7260
7261
7262
7263
7264
7265
7266
7267
7268
7269
7270
7271
7272
7273
7274
7275
7276
7277
7278
7279
7280
7281
7282
7283
7284
7285
7286
7287
7288
7289
7290
7291
7292
7293
7294
7295
7296
7297
7298
7299
7300
7301
7302
7303
7304
7305
7306
7307
7308
7309
7310
7311
7312
7313
7314
7315
7316
7317
7318
7319
7320
7321
7322
7323
7324
7325
7326
7327
7328
7329
7330
7331
7332
7333
7334
7335
7336
7337
7338
7339
7340
7341
7342
7343
7344
7345
7346
7347
7348
7349
7350
7351
7352
7353
7354
7355
7356
7357
7358
7359
7360
7361
7362
7363
7364
7365
7366
7367
7368
7369
7370
7371
7372
7373
7374
7375
7376
7377
7378
7379
7380
7381
7382
7383
7384
7385
7386
7387
7388
7389
7390
7391
7392
7393
7394
7395
7396
7397
7398
7399
7400
7401
7402
7403
7404
7405
7406
7407
7408
7409
7410
7411
7412
7413
7414
7415
7416
7417
7418
7419
7420
7421
7422
7423
7424
7425
7426
7427
7428
7429
7430
7431
7432
7433
7434
7435
7436
7437
7438
7439
7440
7441
7442
7443
7444
7445
7446
7447
7448
7449
7450
7451
7452
7453
7454
7455
7456
7457
7458
7459
7460
7461
7462
7463
7464
7465
7466
7467
7468
7469
7470
7471
7472
7473
7474
7475
7476
7477
7478
7479
7480
7481
7482
7483
7484
7485
7486
7487
7488
7489
7490
7491
7492
7493
7494
7495
7496
7497
7498
7499
7500
7501
7502
7503
7504
7505
7506
7507
7508
7509
7510
7511
7512
7513
7514
7515
7516
7517
7518
7519
7520
7521
7522
7523
7524
7525
7526
7527
7528
7529
7530
7531
7532
7533
7534
7535
7536
7537
7538
7539
7540
7541
7542
7543
7544
7545
7546
7547
7548
7549
7550
7551
7552
7553
7554
7555
7556
7557
7558
7559
7560
7561
7562
7563
7564
7565
7566
7567
7568
7569
7570
7571
7572
7573
7574
7575
7576
7577
7578
7579
7580
7581
7582
7583
7584
7585
7586
7587
7588
7589
7590
7591
7592
7593
7594
7595
7596
7597
7598
7599
7600
7601
7602
7603
7604
7605
7606
7607
7608
7609
7610
7611
7612
7613
7614
7615
7616
7617
7618
7619
7620
7621
7622
7623
7624
7625
7626
7627
7628
7629
7630
7631
7632
7633
7634
7635
7636
7637
7638
7639
7640
7641
7642
7643
7644
7645
7646
7647
7648
7649
7650
7651
7652
7653
7654
7655
7656
7657
7658
7659
7660
7661
7662
7663
7664
7665
7666
7667
7668
7669
7670
7671
7672
7673
7674
7675
7676
7677
7678
7679
7680
7681
7682
7683
7684
7685
7686
7687
7688
7689
7690
7691
7692
7693
7694
7695
7696
7697
7698
7699
7700
7701
7702
7703
7704
7705
7706
7707
7708
7709
7710
7711
7712
7713
7714
7715
7716
7717
7718
7719
7720
7721
7722
7723
7724
7725
7726
7727
7728
7729
7730
7731
7732
7733
7734
7735
7736
7737
7738
7739
7740
7741
7742
7743
7744
7745
7746
7747
7748
7749
7750
7751
7752
7753
7754
7755
7756
7757
7758
7759
7760
7761
7762
7763
7764
7765
7766
7767
7768
7769
7770
7771
7772
7773
7774
7775
7776
7777
7778
7779
7780
7781
7782
7783
7784
7785
7786
7787
7788
7789
7790
7791
7792
7793
7794
7795
7796
7797
7798
7799
7800
7801
7802
7803
7804
7805
7806
7807
7808
7809
7810
7811
7812
7813
7814
7815
7816
7817
7818
7819
7820
7821
7822
7823
7824
7825
7826
7827
7828
7829
7830
7831
7832
7833
7834
7835
7836
7837
7838
7839
7840
7841
7842
7843
7844
7845
7846
7847
7848
7849
7850
7851
7852
7853
7854
7855
7856
7857
7858
7859
7860
7861
7862
7863
7864
7865
7866
7867
7868
7869
7870
7871
7872
7873
7874
7875
7876
7877
7878
7879
7880
7881
7882
7883
7884
7885
7886
7887
7888
7889
7890
7891
7892
7893
7894
7895
7896
7897
7898
7899
7900
7901
7902
7903
7904
7905
7906
7907
7908
7909
7910
7911
7912
7913
7914
7915
7916
7917
7918
7919
7920
7921
7922
7923
7924
7925
7926
7927
7928
7929
7930
7931
7932
7933
7934
7935
7936
7937
7938
7939
7940
7941
7942
7943
7944
7945
7946
7947
7948
7949
7950
7951
7952
7953
7954
7955
7956
7957
7958
7959
7960
7961
7962
7963
7964
7965
7966
7967
7968
7969
7970
7971
7972
7973
7974
7975
7976
7977
7978
7979
7980
7981
7982
7983
7984
7985
7986
7987
7988
7989
7990
7991
7992
7993
7994
7995
7996
7997
7998
7999
8000
8001
8002
8003
8004
8005
8006
8007
8008
8009
8010
8011
8012
8013
8014
8015
8016
8017
8018
8019
8020
8021
8022
8023
8024
8025
8026
8027
8028
8029
8030
8031
8032
8033
8034
8035
8036
8037
8038
8039
8040
8041
8042
8043
8044
8045
8046
8047
8048
8049
8050
8051
8052
8053
8054
8055
8056
8057
8058
8059
8060
8061
8062
8063
8064
8065
8066
8067
8068
8069
8070
8071
8072
8073
8074
8075
8076
8077
8078
8079
8080
8081
8082
8083
8084
8085
8086
8087
8088
8089
8090
8091
8092
8093
8094
8095
8096
8097
8098
8099
8100
8101
8102
8103
8104
8105
8106
8107
8108
8109
8110
8111
8112
8113
8114
8115
8116
8117
8118
8119
8120
8121
8122
8123
8124
8125
8126
8127
8128
8129
8130
8131
8132
8133
8134
8135
8136
8137
8138
8139
8140
8141
8142
8143
8144
8145
8146
8147
8148
8149
8150
8151
8152
8153
8154
8155
8156
8157
8158
8159
8160
8161
8162
8163
8164
8165
8166
8167
8168
8169
8170
8171
8172
8173
8174
8175
8176
8177
8178
8179
8180
8181
8182
8183
8184
8185
8186
8187
8188
8189
8190
8191
8192
8193
8194
8195
8196
8197
8198
8199
8200
8201
8202
8203
8204
8205
8206
8207
8208
8209
8210
8211
8212
8213
8214
8215
8216
8217
8218
8219
8220
8221
8222
8223
8224
8225
8226
8227
8228
8229
8230
8231
8232
8233
8234
8235
8236
8237
8238
8239
8240
8241
8242
8243
8244
8245
8246
8247
8248
8249
8250
8251
8252
8253
8254
8255
8256
8257
8258
8259
8260
8261
8262
8263
8264
8265
8266
8267
8268
8269
8270
8271
8272
8273
8274
8275
8276
8277
8278
8279
8280
8281
8282
8283
8284
8285
8286
8287
8288
8289
8290
8291
8292
8293
8294
8295
8296
8297
8298
8299
8300
8301
8302
8303
8304
8305
8306
8307
8308
8309
8310
8311
8312
8313
8314
8315
8316
8317
8318
8319
8320
8321
8322
8323
8324
8325
8326
8327
8328
8329
8330
8331
8332
8333
8334
8335
8336
8337
8338
8339
8340
8341
8342
8343
8344
8345
8346
8347
8348
8349
8350
8351
8352
8353
8354
8355
8356
8357
8358
8359
8360
8361
8362
8363
8364
8365
8366
8367
8368
8369
8370
8371
8372
8373
8374
8375
8376
8377
8378
8379
8380
8381
8382
8383
8384
8385
8386
8387
8388
8389
8390
8391
8392
8393
8394
8395
8396
8397
8398
8399
8400
8401
8402
8403
8404
8405
8406
8407
8408
8409
8410
8411
8412
8413
8414
8415
8416
8417
8418
8419
8420
8421
8422
8423
8424
8425
8426
8427
8428
8429
8430
8431
8432
8433
8434
8435
8436
8437
8438
8439
8440
8441
8442
8443
8444
8445
8446
8447
8448
8449
8450
8451
8452
8453
8454
8455
8456
8457
8458
8459
8460
8461
8462
8463
8464
8465
8466
8467
8468
8469
8470
8471
8472
8473
8474
8475
8476
8477
8478
8479
8480
8481
8482
8483
8484
8485
8486
8487
8488
8489
8490
8491
8492
8493
8494
8495
8496
8497
8498
8499
8500
8501
8502
8503
8504
8505
8506
8507
8508
8509
8510
8511
8512
8513
8514
8515
8516
8517
8518
8519
8520
8521
8522
8523
8524
8525
8526
8527
8528
8529
8530
8531
8532
8533
8534
8535
8536
8537
8538
8539
8540
8541
8542
8543
8544
8545
8546
8547
8548
8549
8550
8551
8552
8553
8554
8555
8556
8557
8558
8559
8560
8561
8562
8563
8564
8565
8566
8567
8568
8569
8570
8571
8572
8573
8574
8575
8576
8577
8578
8579
8580
8581
8582
8583
8584
8585
8586
8587
8588
8589
8590
8591
8592
8593
8594
8595
8596
8597
8598
8599
8600
8601
8602
8603
8604
8605
8606
8607
8608
8609
8610
8611
8612
8613
8614
8615
8616
8617
8618
8619
8620
8621
8622
8623
8624
8625
8626
8627
8628
8629
8630
8631
8632
8633
8634
8635
8636
8637
8638
8639
8640
8641
8642
8643
8644
8645
8646
8647
8648
8649
8650
8651
8652
8653
8654
8655
8656
8657
8658
8659
8660
8661
8662
8663
8664
8665
8666
8667
8668
8669
8670
8671
8672
8673
8674
8675
8676
8677
8678
8679
8680
8681
8682
8683
8684
8685
8686
8687
8688
8689
8690
8691
8692
8693
8694
8695
8696
8697
8698
8699
8700
8701
8702
8703
8704
8705
8706
8707
8708
8709
8710
8711
8712
8713
8714
8715
8716
8717
8718
8719
8720
8721
8722
8723
8724
8725
8726
8727
8728
8729
8730
8731
8732
8733
8734
8735
0.04985087244728563 0.002673942269297021 0
0.1194373240825027 0.01334452291042795 0
0.1665274199142793 0.0302385444692706 0
0.1665191880323449 0.03347513999979913 0
0.1665297755624806 0.03673405337749044 0
0.1630294637924918 0.03674293918651477 0
0.1594603819772942 0.0367438136465764 0
0.1665481411242858 0.02704271422284863 0
0.1665783266942663 0.02389403998380056 0
0.1666184823069501 0.02079114670724556 0
0.1669618514119867 0.008941527819039093 0
0.1668517305707888 0.01179249683497438 0
0.1667482417963384 0.01472673754046809 0
0.1666726374591156 0.01773299211150421 0
0.1667947896543991 0.003132201593307407 0
0.166954625945909 0.006111786569992995 0
0.05096210139367756 0.005022686524161896 0
0.1630402746123832 0.03025883525343324 0
0.1595291344446666 0.03024964840390903 0
0.159473386034805 0.0334919535939902 0
0.1630168658633897 0.03349298322376005 0
0.1596042352008851 0.02702085379368173 0
0.1630849308393134 0.02704886624008709 0
0.1631449358964491 0.02386741226267416 0
0.159693172287138 0.02380676518050317 0
0.1632213607097116 0.02071479981917937 0
0.1597977726680757 0.02060505602776824 0
0.1640609503842827 0.008638808973961807 0
0.1498105392477689 0.01027234992213976 0
0.153263142220912 0.01038558209060246 0
0.1531587064968608 0.01376477157246578 0
0.1567964050955425 0.01057606528058181 0
0.1603747894159733 0.01095082130537106 0
0.1636918012671608 0.0114715869537334 0
0.1599264591746749 0.01740922251936734 0
0.1633222286802585 0.01759058815587539 0
0.1634661569467727 0.01449981190781237 0
0.1600995754158167 0.01420538277099909 0
0.1497054848074172 0.01364441563742314 0
0.156637746685538 0.01394459052127311 0
0.1430381784861706 0.01014512958581113 0
0.1464106339672047 0.01019751131440789 0
0.1396774727858518 0.01010711829697315 0
0.139488301346598 0.01345880291520761 0
0.1428783556934501 0.01350218908571847 0
0.1462814263720133 0.01356139277941662 0
0.1498641320856005 0.006865062566245231 0
0.153286134270501 0.006941419348561163 0
0.1640489832873458 0.006132872311109266 0
0.1610622942332178 0.007278722550013854 0
0.1568639608510286 0.007054788745669085 0
0.1431847044868798 0.006773332332414572 0
0.1465123055076392 0.00681163926493606 0
0.1398606396527872 0.006745267959442825 0
0.1433242072439876 0.003389982288922483 0
0.1465914796618245 0.003409771951096142 0
0.1400512395315202 0.003375319527743156 0
0.1566335886669478 0.003491153402641591 0
0.153173717915307 0.003467475395705403 0
0.1498500639927569 0.003435643767602154 0
0.1602109818261891 0.003422161458845708 0
0.1635912216172071 0.003186406978378326 0
0.1595648303341456 0.02863341135782631 0
0.05098438325673654 0.002481262880499775 0
0.04962418161760782 0.001500475467730585 0
0.16423728897661 0.00739182334270958 0
0.1626500222696359 0.008313216988163183 0
0.1626318570815621 0.006375565847520335 0
0.1666924371807192 0.001576369491287147 0
0.1683961563024735 0.003177443662151672 0
0.1683448178290047 0.001597193977268225 0
0.1669102592523831 0.0103572829749059 0
0.1684724327853962 0.009063604015114942 0
0.1684246157851171 0.01190527734899849 0
0.1684508172112562 0.01048098867797661 0
0.05244148919960113 0.004530340851937942 0
0.1665216287956821 0.03510296869358025 0
0.1682609757322591 0.0334567848760932 0
0.1682667049672539 0.03672684756815693 0
0.1682624285734914 0.03509052945941615 0
0.1683102423953091 0.02080973815191142 0
0.1666434134039531 0.01925646121900786 0
0.1683375786461097 0.01778091426625154 0
0.1683228403997823 0.01929013641394983 0
0.1667072055803095 0.01622244842744234 0
0.1683752679709201 0.0148051814182297 0
0.1683549109039162 0.0162861513665762 0
0.1665448773113049 0.03836666799638905 0
0.1682741997812161 0.03836330673224219 0
0.1514988573335624 0.003451054245569005 0
0.1498169940979865 0.001717932032254822 0
0.1530653081724272 0.001732721548944553 0
0.1514288568383803 0.001725113287261985 0
0.1401601507591704 0.001688231431339366 0
0.1384003230924268 0.003369216079883997 0
0.1385128285998719 0.001684957254071813 0
0.1682899959322457 0.02388771540633096 0
0.1665969943381605 0.02233717774161092 0
0.1682994062203597 0.0223434046634176 0
0.1665214247489902 0.03185293277697844 0
0.168264705864732 0.03021075635962434 0
0.1682619007401081 0.03182967575955202 0
0.168274889734117 0.02701951903766659 0
0.166562107402523 0.02546267919919329 0
0.1682818814068201 0.02544773106751947 0
0.1482184341598541 0.003421818290176723 0
0.1466350487998307 0.001705442495336509 0
0.1482265117230861 0.001711195067708577 0
0.1665365012811885 0.02863508234809853 0
0.1682691647616274 0.02860910634480573 0
0.144958877510497 0.00339918638830898 0
0.1433914669272928 0.001695410317681535 0
0.1450154651639809 0.00170009597094068 0
0.1651992320584104 0.00313425147215814 0
0.1634148744255156 0.001605241515052681 0
0.165058782516973 0.001579000631219057 0
0.1619355422528319 0.003291553330112208 0
0.159983183731445 0.001704035941322561 0
0.1617183301772998 0.001652490099473471 0
0.1669854792269958 0.007534163837175375 0
0.1684692933635927 0.006195640777336692 0
0.1684814978771014 0.007638624406027287 0
0.1515283732241924 0.01032259723790859 0
0.1498451813694999 0.008572593025537593 0
0.1515624072127557 0.006899724135633088 0
0.1532892897138094 0.008670733447791901 0
0.1515562228448686 0.008616279109923719 0
0.166796530635099 0.01324969884073809 0
0.1683986630722515 0.01334740286224738 0
0.141690384223994 0.003382102346345211 0
0.1417790317515461 0.001691468645019227 0
0.1584178922368284 0.003480141021051375 0
0.1564647381765023 0.001740852606743632 0
0.1582209486341669 0.001732279958720731 0
0.119678736830208 0.0116737175159085 0
0.1594940572773559 0.03837162229911159 0
0.1612577475500227 0.03674428082030638 0
0.1630554021207943 0.0383710668720755 0
0.1612899630353893 0.03837188961442828 0
0.1633870265960825 0.01604018081693536 0
0.1616308223728023 0.01750224146058064 0
0.1600053474489221 0.01580972277417244 0
0.1617965196931908 0.01435653949573427 0
0.161705408124847 0.0159275830032512 0
0.1668848681298161 0.004646033231728264 0
0.1684392571104135 0.004705401763939717 0
0.1647849107685436 0.03673955404118755 0
0.1648046730781936 0.03836933957929206 0
0.1583759966749589 0.01406481929071727 0
0.1651141146969884 0.0146244452166912 0
0.165001935136363 0.01766877226383806 0
0.1650527955265151 0.01613986966148061 0
0.149865789343442 0.005151961381408452 0
0.1532472505234574 0.005204689352212372 0
0.151543470359085 0.0051767010402882 0
0.1548850184063697 0.003482534936609036 0
0.1547491065021968 0.001738598705707942 0
0.1399535568286273 0.005061129917381309 0
0.138195836843106 0.006733981986908012 0
0.1382958940117895 0.005052319458379187 0
0.1652780490489472 0.0116520811290161 0
0.1638556925104433 0.01001333427782429 0
0.1654857243691522 0.008811374433346638 0
0.1653814129721338 0.01021027406611487 0
0.1649227490924895 0.0207586553954117 0
0.1632678995225399 0.01914906988977249 0
0.1649591999804941 0.01920881190273127 0
0.1481830061177576 0.006836056121998267 0
0.146553378536447 0.005112184172698675 0
0.1482052880884173 0.005130550534143543 0
0.05032593114695382 0.003833034711699566 0
0.05164749898063335 0.003474269189679288 0
0.1448471250041616 0.006790952224339507 0
0.1432548456277802 0.005082829378488463 0
0.1449037612905324 0.005096397234635791 0
0.1602173060513412 0.01259031170803971 0
0.1620665888302235 0.01123606593583852 0
0.1635651644760714 0.01297382115800503 0
0.1619122637810757 0.01279060184555695 0
0.1648636634788707 0.02388629416061935 0
0.1631807779323645 0.02228756607129713 0
0.164891217736337 0.02231787331277258 0
0.14472217124962 0.0101691273601579 0
0.1463491816296919 0.01188236704713721 0
0.1445778321897705 0.0135294059173942 0
0.1429601013697145 0.01182560578964363 0
0.1446524146667107 0.01185163478719414 0
0.143112829497443 0.008460926108355351 0
0.141357005115874 0.01012467816864435 0
0.1397692589564059 0.00842736500060145 0
0.1415231693036524 0.006758255056413519 0
0.1414407528290826 0.008442875435708017 0
0.1464650573971465 0.008507061336355133 0
0.1447869570581181 0.008482082785906092 0
0.1654758380188553 0.006080833161980902 0
0.1655470100449575 0.007451473386267187 0
0.1651885109839051 0.01312655463051617 0
0.1615131601660922 0.02066249458621573 0
0.1598582364611989 0.01900701873515906 0
0.161567797170939 0.0190804319974263 0
0.1416057327367032 0.005071186107495223 0
0.1648184834619607 0.0270513338772931 0
0.1631130960155269 0.02545449297469755 0
0.164839504684294 0.02546411869187148 0
0.137998894779268 0.01009193060973643 0
0.1380974592815766 0.008413931746688062 0
0.1647719966811397 0.03348688945311576 0
0.1630252175760781 0.0318733565450639 0
0.1647864257711153 0.03025343805949758 0
0.16477650655986 0.03186694795386378 0
0.1630604982302667 0.02865044566937844 0
0.164800665771294 0.02864796834691076 0
0.1614214885643486 0.02384005056419368 0
0.1597431675270449 0.02220465835935963 0
0.1614648385074376 0.02224888700136058 0
0.1613468799150649 0.02703795824379194 0
0.1596469975861069 0.02541202911512135 0
0.1613822958633588 0.02543633991421995 0
0.1587907938439382 0.007137839678460542 0
0.1567729975662694 0.005261688531269021 0
0.1605126810502249 0.005202872840273198 0
0.1586160389352712 0.005270481461766617 0
0.1638049474318112 0.004712989355745673 0
0.1653440430039625 0.004641870448766813 0
0.1514281566363259 0.01369876957637096 0
0.1497629600007046 0.01196303404116346 0
0.153216976705017 0.01208329406716282 0
0.1514840086564987 0.01201675732358542 0
0.1612879483614517 0.03025698617933786 0
0.16131526542525 0.02864491698319435 0
0.1594585468579426 0.03511701287065338 0
0.1395840602517622 0.01178430630567561 0
0.1377966502839971 0.01344140518429942 0
0.1378988873008201 0.01176779311339086 0
0.1411820713775288 0.01347888148031553 0
0.1412709553610818 0.01180339371345141 0
0.1481057923910586 0.01023140199863797 0
0.1481498326224104 0.008536802425308883 0
0.1630173912710039 0.03511656232413748 0
0.16477430604118 0.03511162717873787 0
0.1568562325211423 0.008837091967726522 0
0.1606111694044054 0.009244987293120899 0
0.1585914593469105 0.01072942179852166 0
0.1587127978242591 0.008982771470263332 0
0.1479902488149514 0.01359925246081718 0
0.1622152842712439 0.0048945885184316 0
0.1480520451718076 0.01191897278395769 0
0.1550466807907512 0.006992033287432391 0
0.1549871115837168 0.00523456590233654 0
0.1612513028343201 0.03349436748719432 0
0.1612469648157991 0.0351181778571683 0
0.1567185541335254 0.01227486519892649 0
0.1584766472904305 0.01241418483109346 0
0.1594980543648452 0.03186930841993556 0
0.1612659950819497 0.03187369869666453 0
0.1548963088578655 0.01384553199747752 0
0.1550185203989475 0.0104668904006173 0
0.1550524099077104 0.008740966432007795 0
0.1622861039663384 0.009716246043047223 0
0.1549625411321434 0.01216719379538002 0
0.05054669820128256 0.001653571331829441 0
0.163181312192918 0.007365181809159413 0
0.1217298693341257 0.001673092184927373 0
0.1216908795988818 0.003341432387133171 0
0.1216552475750628 0.004991670468019265 0
0.1216175590427499 0.00664317064886423 0
0.1215688984474907 0.008319444301168846 0
0.1214889876626041 0.01000249565034771 0
0.121296172292181 0.0116749865463416 0
0.1210906847131433 0.01334732299750842 0
0.1234546010865073 0.001669972927991051 0
0.1233799017437632 0.003337215273239629 0
0.1233136986172265 0.004999082889942985 0
0.1232463144578206 0.006661848617163627 0
0.1231675647979765 0.008332848873127803 0
0.1230629739279429 0.01000806864807513 0
0.1229104006451004 0.01168051786902616 0
0.1227355755763866 0.01335207602793206 0
0.1251579897402346 0.001669741920674185 0
0.1250623652103719 0.003338382095660696 0
0.1249750163195293 0.005005279617560473 0
0.1248875982131961 0.006672656763805979 0
0.1247917004988271 0.008342983006334469 0
0.1246784628181616 0.01001533041464674 0
0.1245403995731842 0.01168711033502623 0
0.1243842719934384 0.01335814275037356 0
0.1268482339356264 0.001670996502875707 0
0.1267382793027107 0.003341187989571583 0
0.1266379379805849 0.005010778945557241 0
0.1265384480936669 0.006680565992994178 0
0.1264332251673655 0.008351385420776177 0
0.1263167047991878 0.0100229783129064 0
0.1261853617722708 0.01169435221121302 0
0.1260407906908848 0.01336509889775702 0
0.128512325166924 0.00167227750715675 0
0.1284054609479401 0.003344267976275226 0
0.128300962893281 0.005015864779913541 0
0.128195723640704 0.006687360637256489 0
0.1280861189906794 0.008359032492154087 0
0.127968858269069 0.01003076381102219 0
0.1278418766130786 0.01170212808755351 0
0.1277052792031262 0.0133728169778933 0
0.1301716548305868 0.001673824073476691 0
0.1300701792957458 0.003347539917898712 0
0.1299650694779034 0.005020871552834415 0
0.1298576504634936 0.006693852977423764 0
0.1297466192178305 0.008366534556104973 0
0.1296301605896306 0.01003882141824781 0
0.1295069440705398 0.01171048627279613 0
0.1293766423363197 0.01338131891730328 0
0.1318440588527916 0.001675709577921822 0
0.1317384724524707 0.003351122041091084 0
0.1316315871179425 0.005026084102093219 0
0.1315232289898205 0.006700504740289506 0
0.131412372627186 0.0083743104095012 0
0.1312977387944964 0.01004738662180196 0
0.1311782988240373 0.0117195718974844 0
0.1310535708373237 0.01339071688025495 0
0.1335192976712478 0.001677728885466231 0
0.133408417087379 0.003354990305772257 0
0.1332996732262807 0.005031667833842667 0
0.1331912285993859 0.006707608676014418 0
0.1330816443122402 0.008382670918625063 0
0.1329696508006669 0.0100567126998745 0
0.1328542585858538 0.01172958999706807 0
0.1327348813099171 0.01340118255717293 0
0.135189137642867 0.001679845061978935 0
0.1350765396464954 0.003359191410456149 0
0.1349674828598027 0.005037777352024193 0
0.1348601909262249 0.006715402681369506 0
0.1347529872594571 0.008391882683059937 0
0.1346444669383704 0.01006705642166915 0
0.13453356731161 0.01174077721340671 0
0.134419608773297 0.01341293533906061 0
0.1368547441846819 0.001682256968031464 0
0.1367412481154661 0.003363894503777249 0
0.136633414503838 0.005044599338792921 0
0.1365287716464156 0.00672411325902374 0
0.1364252165981136 0.008402209899519378 0
0.1363211198505717 0.01007869442320209 0
0.1362153084172597 0.01175340658487299 0
0.1361070214817452 0.0134262388417232 0
0.06105753636446497 0.01134082193264761 0
0.06027244939080191 0.01270426730710968 0
0.06287220767576897 0.01147786503005317 0
0.06214634917975859 0.01294407402431412 0
0.06467028668504654 0.01154387359809204 0
0.06398283398806495 0.01307477388296062 0
0.0664364377600402 0.01158207292675355 0
0.06577543692346911 0.01315209777452649 0
0.06811649202869188 0.01160210276850429 0
0.06751028697439064 0.01319910695385235 0
0.06974563956586004 0.01161776050165983 0
0.06919625021996163 0.01323098230972553 0
0.07133314221045378 0.01162761313031583 0
0.07084550472507889 0.0132531670007015 0
0.07290664446820184 0.01163526501001608 0
0.0724750905079854 0.01326955898177879 0
0.07450218734451217 0.01164220040472184 0
0.0741038593015229 0.01328259946018219 0
0.07611260345885507 0.01164669903801058 0
0.07573860745223471 0.01329247244995685 0
0.07774285639839359 0.01165065126043326 0
0.07738297621401327 0.01330030334000271 0
0.07938558330682208 0.01165328984489527 0
0.07903655158725824 0.01330635003127414 0
0.08104753886198734 0.01165603316816644 0
0.08069988387240924 0.01331146488405581 0
0.08271587768976794 0.0116581531071839 0
0.08236855649854243 0.0133156292778129 0
0.08437811341122149 0.01165960831938867 0
0.08403674956058853 0.01331888382821208 0
0.08603346471319769 0.01166125090699733 0
0.08570172036256833 0.01332164006550068 0
0.08766805325543779 0.01166167298517222 0
0.08736071725244206 0.01332344782264103 0
0.08930210471928922 0.01166216571791458 0
0.0890209384587569 0.0133249067332219 0
0.09096679854730287 0.01166342434691487 0
0.09069439651509043 0.01332656301469028 0
0.09264975914599245 0.01166392113078765 0
0.0923827816233681 0.01332777905665491 0
0.09435320076883968 0.01166438331518121 0
0.0940874647043756 0.01332871487116743 0
0.09607661463081213 0.01166402538100082 0
0.09580978462761015 0.01332918981277175 0
0.09785063072666453 0.01166499837725367 0
0.09755586475308263 0.01333026004187421 0
0.09964183386104986 0.01166560256523898 0
0.09931503349702178 0.01333132003221847 0
0.1014273079054008 0.01166597594654229 0
0.101073202904075 0.01333230297502728 0
0.1031957598652408 0.01166756021743824 0
0.1028182025703063 0.01333371830666475 0
0.1049049431176526 0.01166680671984084 0
0.104533406022713 0.01333411603925018 0
0.1065756557033792 0.01166801333146748 0
0.1062182391533788 0.01333495717281734 0
0.1081867552449451 0.01166707971196821 0
0.107870676101324 0.01333498009898928 0
0.1097768940788405 0.01166739569089779 0
0.1095044860008781 0.01333540267850065 0
0.1113808633415218 0.01166834080179365 0
0.1111365674906621 0.01333636485895423 0
0.1129957021398994 0.01166870018994135 0
0.1127739026155506 0.01333724104597992 0
0.1146289595925246 0.01166917749367892 0
0.1144216043085826 0.01333820128437025 0
0.1162807308483229 0.0116690448986283 0
0.1160822070133863 0.01333916923469239 0
0.1179806009053283 0.01167051590628185 0
0.1177598861135005 0.01334129198554387 0
0.05836650590373689 0.0122436626865738 0
0.05932053138716842 0.01099946184729913 0
0.05429143905716151 0.006755283690411759 0
0.05259065846031546 0.007517695799294253 0
0.05782298692902219 0.01008813608215511 0
0.05649657054206586 0.009010636414397212 0
0.05533789934682601 0.0078878240094905 0
0.05640113882961621 0.0113818721109801 0
0.05481770847084528 0.01013843043988544 0
0.05359904684331541 0.008819877342986747 0
0.05171974644666477 0.006250834978649056 0
0.05332780596974328 0.005631111401236227 0
0.05413684888695909 0.01306337385108667 0
0.05063592350621141 0.01356545202356216 0
0.04821075509066618 0.01384919899366514 0
0.04604508396133746 0.01405436372097631 0
0.04400496436131 0.01421133207056512 0
0.04204045306486782 0.01433457324184933 0
0.04012657719612628 0.01443273522078393 0
0.03824881763847496 0.01451155746296491 0
0.03639793420981356 0.01457505415975227 0
0.03456769942880804 0.01462612787060954 0
0.03275378452824189 0.01466692155707555 0
0.03095317065987568 0.01469902854021037 0
0.0291638073134889 0.0147236328743901 0
0.02738438972562027 0.01474159676032419 0
0.02561417899020437 0.01475352824175429 0
0.02385283052825823 0.01475982495460761 0
0.02210023981084729 0.01476069871874939 0
0.0203564016310335 0.0147561865538466 0
0.01862129651519259 0.01474615003078067 0
0.01689481806679212 0.01473027022513296 0
0.01517673624784042 0.01470801800800416 0
0.01346669475111625 0.01467860633519012 0
0.01176421347377579 0.01464093193184328 0
0.01006868488758236 0.01459348999096251 0
0.008379387826959045 0.01453426589854469 0
0.006695521694539575 0.01446064302214985 0
0.005016269771799282 0.01436941275704808 0
0.003340896926754947 0.01425713398518243 0
0.001668858784109175 0.0141214381005442 0
0.05265081317945166 0.01121635771689016 0
0.051607367144014 0.009617457604864484 0
0.05075920936296058 0.008141447869095797 0
0.05003166337570747 0.006742196962965943 0
0.04940643094123732 0.005395230816182234 0
0.04889011500451185 0.004081429852376944 0
0.04850360172735632 0.002775182671796678 0
0.04827525331002013 0.001429837648006191 0
0.05362013413884541 0.01525952836706182 0
0.05326692568972982 0.01722828775292587 0
0.05298289540663623 0.01909429395251083 0
0.05273218230926741 0.02090713411344621 0
0.052500225203556 0.02268905293729234 0
0.05227993792613634 0.02445127044960903 0
0.05206705364657895 0.02620011033117888 0
0.05185841824323152 0.0279394800936659 0
0.05165123415343799 0.02967197885027109 0
0.05144260099451094 0.03139943989679667 0
0.05122907554471547 0.03312321895320397 0
0.05100614256447877 0.03484438000013715 0
0.05076751983923891 0.03656382484293052 0
0.05050475510148148 0.0382823727314778 0
0.05721418556711446 0.01376184451920575 0
0.05942023752982026 0.01419110003337595 0
0.06141221687978405 0.01445770527693282 0
0.06330871858496467 0.01462318271418402 0
0.06514184128328915 0.01472876094749331 0
0.06692005797521432 0.01479788278742674 0
0.06865215518002216 0.01484531019680005 0
0.07034871799941929 0.01487908475470792 0
0.07202211285154207 0.01490406743560979 0
0.07368478805312074 0.01492330304401014 0
0.0753449143347124 0.01493822488051477 0
0.07700724738288986 0.01494997979345474 0
0.07867374043155299 0.01495928564970216 0
0.08034503781898385 0.01496685146505353 0
0.08201973374665723 0.01497300984560417 0
0.08369540629595439 0.01497796725032523 0
0.08537046714716004 0.01498199359329454 0
0.08704449942383438 0.01498509487551421 0
0.08872067146135129 0.01498759012529922 0
0.09040433734249317 0.01498982558146577 0
0.09209845536296463 0.01499167618364872 0
0.09380464443600224 0.01499318156251784 0
0.09552377477271098 0.0149943791217279 0
0.09725644027154896 0.01499571695556839 0
0.09899767952810019 0.01499708911498837 0
0.1007393026625646 0.01499843522674517 0
0.1024726973314027 0.01499985454324695 0
0.1041891747324854 0.0150008635862324 0
0.1058854777625994 0.0150018201077136 0
0.1075615163207645 0.01500246663134691 0
0.109223287816901 0.0150032233474125 0
0.1108794198876408 0.01500430124176997 0
0.1125361959127593 0.01500552617924931 0
0.1141978416219123 0.01500693530933096 0
0.1158664965103543 0.01500862603836899 0
0.1175423405267525 0.01501108571334277 0
0.1192188336036009 0.01501432212610027 0
0.1208878517528176 0.01501787956671682 0
0.122552197627099 0.01502252675085615 0
0.1242172226729603 0.01502829614268855 0
0.1258862367338991 0.01503502885703429 0
0.1275604168612527 0.01504264877340481 0
0.1292397236822001 0.01505117726204357 0
0.1309235954335775 0.01506071278202764 0
0.1326113265370446 0.01507140851173565 0
0.1343022561836963 0.01508346753462358 0
0.1359958510274756 0.01509714083589549 0
0.1376917612760616 0.01511272488585312 0
0.1393898399276806 0.01513057733922623 0
0.1410901564978104 0.01515112526205071 0
0.1427929997343009 0.0151748865298088 0
0.1444988466000473 0.01520249223918922 0
0.1462083211339938 0.01523471800971216 0
0.1479221087419368 0.01527252197889378 0
0.1496408272093624 0.01531708855622994 0
0.151364810392554 0.01536986916999648 0
0.1530937714363179 0.01543256864535902 0
0.1548263333392017 0.01550704570968221 0
0.1565594634870593 0.0155949014643775 0
0.1582880525896301 0.01569657816980331 0
0.05008711756351764 0.01179495230630314 0
0.04945968968362957 0.01014365464572601 0
0.04884310415067039 0.008589371596431195 0
0.04827199904506665 0.007106200852391725 0
0.04776372953955799 0.005671570769074131 0
0.04733127593226816 0.004264769330882729 0
0.04698388717490734 0.002863510099284278 0
0.04671848167937679 0.00144472234020469 0
0.04784093852314239 0.01213249377485013 0
0.04739566714454214 0.01048471579238177 0
0.04692943179693052 0.008901299263805326 0
0.04647647807856842 0.007370247622175426 0
0.04605800032451577 0.005877158038510064 0
0.04568713949472655 0.004406892714336376 0
0.04536977450102815 0.002944374107615899 0
0.04510178876376982 0.001477111234155108 0
0.04575216455804442 0.01236746686163725 0
0.04540592050922516 0.01072483313529718 0
0.04503598859453168 0.009125988133341192 0
0.04466634051188713 0.007564865910503139 0
0.0443142177921024 0.006032496666427087 0
0.04399086799114865 0.004518708609468403 0
0.04370219863003115 0.003013507852869565 0
0.04345009980609125 0.001508768560419111 0
0.0437568148910974 0.01254090061702721 0
0.0434708670689248 0.0109011750849521 0
0.04316429154384441 0.009292340261098542 0
0.04285294388452945 0.0077109805272382 0
0.04254938028863883 0.006151408574894122 0
0.04226227322230441 0.00460684622428565 0
0.04199629882129453 0.003070494302847115 0
0.04175210999519332 0.001536454577631994 0
0.04182190110822504 0.01267329336504311 0
0.04157558444333484 0.01103447561872751 0
0.0413121788139106 0.009418228321681696 0
0.04104220608136759 0.007822401829339964 0
0.04077450560404264 0.006243232628199806 0
0.04051543074848239 0.004676080928719731 0
0.04026847253580036 0.003116095585425551 0
0.04003416781445453 0.001558730500442654 0
0.03992881142239315 0.01277646764939156 0
0.03970993394739907 0.01113726412789256 0
0.03947697493922726 0.00951507019243393 0
0.0392370775004395 0.007908383210722132 0
0.03899647094009742 0.006314591435893336 0
0.03875975828067365 0.00473039587740358 0
0.03852944217924713 0.003152223939912779 0
0.03830557800098762 0.001576538797474265 0
0.03806616458483299 0.01285788670941547 0
0.03786700399443254 0.01121756479382427 0
0.03765618763167866 0.009590408972270861 0
0.0374387535327682 0.007975287369741997 0
0.03721924340636047 0.00637028775108182 0
0.03700116814268892 0.004772984222176285 0
0.03678647292073257 0.003180690293814997 0
0.03657470094779448 0.001590642117731262 0
0.03622652623704575 0.01292255719083164 0
0.03604190471351237 0.01128075955323639 0
0.03584757150955982 0.009649405320572898 0
0.03564726729099486 0.008027584952555364 0
0.03544458358294002 0.006413837794954552 0
0.03524266991927111 0.004806310257061431 0
0.03504406275095612 0.003202921065829173 0
0.03485064051578817 0.001601512192531237 0
0.03440479910839526 0.0129739666358543 0
0.03423105870162021 0.01133057970302013 0
0.0340490982629218 0.009695673026783102 0
0.03386184170982678 0.008068487462092969 0
0.03367235296842513 0.00644786386470937 0
0.03348379877485368 0.004832345674260394 0
0.03329967445224576 0.003220293864925752 0
0.0331246258043118 0.001610017788180915 0
0.03259740541474496 0.01301461542478863 0
0.03243184179336802 0.01136967454858732 0
0.03225906514823133 0.009731790310488438 0
0.03208139975723212 0.008100313003451725 0
0.03190148224033967 0.006474299222812943 0
0.03172235563183425 0.004852582360359152 0
0.03154770271271565 0.003233866316741833 0
0.03138201008727256 0.001616816449809447 0
0.03080187786417747 0.01304632238170754 0
0.03064244567171395 0.01139995270776212 0
0.0304762995025157 0.009759613384554494 0
0.03030519789849764 0.008124736061389685 0
0.0301312784094026 0.006494527920691859 0
0.02995724284501698 0.004868016116584292 0
0.02978689941503473 0.003244112199464234 0
0.02962668487913885 0.001621708469326675 0
0.0290166210335794 0.01307041557669779 0
0.02886182669320949 0.01142279721198776 0
0.02870031857731142 0.00978048464380628 0
0.02853323008591046 0.008142976797375514 0
0.02836194921550272 0.006509594539100045 0
0.02818818311967685 0.004879520586245223 0
0.02801405539851213 0.003251853055274482 0
0.02784198526405058 0.001625665935072396 0
0.02724074936656092 0.01308784874760357 0
0.02708963737760725 0.01143919638853145 0
0.02693141319907584 0.009795360801070276 0
0.02676653533836984 0.008155895836915656 0
0.02659549983794812 0.006520204400642185 0
0.02641877342089997 0.004887573880796182 0
0.02623667611462029 0.00325721162565129 0
0.02604910501936795 0.001628291775262185 0
0.02547393528663252 0.01309928676932773 0
0.02532609645159695 0.01144983179606956 0
0.025170520060522 0.009804901812808615 0
0.02500699768537339 0.008164089265063592 0
0.02483513141865454 0.006526856268987479 0
0.02465415972652155 0.004892555365061193 0
0.02446276824272593 0.003260456556553929 0
0.02425902368381875 0.001629799061873508 0
0.02371622151555079 0.01310516279676889 0
0.02357178501898163 0.01145514910609211 0
0.02341894904445109 0.00980953902680317 0
0.02325692768977345 0.00816795289965442 0
0.02308452845437504 0.006529894039821023 0
0.02289985409229272 0.004894766425075647 0
0.02269980805916649 0.003261903172766107 0
0.02247912377156666 0.001630607082135274 0
0.02196784056970939 0.01310571255828994 0
0.02182741381561942 0.01145539685847157 0
0.02167807239208837 0.00980951741812414 0
0.0215186255314803 0.008167709753683011 0
0.02134735053399189 0.006529493816299747 0
0.02116165505021431 0.004894282883376211 0
0.0209575828655939 0.003261383490072788 0
0.020729495168403 0.001630016402578628 0
0.02022904963875802 0.01310099441138922 0
0.0200936036809474 0.01145065223885004 0
0.01994900687155707 0.009804928346884654 0
0.01979388163031312 0.008163457506099026 0
0.01962632018346308 0.006525763615413672 0
0.01944348435554039 0.004891290418134712 0
0.0192406029330167 0.003259445853296094 0
0.01900776815701402 0.001629564897574859 0
0.01849999441670208 0.01309089131908723 0
0.01837071713862301 0.0114408307729035 0
0.0182323775691005 0.009795720149266069 0
0.01808364670507216 0.00815516231129387 0
0.0179229048347866 0.006518629691999395 0
0.01774824352836421 0.004885492346450478 0
0.0175576981524319 0.003255037577354881 0
0.01735047012492393 0.001626511307562261 0
0.01678063614525818 0.01307511167560475 0
0.01665877894126207 0.0114256935242215 0
0.01652820327957279 0.009781727183019066 0
0.01638772004029207 0.008142749041715521 0
0.016236084199514 0.006508148402962285 0
0.01607234192070593 0.004877209385039485 0
0.0158969578918552 0.003249171462543204 0
0.01571532930379974 0.001623398321971479 0
0.0150707447394164 0.01305317307836201 0
0.01495752815644941 0.01140483926173359 0
0.01483609332460419 0.009762656683968456 0
0.01470531557953263 0.008126053400168864 0
0.01456399004492379 0.006494302999742824 0
0.01441101144523987 0.004866588035555253 0
0.01424579900406148 0.003242085821871049 0
0.01406898295274718 0.001620062982924629 0
0.01336992885445852 0.01302436178761937 0
0.01326652634802498 0.01137767577354747 0
0.01315554253546594 0.009738062238245747 0
0.01303584523017239 0.008104776653118709 0
0.01290602808388337 0.006476901902348306 0
0.01276422329506542 0.004853441327386264 0
0.01260754155180144 0.003233428905549944 0
0.01243011550136049 0.001615992752754629 0
0.01167765157405046 0.01298769154147184 0
0.01158519435008844 0.01134339720892678 0
0.01148598662743384 0.009707349239048103 0
0.01137894451867084 0.008078533036218303 0
0.01126258466938568 0.00645571845121414 0
0.01113468729903132 0.004837589053660437 0
0.01099167193896397 0.003222871600635287 0
0.01082790944962612 0.00161043973896453 0
0.009993217513491845 0.01294185381471806 0
0.0099127580438437 0.01130096314134276 0
0.009826619956881069 0.009669790408174499 0
0.00973391876548152 0.008046923974113655 0
0.009633401140193898 0.006430668347943874 0
0.009523048544728449 0.004819254794719001 0
0.009399095870412308 0.003211105036850501 0
0.00925313561540618 0.001605041377096879 0
0.008315768560984912 0.01288515192300087 0
0.008248192157471482 0.01124906141669308 0
0.008176222111527534 0.009624513807617981 0
0.008099348522413896 0.008009552575154946 0
0.00801695901609549 0.006401774205712987 0
0.007928238316643688 0.004798663453766609 0
0.007832043293206567 0.00319805146409417 0
0.007727039499501764 0.001598469941098045 0
0.006644320734535845 0.01281544208445615 0
0.006590239332915956 0.0111860575983043 0
0.006533122017604254 0.009570468308828493 0
0.006472890530344944 0.007966082389580971 0
0.00640971795670682 0.006369400300274773 0
0.006344230416915772 0.004776712696319781 0
0.006278095722989138 0.00318506025979471 0
0.006215556452135784 0.001592742419343342 0
0.004977854783469168 0.01273009845624863 0
0.00493754027198752 0.01110990960917637 0
0.004895431712880288 0.009506282853647499 0
0.004851748357230665 0.007916241975708636 0
0.004807273506358622 0.006334368528023364 0
0.004763579819177174 0.004754829879237393 0
0.00472386029721568 0.003173524447872399 0
0.00469396942834123 0.001588095531626602 0
0.003315446156539031 0.01262598390451078 0
0.003288824119010604 0.01101803742468338 0
0.003261425070231319 0.00942980990304784 0
0.003233413378987651 0.007859857600857093 0
0.003205897695160525 0.006298474073135127 0
0.003180666077429187 0.004735675250005796 0
0.00316165405478773 0.003166421912559138 0
0.003158017338612804 0.001586063995289079 0
0.001656384118983181 0.01249906966387556 0
0.001643090837958827 0.01090735737005342 0
0.001629865719279103 0.009336451084258788 0
0.001616235326015139 0.007796990377328342 0
0.001603407249063771 0.006265747588932575 0
0.001592190341579744 0.004723916990312365 0
0.001584677709279031 0.003170576432488106 0
0.001584712650033529 0.001589457360680061 0
0.05082032575594256 0.0154357335849009 0
0.04843556219866891 0.01561945128670327 0
0.04625792644530066 0.01577684987987587 0
0.04420145692902087 0.0159077156757918 0
0.0422227837544486 0.01601568691864895 0
0.04029760743633897 0.01610461487159424 0
0.03841103058774625 0.01617778875179315 0
0.03655328804784467 0.01623785181603049 0
0.03471767323644258 0.01628689586000036 0
0.03289945387798487 0.01632655925612459 0
0.03109527244329293 0.01635811383458795 0
0.02930277086913582 0.01638253390303836 0
0.02752035235699474 0.01640054316817454 0
0.0257469983204051 0.01641266415183402 0
0.02398210435313809 0.01641924083306206 0
0.02222534065679792 0.01642045005735198 0
0.02047652974834573 0.01641631304137769 0
0.01873554417726855 0.01640668624042453 0
0.01700223111480902 0.01639125139202716 0
0.01527636388321288 0.01636948036440795 0
0.01355762178991259 0.01634058035721256 0
0.01184558495712962 0.01630342150739836 0
0.01013972977401018 0.01625641548540959 0
0.008439445566544787 0.01619734191247644 0
0.006744066806722807 0.01612313501645046 0
0.005052915335630237 0.01602968605502864 0
0.003365383490608012 0.01591195212990327 0
0.001681090282663111 0.01576521869580837 0
0.05081303940510282 0.01729386547633077 0
0.0485327301976236 0.01740543769022875 0
0.04638860276137163 0.01751869470981466 0
0.04434198616505956 0.01762190730668579 0
0.04236500857460514 0.01771214708836595 0
0.04043878506938785 0.01778949521540616 0
0.03855039183117227 0.0178550162848587 0
0.03669075605957944 0.0179100035678565 0
0.03485335615874317 0.01795569892001234 0
0.03303344697089569 0.01799318967595299 0
0.03122756704701813 0.01802338376591345 0
0.02943321616747569 0.01804700895450946 0
0.02764864434423564 0.01806462778857668 0
0.02587267295187258 0.01807665783509516 0
0.02410454808064821 0.01808337586496709 0
0.02234381715938494 0.01808492359289059 0
0.02059021111358678 0.01808131089028697 0
0.01884355258802745 0.01807240590400516 0
0.01710367808864532 0.01805792376471004 0
0.01537038460266712 0.01803738958803353 0
0.01364339813498493 0.01801008551940569 0
0.01192236167479015 0.01797497579499298 0
0.01020682987747278 0.01793056360856427 0
0.008496281132240088 0.01787466034510965 0
0.006790154029137615 0.01780400663098726 0
0.005087876212389861 0.01771362892314339 0
0.003388881016578665 0.01759593590684165 0
0.001692618083008107 0.01744069113481262 0
0.0507223556675887 0.019120782026884 0
0.04854377911064978 0.01918805103973554 0
0.04645104802592991 0.01926733656772228 0
0.04443079240118659 0.01934612542683187 0
0.0424679436126947 0.0194191085149212 0
0.04054975333109715 0.01948430099129133 0
0.03866622239974682 0.01954125580140756 0
0.03680966876415667 0.01959021173304309 0
0.03497422423082988 0.01963167832699624 0
0.03315542953655831 0.01966623752829988 0
0.0313499227442663 0.0196944452184959 0
0.02955521913268941 0.01971678234892226 0
0.02776953653634378 0.01973364575394934 0
0.0259916466168529 0.01974533978635791 0
0.02422074999297887 0.01975207092296755 0
0.02245636021503918 0.01975394749300292 0
0.02069819191135194 0.01975097407100083 0
0.01894607880254114 0.01974304912766345 0
0.01719989036287572 0.01972994899545069 0
0.01545947580581332 0.01971129849932372 0
0.01372462863476673 0.01968653800967307 0
0.01199505938002371 0.01965485779713149 0
0.01027039465123798 0.01961507392693209 0
0.008550187030372539 0.01956542079614947 0
0.00683394981077748 0.01950312761791044 0
0.005121216755657244 0.01942343568068685 0
0.003411639954376627 0.01931702973571814 0
0.001705038865103231 0.0191624111268625 0
0.0505942663912323 0.0209187795013255 0
0.04850065795993415 0.02096030730639852 0
0.04646212636557483 0.02101551018093227 0
0.04447614037016284 0.0210746582240917 0
0.04253552652873022 0.0211324306284767 0
0.04063235750612731 0.02118611386230032 0
0.03875939331785034 0.02123446620462391 0
0.03691048289150785 0.02127704407085607 0
0.03508059502388258 0.02131382274997246 0
0.0332657154633358 0.02134498013004685 0
0.03146272008373562 0.02137077058709899 0
0.02966925184796748 0.02139145623434575 0
0.02788359804862196 0.02140727844045187 0
0.02610457808473899 0.02141843404839556 0
0.02433143517035425 0.0214250618993006 0
0.02256372874046284 0.02142724026739559 0
0.02080123449318476 0.02142497823501298 0
0.01904385701359358 0.02141821388689585 0
0.01729155048699503 0.0214068050951297 0
0.01554425392097812 0.02139051508707279 0
0.01380185114094283 0.02136900084940164 0
0.01206413262484858 0.02134177833885056 0
0.01033079235977596 0.02130817119496667 0
0.008601438488706203 0.02126724138736306 0
0.006875604105718261 0.02121764482525227 0
0.005152777697622402 0.02115736833902411 0
0.003432438692915263 0.02108327634649389 0
0.001714252392560192 0.02099042524313686 0
0.05044817179343508 0.02269454197332443 0
0.04842352278979872 0.02272109746255043 0
0.04643596819794588 0.02275980235432003 0
0.04448681680924547 0.0228039238321613 0
0.04257301750530565 0.02284905191073724 0
0.04068976665405424 0.02289251808066509 0
0.03883190242361001 0.02293280309212745 0
0.03699457360009083 0.02296911256338347 0
0.03517353299147041 0.02300109068779714 0
0.03336523493669437 0.02302863050556518 0
0.03156684428449955 0.02305175517133208 0
0.02977619611291589 0.02307055090680165 0
0.02799172369557136 0.02308512647720691 0
0.02621236907889705 0.02309558393750608 0
0.02443749717307116 0.02310200426581588 0
0.02266678886387785 0.02310444024910691 0
0.02090015230737859 0.02310290953030519 0
0.01913762867652531 0.02309739539356932 0
0.01737931403006572 0.02308784651383722 0
0.01562528415295579 0.02307417889176487 0
0.01387554136270369 0.02305628447288911 0
0.0121299760615574 0.02303403947460713 0
0.01038835337670749 0.02300733738586953 0
0.008650331446231022 0.02297616831028515 0
0.006915478588133545 0.02294078582319153 0
0.005183316465209906 0.02290216272868845 0
0.003453400445486477 0.02286334140861479 0
0.001725499961722013 0.02283363789736899 0
0.05029243167099543 0.02445398506936297 0
0.04832427287292833 0.02447158907511142 0
0.04638287482666113 0.02449907058873449 0
0.0444704396383573 0.024531967260333 0
0.04258573789542765 0.02456693719485967 0
0.04072568265654317 0.02460168920116925 0
0.03888641548727252 0.02463473989253983 0
0.03706398310868195 0.02466518561711049 0
0.035254722723258 0.02469250143978421 0
0.03345547141408069 0.0247164068600487 0
0.03166366382374036 0.02473676822600441 0
0.0298773473137656 0.02475354437196065 0
0.0280951451095355 0.02476674064008218 0
0.02631618730793142 0.02477638093635937 0
0.02454002690187865 0.02478249938453316 0
0.02276653885139866 0.02478512897967437 0
0.02099583368208649 0.0247842964736851 0
0.01922816037691941 0.02478003077184744 0
0.01746381954766385 0.02477236562149713 0
0.01570308223392987 0.02476135924269908 0
0.01394610933403455 0.02474711898440429 0
0.01219290999123995 0.02472984177707541 0
0.01044332571782892 0.02470990920326885 0
0.008697049419859632 0.02468804485009149 0
0.006953665039434884 0.02466560138686278 0
0.005212713327798782 0.02464510512441772 0
0.003473758001136029 0.02463120094373179 0
0.001736370516264186 0.02463164959454455 0
0.05013057750318556 0.02620149726564414 0
0.04820968499636166 0.02621354609831887 0
0.04630982333516465 0.02623332223698758 0
0.04443296242765938 0.02625789861160545 0
0.04257841719359102 0.02628485078937911 0
0.04074381091990132 0.02631234985487715 0
0.03892590387198044 0.02633910419585191 0
0.03712119597674528 0.02636424048682169 0
0.03532633906068317 0.02638718480630751 0
0.03353840012173524 0.02640757584057322 0
0.03175500909996741 0.02642519201483247 0
0.02997441186146269 0.02643990736556949 0
0.02819544828976194 0.02645165111057079 0
0.026417489232609 0.02646038966259874 0
0.02464033628043891 0.02646611992322942 0
0.02286413121722165 0.02646886037778502 0
0.02108925796127285 0.02646864724559817 0
0.01931624755940688 0.02646554539449864 0
0.01754568483714139 0.02645965941660001 0
0.01577810413884818 0.02645116018189392 0
0.014013880031226 0.0264403186441789 0
0.01225316724197807 0.02642756817553087 0
0.01049587775359601 0.02641362455014525 0
0.008741700911704273 0.02639965270518007 0
0.006990173817170237 0.0263875561930877 0
0.005240779714791768 0.02638047543514963 0
0.003493013555071533 0.02638364267755654 0
0.001746348283702015 0.02640615768075396 0
0.04996375647586338 0.02794021524675338 0
0.04808336700171369 0.02794868044161911 0
0.04622123898603207 0.02796307432462455 0
0.04437871547643556 0.02798146593374536 0
0.04255494584325995 0.02800212811047017 0
0.04074757229814403 0.02802366897812832 0
0.0389534058247808 0.02804503548122204 0
0.03716897751234707 0.02806546140288754 0
0.03539095583137736 0.02808440558288208 0
0.03361644392082225 0.0281014891370222 0
0.03184315959948265 0.02811645456239422 0
0.03006951286168267 0.02812912720527458 0
0.0282945843638655 0.02813938863395478 0
0.02651803367119614 0.0281471668085166 0
0.02473998060183526 0.02815243125665461 0
0.0229608967247408 0.02815518713426884 0
0.02118150984875716 0.02815547841196645 0
0.01940271952518378 0.02815339385756371 0
0.01762549228905762 0.02814908489732453 0
0.01585071617256306 0.02814279526514954 0
0.01407905879517024 0.02813489709514392 0
0.01231086414047358 0.02812596085611546 0
0.0105460992074107 0.02811686489948549 0
0.008784386293548913 0.02810893306807033 0
0.007025121903100105 0.02810414615942228 0
0.005267642920039187 0.02810541631849841 0
0.003511336514921818 0.02811676583000398 0
0.001755629715179646 0.02814288867598303 0
0.04979167650429776 0.02967239924410238 0
0.04794681413010836 0.02967846440521401 0
0.04611959929383709 0.02968901633874284 0
0.04431059427984095 0.02970275956037541 0
0.04251833926259839 0.02971847566458324 0
0.04073998305747532 0.02973513901269873 0
0.03897191195429026 0.02975193235564895 0
0.03721029544956397 0.02976823230160453 0
0.0354515102588323 0.02978356813892512 0
0.03369247363773171 0.02979758993426555 0
0.03193086610121459 0.02981004087599472 0
0.03016521998730853 0.02982072801018451 0
0.02839489559086105 0.02982950787122547 0
0.02661991116147979 0.02983628517206776 0
0.02484077922899425 0.02984101021691879 0
0.02305836141112128 0.02984367824257669 0
0.02127379481984557 0.02984433572229259 0
0.0194884373456093 0.02984308329095155 0
0.01770375985952456 0.02984009011232887 0
0.01592114474132612 0.029835631552272 0
0.01414167369010534 0.02983012192833273 0
0.01236594541019757 0.02982417448814964 0
0.0105939661823985 0.02981868182034817 0
0.008825195140907627 0.02981492410470045 0
0.007058724613423328 0.02981471768406042 0
0.005293604498202473 0.02982055968915014 0
0.003529087579195012 0.02983563031451087 0
0.001764658190268234 0.02986324390273182 0
0.04961289529379505 0.03139971543529251 0
0.04779990003583914 0.03140411358089136 0
0.04600580435392631 0.03141185067633271 0
0.04423025425640529 0.03142204106711157 0
0.04247080306947446 0.03143383173005589 0
0.0407236576122765 0.03144648650436425 0
0.03898435728969988 0.03145940335692854 0
0.0372483290993991 0.0314721025719891 0
0.03551134080629602 0.03148420320439495 0
0.03376986739381879 0.03149541585239574 0
0.03202141366242473 0.03150550279723597 0
0.03026459865974643 0.03151428218035799 0
0.02849915252982615 0.03152159916587086 0
0.02672556365661889 0.03152734704883568 0
0.02494483670530732 0.0315314603447369 0
0.02315827806791322 0.0315339330445283 0
0.02136747098887649 0.03153480820203886 0
0.01957429631737738 0.03153418572840964 0
0.01778090991706391 0.03153222804576639 0
0.01598940476041844 0.03152920281044071 0
0.01420146578139436 0.03152551272846209 0
0.01241807454694417 0.0315217381891621 0
0.01063926651410695 0.03151868064783638 0
0.008864191266556729 0.03151743499474564 0
0.007091322848005622 0.03151951223467066 0
0.005319148833224069 0.03152698584543782 0
0.003546729781745347 0.03154269266397149 0
0.00177366134648381 0.03157030759033017 0
0.04942471902506707 0.0331234227093369 0
0.04764098626225709 0.03312662479423707 0
0.04587933267604503 0.03313223458032139 0
0.04413825435491646 0.03313965122626847 0
0.04241383624055344 0.03314827396722768 0
0.04070088558390463 0.03315759879066088 0
0.03899368784756607 0.03316720750235159 0
0.03728655272421282 0.03317675284208489 0
0.03557430520203281 0.03318595213763023 0
0.03385264101841634 0.03319458780951263 0
0.03211876236400223 0.03320245524564615 0
0.03037129764028845 0.03320941587663203 0
0.02861060004305054 0.03321529248723673 0
0.02683780139500975 0.03321998473374475 0
0.02505457747118409 0.03322341598779842 0
0.02326268061965019 0.03322558633566947 0
0.02146410932533603 0.03322653101257356 0
0.01966124518080999 0.03322634493526394 0
0.01785722575243988 0.03322515278906635 0
0.01605518953317887 0.03322318853066773 0
0.01425771740575323 0.0332208063257195 0
0.01246645164933302 0.03321849461204852 0
0.0106814550812588 0.03321689361320813 0
0.008901398447780345 0.03321680867000242 0
0.007123477502603572 0.03321929706734042 0
0.005345035645266241 0.03322581847825627 0
0.003564934765590291 0.03323879878032732 0
0.001783064595115347 0.03326400126235268 0
0.04922275344140099 0.03484450179576463 0
0.04746675950994793 0.03484683653789288 0
0.04573821186290659 0.03485076164452325 0
0.04403414741472882 0.03485595235773108 0
0.04234834576760933 0.03486195104992686 0
0.0406737394155509 0.03486846077250534 0
0.03900297722919408 0.03487521161588332 0
0.03732887625808873 0.03488197599934661 0
0.03564501155346151 0.03488854968350349 0
0.03394567955938512 0.03489481530354707 0
0.03222781861867566 0.0349005792831281 0
0.03048966839002758 0.03490581147673597 0
0.0287330118096022 0.03491025426849331 0
0.02695978415012181 0.03491386834706197 0
0.02517274935978233 0.03491654479069875 0
0.02337394970916949 0.0349183110866665 0
0.02156565653595812 0.03491917811571056 0
0.01975035625351232 0.03491926216453964 0
0.01793280120558756 0.03491860020887996 0
0.01611771938242709 0.0349173820051298 0
0.01430897244609096 0.03491589904591094 0
0.01250951966552541 0.03491451138368773 0
0.0107193570840523 0.03491366668511166 0
0.008936799698226585 0.03491381995154083 0
0.007156254530267067 0.03491543517114336 0
0.005372558299823291 0.03491884548831571 0
0.003584749669085827 0.03492391308439377 0
0.001793228279949197 0.03492977996718191 0
0.04899982768327141 0.03656372033122567 0
0.0472719361095147 0.03656549682681829 0
0.0455788077217713 0.03656794205445513 0
0.04391664941723273 0.036571299089252 0
0.04227483364192713 0.03657503491471224 0
0.04064423849589403 0.03657911038334916 0
0.03901560506160638 0.03658335291757061 0
0.03737978817305819 0.03658764926311188 0
0.0357292670968167 0.03659180204185046 0
0.03405502007560107 0.03659590774957287 0
0.03235505431728104 0.03659960284551884 0
0.03062488166323431 0.03660321773953994 0
0.02887078273823367 0.03660618569921281 0
0.02709485968882649 0.03660870673265108 0
0.02530237775401833 0.03661053496154616 0
0.02349485429393831 0.03661181031695387 0
0.02167483507925723 0.03661244896685092 0
0.01984295195615539 0.03661268285060272 0
0.01800748819343392 0.03661236513284152 0
0.01617561234407341 0.03661165646409926 0
0.01435254448162253 0.03661078550806925 0
0.01254453155802771 0.03660997299865106 0
0.01075044959040315 0.03660950536945169 0
0.008970366709599401 0.036609531374499 0
0.007191972902954646 0.03661002639088762 0
0.005403950868739918 0.03661049184846962 0
0.003608044530561488 0.03660846294017578 0
0.001805446333124516 0.03659641646098161 0
0.04874307215133526 0.03828171487191208 0
0.04704965763670796 0.03828331652656473 0
0.04539506015035331 0.0382841562109591 0
0.04378431915832101 0.03828600570980865 0
0.04219366253220772 0.03828766837784345 0
0.04061452164098946 0.03828960587188834 0
0.03903555073251792 0.03829160630496135 0
0.03744411262718686 0.0382937219870492 0
0.03583528036159467 0.03829557195099639 0
0.03418763585605633 0.03829778335045223 0
0.03251035122353799 0.03829930894357528 0
0.03078260119017764 0.03830145596413915 0
0.02902927813163372 0.03830280854436908 0
0.02724596697523551 0.03830422770066454 0
0.02544669516055785 0.03830509173840894 0
0.02362828719402561 0.03830582460886629 0
0.02179630991424418 0.03830607761713598 0
0.0199407708897789 0.03830637207236558 0
0.01808073647104602 0.03830624667797321 0
0.01622698366766047 0.03830590400303425 0
0.01438346187065487 0.03830549047530241 0
0.01256732609627581 0.03830509078211111 0
0.01076880268885926 0.03830486783119676 0
0.00900210802401083 0.03830484212015545 0
0.007236378290601031 0.03830475852476289 0
0.005442657315312113 0.03830440270433369 0
0.003637546054239063 0.03830187643237372 0
0.001820406061604468 0.03829372649630502 0
0.05631809233570752 0.01553162917883379 0
0.05570301050501386 0.01734829750038353 0
0.05524473693426904 0.01915549249705361 0
0.05487510643299035 0.02094274065428335 0
0.05455791987963838 0.02271190321032198 0
0.05427344368859452 0.02446690866903349 0
0.05401019551926407 0.0262112368437956 0
0.05376086495281859 0.02794756173973131 0
0.05352026945947919 0.02967788813895605 0
0.05328425485086846 0.03140373271462557 0
0.05304897570345475 0.0331262662843937 0
0.05281026562998842 0.03484642187849937 0
0.05256274151508249 0.03656495438363096 0
0.0522978822895878 0.03828250042598132 0
0.05862581164105736 0.01581931244107717 0
0.05796390160373302 0.01752731889092373 0
0.05742545194053585 0.0192666784683596 0
0.05697863643753755 0.02101385228374569 0
0.05659579366408441 0.02275917703794046 0
0.05625718042391968 0.02449949425298538 0
0.05594937478328454 0.02623434746044954 0
0.05566320090749459 0.02796426785975118 0
0.05539217276228171 0.02969007251373819 0
0.0551314836246021 0.03141259922454651 0
0.05487736283284486 0.03313261861844048 0
0.0546266677422277 0.03485082255942633 0
0.05437657490390503 0.03656781953560852 0
0.05412414559134679 0.03828411014110907 0
0.06070489729001979 0.01604661192211393 0
0.06006483307823482 0.01769852123903122 0
0.05950592283832896 0.01938949872457433 0
0.05902121787133045 0.02110080491064161 0
0.05859666082907455 0.02282101802264833 0
0.05821838470772427 0.02454400305325238 0
0.05787499930125185 0.02626679210665995 0
0.05755778109780134 0.02798814226931962 0
0.05726022128714488 0.02970769714667618 0
0.05697753310109213 0.03142553388101196 0
0.05670632327983222 0.03314192904584115 0
0.05644450519051966 0.03485724890293536 0
0.05619161851409783 0.03657189027312066 0
0.05595018301894806 0.03828620077798756 0
0.06265866257538361 0.0162106592138615 0
0.06205096688880649 0.01784017348744234 0
0.06149764529638725 0.01950314510723951 0
0.06100030764036589 0.02118866997230215 0
0.06055364195056178 0.02288783681331713 0
0.0601496721570421 0.02459453722555901 0
0.05978033332956739 0.02630497980914742 0
0.05943860718431387 0.02801698534625231 0
0.05911883739710739 0.0297293955273451 0
0.05881673300175637 0.03144167193213055 0
0.05852935548708477 0.03315363439279842 0
0.05825521820862793 0.03486530249295907 0
0.0579945708253936 0.03657678392313071 0
0.0577495365541863 0.03828820968727064 0
0.06453321588313027 0.01632624107314037 0
0.06395631845850178 0.01795042110465088 0
0.06341829450211559 0.01959976609134289 0
0.06292225280029623 0.02126913641154897 0
0.06246698724350835 0.0229528519111637 0
0.06204854738517733 0.02464613458619767 0
0.0616618797000091 0.0263454672833293 0
0.06130194179714503 0.02804846674809389 0
0.06096428550183183 0.02975361011587355 0
0.06064533615368994 0.03145998750829702 0
0.06034259231121407 0.03316709817865612 0
0.06005489090729778 0.03487471031408484 0
0.0597830158026614 0.03658276242513253 0
0.05953123670537366 0.03829127416972379 0
0.06634907433286721 0.01640768695644957 0
0.06580180875728794 0.01803412460941117 0
0.06528302469240378 0.01967843338203981 0
0.06479575122259079 0.02133883615207171 0
0.06434054054213514 0.02301223065954525 0
0.06391584075081806 0.0246953903495425 0
0.06351883077336321 0.026385545706496 0
0.06314620529741882 0.02808055550028489 0
0.06279472074923545 0.02977887184871076 0
0.06246153824694416 0.03147944265590623 0
0.06214446494070833 0.03318158628228612 0
0.06184215856974222 0.03488488891358187 0
0.06155445216422889 0.03658911260608723 0
0.06128272310699254 0.03829412148864458 0
0.0681187736051927 0.01646607668404942 0
0.06760112877125304 0.01809740535315251 0
0.06710358040578719 0.01974119963460187 0
0.0666292148785696 0.02139732560872683 0
0.06617947699812671 0.02306436160921492 0
0.06575424062877006 0.02474036844593845 0
0.06535222407251635 0.02642338914933846 0
0.06497148388567588 0.02811171557111494 0
0.06460982970683914 0.02980397785024583 0
0.06426511807335855 0.03149914811389435 0
0.06393543332442161 0.033196488869975 0
0.0636191587317516 0.03489550890950592 0
0.06331512158465041 0.03659590814030997 0
0.06302315454989121 0.03829748731204412 0
0.06985285578260486 0.01650888464985202 0
0.06936474553214388 0.01814555996682493 0
0.06888935464584546 0.01979094171697657 0
0.06843015352524301 0.0214455793116889 0
0.06798920587983286 0.02310902275302377 0
0.06756729490297914 0.02478023676624771 0
0.06716418525317039 0.02645795392041324 0
0.06677895154216895 0.02814092581196427 0
0.06641028224458796 0.02982804471154212 0
0.06605670216707009 0.03151839904615649 0
0.0657166654456825 0.0332112747753029 0
0.0653884073796959 0.03490615216653165 0
0.06506955768057054 0.03660270533852815 0
0.06475675936367155 0.03830080018502661 0
0.07156152819596956 0.01654104733467622 0
0.07110170865213575 0.01818264764217931 0
0.07064831004927138 0.01983040529147867 0
0.07020521325512943 0.02148508125869657 0
0.06977493052393863 0.02314672736322243 0
0.06935883802088275 0.02481487851357079 0
0.06895739602292514 0.0264887864402129 0
0.06857041280467352 0.02816760290543852 0
0.06819728512505455 0.02985048916528915 0
0.0678371971468405 0.03153669480758876 0
0.06748921421573137 0.03322557825153359 0
0.0671520611043761 0.03491660803413839 0
0.06682320465076649 0.03660935915954548 0
0.06649587894639347 0.03830360630865329 0
0.07325435663958758 0.01656582232228862 0
0.07282003672634653 0.01821162124617912 0
0.07238735552890749 0.01986188139839206 0
0.07196026058683491 0.02151734975844947 0
0.0715414682036576 0.02317829448373239 0
0.07113267926915141 0.02484458480573415 0
0.0707347698013668 0.02651582955323414 0
0.07034802689647314 0.02819148812388853 0
0.06997235342754099 0.02987096337239051 0
0.06960750154455844 0.03155368319480447 0
0.0692533084371854 0.03323912434097649 0
0.06890983954960257 0.03492682666747911 0
0.06857733708232239 0.03661639309185441 0
0.06825530440506343 0.038307488572594 0
0.07493881237471636 0.01658519882829894 0
0.07452634144857286 0.01823452819093692 0
0.07411231371678319 0.01988714999552046 0
0.07370036350792622 0.02154372994525574 0
0.07329313946744583 0.02320461018667411 0
0.0728924199839063 0.02486984284353101 0
0.07249926070538658 0.02653926316211428 0
0.07211418197882899 0.02821254898255748 0
0.07173733820315632 0.02988930052503213 0
0.07136877606485595 0.03156910622534861 0
0.07100879561440457 0.03325156257274901 0
0.07065848041359432 0.03493630215518086 0
0.07032073595168137 0.03662300895233443 0
0.07000288653730483 0.03831133921688465 0
0.07662001002896823 0.01660053567180787 0
0.07622560798540684 0.01825281572574228 0
0.07582782980457244 0.01990756202819198 0
0.07542973457628775 0.02156534285011557 0
0.07503367920374365 0.02322651034506477 0
0.07464132457861859 0.02489120524176452 0
0.07425371708998715 0.02655939663140003 0
0.07387139910386439 0.02823091179271065 0
0.07349452328005306 0.02990549731928435 0
0.07312306400855575 0.03158286400756647 0
0.07275716303618621 0.03326270269870239 0
0.07239769169667146 0.03494469645186574 0
0.07204721412975382 0.03662849100893122 0
0.07171123795144747 0.03831364099461647 0
0.07830095477643266 0.01661278145191689 0
0.07792125161934285 0.01826753097049306 0
0.07753737874008627 0.01992414151219642 0
0.07715170943727294 0.02158309675178982 0
0.07676617822339776 0.02324473033631695 0
0.07638221218434181 0.02490921598028722 0
0.07600072602810552 0.02657659882702723 0
0.07562215048095784 0.02824680281946373 0
0.0752464646720321 0.02991967329953943 0
0.07487329080859438 0.03159501244301671 0
0.07450210969830939 0.03327260217024584 0
0.07413269689231934 0.03495222590579973 0
0.07376613655013342 0.03663365449237052 0
0.07340717368865053 0.03831649876128965 0
0.07998313869101789 0.01662267956626178 0
0.07961538673705212 0.01827946186475738 0
0.07924339074159938 0.01993767520588559 0
0.07886879464622236 0.02159772010012201 0
0.07849307249541398 0.0232598942425541 0
0.07811737969093469 0.02492437539252928 0
0.07774245957165433 0.02659124827733391 0
0.07736859964164267 0.02826049132153417 0
0.07699556651461899 0.02993201249179044 0
0.0766225468060336 0.03160567414939051 0
0.07624811986086806 0.03328131416411396 0
0.0758702760296142 0.03495877817507 0
0.07548672258329006 0.03663796253792719 0
0.0750963218655573 0.03831877725449562 0
0.08166672200185358 0.01663072613486384 0
0.0813090865350419 0.01828918611168595 0
0.08094743670259821 0.01994876565507387 0
0.08058277884530124 0.02160979212741031 0
0.08021618654747388 0.023272521782089 0
0.07984857722012159 0.02493712289711449 0
0.0794805636638212 0.0266036959054982 0
0.07911235439503227 0.02827224866381317 0
0.07874361133044995 0.02994273092263902 0
0.07837326367192478 0.03161504189057785 0
0.07799923902156745 0.03328904468530549 0
0.07761800051448847 0.03496458443372623 0
0.07722375774064622 0.03664149706916869 0
0.07680648701100204 0.03831962659871096 0
0.08335109782604744 0.0166372621368832 0
0.08300276305791024 0.01829712872128085 0
0.0826504874196855 0.0199578745936645 0
0.08229490334265312 0.0216197731690505 0
0.08193683102670218 0.02328303965270875 0
0.08157704843016056 0.02494783079468599 0
0.08121612868642919 0.02661424801705402 0
0.08085432219382035 0.02828231824701059 0
0.08049139225666384 0.02995202227595158 0
0.08012637514772745 0.03162328788874248 0
0.07975719711677773 0.03329600930406914 0
0.07938000979548562 0.0349700900795796 0
0.07898826889856385 0.03664553360207102 0
0.07857231342004474 0.03832251463290827 0
0.08503578828449915 0.01664257349326528 0
0.08469667173252515 0.01830361968286615 0
0.08435323351215479 0.01996536542498101 0
0.08400607186732811 0.02162803189801874 0
0.08365595155363204 0.02329179921031028 0
0.08330363951861539 0.0249568129982804 0
0.08294976702704104 0.02662316795366353 0
0.08259475261451077 0.02829090632739023 0
0.08223866866782797 0.02996003132594078 0
0.08188103763865391 0.03163049252784835 0
0.08152047280403607 0.03330219172526201 0
0.08115391743147238 0.03497498746330026 0
0.08077502257139865 0.03664869234461202 0
0.08037015694460495 0.03832323220077159 0
0.08672103278220109 0.01664683971553369 0
0.08639134688227386 0.01830891459645776 0
0.08605637816249843 0.01997152848884528 0
0.08571705961503699 0.02163486909761632 0
0.08537429794908341 0.02329909461256836 0
0.08502895499925636 0.02496433591048829 0
0.08468179098075101 0.0266306834183854 0
0.08433346828601138 0.02829819025917462 0
0.08398448791935087 0.02996687617273552 0
0.08363511667558485 0.03163672265983233 0
0.08328524273719405 0.03330767350962947 0
0.08293404774016649 0.03497965156785393 0
0.08257938712133801 0.03665254221193392 0
0.08221638322612024 0.03832613578054637 0
0.08840854493864442 0.01665031083564989 0
0.08808793615268111 0.01831325960439676 0
0.087760837129897 0.01997661504319326 0
0.08742866731408537 0.02164054059019406 0
0.08709256312171097 0.02330517337381921 0
0.08675351888136003 0.02497062890712221 0
0.08641243263171747 0.02663699481079364 0
0.08607019561788803 0.02830432641619662 0
0.08572771342359814 0.02997265291002654 0
0.08538598156303004 0.03164197494901574 0
0.08504616665525097 0.03331225901842341 0
0.08470972747096032 0.03498345696220267 0
0.08437878410426113 0.03665549265929335 0
0.0840575754296513 0.03832813797753849 0
0.09010107093246597 0.01665324152654073 0
0.08978806213762601 0.01831688001040466 0
0.08946772057782701 0.01998084765843326 0
0.08914175348788302 0.02164526766564108 0
0.08881145189949287 0.02331025016396073 0
0.08847788786561289 0.02497589648634452 0
0.08814202968731871 0.02664228544301408 0
0.08780489438944873 0.02830947203159051 0
0.08746764324181482 0.0299774881729301 0
0.08713176612890937 0.0316463376539667 0
0.08679930830780883 0.03331598794748095 0
0.08647319211562515 0.0349863591045162 0
0.0861575703695516 0.0366572793127929 0
0.08585761387535562 0.03832846210054212 0
0.09180083690760715 0.01665570466183028 0
0.09149323799827527 0.01831992130729326 0
0.09117809633780535 0.01998440230667018 0
0.09085714568226086 0.02164923695937301 0
0.09053166882786942 0.02331451543727771 0
0.09020268879777074 0.0249803232542429 0
0.0898711222654274 0.02664672924601189 0
0.08953794931437357 0.02831378746964721 0
0.08920436007846631 0.02998153064446193 0
0.08887199764447742 0.03164996642025709 0
0.08854328557029026 0.03331907652568681 0
0.0882219652908984 0.03498881381267671 0
0.08791401210074706 0.03665909251961297 0
0.08762973844677076 0.03832976341733093 0
0.09350921676830759 0.01665777165672951 0
0.09320449375055707 0.01832249897940393 0
0.09289274491900025 0.0199874203764685 0
0.09257550131202061 0.02165260563097833 0
0.09225384310320105 0.02331813288546562 0
0.09192858784494283 0.02498407263023264 0
0.09160045182462018 0.02665048714107969 0
0.09127019656126362 0.02831742538703887 0
0.09093878916087172 0.02998492209847448 0
0.09060763790912589 0.03165298821103703 0
0.09027893194358935 0.03332160658162518 0
0.08995615292960669 0.0349907256124373 0
0.08964471853639693 0.03666021673457794 0
0.08935228476235715 0.03832989677422961 0
0.0952267231508524 0.01665953816941172 0
0.09492217399807608 0.01832472924814174 0
0.09461196635469782 0.01999002922926416 0
0.09429715978003818 0.02165550920996083 0
0.09397842050650812 0.02332124202018089 0
0.09365620084930983 0.02498728682930727 0
0.09333087058098083 0.02665370099120482 0
0.09300281712949283 0.02832052627687581 0
0.09267256607196971 0.02998779865126701 0
0.09234096389941417 0.03165553821458689 0
0.09200947815165966 0.03332374487794146 0
0.0916806829865105 0.03499240708237901 0
0.0913591344089419 0.03666148109799665 0
0.09105317612228803 0.03833084647982213 0
0.0969528564033757 0.01666122335764829 0
0.09664573651037404 0.0183267555179473 0
0.09633541167620527 0.01999235154643071 0
0.0960220100133318 0.02165806752589219 0
0.09570554749461542 0.02332396392528535 0
0.09538596790500095 0.02499008797075167 0
0.09506318691199786 0.02665649244309624 0
0.09473711657567849 0.02832321192706194 0
0.0944077025532471 0.02999027826361999 0
0.09407501072196812 0.0316577153892964 0
0.09373939783506588 0.03332553400157744 0
0.09340178758554907 0.03499373414363401 0
0.09306417787256546 0.03666229583263755 0
0.09273047395056234 0.03833115679686167 0
0.09868469549577522 0.0166628677043897 0
0.0983733255198755 0.0183286546178538 0
0.09806191982716009 0.0199944747859336 0
0.09774939901835346 0.02166037474232665 0
0.09743498395139731 0.02332639735411857 0
0.0971180410764016 0.02499258061353891 0
0.09679799438344114 0.02665896814623617 0
0.09647425940072038 0.02832558859320305 0
0.09614618294232022 0.02999247076315567 0
0.09581300374679108 0.03165963450974685 0
0.09547386007188852 0.03332710060633717 0
0.09512782575245504 0.03499488102744729 0
0.09477404541166472 0.03666296148267537 0
0.09441164033358736 0.03833124773552291 0
0.1004173317306637 0.01666446174737463 0
0.1001018965200152 0.01833045428874761 0
0.09978957770668316 0.01999645090470982 0
0.09947815472351627 0.02166249567629017 0
0.09916608988773171 0.02332861625849459 0
0.09885221777076961 0.0249948461774939 0
0.09853552689663117 0.02666121538627368 0
0.09821501199886497 0.02832774772544465 0
0.09788952206003342 0.02999446893240468 0
0.09755760019685256 0.03166139322074855 0
0.09721732225464975 0.03332854761211198 0
0.09686610473860013 0.03499597214488755 0
0.09650067488978956 0.03666376004420098 0
0.09611783285240445 0.03833204633215587 0
0.1021451644792879 0.01666600869547641 0
0.101827847710104 0.01833215867544182 0
0.1015160525097265 0.01999830435410564 0
0.1012067633000823 0.0216644714603021 0
0.1008979091195175 0.02333067513993295 0
0.100587951520151 0.024996943551166 0
0.1002755913826048 0.02666329793202117 0
0.09995956584493082 0.02832975948929686 0
0.09963843086054085 0.02999634587055597 0
0.09931032038028846 0.03166306738023623 0
0.09897262352078737 0.03332993664436307 0
0.09862149806549059 0.03499695935623734 0
0.09825113116326596 0.03666413850250737 0
0.09785202093605494 0.03833147633021119 0
0.1038629358845968 0.01666734929989125 0
0.1035477867350455 0.01833372125695685 0
0.1032390773582031 0.0200000346030723 0
0.1029336676848213 0.02166632462063048 0
0.1026293449396823 0.02333260975856342 0
0.1023244505145226 0.02499891414558043 0
0.1020176027144385 0.02666525898777044 0
0.1017074939745556 0.02833166678416548 0
0.10139265746713 0.02999814964516612 0
0.1010712145908072 0.03166471967766413 0
0.1007404833878743 0.03333138924043013 0
0.1003963980808989 0.03499818940637245 0
0.1000327885567244 0.03666524492208896 0
0.09964126335590565 0.03833279147281543 0
0.1055677529308522 0.01666855721805548 0
0.1052595016959955 0.01833516313160107 0
0.1049569986787357 0.02000166168886648 0
0.1046576081604487 0.02166808243496067 0
0.1043593892620586 0.0233344507506009 0
0.1040608403426592 0.02500079127046935 0
0.1037607101029609 0.0266671292865946 0
0.1034578511825957 0.02833349101095924 0
0.1031510359667063 0.02999989070952701 0
0.102838759092006 0.03166634162508834 0
0.1025188765412746 0.0333328385578642 0
0.1021879560327907 0.03499935293488378 0
0.1018399297564683 0.03666583429245544 0
0.1014628381486875 0.03833231316166178 0
0.1072592883367078 0.01666961696286778 0
0.1069624099216677 0.01833651643871869 0
0.1066691347462646 0.0200032252746173 0
0.1063778860639034 0.02166978699304866 0
0.1060873311866178 0.02333623859024978 0
0.1057963512837885 0.02500261082334551 0
0.1055039918659342 0.0266689373229782 0
0.1052094108940178 0.02833524780027512 0
0.1049117977962723 0.03000156798311304 0
0.1046102961854219 0.03166792391914869 0
0.1043038486019759 0.03333432681989337 0
0.1039909235204384 0.03500078691316845 0
0.1036689797429341 0.03666730276764847 0
0.1033333838267958 0.03833381820705071 0
0.1089403041074025 0.01667071169463978 0
0.1086577206652762 0.01833788701437616 0
0.108375898187917 0.02000480009011116 0
0.1080944859349018 0.02167149807571279 0
0.1078128916163127 0.02333802398905769 0
0.1075304830366727 0.02500441510650631 0
0.1072466783699415 0.02667071387556015 0
0.106960987111514 0.02833695249430336 0
0.1066730485781789 0.03000316799944201 0
0.1063826777332513 0.03166939443302062 0
0.106089944999033 0.03333565157689906 0
0.1057953088385579 0.03500195670373422 0
0.1054998488129452 0.03666829531612743 0
0.1052059261738873 0.03833456226437387 0
0.1106153762999602 0.01667200006191105 0
0.1103478808089375 0.0183393907437871 0
0.110078558037142 0.02000647612618742 0
0.1098079924274844 0.02167328863956139 0
0.1095362313431159 0.02333986832428699 0
0.1092630881797575 0.02500625708632437 0
0.1089883232163228 0.02667250220626968 0
0.1087117488949333 0.02833863822851195 0
0.1084333516580258 0.03000470932358676 0
0.1081534251137382 0.03167075409286176 0
0.1078728100102766 0.03333679671671046 0
0.1075932926598158 0.03500283800330289 0
0.1073181692028778 0.0366687926349549 0
0.107052374355717 0.03833447242425383 0
0.1122887977695025 0.01667349146545907 0
0.1120355916833198 0.0183410925919235 0
0.1117787474797433 0.020008329796479 0
0.1115193482502111 0.02167523347912353 0
0.1112578427135706 0.02334184241189141 0
0.1109943494244287 0.02500820190821132 0
0.1107288605177685 0.02667436199537005 0
0.110461379834901 0.0283403615802638 0
0.1101920640731412 0.030006247310115 0
0.1099213839752876 0.03167206258457442 0
0.1096504048262758 0.03333784882845049 0
0.1093813442922679 0.03500365144687216 0
0.1091189075538197 0.03666950021851823 0
0.1088740412575844 0.03833529286456784 0
0.1139637607694454 0.01667523393714143 0
0.1137231057214949 0.0183430612880698 0
0.1134779955795471 0.0200104378049135 0
0.1132295693107046 0.02167740848000189 0
0.1129783875394354 0.02334401906769613 0
0.1127246900523782 0.02501032009354084 0
0.1124685642731559 0.02667636290025181 0
0.1122100740269497 0.02834219310127151 0
0.1119493741888787 0.03000785660429538 0
0.1116868311199237 0.03167339392960626 0
0.1114231651666672 0.03333883574155531 0
0.1111596262670997 0.03500420781089612 0
0.1108982254547919 0.03666954422952173 0
0.1106421827734395 0.0383348949618403 0
0.1156420029830698 0.01667733494754274 0
0.115411823737531 0.01834539255276392 0
0.1151774022434529 0.02001288752703747 0
0.1149395034633564 0.02167989424467419 0
0.1146985252741 0.02334647258520126 0
0.1144546491476142 0.02501268252759364 0
0.1142079329061526 0.02667857726928079 0
0.1139583921948924 0.02834420899184283 0
0.1137060741006509 0.03000962597830834 0
0.1134511349027776 0.0316748738035274 0
0.1131938796075063 0.03333997933894939 0
0.1129346657430528 0.03500495062865233 0
0.1126732840070199 0.036669787848861 0
0.1124064697165504 0.03833456183209279 0
0.1173235725751705 0.01668001561537663 0
0.1171020849841155 0.01834821076038443 0
0.116877472471342 0.02001576901998702 0
0.1166496961429253 0.02168276989089839 0
0.1164187897801577 0.02334927875394985 0
0.1161847562108823 0.02501535953687264 0
0.1159475410879217 0.02668107148262931 0
0.1157070421667884 0.02834647312890441 0
0.1154631437612398 0.03001162018679314 0
0.1152157728460536 0.03167657187408598 0
0.1149649675443278 0.0333413762598642 0
0.1147109553864441 0.03500608105991648 0
0.1144541743115211 0.03667073147151854 0
0.1141948815109493 0.03833535856062819 0
0.1190059903410933 0.01668332802005874 0
0.1187930875280643 0.01835158560409175 0
0.1185781249316338 0.02001915547797617 0
0.1183603743535168 0.02168610647238772 0
0.1181395443811085 0.02335250528238696 0
0.1179154596166626 0.02501841770892734 0
0.1176879390721411 0.02668390865931522 0
0.1174567391730651 0.02834903990497254 0
0.1172215463511008 0.03001387734586449 0
0.1169820005035895 0.03167848826269708 0
0.1167377766035528 0.03334293972050592 0
0.1164888247435923 0.03500731640331659 0
0.1162360466508439 0.0366717033230301 0
0.1159832556308027 0.03833610396103315 0
0.1206862544181357 0.01668718735971686 0
0.1204837427321174 0.0183555457223964 0
0.1202790639134735 0.02002310860815042 0
0.1200715956903923 0.02168997448495906 0
0.1198610174851129 0.02335622112217124 0
0.1196470968553633 0.02502192325211454 0
0.1194295829103924 0.02668715053929115 0
0.1192081195066904 0.02835196644846152 0
0.1189822027684509 0.03001644328901908 0
0.1187511389567966 0.03168064885172797 0
0.1185140284063597 0.03334465192840935 0
0.1182698374796567 0.03500853587492757 0
0.1180176837409694 0.03667238623687938 0
0.1177577836619952 0.03833627935154921 0
0.1223646750997643 0.01669186729381963 0
0.1221740156527336 0.0183602245164938 0
0.1219803078262097 0.02002771997908775 0
0.1217834651371795 0.02169445095479176 0
0.1215833760860452 0.02336049938161231 0
0.1213798900677209 0.02502594435324495 0
0.1211727735821949 0.02669085973483138 0
0.1209616357208943 0.02835531481713578 0
0.1207458603787326 0.03001938276058792 0
0.120524499575069 0.03168313348090256 0
0.120296127602773 0.03334663219315384 0
0.1200586444888481 0.03500995188690643 0
0.1198089186166078 0.03667315789459995 0
0.1195418391750018 0.03833632996825364 0
0.124043407619498 0.0166974871274692 0
0.1238648006939217 0.01836572825607373 0
0.1236822734893917 0.02003308012410745 0
0.1234962111150597 0.02169961640907181 0
0.1233067658372178 0.02336541246279783 0
0.1231139430701637 0.02503054797650966 0
0.1229176060480261 0.02669509938089576 0
0.1227174314784296 0.02835914257681673 0
0.1225128282035482 0.03002275470352955 0
0.1223028051609073 0.03168601116319367 0
0.1220857460244715 0.03334898227109385 0
0.1218590824947386 0.03501175736409379 0
0.1216188654737819 0.03667447055589886 0
0.1213597756873293 0.03833731735707472 0
0.1257244338777321 0.01670404232895612 0
0.1255571747334512 0.01837211057808504 0
0.125385528940823 0.02003926058087475 0
0.1252101171525132 0.02170554480745837 0
0.1250312925592926 0.02337103165519644 0
0.1248492265690732 0.02503579970813292 0
0.1246639339566225 0.02669992748734924 0
0.1244752506872848 0.02836349921675852 0
0.1242827697226914 0.03002659947916879 0
0.1240857156936829 0.0316893086788883 0
0.1238827080522628 0.03335169693810061 0
0.1236713202009327 0.03501382575038124 0
0.1234470966102004 0.03667574502785018 0
0.1232010252531783 0.038337544027675 0
0.1274088590915666 0.01671152697862727 0
0.1272519130371964 0.01837941461447817 0
0.1270905395650152 0.020046328181358 0
0.1269254080954804 0.02171231070658178 0
0.1267569818227064 0.02337742972102169 0
0.1265855761899112 0.02504176571689181 0
0.126411379205513 0.0267054013007099 0
0.1262344515698136 0.0283684293140501 0
0.1260546966367541 0.03003094604006636 0
0.1258717866802001 0.03169304577421972 0
0.1256850533178756 0.03335481583355285 0
0.1254932966601929 0.03501634869607086 0
0.1252945168805114 0.03667773685144982 0
0.1250855262309704 0.03833903100779541 0
0.1290970138692166 0.01671998154839101 0
0.1289493710465842 0.01838770231730971 0
0.128797551151621 0.02005435844415441 0
0.1286421760163894 0.02171999644320304 0
0.128483755449953 0.02338468700024346 0
0.128322712507018 0.02504851829763215 0
0.1281593997089523 0.02671158262317432 0
0.1279941241888986 0.02837397955769141 0
0.1278271424648699 0.03003581759886172 0
0.127658661068482 0.03169720195347491 0
0.1274888347455485 0.03335823094601727 0
0.1273178029120325 0.03501900284205271 0
0.1271459325089738 0.03667960387055585 0
0.1269747950652273 0.03834004579984958 0
0.1307887518565751 0.0167295025653065 0
0.1306495638043552 0.01839707174297663 0
0.1305065958620784 0.0200634504565778 0
0.1303603894573679 0.02172869885590265 0
0.1302114590013447 0.02339289750932755 0
0.1300602965745286 0.02505614385163739 0
0.1299073955207357 0.02671854265206582 0
0.1297532815888215 0.02838020874897569 0
0.1295985396418353 0.03004125945232897 0
0.1294438642467791 0.03170180746039686 0
0.1292901079555694 0.03336195643691866 0
0.1291383584204984 0.03502179532483211 0
0.1289899794210254 0.03668138990854949 0
0.1288464490618128 0.0383407610929431 0
0.1324837055309552 0.01674023217633002 0
0.1323523184033015 0.01840765876529127 0
0.1322175763811136 0.02007373549848937 0
0.1320799408262235 0.02173854045549244 0
0.131939906438851 0.02340217029162856 0
0.1317980035417286 0.02506474016363706 0
0.1316548232870261 0.02672637020745118 0
0.1315110527038088 0.0283871933870863 0
0.1313675312505344 0.03004733706234532 0
0.1312253333230423 0.03170692672459363 0
0.1310858841423682 0.03336607722408289 0
0.1309510978731038 0.03502489161143012 0
0.1308235201824157 0.03668345798974749 0
0.1307064902685516 0.03834183312141548 0
0.1341814645320516 0.01675236017669067 0
0.134057390922936 0.01841963746929333 0
0.1339303374852125 0.02008537287153563 0
0.1338006952456487 0.02174966533520264 0
0.1336689297032089 0.02341263571124013 0
0.1335355810954335 0.02507442245331063 0
0.1334012846986333 0.0267351672695267 0
0.1332668115084819 0.02839502027839377 0
0.1331331400253061 0.0300541257659846 0
0.1330015698380068 0.03171262389043406 0
0.1328738881691534 0.03337064661207659 0
0.1327526005584465 0.03502831019938646 0
0.1326411698242621 0.03668570986798766 0
0.1325437595769507 0.03834291864002062 0
0.1358816684679205 0.01676611826149429 0
0.1357645483505553 0.01843322178208153 0
0.1356447267641195 0.02009855353506755 0
0.1355225445399906 0.02176224435724295 0
0.1353984311933047 0.02342444519595496 0
0.1352729084786593 0.02508532252905474 0
0.1351466020604748 0.02674504427312323 0
0.1350202815057199 0.02840378371524414 0
0.134894929276625 0.03006170536214205 0
0.1347718626436997 0.03171896705087258 0
0.1346529270825701 0.03337572246830584 0
0.1345408793415411 0.03503210966759718 0
0.1344402260547934 0.03668825557008652 0
0.1343595192200484 0.03834425033241977 0
0.1375840717491166 0.01678178363445385 0
0.1374736352858324 0.01844866327495875 0
0.1373606601319904 0.02011350341789667 0
0.137245453650122 0.02177647451443333 0
0.1371284135833169 0.02343776714589183 0
0.137010019345634 0.02509758199628234 0
0.1368908418125601 0.02675612060434562 0
0.1367715727042692 0.02841358301332183 0
0.1366530728577363 0.03007015665121215 0
0.1365364491373363 0.03172602082232297 0
0.1364231789937905 0.0333813419467473 0
0.1363152952075001 0.03503626993829363 0
0.1362156708679579 0.03669093976375494 0
0.1361281573327709 0.03834547489893881 0
0.1392885769840854 0.01679968774789131 0
0.1391846014486212 0.018466260693179 0
0.1390781298817259 0.02013048538705587 0
0.1389694649105967 0.02179258137249366 0
0.1388589750403 0.02345278893171837 0
0.1387470852179949 0.02511135519712305 0
0.1386342859351986 0.02676852175203506 0
0.1385211424154429 0.02842452084793888 0
0.1384083144040369 0.03007956727707923 0
0.1382965849331516 0.03173386118579963 0
0.1381868777850701 0.03338758499101132 0
0.1380802516477739 0.0350409106789654 0
0.1379779194886482 0.03669399589334846 0
0.1378813037301764 0.03834699121145398 0
0.1409952408590371 0.01682022468768574 0
0.1408975039526174 0.01848636328710935 0
0.1407972158474498 0.02014979577805182 0
0.1406946977916271 0.02181081033244418 0
0.1405902991586423 0.02346971233618613 0
0.1404843913197029 0.02512680266761954 0
0.140377371624216 0.02678237261399712 0
0.1402696624509695 0.02843669335339186 0
0.1401617117218013 0.03009001000950048 0
0.1400539822398549 0.0317425434844756 0
0.1399468725840328 0.03339449502859679 0
0.1398405423173634 0.0350460484067385 0
0.1397345600350924 0.03669737732452411 0
0.1396274754158821 0.03834866872058647 0
0.1427042718748872 0.01684385891337647 0
0.142612506230039 0.01850937169895617 0
0.1425180697939144 0.02017176956317481 0
0.142421326354792 0.02183143176566651 0
0.1423226215294965 0.02348874475850745 0
0.1422222763685073 0.02514407912128448 0
0.1421205944946907 0.02679778489640885 0
0.1420178643203044 0.02845017769680055 0
0.1419143530583261 0.03010153637711568 0
0.1418102942747255 0.03175210665012239 0
0.1417057947112193 0.03340210366813101 0
0.1416005705956352 0.03505171085528402 0
0.1414931917060636 0.03670108433700549 0
0.1413789105597194 0.03835038561482256 0
0.1444159980289424 0.01687114440133553 0
0.144329840096827 0.01853574939663894 0
0.1442408764718539 0.0201967795193707 0
0.1441495394459985 0.02185473165870993 0
0.1440561817251475 0.0235100970715135 0
0.1439610762405778 0.02516333240575934 0
0.1438644373233862 0.02681485434685165 0
0.1437664232393101 0.02846503003732252 0
0.143667150161923 0.03011417555139559 0
0.1435667236412012 0.03176256148976403 0
0.143465250530459 0.03341041929248476 0
0.1433628292783634 0.03505794603670216 0
0.1432594574661158 0.03670531192545322 0
0.143154710804598 0.03835266378105941 0
0.146130818448458 0.01690274103161679 0
0.1460497549090886 0.0185660316064724 0
0.1459658088966687 0.0202252352057903 0
0.1458794980760784 0.02188100639162904 0
0.1457911832970545 0.02353396966444017 0
0.1457010907200627 0.02518468355607761 0
0.1456093340174112 0.02683364187243159 0
0.1455159278391439 0.02848126739121507 0
0.1454208208211756 0.03012791013928284 0
0.1453239651479168 0.03177386183259585 0
0.1452254446591121 0.03341936346263748 0
0.1451257580766318 0.03506461155180503 0
0.145026418259821 0.03670976350265294 0
0.1449313758737821 0.03835492128373682 0
0.1478491114737867 0.01693942933753614 0
0.1477724370163145 0.01860081214804935 0
0.1476929590216828 0.02025755843308668 0
0.1476112726414824 0.02191053334664841 0
0.1475277391475311 0.02356052306377835 0
0.1474425282259937 0.02520820483384255 0
0.1473556362222794 0.02685415812334028 0
0.1472669104061123 0.02849885751791744 0
0.1471760675667831 0.03014268270293938 0
0.1470827583226273 0.03178593634478787 0
0.1469867127568773 0.03342885620013183 0
0.1468880927606544 0.0350716237727806 0
0.1467881923569587 0.03671436144760911 0
0.1466904508201886 0.03835712009840247 0
0.1495711249155021 0.0169821145430395 0
0.1494979222847793 0.01864073047680941 0
0.1494222594174574 0.02029416598531969 0
0.1493447789369584 0.02194354937463393 0
0.1492658168767397 0.02358985656586503 0
0.1491854627024123 0.0252338998130322 0
0.1491035910955566 0.02687634054145625 0
0.149019864920594 0.02851769904125417 0
0.1489337178442346 0.03015837611804219 0
0.148844351745332 0.03179867077174868 0
0.1487507703931329 0.03343880467701676 0
0.1486520172179138 0.03507894730164351 0
0.148548014630606 0.03671922568733278 0
0.1484421346404022 0.03835967814581337 0
0.1512967951353309 0.0170318146211691 0
0.1512259455147668 0.01868643754768995 0
0.1511533758206056 0.02033541802520722 0
0.1510796947897081 0.02198019675434072 0
0.151005159674476 0.02362195943535048 0
0.1509297598066395 0.02526165163774065 0
0.1508532515179849 0.02690000876992763 0
0.1507751389252248 0.02853758564693636 0
0.1506946098925347 0.03017478475184564 0
0.1506104075161518 0.03181187828355727 0
0.1505206126266484 0.03344904457900044 0
0.1504223372506413 0.03508639788665237 0
0.1503114259883895 0.03672404324515249 0
0.1501829740431557 0.03836213195267791 0
0.1530255043637371 0.0170895927088643 0
0.1529557893585617 0.01873850477429693 0
0.1528856090757557 0.02038152855520936 0
0.1528153934272432 0.02202044427184567 0
0.1527452382325192 0.02365663957129426 0
0.1526750039393971 0.02529117217861472 0
0.1526043526409034 0.02692482786209032 0
0.1525327188471868 0.0285581703085873 0
0.152459208380688 0.03019158110928902 0
0.1523823887049646 0.03182528728147255 0
0.1522998701338966 0.03345939371876996 0
0.1522074336086555 0.03509389715854786 0
0.1520970177066286 0.0367287073418701 0
0.151951305039066 0.03836376147020158 0
0.1547558123841401 0.01715638903840289 0
0.1546861486801413 0.01879725334523217 0
0.1546178348480108 0.02043242711741724 0
0.15455091850042 0.02206398413024984 0
0.1544852241409409 0.0236934514669208 0
0.1544204523025792 0.02532194396301903 0
0.1543562113719099 0.02695025417829066 0
0.1542919810160747 0.02857891769962095 0
0.1542270324562691 0.03020826794924273 0
0.154160256090025 0.0318384679641559 0
0.1540898414449875 0.03346955238824799 0
0.1540127083929259 0.03510145862767118 0
0.1539236382137487 0.03673406702326961 0
0.1538144542487023 0.03836720781973275 0
0.1564852213174655 0.017232655586184 0
0.1564150508552701 0.01886249816148644 0
0.1563485005762069 0.02048758818319867 0
0.1562850047185858 0.02211011541050862 0
0.1562240176604175 0.0237316156412365 0
0.1561650603379992 0.02535316655158393 0
0.1561077176108912 0.02697549830058041 0
0.1560516062476834 0.02859907188863583 0
0.1559963528902528 0.03022413359747761 0
0.1559415223940504 0.03185074774808288 0
0.1558865123832761 0.0334788357334108 0
0.1558303404389199 0.03510820640257649 0
0.1557712346146753 0.03673855421447948 0
0.1557056596592434 0.03836940134062275 0
0.1582101456725873 0.01731776481727574 0
0.1581399668471523 0.01893318040021418 0
0.1580757577027755 0.02054580773577493 0
0.1580162116974322 0.02215761217025674 0
0.157960388920999 0.02376993438132874 0
0.1579076298302008 0.02538369216689475 0
0.1578575095218914 0.02699948310766163 0
0.1578098242615423 0.0286176427713148 0
0.1577646132655905 0.03023828384175891 0
0.1577222088680147 0.03186132894011609 0
0.1576834058211812 0.0334865462272893 0
0.1576497437450187 0.0351135878759963 0
0.157623961772395 0.03674200972220515 0
0.1576102652702308 0.03837123428421642 0
0.03153714373254098 0.01138481362817472 0
0.03055937258711482 0.01057978304615831 0
0.03136768232537351 0.009745701847521465 0
0.03234545347079967 0.01055073242953788 0
0.03145241302895725 0.01056525773784809 0
0.02096050874828341 0.01145302454866081 0
0.02002130527625223 0.01062779029286735 0
0.02081353963182272 0.009807222882504397 0
0.0217527431038539 0.01063245713829786 0
0.02088702419005306 0.0106301237155826 0
0.03002196236157268 0.02728451728542203 0
0.02918204861277409 0.02813425791961468 0
0.02824501632681372 0.02729551987226278 0
0.02908493007561232 0.02644577923807014 0
0.0291334893441932 0.02729001857884241 0
0.1452734082387002 0.01688694271647616 0
0.1460902866787733 0.0177343863190446 0
0.1451897975029578 0.01855089050155567 0
0.1443729190628847 0.01770344689898724 0
0.145231602870829 0.01771891660901592 0
0.04434465487813825 0.02884211274706038 0
0.04341446677121967 0.02971061761247933 0
0.04253664255292917 0.02886030188752671 0
0.04346683065984776 0.02799179702210776 0
0.04344064871553372 0.02885120731729355 0
0.06594638116566852 0.03660603224903682 0
0.06665954179857998 0.03745648273409938 0
0.0656263191550325 0.03830220324683995 0
0.06491315852212104 0.03745175276177738 0
0.0657863501603505 0.03745411774793838 0
0.1172791670806331 0.02335089201816841 0
0.1180275019988855 0.02418546149565715 0
0.1170501079137724 0.02501688862289999 0
0.11630177299552 0.02418231914541125 0
0.1171646374972027 0.0241838903205342 0
0.01055643164207618 0.00806272850516598 0
0.009683659952837709 0.007238796161028765 0
0.01044799290478979 0.006443193399579007 0
0.01132076459402826 0.007267125743716222 0
0.01050221227343298 0.007252960952372493 0
0.1470652149379653 0.01525361999430297 0
0.1478856101078617 0.01610597565821496 0
0.1469899649611223 0.01692108518457647 0
0.1461695697912259 0.01606872952066448 0
0.1470275899495438 0.01608735258943972 0
0.1005520507522966 0.0383325523172386 0
0.1012463039567421 0.03916615658083089 0
0.09942903625052546 0.03916639573640772 0
0.1003376701036201 0.0391662761586193 0
0.1323889321061453 0.02839110683274004 0
0.133199975766894 0.02922457302218919 0
0.1322503356379203 0.03005073141416496 0
0.1314392919771716 0.02921726522471581 0
0.1323196338720328 0.0292209191234525 0
0.06037027449072945 0.0280327260471731 0
0.06113311364948843 0.02890103843198372 0
0.06004156144946961 0.02974150282160933 0
0.05927872229071063 0.0288731904367987 0
0.06020591797009953 0.02888711443439121 0
0.1667436134175592 0.002354285542297277 0
0.1675186275048619 0.001586781734277686 0
0.1683704870657391 0.002387318819709949 0
0.1675954729784363 0.00315482262772954 0
0.1675570502416491 0.002370802181003613 0
0.1666296159062522 0.0007881847456435736 0
0.1683141075726914 0.0007985969886341125 0
0.1674718617417085 0.0007933908671388431 0
0.1691724089145023 0.001619306333174532 0
0.1691570537860399 0.0008096531668268731 0
0.1691980781512368 0.003230140519648464 0
0.1691852435328695 0.002424723426411498 0
0.166880994911586 0.01107488990494014 0
0.1676805382318196 0.01041913582644126 0
0.1684377164981866 0.01119313301348755 0
0.167638173177953 0.01184888709198643 0
0.1676593557048863 0.01113401145921384 0
0.1669360553321849 0.009649405396972496 0
0.1677171420986915 0.009002565917077017 0
0.1684616249983262 0.009772296346545776 0
0.1676988401652556 0.009710850871759137 0
0.1692362163926981 0.009128969497292003 0
0.1692254086056281 0.01053768502995499 0
0.1692308124991631 0.009833327263486052 0
0.1692123078925585 0.01194985256117121 0
0.1692188582490933 0.01124376879540549 0
0.001698828474055669 0.01830155113083756 0
0.0008525194325516156 0.01903152897049473 0
0.0008463090415040536 0.01734261528425143 0
0.0008494142370278346 0.01818707212744017 0
0.08279639129016711 0.02328741943150952 0
0.08347979553612371 0.02412430610429534 0
0.08244034397438797 0.0249523218964832 0
0.08175693972843137 0.02411543522369737 0
0.08261836763227755 0.02411987066399636 0
0.02702732191947415 0.03576128753985652 0
0.02619861872142241 0.03660962084709862 0
0.02523756355690033 0.03576353987612246 0
0.02606626675495207 0.03491520656888036 0
0.02613244273818724 0.03576241370798949 0
0.03860830711545955 0.01869813604313313 0
0.03773794558195175 0.01956573376722532 0
0.03675021241186806 0.01875010765044979 0
0.03762057394537586 0.0178825099263576 0
0.0376792597636638 0.01872412184679146 0
0.02636683827027021 0.02561838529947905 0
0.02552891275652395 0.02646325479291408 0
0.02459018159115878 0.02562430965388129 0
0.02542810710490504 0.02477944016044626 0
0.02547850993071449 0.02562134747668017 0
0.08071281282514108 0.02494247684590024 0
0.08139658855829487 0.02578103940587001 0
0.08034834617512519 0.02660897196127611 0
0.07966457044197139 0.02577040940130635 0
0.08053057950013313 0.02577572440358818 0
0.1572121291394912 0.0205166979594868 0
0.1580459847001038 0.02135170995301584 0
0.157150608208009 0.02213386379038268 0
0.1563167526473963 0.02129885179685365 0
0.1571813686737501 0.02132528087493474 0
0.0629821940679977 0.02467076246787009 0
0.06371733576209063 0.02554046802801925 0
0.06259035523668616 0.02636550649491265 0
0.06185521354259321 0.02549580093476349 0
0.06278627465234193 0.02551813448139137 0
0.04231158970476823 0.03571849298231955 0
0.04145953606891058 0.0365770726490307 0
0.04065898895572247 0.03572378557792725 0
0.04151104259158012 0.0348652059112161 0
0.04148528933024534 0.0357211392801234 0
0.1495371772342776 0.03508267259414794 0
0.1503668816195154 0.03590522056590242 0
0.1494297203094978 0.03672163446624263 0
0.1486000159242599 0.03589908649448815 0
0.1494834487718877 0.03590215353019529 0
0.1303345987849107 0.03170436709249524 0
0.1311556087327053 0.03253650197433826 0
0.1301879960489687 0.03336401683050078 0
0.1293669861011743 0.03253188194865776 0
0.1302612974169398 0.03253419196149801 0
0.1204508074311656 0.03833682366266418 0
0.1212193829071525 0.03916865867853736 0
0.1193939280327319 0.03916816498412682 0
0.1203066554702202 0.03916841183133209 0
0.1120471460050762 0.03500457921977423 0
0.1128039748750364 0.03583736923875667 0
0.1117857547309059 0.03666966603919137 0
0.1110289258609458 0.03583687602020893 0
0.1119164503679911 0.0358371226294828 0
0.08999944958507194 0.02164725231250704 0
0.09069440725506514 0.02248187619832536 0
0.08967156036368115 0.02331238280061922 0
0.08897660269368794 0.02247775891480091 0
0.08983550497437653 0.02247981755656313 0
0.1462448737530035 0.01439805539456439 0
0.1471358375934823 0.0135803226201169 0
0.1479561787784441 0.01443588721985548 0
0.1471005262657238 0.01441697130720993 0
0.02588676651187161 0.008159992550989623 0
0.02492106455201397 0.007345472767025536 0
0.02571531562830133 0.006523530334814832 0
0.02668101758815897 0.007338050118778921 0
0.02580104107008647 0.007341761442902228 0
0.04848414619814626 0.01651244448846601 0
0.04746066647949761 0.01746206620002171 0
0.04632326460333615 0.01664777229484526 0
0.04734674432198478 0.01569815058328957 0
0.04740370540074119 0.01658010839165564 0
0.1530103279601887 0.03673138718256985 0
0.1538690462312255 0.03755063742150118 0
0.1528828796438841 0.03836548464496717 0
0.1520241613728473 0.03754623440603584 0
0.1529466038020364 0.03754843591376851 0
0.03554282300416442 0.03233507767101259 0
0.03471347311022457 0.03319026997357143 0
0.03381125420611757 0.03234500183095419 0
0.03464060410005741 0.03148980952839535 0
0.03467703860514099 0.03234003975098339 0
0.09095095392003656 0.0166544730941855 0
0.09164703745294121 0.01748781298456177 0
0.09064065006795063 0.01831840065884896 0
0.08994456653504598 0.0174850607684727 0
0.09079580199399359 0.01748643687651723 0
0.1189133011787886 0.03667277206573966 0
0.1196753788958048 0.03750474393142679 0
0.1186498114184985 0.03833630465990143 0
0.1178877337014823 0.03750433279421429 0
0.1187815562986436 0.03750453836282054 0
0.1118595197384035 0.02500926100087608 0
0.112596627162767 0.02584334149689633 0
0.1115987123954622 0.02667536244781093 0
0.1108616049710986 0.02584128195179069 0
0.1117291160669328 0.02584231172434351 0
0.1196378192659328 0.03168189116631526 0
0.120410313588921 0.0325148828370282 0
0.1194050780045664 0.0333456420607816 0
0.1186325836815782 0.03251265039006866 0
0.1195214486352496 0.03251376661354843 0
0.1148028818762576 0.01667628444234209 0
0.1155269133603004 0.01751136375015333 0
0.114567464729513 0.01834422692041686 0
0.1138434332454702 0.01750914761260561 0
0.1146851733028853 0.01751025568137947 0
0.15139648351444 0.01453431937318372 0
0.1522934315665934 0.01373177057441837 0
0.1531262389665894 0.0145986701089124 0
0.152229290914436 0.01540121890767775 0
0.1522613612405147 0.01456649474104806 0
0.005608495731532721 0.006351884414149068 0
0.004785426662767898 0.005544599203630379 0
0.005553905118046473 0.004765771287778588 0
0.006376974186811296 0.005573056498297277 0
0.005581200424789597 0.005558827850963828 0
0.002485915137761106 0.01256252678419317 0
0.001649737478471004 0.01170321351696449 0
0.002465957478484715 0.0109626973973684 0
0.003302135137774817 0.01182201066459708 0
0.002475936308122911 0.01176261209078079 0
0.1232040413596312 0.01669467721064441 0
0.1239541041567098 0.01753160769177146 0
0.1230194081733276 0.01836297638628376 0
0.122269345376249 0.01752604590515671 0
0.1231117247664794 0.01752882679846409 0
0.09357105714207485 0.03833120226619229 0
0.09422422742693874 0.03916562386776146 0
0.09256940706794339 0.03916557839843084 0
0.09339681724719087 0.03916560113309614 0
0.009578224842461174 0.005624961571331437 0
0.01032886792187988 0.004828421924189719 0
0.0111986359842085 0.005646653752437288 0
0.01038843041333484 0.005635807661884363 0
0.07589992871357071 0.02323562034069086 0
0.07657419520386979 0.02407697315830209 0
0.0755117683814802 0.02490021061102587 0
0.07483750189118113 0.02405885779341464 0
0.07570584854752546 0.02406791547585836 0
0.02297653516955276 0.0147602618366785 0
0.02203404019027834 0.01393320563851966 0
0.02284203104263009 0.01310543767752941 0
0.02378452602190451 0.01393249387568825 0
0.02290928310609142 0.01393284975710396 0
0.008625884967468612 0.02212170484882411 0
0.007782905017182283 0.02295847706673834 0
0.006895541346925903 0.0220792153242219 0
0.007738521297212232 0.02124244310630767 0
0.007760713157197258 0.02210046008652301 0
0.1401419089215613 0.01680995621778852 0
0.1409463724058272 0.01765329398739754 0
0.1400410527006193 0.01847631199014417 0
0.1392365892163533 0.01763297422053516 0
0.1400914808110903 0.01764313410396635 0
0.08350186046592015 0.01996162000932276 0
0.08417965268974145 0.02079669866149988 0
0.08315048760499061 0.02162390253353462 0
0.0824726953811693 0.0207888238813575 0
0.08332617403545538 0.02079276127142869 0
0.1209588634917934 0.03501085462550011 0
0.1217389739842603 0.03584311395999632 0
0.1207138920451948 0.0366738142252494 0
0.119933781552728 0.03584155489075319 0
0.1208363777684941 0.03584233442537476 0
0.1665257021790813 0.03591851103553535 0
0.1673920286845867 0.0350967490764982 0
0.1682645667703727 0.03590868851378654 0
0.1673982402648672 0.03673045047282369 0
0.167395134474727 0.03591359977466094 0
0.1665204084140135 0.03428905434668969 0
0.167390081882302 0.03346596243794617 0
0.1682617021528753 0.03427365716775468 0
0.1673910552834444 0.03428135575722218 0
0.1691304878661296 0.0334437038538101 0
0.1691312142867457 0.03508279376601812 0
0.1691308510764376 0.03426324880992881 0
0.1691333524836269 0.03672317043984688 0
0.1691322833851863 0.03590298210313783 0
0.1351490536055859 0.01509030418525954 0
0.1359387597476981 0.01593162954869489 0
0.1350315664999861 0.01675923921909248 0
0.1342418603578739 0.01591791385565713 0
0.135090310052786 0.01592477170217601 0
0.0170794945171503 0.00651338904748084 0
0.01615421306010997 0.005692678894000885 0
0.01691029272453507 0.004881350865744981 0
0.01783557418157541 0.005702061019224936 0
0.01699489362084269 0.00569736995661291 0
0.05592687143526395 0.02097829646901452 0
0.05678721505081098 0.02188651466084308 0
0.0555768567718614 0.02273554012413122 0
0.05471651315631437 0.02182732193230266 0
0.05575186410356268 0.02185691829657287 0
0.03066730106387519 0.003238989258103033 0
0.02970679214708679 0.002432910334395455 0
0.0305043474832057 0.001619262459568061 0
0.03146485639999411 0.00242534138327564 0
0.03058582427354045 0.002429125858835548 0
0.0841657046962225 0.03330996626402644 0
0.08487794706310564 0.03414785799031304 0
0.08382188760556342 0.0349815542650283 0
0.08310964523868028 0.0341436625387417 0
0.08399379615089296 0.03414576026452737 0
0.007354672064565894 0.009597491058223237 0
0.006503006273974599 0.008768275349204732 0
0.00728611952637942 0.007987817482367959 0
0.008137785316970715 0.008817033191386464 0
0.007320395795472657 0.008792654270295599 0
0.08451512475135772 0.02329544691143932 0
0.08520162647416989 0.02413171526152832 0
0.08416629725893587 0.02496057445438434 0
0.08434071100514678 0.02412801068291183 0
0.01694852459080057 0.01556076080858006 0
0.01613929749901095 0.01638036587821756 0
0.01522655006552665 0.01553874918620606 0
0.01603577715731627 0.01471914411656856 0
0.01608753732816361 0.01554975499739306 0
0.07961750179355689 0.0299473765992953 0
0.08030888370219565 0.03078765508234703 0
0.07924981940982612 0.03161916488966017 0
0.07855843750118736 0.03077888640660844 0
0.07943366060169151 0.03078327074447774 0
0.06944903651700188 0.03661970102209442 0
0.0701618112444931 0.03746717408460954 0
0.06912909547118412 0.03830941389473932 0
0.06841632074369292 0.03746194083222421 0
0.06928906599409301 0.03746455745841688 0
0.1241432757420743 0.03833828751773521 0
0.1249734674295679 0.0391695155038977 0
0.123056494318327 0.03916877201383751 0
0.1240149808742429 0.0391691437588676 0
0.0310242215515843 0.01552857118739916 0
0.03019902165621437 0.01637032386881316 0
0.02923328909131236 0.01555308338871423 0
0.03005848898668229 0.01471133070730023 0
0.03012875532144833 0.01554082728805669 0
0.008825180078144694 0.006416221276828431 0
0.007972598666369589 0.005600218829739798 0
0.008725643430686068 0.004808959124242805 0
0.008775411754415381 0.005612590200535617 0
0.1583320246322945 0.01488069873026029 0
0.1592377860453878 0.01413510103085818 0
0.1600524614323694 0.01500755277258576 0
0.1591467000192761 0.01575315047198787 0
0.159192243032332 0.01494412575142303 0
0.1164827877791202 0.01667867528145969 0
0.117212828779643 0.01751411318788053 0
0.1162569543608233 0.01834680165657417 0
0.1163698710699717 0.01751273846901693 0
0.05723778256582197 0.02452174865311888 0
0.05804669200448806 0.02540539757995617 0
0.05691218704226819 0.02625056978355475 0
0.05610327760360211 0.02536692085671746 0
0.05707498480404508 0.02538615921833681 0
0.06323489177776903 0.01073893251502659 0
0.06196487202011697 0.01140934348135039 0
0.06142816215230688 0.0106704109663238 0
0.06233152696489332 0.0107046717406752 0
0.117866569730193 0.03167956855721252 0
0.1176259025049563 0.03334379582445764 0
0.1168598885535711 0.0325107139916015 0
0.1177462361175746 0.03251168219083508 0
0.08179896206114186 0.01995332012436919 0
0.08143884109397717 0.02161478264823041 0
0.08076510777394973 0.02077927889124209 0
0.08161890157755951 0.0207840513862998 0
0.1285512626576306 0.03169950470693589 0
0.1283894713505589 0.03336009369146796 0
0.1275737479070153 0.03252771644974609 0
0.1284703670040948 0.03252979919920192 0
0.1153451104811825 0.03667121739727432 0
0.1161096511408233 0.03750390364203163 0
0.115089068570876 0.03833573126083067 0
0.1143245279112352 0.03750304501607336 0
0.1152170895260293 0.0375034743290525 0
0.09861377687093487 0.02166143520930841 0
0.09932212230562398 0.02249555596739238 0
0.0983005369195645 0.02332750680630658 0
0.09759219148487538 0.02249338604822261 0
0.09845715689524968 0.0224944710078075 0
0.04801509056591102 0.02881357242341656 0
0.04703320671197272 0.02968374037197843 0
0.04617041913993458 0.02882604533168369 0
0.04715230299387288 0.02795587738312183 0
0.0470927548529228 0.02881980887755013 0
0.1465718094730282 0.02519644419496008 0
0.1473990822241366 0.02603118147859141 0
0.1464824851198453 0.02684389999788593 0
0.145655212368737 0.0260091627142546 0
0.1465271472964368 0.026020172096423 0
0.01261545411244602 0.0146597691335167 0
0.01172093252391312 0.01381431173665756 0
0.01252379021425449 0.0130060266645456 0
0.01341831180278739 0.01385148406140474 0
0.01256962216335026 0.01383289789903115 0
0.02109844510423371 0.01310335348483958 0
0.02016132665985271 0.01227582332511963 0
0.02189762719266441 0.01228055470838076 0
0.02102947692625856 0.01227818901675019 0
0.007213338486401155 0.00638558725299388 0
0.00713623436677973 0.004787688075043196 0
0.007174786426590442 0.005586637664018538 0
0.1691551211976545 0.020810321155878 0
0.1683165413975457 0.02004993728293062 0
0.1691614201998912 0.01930040798055652 0
0.1691582706987728 0.02005536456702191 0
0.1674643623511296 0.02080044242957849 0
0.1666309478554516 0.02002380396312671 0
0.1674831269018677 0.01927329881647884 0
0.1674737446264986 0.02003687062302867 0
0.1666580254315344 0.01849472666525603 0
0.1675051080526127 0.01775695318887787 0
0.168330209522946 0.01853552534010068 0
0.1674941174772402 0.01851512600267836 0
0.1691687893230548 0.01779568460905562 0
0.169165104761473 0.01854804629495594 0
0.05285753885795182 0.02000071403297852 0
0.05166322435024985 0.02091295680738585 0
0.0506583110294105 0.02001978076410475 0
0.05185262553711247 0.01910753798969742 0
0.05175792494368116 0.02001024739854164 0
0.148229613658918 0.02686524933239826 0
0.1490617280080753 0.02769701979135521 0
0.1481433876633532 0.0285082782795858 0
0.1473112733141959 0.02767650782062886 0
0.1481865006611356 0.02768676380599203 0
0.1441429378629684 0.03670753771405308 0
0.1449788970668016 0.03753234239319488 0
0.14404304333919 0.03835379253239811 0
0.1432070841353569 0.03752898785325631 0
0.1440929906010792 0.03753066512322559 0
0.1287128410533526 0.03003853852559535 0
0.1295212019443072 0.03087153345636292 0
0.1277429017666759 0.03086650977616832 0
0.1286320518554916 0.03086902161626562 0
0.02797573203540837 0.01143099680025961 0
0.02701052528834155 0.01061727859480086 0
0.02781586588819363 0.009787922722438277 0
0.02878107263526045 0.01060164092789702 0
0.027895798961801 0.01060945976134894 0
0.08100370639319068 0.03162689020829541 0
0.08170075522134498 0.03246634212655518 0
0.0806388349604069 0.03329910051466557 0
0.07994178613225258 0.03245964859640581 0
0.08082127067679878 0.03246299536148049 0
0.04440583895204747 0.0271196822726754 0
0.04256668151842549 0.02714348944992464 0
0.0435056898106252 0.02627137470049228 0
0.04348626023523648 0.02713158586130002 0
0.01252702561177656 0.03576224219116939 0
0.01164749057421543 0.03660973918405137 0
0.01073490333722773 0.03576158602728167 0
0.01161443837478886 0.0349140890343997 0
0.01163096447450214 0.03576191410922554 0
0.168346244775013 0.01703353281641386 0
0.1691774554519581 0.0163091596977017 0
0.1691731223875065 0.01705242215337866 0
0.1666899215197126 0.01697772026947327 0
0.1675310582421129 0.01625429989700927 0
0.1675180831473628 0.01700562654294357 0
0.166727723688324 0.01547459298395521 0
0.1675617548836292 0.01476595947934889 0
0.1683650894374182 0.01554566639240295 0
0.1675464065628711 0.01551012968817908 0
0.1691876339854601 0.01482953127061797 0
0.1691825447187091 0.01556934548418774 0
0.1691370998906081 0.03836152669399159 0
0.168270452374235 0.03754507715019956 0
0.1691352261871175 0.03754234856715868 0
0.1682794844211259 0.0391816533661211 0
0.1691397422105629 0.03918076334699579 0
0.1665572077172895 0.03918333399819453 0
0.1674095385462605 0.03836498736431562 0
0.1674183460691382 0.03918249368215782 0
0.1665373264368927 0.03755036068693975 0
0.1674038894055638 0.03754771891856966 0
0.1523362876244347 0.003459264820637204 0
0.1514638570859713 0.002588083766415495 0
0.1522470825054037 0.001728917418103269 0
0.1531195130438671 0.002600098472324978 0
0.1522916850649192 0.002594091119370237 0
0.1506744606631596 0.003443349006585579 0
0.1498335290453717 0.002576787899928488 0
0.1506229254681834 0.001721522659758404 0
0.1506486930656715 0.002582435833171992 0
0.149789402021834 0.0008589660161274112 0
0.1513823832820596 0.0008625566436309927 0
0.1505858926515119 0.0008607613298792019 0
0.1529876588348483 0.0008663607744722763 0
0.1521850210600671 0.0008644587090516345 0
0.1325734447699249 0.003353056173431671 0
0.1333540451568299 0.004193329069807462 0
0.1324656301721116 0.005028875967967943 0
0.1316850297852066 0.004188603071592151 0
0.1325195374710182 0.004190966070699806 0
0.1359088938809808 0.003361542957116699 0
0.136687331309652 0.004204246921285085 0
0.1358004486818203 0.005041188345408557 0
0.1350220112531491 0.004198484381240171 0
0.1358546712814006 0.004201365651262628 0
0.1385749480747882 0.0008424786270359065 0
0.1402290082979255 0.0008441157156696828 0
0.1393364896795212 0.001686594342705589 0
0.1394019781862037 0.0008432971713527946 0
0.1384565758461493 0.002527086666977905 0
0.1401056951453453 0.002531775479541261 0
0.1392257813119735 0.003372267803813576 0
0.1392811354957473 0.002529431073259583 0
0.1691449979661229 0.02387508017264819 0
0.1682947010763027 0.02311556003487428 0
0.1691497031101798 0.0223400396065696 0
0.1691473505381513 0.02310755988951951 0
0.167434161313256 0.02389087769506576 0
0.1665876605162134 0.02311560886270574 0
0.1674482002792601 0.02234029120251426 0
0.167441180796258 0.02311558444879001 0
0.1666077383225553 0.02156416222442824 0
0.1683048243078344 0.02157657140766451 0
0.1674562813151949 0.02157036681604637 0
0.1691524121539172 0.02157518038105326 0
0.01248798565742922 0.03406650299786813 0
0.01070040608265555 0.0340652801491599 0
0.01157395336529591 0.03321769411262833 0
0.01159419587004238 0.03406589157351401 0
0.01232076458144989 0.009722705738646925 0
0.01143246557305234 0.008892941137633203 0
0.01220739487442161 0.008091654844668505 0
0.01309569388281916 0.008921419445682227 0
0.01226407972793575 0.008907180291657714 0
0.06842089299347763 0.01080105138425214 0
0.06727646489436603 0.01159208784762892 0
0.06679434738370915 0.01079103646337677 0
0.06760762018851758 0.01079604392381446 0
0.143189401627322 0.02349942091501048 0
0.1440086289828627 0.02433671473863642 0
0.1430916763045426 0.0251537057635219 0
0.1422724489490019 0.02431641193989596 0
0.1431405389659323 0.02432656333926619 0
0.004042580868109158 0.007888049788282864 0
0.003219655537074088 0.00707916583699611 0
0.004006585600759574 0.006316421300579245 0
0.004829510931794644 0.007125305251866 0
0.004024583234434366 0.007102235544431054 0
0.08828521040098419 0.02164290412791757 0
0.08795200751060192 0.02330771176888997 0
0.08726061521789817 0.02247285698200664 0
0.08811860895579306 0.02247530794840377 0
0.1500576112545259 0.02524777572538642 0
0.1508915056623122 0.02608083020383414 0
0.1499784213067707 0.02688817465569194 0
0.1491445268989845 0.02605512017724422 0
0.1500180162806483 0.02606797519053918 0
0.115294612990492 0.01917914003990069 0
0.1143276989115 0.02001166266597549 0
0.113600550650521 0.01917674954649165 0
0.1144475818205065 0.01917794479319617 0
0.1300447281468011 0.03502334346813112 0
0.1308873090277597 0.03585417480058881 0
0.1299067498017205 0.03668242394914849 0
0.1290641689207619 0.0358515926166908 0
0.1299757389742608 0.03585288370863981 0
0.1192159850219546 0.02168804047867339 0
0.1199663065877526 0.02252309780356515 0
0.1190002809331107 0.0233543632022791 0
0.1182499593673126 0.02251930587738734 0
0.1191081329775326 0.02252120184047624 0
0.08240285777061507 0.03330493261744574 0
0.08204398258581944 0.03497731951557709 0
0.08133719511775422 0.03413858959428114 0
0.08222342017821725 0.03414112606651142 0
0.09386996685258567 0.02832186910196888 0
0.09457240956446279 0.02915674509534096 0
0.09354013431260841 0.0299890384574435 0
0.09283769160073127 0.02915416246407141 0
0.09370505058259704 0.02915545377970618 0
0.003596397099823657 0.03576618801228477 0
0.002706745431843002 0.03660243970057869 0
0.001799337306536856 0.03576309821408176 0
0.002688988974517512 0.03492684652578784 0
0.002697867203180257 0.03576464311318327 0
0.1349109696367456 0.01842642962568743 0
0.1357046375573374 0.01926588765857454 0
0.134787532124666 0.02009196320330159 0
0.1339938642040743 0.01925250517041448 0
0.1348492508807058 0.01925919641449451 0
0.1274541443484646 0.02504514200726198 0
0.1282410561079852 0.02588005046040323 0
0.1272853894572327 0.02670849196194211 0
0.1264984776977121 0.02587358350880085 0
0.1273697669028486 0.02587681698460204 0
0.07629072200678035 0.0215742198009527 0
0.07695894383033536 0.02241391354405339 0
0.07523170689001571 0.02239592659759017 0
0.07609532536017555 0.02240492007082178 0
0.04162916116003686 0.02972680733864099 0
0.04074377767780968 0.02887940399541352 0
0.041651259070702 0.02801289854429924 0
0.04164021011536943 0.02886985294147012 0
0.1044036442155205 0.01833444219427896 0
0.1051082501873656 0.01916841241023378 0
0.1040980380184694 0.02000084814596939 0
0.1033934320466243 0.01916687793001457 0
0.104250841116995 0.01916764517012418 0
0.005454762940238507 0.001590418975484972 0
0.004687323769932234 0.0007940477658133009 0
0.0061917633249322 0.0007963712096716712 0
0.005439543547432217 0.000795209487742486 0
0.1105788787101811 0.01166786824634572 0
0.1112587154160919 0.01250235283037394 0
0.1103205267457701 0.01333588376872744 0
0.1096406900398593 0.01250139918469922 0
0.1104497027279756 0.01250187600753658 0
0.1682614382361836 0.03264323031782261 0
0.169130950370054 0.03181314386548321 0
0.1691307191180918 0.03262842385960276 0
0.1665203063906676 0.03266403638838879 0
0.1673916627445491 0.03184130426826523 0
0.1673908723134256 0.0326536333531057 0
0.1665244223316348 0.03104573862312452 0
0.1673960628895057 0.03022465041444747 0
0.1682633033024201 0.03102021605958818 0
0.1673938628170274 0.03103297734135635 0
0.169132352932366 0.03018667873758452 0
0.16913165165121 0.03099991130168848 0
0.1691374448670585 0.02699734817377002 0
0.1682783855704685 0.02623362505259303 0
0.1691409407034101 0.02543327109734463 0
0.1691391927852343 0.02621530963556438 0
0.1674115154292014 0.02703111663025761 0
0.1665551242634044 0.02625269671102096 0
0.1674219944046716 0.02545520513335638 0
0.1674167549169365 0.026243160881807 0
0.1665702170483946 0.02467835959149692 0
0.1682859386695329 0.02466772323692521 0
0.1674280778589638 0.02467304141421107 0
0.1691429693347665 0.02465417563507633 0
0.06806079063804776 0.02647337018031307 0
0.06876390441379933 0.02732819467282571 0
0.06767468217342124 0.02815426435870139 0
0.06697156839766967 0.02729943986618876 0
0.0678677364057345 0.02731381726950723 0
0.1163423450561703 0.03001274876632882 0
0.1171017734273451 0.03084618280428079 0
0.1160988866748215 0.03167753006839153 0
0.1153394583036467 0.03084409603043956 0
0.1162206158654959 0.03084513941736017 0
0.07285345045233141 0.01491368523980996 0
0.07346957234635416 0.01574456268314938 0
0.07240794241777856 0.01655343482848242 0
0.07179182052375582 0.01572255738514301 0
0.07263069643505499 0.01573356003414619 0
0.07530739540168362 0.01164444972136621 0
0.07592560545554489 0.01246958574398372 0
0.07492123337687881 0.01328753595506952 0
0.07430302332301753 0.01246239993245202 0
0.07511431438928121 0.01246599283821787 0
0.1316251249227511 0.03834237588071805 0
0.132502890474479 0.03917145932001032 0
0.1306557241174651 0.03917091656070774 0
0.1315793072955094 0.03917118794035902 0
0.1077160962110442 0.01416872336516809 0
0.108687581051101 0.01333519138874496 0
0.1093638869088895 0.01416931301295658 0
0.1083924020688327 0.01500284498937971 0
0.1085399915599669 0.01416901818906234 0
0.02427609258166656 0.02058856641113407 0
0.02344758195540855 0.0214261510833481 0
0.02251004447775101 0.02059059388019925 0
0.02333855510400902 0.01975300920798524 0
0.02339306852970879 0.02058958014566666 0
0.1247109877136864 0.01836891941707938 0
0.1254713518371371 0.01920568557947989 0
0.1245339012151074 0.0200361703524911 0
0.1237735370916567 0.01919940419009059 0
0.1246224444643969 0.01920254488478524 0
0.1082185383783488 0.03666914642673656 0
0.1089964744057021 0.03750239654154303 0
0.1079632078066507 0.03833488264441084 0
0.1071852717792974 0.03750163252960437 0
0.1080908730924997 0.0375020145355737 0
0.1360187219365174 0.02675058243873443 0
0.1368312072584146 0.02758485180883373 0
0.1358959271049945 0.02840868336428298 0
0.1350834417830973 0.02757441399418368 0
0.135957324520756 0.0275796329015087 0
0.09114420504762451 0.03332267572978333 0
0.09184508056908508 0.03415807598016024 0
0.09081841795805859 0.03499156634740816 0
0.09011754243659803 0.03415616609703125 0
0.09098131150284156 0.03415712103859574 0
0.001829765915695489 0.03914686324815251 0
0.000910203030802234 0.038284143874907 0
0.0009148829575297487 0.0391420719367455 0
0.1490342490763055 0.003428731028889439 0
0.1482224729414701 0.00256650667894265 0
0.1490217529105363 0.0017145635499817 0
0.1490280009934209 0.002571647289435569 0
0.1474049569108393 0.003415795120636432 0
0.1466132642308276 0.002557607223216326 0
0.1474307802614584 0.001708318781522543 0
0.1474178685861488 0.002562056951079488 0
0.146672133977465 0.0008527212476682547 0
0.1482310131354598 0.0008555975338542885 0
0.1474515735565953 0.0008541593907612716 0
0.1490102075806238 0.0008572817749908498 0
0.1682669353131797 0.02940993135221504 0
0.1691345823808137 0.02858899777814702 0
0.1691334676565899 0.02938783825786979 0
0.1665319605977339 0.02943681340868456 0
0.1674028330214079 0.02862209434645213 0
0.1673994479554568 0.0294233723804498 0
0.1665423212027372 0.02783889828547358 0
0.1682720272478722 0.02781431269123616 0
0.1674071742253047 0.02782660548835487 0
0.1691360136239361 0.02779317297687989 0
0.1251687331797228 0.03002877275961757 0
0.1259632416584771 0.03086199590714304 0
0.1249787511869415 0.03169117722655401 0
0.1241842427081872 0.03085795407902854 0
0.1250737421833321 0.03085997499308579 0
0.0573498616995738 0.03486127569794721 0
0.05812489451701076 0.03572104320804489 0
0.05709309466974571 0.03657433709812569 0
0.05631806185230875 0.03571456958802801 0
0.05722147818465976 0.03571780639803645 0
0.0007923388546395154 0.003186857216814798 0
0.0007923563250167645 0.001595513186337457 0
0.00158469517965628 0.002380016896584083 0
0.00079234758982814 0.002391185201576128 0
0.1514102413802725 0.0334542191488852 0
0.152253651871276 0.03427664543865891 0
0.1513148854296484 0.03509014752260012 0
0.1504714749386449 0.0342677212328264 0
0.1513625634049605 0.03427218333574265 0
0.04951880715943106 0.0322615690723147 0
0.04853285264366208 0.03312502375178698 0
0.04772044314904812 0.03226536918756422 0
0.0487063976648171 0.03140191450809193 0
0.04861962515423959 0.03226346912993946 0
0.08346411045026107 0.02829454829328243 0
0.08415897810268112 0.02913253321595507 0
0.08311157829358942 0.02996345374933815 0
0.08241671064116937 0.0291254688266655 0
0.08328784437192524 0.02912900102131028 0
0.04846209037486643 0.02184070238447448 0
0.0474297454938723 0.02274044990843523 0
0.04644904728176036 0.02188765626762615 0
0.04748139216275449 0.0209879087436654 0
0.04745556882831339 0.02186417932605032 0
0.1128277241447648 0.03000874129130186 0
0.1135786045017142 0.03084224989091787 0
0.1125689830113506 0.03167413386656683 0
0.1118181026544012 0.03084062526695082 0
0.1126983535780577 0.03084143757893434 0
0.1458252569819058 0.001702769233138595 0
0.1450462015839734 0.0008500479854703401 0
0.145859167780522 0.0008513846165692974 0
0.1457751785861607 0.003404479169702561 0
0.1449871713372389 0.00254964117962483 0
0.1458002177840332 0.002553624201420577 0
0.1441415423772423 0.003394584338615732 0
0.1433578370856402 0.002542696303302009 0
0.1442034660456369 0.001697753144311108 0
0.1441725042114396 0.00254616874146342 0
0.1434180618846468 0.0008477051588407677 0
0.1442321317333587 0.000848876572155554 0
0.09696362267873833 0.01166451187912724 0
0.09770324773987357 0.01249762920956394 0
0.09668282469034639 0.01332972492732298 0
0.09594319962921113 0.01249660759688628 0
0.09682322368454235 0.01249711840322511 0
0.09639010752212998 0.01499504803864815 0
0.09710464833746232 0.01582847015660834 0
0.09608978977711405 0.01666038076353001 0
0.09537524896178169 0.01582695864556981 0
0.09623994864962201 0.01582771440108907 0
0.08121932207675528 0.01082801658408322 0
0.08021656108440471 0.01165466150653086 0
0.07954925211912087 0.01082664492244764 0
0.08038428709968222 0.01082733075326543 0
0.06737559167572846 0.03830554744062364 0
0.06809655887183555 0.039153744286297 0
0.06632291659754719 0.03915180315432665 0
0.06720973773459146 0.03915277372031183 0
0.01239200997857087 0.03067295633865587 0
0.01152867053052556 0.03152020941849924 0
0.01061661634825272 0.03066868123409227 0
0.01147995579629803 0.02982142815424891 0
0.0115043131634118 0.03067081878637407 0
0.02907271298234691 0.004873768351414757 0
0.02810111925909449 0.004065686820759852 0
0.02890047740677343 0.003247982627369358 0
0.02987207113002585 0.004056064158024263 0
0.02898659519456017 0.004060875489392058 0
0.1518751989534976 0.02363929950332237 0
0.1527101210859582 0.02447390587495449 0
0.1518023818730183 0.02527641190817768 0
0.1509674597405578 0.02444180553654557 0
0.151838790413258 0.02445785570575003 0
0.1443453475947856 0.03341489137756112 0
0.145175601367872 0.03424198750722125 0
0.1442442936774976 0.03506127879425359 0
0.1434140399044112 0.03423418266459347 0
0.1442948206361416 0.03423808508590735 0
0.005168047081416154 0.02202976553385628 0
0.004318358455348191 0.02288275206865162 0
0.00344291956920087 0.02197330887755434 0
0.004292608195268832 0.02112032234275901 0
0.004305483325308512 0.02200153720570531 0
0.001788146437532272 0.03409689061476729 0
0.0008966141399745983 0.03493225449990764 0
0.0008915322975576734 0.03329216841104 0
0.0008940732187661359 0.03411221145638416 0
0.05747195198838244 0.01567547080995548 0
0.05829485662239519 0.01667331566600045 0
0.05683345605437344 0.01743780819565363 0
0.05601055142036069 0.01643996333960866 0
0.05715270402137794 0.01655663950280456 0
0.1012812481049758 0.01666523522142552 0
0.1019865060946959 0.01749908368545911 0
0.1009648721150596 0.01833130648209472 0
0.1002596141253395 0.01749745801806112 0
0.1011230601100177 0.01749827085176012 0
0.00176014395272394 0.02900306628935743 0
0.0008823290951341169 0.02988411445507876 0
0.0008778148575898232 0.02816431889199966 0
0.0008800719763619701 0.02902421667355895 0
0.152152225657642 0.03591130225020898 0
0.1512042218475091 0.03672637529351129 0
0.1512595536385787 0.0359082614080557 0
0.1357740010671806 0.0300659310066771 0
0.1365947609975363 0.03089808873676756 0
0.135654155890518 0.03172249393659778 0
0.1348333959601623 0.03089033620650732 0
0.1357140784788493 0.03089421247163744 0
0.1014562010173368 0.02499792884837322 0
0.1021710266144806 0.02583208656667544 0
0.1011465970485216 0.02666427845989581 0
0.1004317714513779 0.02583012074159359 0
0.1013013990329292 0.02583110365413451 0
0.04971904715847239 0.006068713889574088 0
0.05018426616745744 0.005208958670172065 0
0.05134092392017117 0.005636760751405476 0
0.05087570491118612 0.0064965159708075 0
0.05052998553932178 0.005852737320489782 0
0.003520212047058414 0.02897619807225743 0
0.002646872884731623 0.02984943710862135 0
0.002633483115050732 0.02812982725299351 0
0.002640177999891177 0.02898963218080743 0
0.09843396028857052 0.03166223030049239 0
0.09914147195053791 0.03249650201229965 0
0.09809497288771857 0.03332924212823753 0
0.09738746122575115 0.03249497041643026 0
0.09826446658814454 0.03249573621436495 0
0.1447368856703987 0.02682424810964162 0
0.1455626309282776 0.02765745463182333 0
0.144641175539227 0.02847314871426879 0
0.1438154302813481 0.02763994219208708 0
0.1446890306048129 0.02764869841195521 0
0.06300364267365413 0.01789529729604661 0
0.06368730648030868 0.01877509359799688 0
0.06245796989925142 0.0195514555992912 0
0.06177430609259687 0.01867165929734093 0
0.06273080628645278 0.01872337644766891 0
0.04062938006844174 0.03743435812761875 0
0.03982503618675369 0.03829060608842484 0
0.03902557789706215 0.03743747961126598 0
0.03982992177875021 0.03658123165045989 0
0.03982747898275195 0.03743591886944236 0
0.05684985978656718 0.0382872052326291 0
0.05763558086027006 0.03914410484363532 0
0.05584058990789605 0.03914310038899378 0
0.05673808538398297 0.03914360261631455 0
0.1549881769141318 0.0334741940608294 0
0.155858426411098 0.03429352106799365 0
0.1549215244159229 0.03510483251512383 0
0.1540512749189567 0.03428550550795958 0
0.1549548506650274 0.03428951328797662 0
0.04832315864466755 0.01473432514018421 0
0.04615150520331907 0.01491560680042609 0
0.04712791952600182 0.01395178135732072 0
0.0472373319239933 0.01482496597030515 0
0.1150321690661333 0.01500778067384997 0
0.1157542497467121 0.01584298049295586 0
0.1140808011956789 0.0158410846232362 0
0.1149175254711955 0.01584203255809603 0
0.05761783938345849 0.03314778171931979 0
0.05839228684785635 0.03400946844287875 0
0.05657541423517594 0.03399958897438825 0
0.05748385054151614 0.03400452870863349 0
0.0946066289534772 0.0333263173039573 0
0.09530084291217178 0.03416099081689224 0
0.09426480666900205 0.03499430758554065 0
0.09357059271030747 0.03415963407260572 0
0.09443571781123962 0.03416031244474899 0
0.04214928479416247 0.03914383418892173 0
0.0406006481063074 0.03914480293594418 0
0.04140409208659859 0.0382886371248659 0
0.04137496645043333 0.03914431856243294 0
0.01035957286824173 0.0221577542904181 0
0.009519342411469255 0.02299175284807733 0
0.009466115424241084 0.02128770629116487 0
0.009492728917855169 0.0221397295696211 0
0.005198014896504344 0.02377363392655308 0
0.004343235664467406 0.02463815303407476 0
0.003463579223311253 0.02374727117617329 0
0.004330797059907798 0.02376045255136319 0
0.1138228105647485 0.03500551584428441 0
0.1145825648489826 0.03583840626571751 0
0.1135637291592705 0.03667025966018977 0
0.1136932698620095 0.03583788775223709 0
0.1659970108564047 0.003133226532732773 0
0.1651290072876917 0.002356626051688598 0
0.1658756098488461 0.001577685061253102 0
0.1659363103526254 0.002355455796992938 0
0.1643952268378087 0.003160329225268233 0
0.1635030480213614 0.002395824246715503 0
0.1642368284712443 0.001592121073135869 0
0.1643160276545265 0.002376225149202051 0
0.1633490721673441 0.0008026207575263407 0
0.1649919073945015 0.0007895003156095284 0
0.1641704897822581 0.0007960605365679345 0
0.1658107616519393 0.000788842530626551 0
0.1326731039234809 0.01423629553445429 0
0.133577245041607 0.01340705894811677 0
0.1343609324784966 0.0142482014368421 0
0.1334567913603704 0.01507743802317962 0
0.1335170182009887 0.01424224848564819 0
0.1073812054741622 0.01166754652171785 0
0.1080287156731345 0.01250102990547874 0
0.1070444576273514 0.01333496863590331 0
0.106396947428379 0.01250148525214241 0
0.1072128315507568 0.01250125757881058 0
0.02615847358181802 0.02225700899295082 0
0.0253249331259841 0.02309879410166098 0
0.0243844661717127 0.02226353308255824 0
0.02521800662754662 0.02142174797384808 0
0.02527146987676536 0.02226027103775453 0
0.080266963613479 0.03497253877143993 0
0.08096447000143552 0.03581183990395614 0
0.07988164573498124 0.03664711297334151 0
0.07918413934702473 0.03580781184082531 0
0.08007430467423012 0.03580982587239072 0
0.05035776542121594 0.03914118636573891 0
0.04858302173504581 0.03914085743595604 0
0.04962391362640838 0.03828204380169494 0
0.04947039357813086 0.03914102190084746 0
0.02552817961338743 0.03915254586920447 0
0.02370170931717172 0.03915291230443314 0
0.02453749117729172 0.03830545817363762 0
0.02461494446475094 0.0391527290868188 0
0.03170933646185389 0.02558098012041844 0
0.03086471048071505 0.02643254969020098 0
0.02992587958761415 0.02559672586876507 0
0.03077050556875298 0.02474515629898253 0
0.03081760802473402 0.02558885299459175 0
0.005763889802451738 0.01114798360374034 0
0.004916485992433904 0.01030809623141193 0
0.005714276865242271 0.009538375581237997 0
0.006561680675260105 0.0103782629535664 0
0.005739083333847005 0.01034317959248917 0
0.06001076275584817 0.02114473744147188 0
0.06077697479546383 0.02203825339280964 0
0.05957515138981816 0.02285442741798273 0
0.0588089393502025 0.02196091146664497 0
0.05979295707283316 0.02199958242972731 0
0.08900657597637306 0.02664450734451299 0
0.08970453578990048 0.02748025835782955 0
0.08867142185191115 0.02831162975061886 0
0.08797346203838372 0.0274758787373023 0
0.0888389989141421 0.02747806854756592 0
0.1423763245860897 0.03670319813122935 0
0.1422668106821587 0.03835152469794098 0
0.1414360511328915 0.03752573497591402 0
0.1423215676341242 0.03752736141458517 0
0.1173793311116245 0.03500792613912208 0
0.1181437606103131 0.03584046105590347 0
0.1171268651959066 0.03667204477995474 0
0.1163624356972181 0.03583950986317334 0
0.1172530981537656 0.03583998545953841 0
0.1627633819350195 0.003238980154245267 0
0.1618269362150658 0.002472021714792839 0
0.1625666023014077 0.001628865807263076 0
0.1626649921182136 0.002433922980754171 0
0.1610732620395105 0.003356857394478958 0
0.160097082778817 0.002563098700084135 0
0.1608507569543724 0.001678263020398016 0
0.1609620094969414 0.002517560207438487 0
0.1598826789863027 0.0008520179706612805 0
0.1616255261238229 0.0008262450497367354 0
0.1607541025571709 0.0008391315101990079 0
0.1624872991457418 0.000814432903631538 0
0.03730771449115078 0.03402936442071575 0
0.03648694390577512 0.03488526284142505 0
0.03560965837774716 0.03403725091056686 0
0.03643042896312282 0.03318135248985756 0
0.03645868643444897 0.03403330766564131 0
0.1540275076773631 0.01380515178497165 0
0.1548613210985336 0.01467628885357987 0
0.1539600523877598 0.01546980717752062 0
0.1539937800325615 0.01463747948124613 0
0.0041466504700041 0.01267804118037971 0
0.004113182195499061 0.01106397351692987 0
0.004957697527728344 0.0119200040327125 0
0.004129916332751581 0.01187100734865479 0
0.1093127078655835 0.03000547831685088 0
0.1100567240242144 0.03083915494734471 0
0.1090374045445129 0.03167140833871809 0
0.108293388385882 0.03083773170822426 0
0.1091750562050482 0.03083844332778448 0
0.1669736653194913 0.008237845828107234 0
0.1677334885520486 0.007586394121601331 0
0.1684769653312488 0.008351114210571114 0
0.16772531532537 0.008294480019339174 0
0.1669700525864524 0.006822975203584184 0
0.1677119596547509 0.006153713673664843 0
0.1684753956203471 0.006917132591681989 0
0.1677227241033997 0.006870053897633087 0
0.1692346466817964 0.006265139222394735 0
0.1692407489385507 0.007701555366480312 0
0.1692376978101735 0.006983347294177133 0
0.1692384826656244 0.008415262432144842 0
0.1363839990950563 0.02176935943583814 0
0.1371869336167195 0.02260712083016258 0
0.1362634223883108 0.02343110617092339 0
0.1354604878666476 0.02259334477659895 0
0.1363237107416836 0.02260023280338076 0
0.09171632349714073 0.02165092129517567 0
0.09241467220761082 0.02248536925822198 0
0.09139275596553523 0.02331632416137167 0
0.09155453973133798 0.02248362272827367 0
0.1126283715296452 0.02000938380069625 0
0.1133537824451258 0.0208439231424577 0
0.1123744587804578 0.02167632097956271 0
0.1116490478649772 0.02084178163780127 0
0.1125014151550515 0.02084285239012948 0
0.1585541453014807 0.03511530037332485 0
0.1594594644176184 0.03593041325861489 0
0.1585421718748446 0.03674291168439077 0
0.1576368527587068 0.03592779879910073 0
0.1585481585881626 0.03592910602885781 0
0.1523957577225522 0.01035408966425552 0
0.1515422980345305 0.009469438173916154 0
0.152422756279339 0.008643506278857811 0
0.1532762159673607 0.009528157769197177 0
0.1524092570009456 0.009498797971556665 0
0.1506694562359807 0.01029747358002417 0
0.1498278603086344 0.009422471473838675 0
0.1507007021071843 0.008594436067730655 0
0.1506850791715824 0.009445954823877414 0
0.1498546567275502 0.007718827795891412 0
0.1507132696491781 0.006882393350939159 0
0.1515593150288122 0.007758001622778403 0
0.1507069858781812 0.007738414709334908 0
0.1524242707416283 0.006920571742097125 0
0.1532877119921552 0.007806076398176532 0
0.1524235135104837 0.007782039010477467 0
0.1683869655215858 0.01407629214023854 0
0.1691993315361258 0.01338577865315258 0
0.1691934827607929 0.01410765496188527 0
0.1667723862157187 0.01398821819060309 0
0.1675975968536752 0.01329855085149273 0
0.1675796758686522 0.01403225516542081 0
0.1668241306029439 0.01252109783785624 0
0.1684116394286843 0.01262634010562293 0
0.1676178850158141 0.01257371897173959 0
0.1692058197143421 0.0126678156071619 0
0.02186845434413078 0.03915303880856799 0
0.0227122985541349 0.03830595111300114 0
0.02278508183085633 0.03915297555650057 0
0.007880140804925127 0.003998357458930389 0
0.008615569581809437 0.003204578250472335 0
0.009461072207570378 0.004015179915784751 0
0.008670606506247753 0.00400676868735757 0
0.1337634076258617 0.03337318454019121 0
0.1345969032120556 0.03420391606795151 0
0.1336467399499938 0.03503020993349182 0
0.1328132443637999 0.03419947840573152 0
0.1337050737879278 0.03420169723684151 0
0.05943597389914942 0.03316036628572727 0
0.06019874160925592 0.03402090424637048 0
0.05915505455796286 0.03487000640352196 0
0.05929551422855613 0.03401518634462462 0
0.01030059350550697 0.02046162256094938 0
0.008575812759539371 0.02041633109175627 0
0.00941029084080526 0.01959024736154078 0
0.009438203132523172 0.02043897682635282 0
0.1022718467169182 0.02999902017734657 0
0.1029948975293562 0.03083311616730768 0
0.1019549868414066 0.03166553065137623 0
0.1012319360289686 0.03083143466141513 0
0.1021134167791624 0.03083227541436141 0
0.09406333387431658 0.01832361411377283 0
0.09476707017638694 0.01915737923870295 0
0.09375235563684903 0.01998872480286633 0
0.09304861933477866 0.01915495967793621 0
0.09390784475558279 0.01915616945831958 0
0.1333325850315034 0.01674629617651035 0
0.1325475160339999 0.01590582034403283 0
0.1333946881959369 0.01591186709984498 0
0.1051968968005044 0.03333498919839622 0
0.1059426269187954 0.03416880414031664 0
0.1048931161794981 0.03500137180845134 0
0.1041473860612071 0.03416755686653091 0
0.1050450064900013 0.03416818050342377 0
0.0942413566376076 0.03082399682645819 0
0.09320798731069115 0.03165662680194165 0
0.09250676498569194 0.03082166843292695 0
0.09337406081164978 0.03082283262969257 0
0.06385900201144351 0.02130398628181034 0
0.06456814588236297 0.02217553340580848 0
0.06340376389282175 0.02298254128535447 0
0.06269462002190229 0.02211099416135634 0
0.06363138295213262 0.02214326378358241 0
0.0008017036245318855 0.006255963906321127 0
0.000796095170789872 0.004724288044683713 0
0.001597798795321757 0.00549483228962247 0
0.0007988993976608787 0.00549012597550242 0
0.1425072957339908 0.003386042317633847 0
0.14173470798777 0.002536785495682219 0
0.1425852493394195 0.001693439481350381 0
0.1425462725367051 0.002539740899492114 0
0.1408708118777571 0.003378710937044184 0
0.1409695912553583 0.001689850038179296 0
0.1409202015665577 0.00253428048761174 0
0.1418251465430381 0.0008457343225096135 0
0.1410270774204818 0.0008449250190896481 0
0.1426216042125266 0.0008467197406751906 0
0.05339383103320537 0.01213986578398842 0
0.05373426082514847 0.0106773940783878 0
0.05560942365023074 0.01076015127543277 0
0.05526899385828765 0.01222262298103338 0
0.05450162734171807 0.01145000852971059 0
0.04408620088482264 0.03399780179199977 0
0.04319124659116907 0.03485895170382897 0
0.04238109100408138 0.03400511250857727 0
0.04327604529773495 0.03314396259674807 0
0.04323364594445201 0.03400145715028852 0
0.1047153444077245 0.01666795325897336 0
0.1054136273134239 0.01750186017482828 0
0.1037053613098211 0.01750053527842405 0
0.1045594943116225 0.01750119772662616 0
0.008986237366805115 0.03745718674732723 0
0.00811924315730593 0.03830480032245917 0
0.007214175596777839 0.03745739245782526 0
0.008081169806277023 0.03660977888269331 0
0.008100206481791477 0.03745728960257624 0
0.04073474678822224 0.0254570195280232 0
0.03983485739594088 0.02632572702536453 0
0.03890615967962648 0.02548692204419587 0
0.03980604907190784 0.02461821454685454 0
0.03982045323392436 0.02547197078610954 0
0.1450145187610385 0.02186786902516949 0
0.1458353406865665 0.02270748802803461 0
0.144923682511101 0.02352203336797684 0
0.144102860585573 0.02268241436511172 0
0.1449691006360697 0.02269495119657317 0
0.07724979593763825 0.02491679568640825 0
0.0779299196312945 0.02575781183493159 0
0.07687159279987993 0.02658392355218057 0
0.07619146910622367 0.02574290740365723 0
0.07706069436875909 0.02575035961929441 0
0.1009062527833198 0.01416536910088623 0
0.1019457027371906 0.01333301064084602 0
0.1026454499508545 0.01416678642495585 0
0.1016059999969837 0.01499914488499606 0
0.1017758513670871 0.01416607776292104 0
0.1114520870347313 0.01667274576368506 0
0.1121621947264111 0.01750729202869128 0
0.1111917362461287 0.0183402416678553 0
0.1104816285544489 0.01750569540284907 0
0.11132191164043 0.01750649371577018 0
0.05445622111088044 0.02968398032634711 0
0.0552618281934419 0.03055133586914235 0
0.05420786923773528 0.03140816596958604 0
0.05340226215517382 0.03054081042679081 0
0.05433204517430786 0.03054607314796658 0
0.1198461223796145 0.0166852576898878 0
0.1205849985751265 0.01752136654105663 0
0.1196384151300909 0.01835356566324407 0
0.1188995389345788 0.01751745681207524 0
0.1197422687548527 0.01751941167656593 0
0.1410380323900637 0.03009577319330808 0
0.1418623236665258 0.03092682151361904 0
0.1409321382572902 0.03174732506729899 0
0.1401078469808281 0.03091627674698804 0
0.1409850853236769 0.03092154913030354 0
0.03282661920311338 0.01549674040660007 0
0.03199736316063891 0.01634233654535627 0
0.03185347759405878 0.01468297504864296 0
0.03192542037734884 0.01551265579699962 0
0.1171306658768256 0.01166978040245507 0
0.1178702435094144 0.01250590394591286 0
0.1169210465634434 0.01334023061011813 0
0.1161814689308546 0.01250410706666034 0
0.1170258562201345 0.0125050055062866 0
0.07474677479241112 0.02823885730608719 0
0.07543430757649497 0.02908323805950157 0
0.07437049397604258 0.02991258530941188 0
0.07368296119195872 0.0290682045559975 0
0.07455863438422683 0.02907572130774953 0
0.1100085665043058 0.03666952222401998 0
0.1107702041141157 0.03750221959568102 0
0.109758112015512 0.03833509391320407 0
0.1098833392599089 0.03750230806861202 0
0.008409416696751916 0.01536580390551056 0
0.007591756186633797 0.01616023846446345 0
0.006719794250631191 0.01529188901930015 0
0.00753745476074931 0.01449745446034727 0
0.007564605473691553 0.01532884646240536 0
0.01091644918067908 0.01461721096140289 0
0.0100309512005371 0.01376767190284028 0
0.01083543454377115 0.01296477267809495 0
0.01087594186222511 0.01379099181974892 0
0.01368401338487583 0.01884831176453938 0
0.01285984400739522 0.01967069790340228 0
0.01195871052740693 0.01881491679606224 0
0.01278287990488754 0.01799253065719934 0
0.01282136195614138 0.01883161428030081 0
0.1593144370315088 0.003451151239948541 0
0.1583194204354977 0.002606210489886053 0
0.1591020661828059 0.001718157950021646 0
0.1592082516071573 0.002584654594985094 0
0.1575257404518881 0.003485647211846483 0
0.1565491634217251 0.002616003004692611 0
0.1573428434053346 0.001736566282732182 0
0.1574342919286114 0.002611106747289332 0
0.1563617956859351 0.0008704263033718159 0
0.1581207311795759 0.0008661399793603655 0
0.1572412634328059 0.0008682831413660908 0
0.1590017050830494 0.000859078975010823 0
0.01397999468263027 0.02559371881429159 0
0.01313352363660204 0.02643394340985488 0
0.01222303861660901 0.02557870497630314 0
0.01306950966263725 0.02473848038073985 0
0.01310151664961964 0.02558621189529737 0
0.1128793487024074 0.01834207693999665 0
0.1119071695815316 0.01917471119420125 0
0.1127538601160263 0.01917573037034645 0
0.116870519646399 0.03833619165629118 0
0.1169986924211528 0.03750411821812296 0
0.1187812782360129 0.02502017048052094 0
0.1195383398828779 0.02585453689570284 0
0.1185587609912668 0.02668552959930318 0
0.1178016993444019 0.02585116318412128 0
0.1186700196136398 0.02585285003991206 0
0.1568804830779216 0.03023120871961826 0
0.1577434110668026 0.0310498063909375 0
0.1568318656310326 0.03185603834409949 0
0.1559689376421516 0.03103744067278024 0
0.1568561743544771 0.03104362353185887 0
0.07224860167976374 0.01408681320869429 0
0.07328947490475415 0.01327607922098049 0
0.07389432367732182 0.01410295125209617 0
0.07307146267854278 0.01409488223039523 0
0.112118115126503 0.02334293073979377 0
0.1128515387959068 0.02417716958061848 0
0.1111260960689996 0.02417502216005137 0
0.1119888174324532 0.02417609587033492 0
0.04445170103300834 0.02539493293596923 0
0.04258207754450934 0.02542589399211939 0
0.04352808876689247 0.02454945222759634 0
0.04351688928875884 0.02541041346404431 0
0.0779139829332484 0.01082532563021663 0
0.07692772992862433 0.01164867514922192 0
0.07628495073204891 0.01082334951900529 0
0.07709946683206602 0.01082433757461096 0
0.09391911164211508 0.03666262865765646 0
0.09459284287262604 0.03749710460909914 0
0.09289732591156391 0.03749672631474961 0
0.09374508439209497 0.03749691546192438 0
0.1211296858698416 0.02002541429361909 0
0.1218818864816946 0.02086108546693976 0
0.1209275304137859 0.02169221271987541 0
0.1201753298019329 0.02085654154655474 0
0.1210286081418137 0.02085881350674725 0
0.05831721154846736 0.01397647227629085 0
0.05902302458543881 0.01500520623722656 0
0.05676613895141099 0.01464673684901977 0
0.05789458176842491 0.01482597154312316 0
0.03521412785736421 0.02384679606379068 0
0.03435509706866935 0.02470445414991645 0
0.03341035317538753 0.02387251868280694 0
0.03426938396408239 0.02301486059668116 0
0.03431224051637587 0.02385965737329881 0
0.02834473997736328 0.02898444825259013 0
0.02750740337617042 0.02983289652164661 0
0.02656897241633797 0.02899172599029218 0
0.02740630901753082 0.02814327772123569 0
0.02745685619685062 0.02898808712144115 0
0.03741195040012252 0.03744068562508054 0
0.03663969649439076 0.03829464696902279 0
0.03578227372920569 0.03744368699642343 0
0.03655452763493745 0.03658972565248117 0
0.0365971120646641 0.03744218631075198 0
0.1304639496920635 0.01004310402002489 0
0.1312380188092669 0.01088347925964318 0
0.1303426214472886 0.01171502908514026 0
0.1295685523300852 0.01087465384552197 0
0.1304032855696761 0.01087906655258257 0
0.1224319367502852 0.006652509633013929 0
0.1232069396278986 0.007497348745145715 0
0.1223682316227336 0.008326146587148324 0
0.1215932287451203 0.007481307475016538 0
0.1224000841865094 0.007489328110081126 0
0.1225922352103165 0.001671532556459212 0
0.1234172514151353 0.00250359410061534 0
0.1225353906713225 0.0033393238301864 0
0.1217103744665038 0.002507262286030272 0
0.1225638129408195 0.002505428193322806 0
0.1553546209006792 0.02371253355407865 0
0.1561945389992083 0.02454239109641022 0
0.1552927563202892 0.02533755525730148 0
0.15445283822176 0.02450769771496992 0
0.1553236886104842 0.02452504440569007 0
0.07786958892253447 0.02993737170721473 0
0.07749790523897919 0.03161035801998419 0
0.07680905666032629 0.03076884332059048 0
0.07768374708075683 0.03077386486359946 0
0.009001421034204302 0.00964715210789624 0
0.008916633643947708 0.008028238274634301 0
0.009780269361181294 0.008858357191144077 0
0.008959027339076005 0.008837695191265271 0
0.1292142331880339 0.03419187588087538 0
0.1282280806662655 0.03502039908344241 0
0.1274033188287905 0.03418861689403499 0
0.1283087760084122 0.03419024638745519 0
0.159546180923942 0.0391858111495558 0
0.1603920101563726 0.03837175595676993 0
0.1613182825606295 0.03918594480721414 0
0.1604322317425406 0.03918587797838496 0
0.1594772196273251 0.03755771797284399 0
0.1603590647636584 0.03674404723344139 0
0.161273855292706 0.03755808521736733 0
0.1603755374600155 0.03755790159510566 0
0.1621436056712572 0.03674361000341057 0
0.1630424329566431 0.03755700302929514 0
0.1621726825780918 0.03837147824325189 0
0.1621581441246745 0.03755754412333123 0
0.163075150860575 0.03918553343603776 0
0.1621967167106022 0.03918573912162594 0
0.1376837863922769 0.001683607111051639 0
0.1375707856039465 0.003366555291830622 0
0.136797996150074 0.002523075735904356 0
0.1376272859981117 0.00252508120144113 0
0.124306295413371 0.001669857424332618 0
0.1251101774753033 0.00250406200816744 0
0.1242211334770676 0.003337798684450163 0
0.1242637144452193 0.00250382805439139 0
0.1305794959225082 0.008370422482803086 0
0.1313550557108412 0.009210848515651581 0
0.1296883899037305 0.009202677987176392 0
0.1305217228072859 0.009206763251413987 0
0.1235035903976198 0.0008349864639955255 0
0.1217530795940475 0.0008365460924636864 0
0.1226283349958336 0.000835766278229606 0
0.02122832072094039 0.014758442636298 0
0.02029272563489576 0.01392859048261791 0
0.02116338291258705 0.01393089806056879 0
0.1233977989631198 0.03002467709134917 0
0.1231942604272951 0.03168765992104099 0
0.1224078166822278 0.03085438293336161 0
0.1232960296952075 0.03085616850619508 0
0.1306321671463151 0.02838370106803099 0
0.1304830354461848 0.03004429825733715 0
0.1296759106153284 0.02921073410065233 0
0.13055760129625 0.02921399966268406 0
0.01162901247549331 0.00161321624585958 0
0.01073321445184387 0.0008052198694822651 0
0.0123229827435017 0.0008079963763773146 0
0.01152809859767279 0.0008066081229297898 0
0.01076344415123588 0.03915243391559838 0
0.009017069593174179 0.03915242106007773 0
0.009885455356435043 0.03830485497567611 0
0.009890256872928386 0.03915242748783805 0
0.06908481927629777 0.02986072626883983 0
0.06978992748604972 0.03071232328359749 0
0.06872234934569947 0.03154518900119661 0
0.06801724113594752 0.03069359198643895 0
0.06890358431099862 0.03070295763501822 0
0.006971297975818774 0.001595606180220694 0
0.007670809531731869 0.0007992349705490226 0
0.006931286428332035 0.0007978030901103468 0
0.06778610657761824 0.01482159649211339 0
0.06838546439260743 0.01565569344042473 0
0.06723392396902995 0.01643688182024949 0
0.06663456615404076 0.01560278487193816 0
0.06751001527332409 0.01562923915618144 0
0.01512374049362841 0.01388059554318308 0
0.01592569044233729 0.01306414237698338 0
0.01683772710602515 0.01390269095036885 0
0.01598073379982678 0.01389164324677597 0
0.1083439072203834 0.01083353985598411 0
0.1067788591620469 0.01083400666573374 0
0.1075613831912916 0.01083377326085892 0
0.05500442322872348 0.0322726089214935 0
0.05396316926814981 0.03312944245141709 0
0.05316661527716161 0.03226499949950963 0
0.05408551925294255 0.03226880421050157 0
0.05471203293015659 0.02795591479974124 0
0.05552768683488815 0.02882717018674468 0
0.05364056720614889 0.02881272493934368 0
0.05458412702051851 0.02881994756304418 0
0.1231152693629597 0.009170458760601465 0
0.1222759807952735 0.01000528214921142 0
0.1215289430550474 0.009160969975758278 0
0.1223221062090036 0.00916571436817987 0
0.1241443574683779 0.005002181253751729 0
0.1249313072663627 0.005838968190683226 0
0.1240669563355084 0.006667252690484803 0
0.1232800065375236 0.005830465753553307 0
0.1241056569019431 0.005834716972118266 0
0.129237820121843 0.003345903947086969 0
0.1300176243868246 0.004184205735366564 0
0.1291330161855922 0.005018368166373978 0
0.1283532119206106 0.004180066378094384 0
0.1291854181537176 0.004182136056730474 0
0.1207444938313021 0.01000124782517386 0
0.1213925799773926 0.01083874109834465 0
0.1204874545611945 0.01167435203112505 0
0.119839368415104 0.01083685875795425 0
0.1206159741962483 0.01083779992814945 0
0.1462033617352721 0.03177989908869186 0
0.1470347355397523 0.03260739627245985 0
0.1461060787079947 0.03342410983138466 0
0.1452747049035145 0.03259661264761667 0
0.1461547202216334 0.03260200446003825 0
0.1510671395411108 0.03836294671143975 0
0.1502472000157726 0.0375430875989152 0
0.1511356806943099 0.03754466100247552 0
0.07367318908745969 0.01822307471855802 0
0.07431932758267802 0.01906083909322869 0
0.07324983462284534 0.01987451569695626 0
0.07260369612762702 0.01903675132228558 0
0.07346151185515253 0.01904879520775714 0
0.008844693203732178 0.03066617954972305 0
0.007977757057281175 0.03151847361470815 0
0.007075023730714475 0.03066711495936554 0
0.007941959877165478 0.02981482089438044 0
0.007959858467223326 0.03066664725454429 0
0.0009027231665622582 0.03657276948425094 0
0.0008996686532684282 0.03575251199248969 0
0.1341335780430417 0.00503472259293343 0
0.1349138368930138 0.00587659001669685 0
0.1340257097628054 0.006711505678691962 0
0.1332454509128333 0.005869638254928543 0
0.1340796439029235 0.005873114135812697 0
0.01342667027793146 0.003237757363710497 0
0.01251882852658096 0.002424710829152287 0
0.01324954922705383 0.001618027867839629 0
0.01415739097840433 0.002431074402397839 0
0.01333810975249265 0.002427892615775063 0
0.117626187250729 0.03916813967577461 0
0.1158632101922257 0.03916805198051658 0
0.1167446987214282 0.03916809582814559 0
0.04869685836593408 0.003428306262086811 0
0.04917723708732098 0.00272456247054685 0
0.05008840179711972 0.003253488490498294 0
0.04960802307573284 0.003957232282038255 0
0.0493926300815269 0.003340897376292552 0
0.07887821806917258 0.03329252699468731 0
0.07956860345613168 0.03413304969182437 0
0.07849900515498705 0.03496733725665292 0
0.07780861976802797 0.03412681455951586 0
0.07868861161207982 0.03412993212567011 0
0.08250890991395052 0.01663399413587352 0
0.08317693044197884 0.01746719542908202 0
0.08215592479647607 0.0182931574164834 0
0.08148790426844774 0.0174599561232749 0
0.08233241735521329 0.01746357577617846 0
0.1101287188020931 0.02500722949726784 0
0.1098585918670456 0.02667343210081987 0
0.1091257056980401 0.02583937964629703 0
0.1099936553345694 0.02584033079904386 0
0.06273065865074691 0.03489019891154389 0
0.06346714015820101 0.03574570852490794 0
0.06243478687443965 0.0365925103731986 0
0.06169830536698555 0.03573700075983455 0
0.06258272276259329 0.03574135464237125 0
0.01723568337268212 0.008148955676504695 0
0.01631190211990304 0.007325448722338903 0
0.01800327576992938 0.007336896001646632 0
0.01715758894491621 0.007331172361992768 0
0.06215293882844188 0.03829580440034435 0
0.0628845073349234 0.03914874365602206 0
0.06115588998095976 0.0391470607443223 0
0.06202019865782365 0.03914790220017218 0
0.007271177546348762 0.03915237926238144 0
0.005467385730189005 0.03915220135216685 0
0.006339517802956572 0.03830458061454829 0
0.00636928163888625 0.03915229030727415 0
0.1414564603440694 0.02347922854734679 0
0.1413533338441051 0.02513544089445201 0
0.1405373452391726 0.02429825750190284 0
0.1414048970940873 0.0243073347208994 0
0.02814529669964872 0.02560919587532648 0
0.02730646876118547 0.02645602038658476 0
0.02720566620873346 0.02477156078822077 0
0.02725606748495947 0.02561379058740277 0
0.0183991505427243 0.003257241715325487 0
0.01745408413867791 0.002440774442458571 0
0.01817911914096897 0.00162803810256856 0
0.01912418554501536 0.002444505375435476 0
0.01828913484184664 0.002442639908947023 0
0.1280767619489254 0.02754278109043286 0
0.1271142878793561 0.02837120443587075 0
0.1263229153876633 0.02753691530738 0
0.1271998386682944 0.02753984819890643 0
0.1634265917714276 0.01526999636237387 0
0.1625462173604648 0.01598388191009328 0
0.1617509639090189 0.01514206124949274 0
0.1626313383199817 0.01442817570177332 0
0.1625887778402233 0.0152060288059333 0
0.1633546276381705 0.01681538448640538 0
0.1624765255265304 0.01754641480822802 0
0.1616681152488246 0.01671491223191592 0
0.1625113714434976 0.01676514835916065 0
0.1607786407737385 0.01745573198997399 0
0.1599659033117985 0.01660947264676989 0
0.1608553777868846 0.01586865288871182 0
0.1608170092803116 0.01666219243934291 0
0.1609480475545038 0.01428096113336668 0
0.1609017126706942 0.01507480701103925 0
0.01438730927698312 0.03915274523765121 0
0.01257097361778127 0.03915254539105555 0
0.01347539398346534 0.03830529062870676 0
0.01347914144774864 0.03915264531435338 0
0.113322507255142 0.0325074265712384 0
0.1123085223870868 0.03333940754025235 0
0.1115549981432954 0.03250611483558079 0
0.1124387526992187 0.0325067707034096 0
0.105517747112176 0.02166893471400466 0
0.1062326086252606 0.02250301279164922 0
0.1052233602243382 0.02333534467042534 0
0.1045084987112536 0.02250126659278078 0
0.1053705536682571 0.022502139692215 0
0.1354280872745206 0.0350341898029454 0
0.136265483037729 0.03586360485102429 0
0.1353279484613756 0.03668959766692073 0
0.1344905526981673 0.03586018261884185 0
0.1353780178679481 0.03586189373493306 0
0.006767110417930211 0.01696357082371885 0
0.005939015120763738 0.01775881777706532 0
0.005070395774010049 0.01687165748908602 0
0.005898491071176522 0.01607641053573955 0
0.00591875309597013 0.01691761415640244 0
0.08312670327282821 0.02578999047597196 0
0.08208294785673512 0.02661870798535877 0
0.08226164591556155 0.02578551494092098 0
0.001778362970799578 0.03241715442634142 0
0.0008868306732419048 0.03159148393860751 0
0.0008891814853997891 0.03244182617411341 0
0.02841156161306528 0.01639153853560645 0
0.02745237104130751 0.01557106996424937 0
0.02827409851955458 0.01473261481735714 0
0.02834283006630994 0.0155620766764818 0
0.0356871393251391 0.03574017586267697 0
0.03489214358620889 0.03659385489571167 0
0.0340003498174931 0.03574536152655997 0
0.03479534555642332 0.03489168249352528 0
0.0348437445713161 0.03574276869461848 0
0.1312964322867884 0.03087713189346947 0
0.1304088171155478 0.0308743326749162 0
0.02444894073528929 0.01145249045108084 0
0.02349536703171636 0.01063234406644764 0
0.02429473455248654 0.009807220419805893 0
0.02524830825605947 0.01062736680443909 0
0.02437183764388792 0.01062985543544336 0
0.01588593045694459 0.02898921340871077 0
0.01503140921571573 0.02983287674030236 0
0.01411036624263779 0.02898250951173833 0
0.01496488748386665 0.02813884618014673 0
0.01499814834979119 0.02898586146022455 0
0.06984608291214597 0.02650230799672353 0
0.07054139834891997 0.02735365883856134 0
0.06945921985057332 0.02817954551466352 0
0.06965265138135965 0.02734092675569353 0
0.1281006420418903 0.01838355846589394 0
0.1288734610991026 0.01922103038073206 0
0.1279440453583181 0.0200503433127562 0
0.1271712263011058 0.01921287139791809 0
0.1280223437001042 0.01921695088932507 0
0.1201773860458106 0.03417829204003014 0
0.1191642409842524 0.035009243880917 0
0.1183919329430082 0.03417659390166845 0
0.1192846594944094 0.03417744297084929 0
0.01608645445780298 0.03407028526789876 0
0.01521334591425903 0.03491664052552038 0
0.01428334492592209 0.03406835268581522 0
0.01515645346946605 0.03322199742819361 0
0.01518489969186254 0.03406931897685699 0
0.1025826725785756 0.02833257889756236 0
0.103304443574651 0.02916669086024313 0
0.1015500757208428 0.0291649082146658 0
0.1024272596477469 0.02916579953745447 0
0.009154493037238379 0.01291350286885946 0
0.008281980359228197 0.01206710666984698 0
0.009080475100657591 0.01127501227901792 0
0.009952987778667773 0.01212140847803041 0
0.009117484068947985 0.01209425757393869 0
0.1276203686363297 0.02338105836063258 0
0.1284032339784855 0.0242166026489378 0
0.1266712790063088 0.02420959771895675 0
0.1275372564923972 0.02421310018394728 0
0.1159743517618703 0.01417389763653069 0
0.1176511133201265 0.01417618884944332 0
0.1167044185185534 0.01500985587585588 0
0.1168127325409984 0.01417504324298701 0
0.02300962906793104 0.02899943268842277 0
0.02216607811548342 0.02984400698243464 0
0.02122765233430136 0.02899990706712952 0
0.02207120328674898 0.02815533277311765 0
0.0221186407011162 0.02899966987777614 0
0.1061291502648022 0.03833451734431385 0
0.1069252286429216 0.03916723621212692 0
0.1050631440938006 0.03916728113218693 0
0.1059941863676995 0.03916725867215692 0
0.08383101171048007 0.02245991555416451 0
0.08211586718467764 0.02245140641087963 0
0.08297343944757886 0.02245566098252207 0
0.04255427201701793 0.02199074126960697 0
0.04163139207967995 0.02287078499570117 0
0.04066106208009078 0.02203931597148271 0
0.04158394201742877 0.02115927224538851 0
0.04160766704855436 0.02201502862054484 0
0.1387543895730292 0.03834782996602022 0
0.139572582663539 0.03917433436029323 0
0.1378368902761462 0.03917349560572699 0
0.138704736469714 0.03917391498301011 0
0.07085484581534865 0.02988013194871132 0
0.07155305713400614 0.03072920337519037 0
0.0704881388047072 0.03156139471007655 0
0.07067149231002792 0.03072076332939393 0
0.08800188188669339 0.0316481520371119 0
0.08870764160738384 0.03248452147297196 0
0.08767129693904954 0.03331753223658387 0
0.08696553721835909 0.03248116280072382 0
0.08783658941287148 0.03248284213684789 0
0.1133382485896542 0.0266774700847663 0
0.1140831625505225 0.02751139313056181 0
0.1130842331109211 0.02834320104655717 0
0.1123393191500528 0.02750927800076166 0
0.1132112408502876 0.02751033556566174 0
0.1355380530381803 0.03337853220752657 0
0.1363692371006453 0.03420880594252046 0
0.1354830701563504 0.03420636100523598 0
0.12152546475895 0.01668952732676824 0
0.1213288791924255 0.0183578851194451 0
0.1214271719756878 0.01752370622310667 0
0.05166513067716071 0.03656438961328073 0
0.05243031190233514 0.03742372740480614 0
0.05140131869553465 0.03828243657872957 0
0.05063613747036019 0.03742309878720416 0
0.05153322468634768 0.03742341309600515 0
0.08734757870326178 0.03498758645859645 0
0.08806798869582273 0.03582395316614484 0
0.08703579123514933 0.03665818591620294 0
0.08631538124258838 0.03582181920865455 0
0.08719168496920554 0.0358228861873997 0
0.08659767833270648 0.02997507054147832 0
0.08729970468536209 0.0308119129134484 0
0.0862588738459697 0.03164415630149122 0
0.08555684749331409 0.03080731392952114 0
0.08642827608933809 0.03080961342148477 0
0.07707342980237485 0.01826017334811767 0
0.07772931517971457 0.01909583624134474 0
0.07668260427232935 0.0199158517701942 0
0.07602671889498963 0.01908018887696713 0
0.0768780170373521 0.01908801255915593 0
0.1203814033227954 0.01918932716527341 0
0.1194285944225536 0.0200211320430633 0
0.1186856062298491 0.01918537054103396 0
0.1195335047763222 0.01918734885315368 0
0.06066873398344515 0.03658593751560988 0
0.06141858763561071 0.03744161704736591 0
0.0604069799061831 0.03829269782918419 0
0.05965712625401753 0.03743701829742816 0
0.06053785694481412 0.03743931767239703 0
0.01620129800586694 0.03745878023356675 0
0.01530522276915767 0.03830569723916832 0
0.0143680031761387 0.03745813799168583 0
0.01526407841284797 0.03661122098608426 0
0.01528465059100282 0.03745845911262629 0
0.1518388825473558 0.03918188073510079 0
0.1501102487387116 0.03918106597633896 0
0.1509745656428995 0.03918147335571986 0
0.02038111608272743 0.02984370950662207 0
0.01944557843539654 0.02899823857425763 0
0.02029211468697047 0.02815443613476508 0
0.02033661538484895 0.02899907282069357 0
0.1253548511285492 0.02836596426540431 0
0.1261445741032838 0.02919968767705823 0
0.1243790102049881 0.02919504934796366 0
0.125261792154136 0.02919736851251094 0
0.03722931227448154 0.03062016743679681 0
0.03637983495284756 0.03147815288819202 0
0.03548142553256416 0.03063388567166004 0
0.03633090285419814 0.02977590022026483 0
0.03635536890352285 0.03062702655422842 0
0.04565850979233894 0.03570935184948919 0
0.04474772856950202 0.03656962057185356 0
0.04397539841598078 0.03571362572349154 0
0.04488617963881771 0.03485335700112716 0
0.04481695410415987 0.03571148878649037 0
0.04755387288610251 0.03398673066606497 0
0.04660248568642726 0.03484879909120806 0
0.04580877226947581 0.03399149811242232 0
0.04676015946915106 0.03312942968727924 0
0.04668132257778917 0.03398911438924365 0
0.149312554341779 0.03836090504924564 0
0.1483953607224672 0.03917983907290669 0
0.1492528047305181 0.03918045252462282 0
0.006669921214537709 0.013638042553303 0
0.007480044647760378 0.01285029700372851 0
0.008347578193971979 0.01370970891077278 0
0.007508749704254844 0.01367387573203789 0
0.05037030173221525 0.0235742635213437 0
0.04930835227196188 0.02446278707223719 0
0.04837389783136352 0.02359634326883092 0
0.0494358472916169 0.02270781971793743 0
0.04937209978178939 0.02358530339508731 0
0.02649928435791232 0.01474756250103924 0
0.02554405713841845 0.01392640750554101 0
0.02635734232659672 0.01309356775846565 0
0.02731256954609059 0.01391472275396388 0
0.02642831334225452 0.01392056512975244 0
0.09419702874648934 0.02665509671715053 0
0.09490015174383817 0.02748985218507909 0
0.09316684385523682 0.02748711363404032 0
0.09403349779953751 0.02748848290955971 0
0.1043612903775992 0.01416748981274129 0
0.1053758225880459 0.01333453660603376 0
0.1060518584579891 0.01416838864026547 0
0.1050373262475424 0.015001341846973 0
0.1052065744177941 0.01416793922650338 0
0.1318518492157751 0.03502660090540829 0
0.1326968851913543 0.03585701003368706 0
0.1317323450033389 0.03668458392886758 0
0.131792097109557 0.03585559241713793 0
0.07451485119391657 0.01493076396226245 0
0.07514186335471437 0.01576171185440686 0
0.07409658450715198 0.01657551057529378 0
0.07430571785053428 0.01575313726877812 0
0.07914204673372527 0.01661773050908933 0
0.07979926271403501 0.01745107071550958 0
0.07876831917819749 0.01827349641762522 0
0.07811110319788775 0.01744015621120497 0
0.07895518295596138 0.01744561346335727 0
0.001741359399983101 0.02551890363764925 0
0.0008731741418510076 0.02643633544228899 0
0.0008681852581320928 0.02464307737760171 0
0.0008706796999915503 0.02553970641016391 0
0.0234344020015539 0.03576506070181018 0
0.02258484468659777 0.03661212964190239 0
0.02162024580760767 0.03576581354128074 0
0.0224698031225638 0.03491874460118853 0
0.02252732390458079 0.03576543712154545 0
0.1220771617394717 0.01919397224779078 0
0.1212292825311335 0.01919164970653209 0
0.03709258954271362 0.02551471305196609 0
0.03622376751871423 0.0263757126465646 0
0.03529053089197058 0.02553984312304586 0
0.03615935291596997 0.02467884352844735 0
0.0361915602173421 0.02552727808750598 0
0.05496911323727646 0.0153955787729478 0
0.05448496809737184 0.0172882926266547 0
0.05344352991428761 0.01624390805999384 0
0.05472704066732415 0.01634193569980125 0
0.01216144302639868 0.02388194062584127 0
0.01131811785453444 0.02471987549017213 0
0.01041583954726821 0.02385862329456919 0
0.01125916471913244 0.02302068843023833 0
0.01128864128683344 0.02387028196020523 0
0.06072110651478824 0.02632522354623836 0
0.06148191074857706 0.02719696701571159 0
0.05960947025694063 0.02716098257769986 0
0.06054569050275885 0.02717897479670573 0
0.1113357269309253 0.02834127734076766 0
0.1120797241079142 0.02917502485278345 0
0.1110707191310099 0.03000705195720519 0
0.1103267219540211 0.0291733044451894 0
0.1112032230309676 0.02917416464898642 0
0.06336332816015136 0.03148929538490029 0
0.06410027569889008 0.03234781849193467 0
0.06303994913256497 0.03318903757613056 0
0.06230300159382624 0.03233051446909617 0
0.06320163864635817 0.03233916648051542 0
0.01340924605580818 0.03491520521479934 0
0.01336208452754312 0.03321965046888401 0
0.01338566529167565 0.03406742784184167 0
0.1367123227810028 0.029241869832267 0
0.1349576053911724 0.02923274453869309 0
0.1358349640860876 0.02923730718548005 0
0.02053337043096625 0.01724881196583233 0
0.01971688185080711 0.01807685839714607 0
0.018789548382648 0.01723954607221485 0
0.01960603696280714 0.01641149964090111 0
0.01966145940680713 0.01724417901902359 0
0.1669197470378626 0.005378909900860629 0
0.1676620626201148 0.00467571749783399 0
0.1684542752370031 0.005450521270638204 0
0.1676870111374328 0.005414715585749417 0
0.1668398288921076 0.003889117412517836 0
0.1684177067064435 0.003941422713045695 0
0.1676287677992756 0.003915270062781765 0
0.1692196285552067 0.004757069641883262 0
0.1692088533532217 0.003993605080947094 0
0.1692271376185015 0.005511104432138997 0
0.01541493020424022 0.01887434404367862 0
0.01459205222029002 0.01969891825449839 0
0.01450689136882603 0.01802373755371961 0
0.01454947179455802 0.018861327904109 0
0.03897813462199506 0.03060566785628874 0
0.03811634319454949 0.03146575296445882 0
0.03809110370192711 0.02976008232862674 0
0.0381037234482383 0.03061291764654278 0
0.08553609375486418 0.01415181682939761 0
0.08653121880750519 0.01332254394407085 0
0.08720260833813823 0.01415427134907762 0
0.08620748328549721 0.01498354423440438 0
0.0863693510465012 0.01415304408923761 0
0.07818625134674612 0.03245204328794167 0
0.07906401873949935 0.03245584594217374 0
0.163930037599494 0.03837020322568378 0
0.1648184459692857 0.03918466978964603 0
0.1639467984146037 0.03918510161284189 0
0.1639071872805177 0.03674124661385116 0
0.1647947919233686 0.03755444681023981 0
0.1639186124400058 0.03755572491976747 0
0.1656573431655121 0.036736803709339 0
0.1656747751947492 0.03836800378784055 0
0.1656660591801306 0.03755240374858978 0
0.1656878268435409 0.03918400189392028 0
0.01019538390468814 0.003216988318742894 0
0.01106317961899764 0.004030230327147862 0
0.01026212591328401 0.004022705121466306 0
0.04036819625286341 0.0169470550435002 0
0.03949458845028006 0.01782225575013243 0
0.03848071120945926 0.01701640251832592 0
0.03935431901204261 0.01614120181169369 0
0.03942445373116133 0.01698172878091306 0
0.06250927842776377 0.01221096952718364 0
0.06120939928528025 0.0128241706657119 0
0.06066499287763344 0.01202254461987865 0
0.0615871356526986 0.01211675707353115 0
0.06377124718040775 0.0115108693140726 0
0.06432656033655575 0.01230932374052633 0
0.06306459158391177 0.01300942395363737 0
0.06341791938215975 0.01226014663385499 0
0.1072361859994026 0.02167064253438072 0
0.1079536887756073 0.02250476103238525 0
0.1069501114014653 0.02333713128965374 0
0.1070931487004339 0.02250388691201723 0
0.03900929114540024 0.03572928226672696 0
0.03983835832237249 0.03487183619419433 0
0.03983414005056135 0.03572653392232711 0
0.1036758042965096 0.01333391717295747 0
0.103330936031944 0.01500035906473967 0
0.1035033701642268 0.01416713811884857 0
0.002404652472112148 0.006282110831033851 0
0.002386428209504465 0.00472979612015908 0
0.003193281886294856 0.005517074661570462 0
0.002395540340808307 0.005505953475596466 0
0.009570187568844278 0.02469897702668017 0
0.008673690433045327 0.02383210658018832 0
0.009544764990156766 0.02384536493737875 0
0.01936452202773005 0.01309594286523823 0
0.01843535577766255 0.01226586104599536 0
0.0192321604097852 0.01144574150587677 0
0.01929834121875763 0.0122708421855575 0
0.1233847101500296 0.01502541144677235 0
0.1241303151462291 0.01586289163507888 0
0.1224584363634316 0.01585719702233789 0
0.1232943757548304 0.01586004432870838 0
0.1057924231872256 0.03000236799127752 0
0.1065278631557151 0.03083628121623132 0
0.1054964869593366 0.03166865917608466 0
0.1047610469908471 0.03083474595113086 0
0.1056444550732811 0.03083551358368109 0
0.1345336804482568 0.02341854045359754 0
0.135335669835982 0.02425488386250485 0
0.1344042447870464 0.02507987249118269 0
0.1336022553993212 0.02424352908227538 0
0.1344689626176516 0.02424920647239012 0
0.01255592882715176 0.03745753189038108 0
0.01166806439256753 0.03830497930665393 0
0.0107596261396312 0.03745718660032422 0
0.01165777748339148 0.03745735924535265 0
0.009751728890331837 0.03151805782129101 0
0.009709580661653061 0.02981680296252431 0
0.009730654775992449 0.03066743039190766 0
0.1340140346509656 0.03005791556406332 0
0.1338867162408532 0.03171579547065332 0
0.1330673549316564 0.03088337482820933 0
0.1339503754459094 0.03088685551735833 0
0.1431008712051371 0.0391763318905297 0
0.1413109067849251 0.03917519280741128 0
0.1422058889950311 0.03917576234897049 0
0.057999927154434 0.02105732859719366 0
0.05759622724657948 0.02279009753029439 0
0.05779807720050674 0.02192371306374402 0
0.1399376728645878 0.02014014058255384 0
0.1407459568195384 0.020980303055248 0
0.1398320813511119 0.02180169585246892 0
0.1390237973961613 0.02096153337977476 0
0.1398848771078499 0.02097091821751138 0
0.04427042426812312 0.03056240031374349 0
0.04335052866293987 0.03142793639858373 0
0.04249457116603642 0.03057615369731956 0
0.04338249771707976 0.03056927700553153 0
0.113126279269474 0.01667436270130025 0
0.1130028139859407 0.01750821982064845 0
0.1382193950068581 0.02012199440247627 0
0.1381074592803594 0.02178452794346349 0
0.1373030568910562 0.020944988966165 0
0.1381634271436088 0.02095326117296988 0
0.01489215612827346 0.001621730652448054 0
0.01397561087843885 0.0008100314914623145 0
0.01563197846574878 0.0008116991609857395 0
0.01480379467209382 0.000810865326224027 0
0.09950894807319474 0.03499757438130489 0
0.1002145933188116 0.0358317171642307 0
0.09914195985999517 0.03666469171229816 0
0.09843631461437827 0.03583054892937235 0
0.09932545396659495 0.03583113304680153 0
0.1260031118379305 0.001670369211774946 0
0.1267932566191685 0.002506092246223645 0
0.1259003222565413 0.003339785042616139 0
0.1259517170472359 0.002505077127195543 0
0.1318959948184015 0.0008378547889609109 0
0.1310078568416892 0.001674766825699256 0
0.1302155905462947 0.0008369120367383454 0
0.131055792682572 0.0008373834128496281 0
0.1299113599706985 0.005857362265129089 0
0.1290266870520988 0.006690606807340126 0
0.1282483432669925 0.005851612708585014 0
0.1290798516188455 0.005854487486857052 0
0.08172453740416556 0.02828661228720041 0
0.08136503046224591 0.02995602680094618 0
0.08067285722524209 0.02911717026148108 0
0.08154478393320574 0.02912131954407329 0
0.04594256851498567 0.03227204262832705 0
0.04690285219488273 0.03140798212861204 0
0.0468315058320169 0.03226870590794564 0
0.09750953101512477 0.01832770506790055 0
0.0982176226735178 0.0191615647018937 0
0.09719866575168268 0.01999341316618215 0
0.09649057409328965 0.019159553532189 0
0.09735409838340373 0.01916055911704135 0
0.02537453645728809 0.03745781334997755 0
0.02356157074398196 0.03745881746291008 0
0.02439861602397832 0.03661117263925001 0
0.02446805360063502 0.03745831540644382 0
0.06986427950497374 0.03915566960844233 0
0.06898041918830608 0.03915470694736967 0
0.02732964264883373 0.03915211385033227 0
0.02634633106789668 0.03830465971953674 0
0.02642891113144662 0.03915232985976837 0
0.1248396493560116 0.007507819885070224 0
0.1239796326484018 0.008337915939731136 0
0.1240232944919551 0.00750258431510797 0
0.1286744103418092 0.01170630718017482 0
0.1294417932034297 0.01254590259504971 0
0.1285409607697229 0.01337706794759829 0
0.1277735779081023 0.0125374725327234 0
0.128607685555766 0.01254168756388655 0
0.03662202205371205 0.0170739276919435 0
0.03748215931779546 0.01620782028391182 0
0.03755136663158566 0.01704516510513471 0
0.01399581793003506 0.009750359461107101 0
0.01387058040485251 0.008115415026643787 0
0.01477070445206841 0.00894435504206866 0
0.01393319916744378 0.008932887243875443 0
0.09915635651256099 0.01416420457360342 0
0.1001941182005484 0.01333181150362288 0
0.0998684910953324 0.01499776217086677 0
0.1000313046479404 0.01416478683724483 0
0.01066036079768287 0.03236778713052225 0
0.009791426764519572 0.03321685114160527 0
0.008882794857168537 0.03236712183237403 0
0.009771577827425704 0.03236745448144814 0
0.07303719668296706 0.01738872178423387 0
0.07196087268924115 0.01819713444417921 0
0.07133161842405265 0.01736184748842776 0
0.07218440755350986 0.01737528463633082 0
0.02104254582167967 0.02562647185964163 0
0.02020275276033986 0.02646709632004841 0
0.01927220396816314 0.02562278808317304 0
0.02011199702950295 0.02478216362276627 0
0.02015737489492141 0.02562462997140734 0
0.1370570978590399 0.01176059984913193 0
0.1378477687924086 0.01260459914884514 0
0.1369518358828711 0.01343382201301131 0
0.1361611649495024 0.0125898227132981 0
0.1370044668709555 0.01259721093107162 0
0.1356944812863203 0.006719757970196623 0
0.1364769941222646 0.007563161579271559 0
0.1355891019287854 0.008397046291289657 0
0.134806589092841 0.007553642682214722 0
0.1356417916075528 0.007558402130743139 0
0.027170413332031 0.03745646721665781 0
0.02627247489465954 0.03745714028331769 0
0.01899496790806736 0.02058063150727965 0
0.01816770375029431 0.02141250949101278 0
0.01724572042493538 0.02056837704529019 0
0.01807298458270843 0.01973649906155707 0
0.01812034416650137 0.02057450427628492 0
0.06803095032698933 0.03492171735080875 0
0.06874358831596247 0.03577160987966676 0
0.06770027086654444 0.03661287612569995 0
0.0669876328775713 0.03576298359684194 0
0.06786561059676689 0.03576729673825434 0
0.05303862458292151 0.02620567358748724 0
0.05388553023604133 0.02707939929176346 0
0.05280964159802506 0.02794352091669861 0
0.05196273594490523 0.02706979521242239 0
0.05292413309047329 0.02707459725209293 0
0.01558476903696696 0.02223234698941883 0
0.01475041275782974 0.02306523168232699 0
0.01383869625182326 0.02221264266114538 0
0.01467305253096048 0.02137975796823721 0
0.01471173264439511 0.0222224948252821 0
0.1484950746355041 0.03753945191657308 0
0.1493711373256384 0.03754126975774413 0
0.1080997962220551 0.01667016432875378 0
0.1087990123863393 0.01750429935450797 0
0.107810065293472 0.01833720172654743 0
0.1071108491291877 0.01750306670079323 0
0.1079549307577635 0.0175036830276506 0
0.1552319644914006 0.02696287623943554 0
0.1560796619292873 0.02778728509460812 0
0.155171793631879 0.02858899479412839 0
0.1543240961939923 0.02776458593895581 0
0.1552018790616398 0.02777593551678196 0
0.0877718752737589 0.03749442796847195 0
0.08674367616106318 0.03832911275893652 0
0.08600759212245361 0.03749287070666751 0
0.08688973369810625 0.03749364933756974 0
0.1574237580383447 0.0156457398170904 0
0.1582490991311087 0.01650717149353952 0
0.1573476834950264 0.01727521020172987 0
0.1565223424022624 0.01641377852528075 0
0.1573857207666855 0.01646047500941014 0
0.03871280785879858 0.02038786100301573 0
0.0378349381046791 0.02125575513773999 0
0.03686007582783226 0.02043362790194958 0
0.03778644184331542 0.02041074445248265 0
0.1095865643649171 0.02833949990438787 0
0.1085725502764796 0.02917167377604935 0
0.1094496361152503 0.02917248911061937 0
0.08908905911025256 0.034989769712557 0
0.08980043573300181 0.03582547117350762 0
0.088779365318572 0.03665965462709545 0
0.08893421221441228 0.03582471216982623 0
0.1536831559638316 0.02204221420104775 0
0.1545180713206804 0.02287871779858532 0
0.15361523118673 0.02367504551910753 0
0.1527803158298812 0.02283854192156996 0
0.1536491935752808 0.02285862986007764 0
0.01918289452672236 0.02393871308270838 0
0.01834598996229163 0.02477619819667229 0
0.01742156678886479 0.02393010606766718 0
0.01825847135329552 0.02309262095370327 0
0.01830223065779357 0.02393440957518778 0
0.0549797851512743 0.02622279215212257 0
0.05580628784538956 0.02709930766010036 0
0.05484590904071544 0.02708935347593191 0
0.01953136683149334 0.0306886345096806 0
0.01867760311722064 0.03153320688708802 0
0.01774233488829424 0.03068615907904763 0
0.01859609860256693 0.02984158670164021 0
0.01863685085989379 0.03068739679436411 0
0.03589194649749328 0.01961094503001966 0
0.03491379019478652 0.01879368862350429 0
0.0357720561091613 0.01793285124393442 0
0.03583200130332729 0.01877189813697704 0
0.1043336310383068 0.02833436940561718 0
0.1050606043451451 0.02916840789169408 0
0.1040314168814893 0.03000072934632003 0
0.104182523959898 0.02916754937596861 0
0.1265666464846494 0.01670778465379169 0
0.1273303860643815 0.01754547079655272 0
0.1264045438853238 0.0183757625962816 0
0.1256408043055917 0.01753807645352058 0
0.1264855951849866 0.01754177362503665 0
0.1476681034937823 0.03671679356747094 0
0.1475662927302954 0.03835839912210792 0
0.1467393215885736 0.03753574077300579 0
0.1476171981120389 0.03753759634478943 0
0.02474464557258805 0.005709705817024336 0
0.02553646657371076 0.004890064622928687 0
0.02650713662942404 0.005703889140719183 0
0.02562589110100605 0.00570679747887176 0
0.02065625358089671 0.008165583629891018 0
0.0197101009068881 0.007344610560756349 0
0.02048683535872749 0.00652762871585671 0
0.0214329880327361 0.007348601784991379 0
0.0205715444698121 0.007346606172873864 0
0.08381577900389603 0.02662692568602447 0
0.0845076296333812 0.02746443683878001 0
0.08277225982077591 0.02745703714052688 0
0.08363994472707854 0.02746073698965345 0
0.1076716873264927 0.024171219547782 0
0.1066634171602306 0.02500351296492591 0
0.1059418412352032 0.02416942470679764 0
0.1068067642808479 0.02417032212728982 0
0.04692400377540602 0.03914165826328236 0
0.04528439433354624 0.03914207810547955 0
0.04622235889353064 0.03828373636876192 0
0.04610419905458774 0.03914186818438096 0
0.1220451898151105 0.02669297955786357 0
0.1228175187632278 0.02752712097885625 0
0.1218395335996619 0.02835722869697625 0
0.1210672046515446 0.02752308727598358 0
0.1219423617073862 0.02752510412741992 0
0.1188296688677682 0.01167211671109518 0
0.1195580304563554 0.01250912021316822 0
0.1185986050980016 0.01334290744798591 0
0.1187141369828849 0.01250751207954054 0
0.1005783171966142 0.0158314484870599 0
0.09955101361321947 0.01666366472588216 0
0.09884118751193771 0.01582997840968903 0
0.09970975235427594 0.01583071344837447 0
0.02228457890809143 0.01725268682512128 0
0.02146701413648586 0.01808311724158878 0
0.02135093520257182 0.01641838154936484 0
0.02140897466952884 0.01725074939547681 0
0.148635179650547 0.01862077131242938 0
0.1494600908511184 0.01946744823106455 0
0.1485576092195701 0.02027586220920318 0
0.1477326980189987 0.01942918529056802 0
0.1485963944350585 0.01944831676081628 0
0.1368438061517686 0.0151049328608743 0
0.1376379165125891 0.01594725426015348 0
0.1367328701085186 0.01677395094797407 0
0.1367883381301436 0.01593944190442418 0
0.0340648268836941 0.01964895792764806 0
0.033094438253727 0.01882971360212644 0
0.03394340156481943 0.01797444429798267 0
0.03400411422425676 0.01881170111281536 0
0.07554176089347356 0.01411534866523581 0
0.07656079183312399 0.01329638789497978 0
0.07719511179845157 0.01412514156672872 0
0.07617608085880112 0.01494410233698475 0
0.07636843634596255 0.01412024511598227 0
0.09445456306736799 0.02082276921961249 0
0.0934363305460294 0.02165405742046958 0
0.09273412311551044 0.02082001300372342 0
0.09359434309143921 0.02082139111166795 0
0.02515406435159335 0.001629045418567846 0
0.02415014695506038 0.000814899530936754 0
0.02595202915180922 0.0008141458876310924 0
0.02505108805458958 0.0008145227092839232 0
0.1168177400800314 0.02668249007097227 0
0.116066148649402 0.02584821550975098 0
0.1169339239969019 0.02584968934693613 0
0.103795637922635 0.02166720352779557 0
0.1034943671008704 0.02333353025458216 0
0.1027815063122518 0.02249946718959695 0
0.1036450025117527 0.02250036689118887 0
0.1363731682243426 0.009240452161360735 0
0.135482793394471 0.01007287542243562 0
0.1346987270989138 0.009229469552364544 0
0.1355359476616282 0.00923496085686264 0
0.1282529364803916 0.01671575426350914 0
0.1290231924579004 0.01755384193285036 0
0.128176789261141 0.01754965636470154 0
0.01208430637663453 0.006466310176781223 0
0.01297093665702788 0.007290839277733508 0
0.01214585062552807 0.007278982510724863 0
0.01188397331595988 0.01713919865119567 0
0.01106459577613146 0.01795276970177862 0
0.01017327982574148 0.01709348954698693 0
0.0109926573655699 0.01627991849640397 0
0.01102862657085068 0.0171163440990913 0
0.001769159768376022 0.03071677574653099 0
0.0008845798841880109 0.03073779919649111 0
0.1642901358218805 0.01456212856225179 0
0.1650834551117517 0.0153821574390859 0
0.1642199110612988 0.01609002523920799 0
0.1642550234415897 0.01532607690072989 0
0.1659311782466634 0.01467559137857964 0
0.1658800005534123 0.01618115904446147 0
0.1659055894000379 0.01542837521152056 0
0.1658372862977393 0.01770088218767114 0
0.165027365331439 0.01690432096265933 0
0.1658586434255758 0.0169410206160663 0
0.1641620819083107 0.01762968020985672 0
0.1641909964848048 0.01685985272453236 0
0.1515529387859204 0.006038212587960643 0
0.1523953604412712 0.005190695196250285 0
0.1532666923969792 0.006073054350386768 0
0.1524098155914498 0.006055633469173705 0
0.1498649607145213 0.006008511973826841 0
0.1507046298512635 0.005164331210848326 0
0.1507089497502208 0.006023362280893743 0
0.1498579266680994 0.004293802574505303 0
0.1515211638463237 0.004313877642928602 0
0.1506895452572116 0.004303840108716952 0
0.1532104842193822 0.004336082373958888 0
0.152365824032853 0.004324980008443745 0
0.1556069223393496 0.001739725656225787 0
0.1546667689309732 0.0008692993528539708 0
0.1555142823092447 0.0008698628281128934 0
0.1557593035366588 0.003486844169625313 0
0.1548170624542833 0.002610566821158489 0
0.1556831129380042 0.00261328491292555 0
0.1540293681608384 0.00347500516615722 0
0.153907207337312 0.001735660127326247 0
0.1539682877490752 0.002605332646741734 0
0.1538272138839046 0.0008678300636631236 0
0.1400023981800738 0.004218224722562233 0
0.1391247254202084 0.005056724687880248 0
0.1383481085521082 0.004210767769131592 0
0.139175253366091 0.004214496245846912 0
0.1399070982407073 0.005903198938412067 0
0.1390282382479466 0.006739624973175418 0
0.1382458654274478 0.005893150722643599 0
0.1390764818340775 0.005898174830527833 0
0.1271427815341284 0.01002687106196429 0
0.1279053674410738 0.01086644594928785 0
0.1270136191926747 0.01169824014938326 0
0.1262510332857293 0.01085866526205971 0
0.1270782003634015 0.01086255560567378 0
0.03823983167985238 0.03829266414600527 0
0.03819769661733229 0.03658550109034124 0
0.03821876414859234 0.03743908261817325 0
0.01602229714679865 0.03237619567055422 0
0.01422959159357379 0.03237315952709079 0
0.0150954352709064 0.0315273577694514 0
0.01512594437018622 0.0323746775988225 0
0.1505028188009582 0.01534347886311321 0
0.1513308027639425 0.01620084189558279 0
0.1504339600254165 0.0170069645821043 0
0.1496059760624323 0.01614960154963472 0
0.1504683894131874 0.01617522172260875 0
0.1183324293398777 0.02835050317671703 0
0.1190951611375706 0.0291842048687403 0
0.1181018745597758 0.03001516031744179 0
0.1173391427620829 0.02918145862541852 0
0.1182171519498268 0.02918283174707941 0
0.1226151298409889 0.02919094864017314 0
0.1216293442911404 0.03002106873205873 0
0.1208537480498134 0.02918734878886185 0
0.1217344389454012 0.02918914871451749 0
0.06483504068979407 0.02471787939774048 0
0.0655532323506432 0.02558187879763845 0
0.06443552742293979 0.02640446742791723 0
0.06463528405636691 0.02556117341282885 0
0.05004716698952447 0.02707085625619876 0
0.04902356173878854 0.02794444784418625 0
0.04814652599903767 0.02708111326996899 0
0.04917013124977361 0.0262075216819815 0
0.04909684649428107 0.02707598476308387 0
0.1239815848196185 0.02503317384232129 0
0.1247565802628479 0.02586786359774108 0
0.1237907700023243 0.0266975134341225 0
0.1230157745590949 0.02586282367870271 0
0.1238861774109714 0.02586534363822189 0
0.1175050352482211 0.02168443818164306 0
0.1165342429615415 0.02251602432242412 0
0.1173921011644271 0.02251766509990573 0
0.03083979923842561 0.004860299238471722 0
0.03163502917227495 0.004043224338550492 0
0.0307535501511504 0.004049644248287377 0
0.01653289971436183 0.00162495481476687 0
0.01724176760284252 0.0008132556537811305 0
0.01643687303429565 0.000812477407383435 0
0.1587308723613882 0.02701016845067168 0
0.1595845327675154 0.02782713257575402 0
0.158687327297844 0.02862552706457056 0
0.1578336668917169 0.02780856293948822 0
0.1587090998296161 0.02781784775762112 0
0.166064889809868 0.01172228898199524 0
0.1653297310105405 0.01093117759756548 0
0.1661458361122584 0.01028377852051038 0
0.1661053629610632 0.01100303375125281 0
0.164484925158054 0.01156183404137475 0
0.163773746888802 0.01074246061577884 0
0.1646185527412886 0.01011180417196958 0
0.1645517389496712 0.01083681910667216 0
0.163958321447363 0.009326071625893047 0
0.1647733373767175 0.008725091703654222 0
0.165433568670643 0.009510824249730751 0
0.164695945059003 0.009418447937811899 0
0.1662237878905695 0.008876451126192866 0
0.1661848120014139 0.009580114823351624 0
0.01137452249778704 0.02642059636283806 0
0.01046960173571247 0.02556176687670705 0
0.01134632017616074 0.0255702359265051 0
0.08313697932788577 0.03832713687904243 0
0.08390833777064914 0.03916406898876924 0
0.08202480607400853 0.03916306789027318 0
0.08296657192232884 0.03916356843952121 0
0.125963513712392 0.01420006387739566 0
0.1268730349470055 0.01336895793782516 0
0.1276328480321894 0.01420773287564906 0
0.1267233267975759 0.01503883881521955 0
0.1267981808722907 0.01420389837652236 0
0.03899833253838007 0.03402120955911746 0
0.03816592674364141 0.03487859380761497 0
0.03814012028588944 0.03317198017221824 0
0.03815302351476543 0.0340252869899166 0
0.02689879277256578 0.03406692654040336 0
0.02511366341548321 0.03406998038924858 0
0.02594618943309692 0.03322170036077159 0
0.02600622809402449 0.03406845346482598 0
0.02924661381245266 0.006502061229895952 0
0.02827506616758978 0.005694557562672634 0
0.03004426062720979 0.005681272018638076 0
0.02915966339739979 0.005687914790655355 0
0.01550186486339572 0.02055090679319825 0
0.01376323988785478 0.02052776942953735 0
0.01463255237562525 0.0205393381113678 0
0.06978415998159845 0.03493156441132998 0
0.07048960818263784 0.03577965555375764 0
0.06961659824930017 0.0357756327167122 0
0.02604811235079595 0.02058188691737674 0
0.02510619830491589 0.01974870535466273 0
0.02516210246623125 0.02058522666425541 0
0.009326115742909244 0.00240807320697369 0
0.01004052253251615 0.001607740558030705 0
0.01090979069429505 0.002416655669799908 0
0.01011795321860215 0.002412364438386799 0
0.02694554514170926 0.001626978855167291 0
0.02775741648953299 0.0008128329675361982 0
0.02685472282032429 0.0008134894275836453 0
0.01641790220398658 0.02139866009110124 0
0.01632968308434452 0.0197206237473872 0
0.01637379264416555 0.02055964191924423 0
0.03714508674454618 0.02721485094485461 0
0.03627996667186222 0.02807493349288481 0
0.03535864744603026 0.0272357951945948 0
0.03625186709528822 0.02722532306972471 0
0.1496731560083898 0.01448075209682654 0
0.1505668207218716 0.01367159260689705 0
0.1505348197614149 0.01450753573500513 0
0.1209892682329805 0.01418260128211262 0
0.1219131301447649 0.01334969951272024 0
0.1226438866017428 0.01418730138939411 0
0.1217200246899583 0.01502020315878648 0
0.1218165774173616 0.01418495133575336 0
0.003275124594620961 0.01022392366386561 0
0.004078428391555804 0.00946804637834767 0
0.004095805293527433 0.01026600994763877 0
0.1026878172225747 0.01833293996619934 0
0.1023775649339648 0.01999916947858897 0
0.1016719501099152 0.01916523151477373 0
0.1025326910782698 0.01916605472239415 0
0.1419415781160557 0.01516300589592975 0
0.1427486358045941 0.01600937272159264 0
0.1418497563669622 0.01683204180053111 0
0.1410426986784237 0.01598567497486822 0
0.1418956672415089 0.01599752384823043 0
0.137646357559856 0.02841905193063036 0
0.1384647284097399 0.02925204406250906 0
0.1375306936308866 0.03007486196414569 0
0.1375885255953713 0.02924695694738803 0
0.154847436414212 0.03673631061887454 0
0.1557384471369594 0.03755397777755112 0
0.1547600569539729 0.03836830458017775 0
0.1548037466840924 0.03755230759952615 0
0.003247419224609485 0.008644833751952467 0
0.004873590035055476 0.008711262414678067 0
0.004060504629832481 0.008678048083315267 0
0.08559145979329275 0.03498490803335944 0
0.08526817723690636 0.03665638598604313 0
0.08454425578761073 0.03581947481074801 0
0.08542981851509954 0.03582064700970129 0
0.01775805729099236 0.01473821012795682 0
0.01764031528098013 0.01308300149734599 0
0.01856064546594734 0.01391852067493395 0
0.01769918628598624 0.0139106058126514 0
0.02898624621165055 0.02476014250602141 0
0.02903558814363143 0.02560296087204578 0
0.1498975019229094 0.02852764234409527 0
0.1507348744088798 0.029356185199391 0
0.1498141638683847 0.03016658043494391 0
0.1489767913824143 0.02933803757964818 0
0.1498558328956471 0.02934711138951959 0
0.09180567761642072 0.02998636037487074 0
0.09147430090427003 0.03165426321281196 0
0.09077321353499881 0.03081895515475576 0
0.09163998926034538 0.03082031179384135 0
0.02730347827028841 0.004883547233520702 0
0.02632772476776013 0.004072392753223736 0
0.02712536575656621 0.003254532340462886 0
0.02721442201342731 0.004069039786991794 0
0.07118541542548068 0.01489157609515885 0
0.07070719198928721 0.01652496599226412 0
0.07010078689101207 0.01569398470227997 0
0.07094630370738395 0.01570827104371149 0
0.1657706156997198 0.02077490105132863 0
0.1649409745364918 0.01998373364907149 0
0.1658013066922236 0.01923263656086956 0
0.1657859611959717 0.0200037688060991 0
0.1640720549011006 0.02073672760729553 0
0.1632446301161258 0.01993193485447593 0
0.164113549751517 0.01917894089625188 0
0.1640928023263088 0.01995783425177371 0
0.1632950641013992 0.01836982902282394 0
0.1649805675584285 0.01843879208328467 0
0.1641378158299139 0.0184043105530543 0
0.1658192964949814 0.01846675937427035 0
0.03119329882786488 0.008112524532420704 0
0.03021823815395012 0.007309631991040772 0
0.03101638032487114 0.006484413571752401 0
0.0319914409987859 0.007287306113132334 0
0.03110483957636801 0.007298469052086554 0
0.1163571513739285 0.01083452244931415 0
0.1154548452204238 0.01166911119615361 0
0.114720992830775 0.01083458874683946 0
0.1155390721026089 0.0108345555980768 0
0.07950938912526842 0.01496306855737784 0
0.08016408825500088 0.01579476551565765 0
0.07848734760399283 0.01578603355080952 0
0.07932571792949686 0.01579039953323359 0
0.08848507898736351 0.0116619193515434 0
0.08916152158902306 0.01249353622556824 0
0.08819082785559948 0.01332417727793147 0
0.08751438525393992 0.01249256040390663 0
0.0883379534214815 0.01249304831473743 0
0.01010420733079627 0.01542495273818605 0
0.009289587670277481 0.01622687869894301 0
0.009224036357270704 0.0145638779447536 0
0.009256812013774093 0.01539537832184831 0
0.1556928984131305 0.01555097358702985 0
0.1556205168508028 0.01719452231229344 0
0.1547910728616709 0.01633171737404255 0
0.1556567076319667 0.01637274794966165 0
0.09394605457018892 0.01416094821684263 0
0.09494862466599288 0.01332895234196959 0
0.09566677970016058 0.01416178446724983 0
0.09466420960435662 0.01499378034212287 0
0.09480641713517476 0.01416136634204623 0
0.05258575180645859 0.02967493349461357 0
0.0523634279226897 0.03140158630571112 0
0.05154691757397446 0.03053570937353388 0
0.05247458986457415 0.03053825990016235 0
0.005811087759002506 0.01277277027035239 0
0.0066172800337259 0.01200074984138023 0
0.005787488780727122 0.01196037693704636 0
0.06094852473852 0.03487979961383336 0
0.05991895335497959 0.03572873636960869 0
0.06080862936098257 0.03573286856472162 0
0.1262202246947426 0.03667867036100284 0
0.1270603637871006 0.03750982483520272 0
0.1260301606480989 0.0383395384038225 0
0.1251900215557409 0.03750838392962261 0
0.1261251926714207 0.03750910438241267 0
0.08103522544012477 0.0274482831320323 0
0.0799833382944263 0.02827728345541188 0
0.07929645902942672 0.02743797228465569 0
0.08016584223477574 0.027443127708344 0
0.1279106333268842 0.02920489857827657 0
0.126940919550812 0.03003338181946404 0
0.127027603715084 0.0292022931276674 0
0.04074569160902268 0.02716800941650273 0
0.04166111405674617 0.02629860032212813 0
0.04165618656372409 0.02715574943321368 0
0.09734463569979268 0.02832666815932385 0
0.09805226702944919 0.02916110832892467 0
0.09701785250117681 0.02999346984778017 0
0.0963102211715203 0.02915902967817936 0
0.09718124410048473 0.02916006900355201 0
0.07390633861235471 0.0207154399703881 0
0.07283031204738057 0.0215305398518526 0
0.0721738080578712 0.02068961557842076 0
0.07304007333511296 0.02070252777440443 0
0.1490235691016791 0.006850559344121749 0
0.1481941471030875 0.005983303328070904 0
0.1490355387159296 0.005141255957775997 0
0.1490295539088043 0.005995907650948873 0
0.1473476558126984 0.006823847693467163 0
0.1465328420220431 0.005961911718817367 0
0.1473793333124321 0.005121367353421109 0
0.1473634945625653 0.005972607523444137 0
0.1465724290991357 0.004260978061897409 0
0.1482118611241357 0.004276184412160133 0
0.1473921451116357 0.004268581237028771 0
0.1490348938961176 0.004284993493332718 0
0.04789636489402161 0.03828251569923841 0
0.0477535127552259 0.03914125784961919 0
0.1352633151275211 0.01341958709039191 0
0.1360514362546104 0.01426168983880935 0
0.1352061843665535 0.01425494563782572 0
0.06359593922925694 0.01626845014350094 0
0.06424476717081602 0.01713833108889563 0
0.06235481473209505 0.01702541635065192 0
0.06329979095145553 0.01708187371977377 0
0.006205235840614845 0.03152324904005424 0
0.005306376665713271 0.03067377276729398 0
0.006176164555812901 0.02981763868660528 0
0.006190700198213873 0.03067044386332976 0
0.05316984088391316 0.004214266710081571 0
0.05204449409011724 0.004002305020808615 0
0.05230563705996634 0.00321902216448931 0
0.05273773897098336 0.003716644436329047 0
0.05170179529663935 0.004776513688049919 0
0.05064401627031569 0.004427860617930731 0
0.05098671506379358 0.003653651950689427 0
0.05134425518021646 0.004215082819369673 0
0.05041762785201109 0.002577602574898398 0
0.05131594111868494 0.002977766035089532 0
0.05070217145790233 0.003115627262793913 0
0.05150687048405494 0.002255310295936551 0
0.05190625377159855 0.002737166229800835 0
0.05252377620820403 0.005940973189942642 0
0.05380962251345239 0.006193197545823993 0
0.05344104875873849 0.007136489744853006 0
0.05215520245349012 0.006884265388971654 0
0.05298241248347126 0.006538731467397823 0
0.06050178406735811 0.01944632191590692 0
0.06124897646837657 0.02034590753977083 0
0.05926357035482971 0.02024515181760797 0
0.06025627341160314 0.0202955296786894 0
0.05884351864545265 0.01162156226693647 0
0.06018903387581669 0.01117014188997337 0
0.0593194776472694 0.01247396499684174 0
0.05975425576154305 0.01182205344340756 0
0.06080481082776089 0.03060679881208529 0
0.05973103457772316 0.03145082972021379 0
0.05896778519943188 0.03058553372973782 0
0.05988629801359639 0.03059616627091156 0
0.001674974533386143 0.01494332839817629 0
0.0008405451413315556 0.01567682536846052 0
0.0008344293920545873 0.01404315964674448 0
0.0008374872666930714 0.0148599925076025 0
0.08354699555049472 0.01165888071328629 0
0.08420743148590501 0.01248924607380038 0
0.08320265302956548 0.01331725655301249 0
0.08254221709415518 0.0124868911924984 0
0.0833748242900301 0.01248806863314939 0
0.02568058865530474 0.01558309619679416 0
0.02486455133677159 0.01641595249244804 0
0.02391746744069816 0.01558953289383484 0
0.0247335047592313 0.01475667659818095 0
0.02479902804800144 0.0155863145453145 0
0.01074897619696607 0.01132218017513477 0
0.009869689000362385 0.01048537677475863 0
0.01065630329215746 0.009688569823611302 0
0.01153559048876114 0.01052537322398744 0
0.01070263974456176 0.01050537499937303 0
0.06571248305058019 0.02136808088039927 0
0.06640434593834815 0.02223084360897087 0
0.06526000877013093 0.02303829613438008 0
0.06548624591035555 0.02220318850738968 0
0.1026788178166403 0.03249959009147627 0
0.1016296799645744 0.03333211389914717 0
0.1009058489893407 0.03249805445904713 0
0.1017923334029905 0.0324988222752617 0
0.01325380955015146 0.02982714820824119 0
0.01233840477533558 0.02897506767213255 0
0.01319496146782191 0.02813042897562969 0
0.01322438550898668 0.02897878859193544 0
0.09295154989948343 0.01499242887308328 0
0.09365693060215491 0.01582547660962368 0
0.09265502683795737 0.01665673815927989 0
0.09194964613528589 0.0158236904227395 0
0.0928032883687204 0.01582458351618159 0
0.07734454408867961 0.02075361913199313 0
0.07562878219043009 0.02073645243915377 0
0.07648666313955485 0.02074503578557345 0
0.02626427819341423 0.02393598243693272 0
0.02448876203747491 0.02394225182517452 0
0.02537652011544457 0.02393911713105362 0
0.1017636270295999 0.02333164244924819 0
0.1024768977271025 0.02416576195207193 0
0.1007429303198343 0.02416380934554948 0
0.1016099140234684 0.0241647856488107 0
0.07416340933559473 0.02321556026586944 0
0.07376687228126244 0.02488052404264776 0
0.07309277972567607 0.02403722651510256 0
0.0739651408084286 0.0240480421542586 0
0.1385408006018711 0.01512165111253967 0
0.139339208455883 0.01596513254355877 0
0.138436324366601 0.01679073569117258 0
0.1384885624842361 0.01595619340185612 0
0.1538209690193515 0.01876787905976455 0
0.1546519917640761 0.0196148402313247 0
0.1537517219618833 0.0204069778363133 0
0.1529206992171587 0.01956001666475314 0
0.1537863454906174 0.01958742844803893 0
0.1117078079002 0.01500491371050964 0
0.1124124968411309 0.01583950882235419 0
0.1107473980938005 0.01583815065184051 0
0.1115799474674657 0.01583882973709735 0
0.1468293839591758 0.02024139681943849 0
0.1476521158315826 0.02108404588986755 0
0.1467453853587804 0.02189576986913873 0
0.1459226534863736 0.02105312079870967 0
0.1467873846589781 0.02106858334428861 0
0.1432854329003952 0.02184308171218822 0
0.1423719739421442 0.02266008826208698 0
0.1432374172638586 0.02267125131359934 0
0.007174113716610857 0.03576273078101549 0
0.006297961885847282 0.03661025911967862 0
0.005388254584281604 0.03576466866839266 0
0.006264406415045179 0.03491714032972953 0
0.006281184150446231 0.03576369972470408 0
0.1457285699134897 0.005104290703667233 0
0.1449313194005147 0.004247791811472385 0
0.1457518742498252 0.004254384936684896 0
0.1456797152559004 0.006801295744637783 0
0.144875443147347 0.005943674729487649 0
0.1457041425846951 0.005952793224152507 0
0.1440159147455207 0.00678214227837704 0
0.14321977505733 0.005928080855451517 0
0.1440793034591563 0.005089613306562127 0
0.1440476091023385 0.005935877792469584 0
0.1432895264358839 0.004236405833705473 0
0.1441104229181993 0.004242098822588929 0
0.0702332270921398 0.01816410380450212 0
0.07087500935070357 0.01900652646682899 0
0.06976883234755843 0.01981067350422763 0
0.06912705008899467 0.01896825084190075 0
0.07000102971984912 0.01898738865436488 0
0.1365810930751268 0.005884356298908331 0
0.1357474649840703 0.005880473157802591 0
0.02758449835061519 0.01723258547837561 0
0.02676065864805411 0.01807064281183592 0
0.02580983563613884 0.01724466099346459 0
0.02663367533869992 0.01640660366000428 0
0.02669716699337701 0.0172386232359201 0
0.07892798286274111 0.0291074897932261 0
0.0798004200439916 0.02911233002735359 0
0.1296520735068497 0.0200589044503661 0
0.1304334926597231 0.02089607465624022 0
0.1295012827368787 0.02172434764955284 0
0.1287198635840052 0.02088717744367873 0
0.1295766781218642 0.02089162604995947 0
0.0904040729378186 0.02831560642834304 0
0.09110449286106767 0.02915117374275668 0
0.09007157461966903 0.02998322637146821 0
0.08937115469641994 0.02914765905705457 0
0.09023782377874381 0.02914941639990562 0
0.06950043658972072 0.01486219747575398 0
0.06898581469389878 0.01648748066695072 0
0.06924312564180975 0.01567483907135235 0
0.03296645042444028 0.0171598744660388 0
0.03213050700895691 0.01800828672093322 0
0.03116141974515553 0.0171907488002507 0
0.03206393508479791 0.01717531163314475 0
0.160158440733579 0.0133978472395194 0
0.1610647849162085 0.01269045677679833 0
0.1618543917371333 0.01357357067064561 0
0.1610064162353562 0.01348570895508251 0
0.1602960477336572 0.01177056650670539 0
0.1612206891230984 0.01109344362060479 0
0.1619894263056496 0.01201333389069773 0
0.1611427370196535 0.01189195019870156 0
0.1628791950486921 0.01135382644478596 0
0.1636284828716161 0.01222270405586921 0
0.1627387141285736 0.01288221150178099 0
0.1628089545886329 0.01211801897328347 0
0.1635156607114221 0.0137368165329087 0
0.1626850262242777 0.01365519360177716 0
0.0736296363672478 0.03326765243447412 0
0.07431740329531436 0.03411241403802279 0
0.07326519429449541 0.03494846117883273 0
0.07257742736642883 0.03410369957528406 0
0.0734474153308716 0.03410805680665343 0
0.005136997226639822 0.02029040200985548 0
0.003422039323645945 0.02020015304110602 0
0.004266428355016935 0.01937023270820249 0
0.004279518275142884 0.02024527752548075 0
0.02074971320226835 0.02058797615300691 0
0.01992254575338917 0.02142159606095442 0
0.01982213535694654 0.01974701159933214 0
0.01987234055516785 0.02058430383014328 0
0.1416576428206821 0.02016078267061331 0
0.1424696980743532 0.02100160066442066 0
0.1415580120732096 0.02182112104905535 0
0.1416078274469458 0.02099095185983433 0
0.1657209950865685 0.02389016707220995 0
0.1648774406076039 0.02310208373669596 0
0.1657441060372488 0.02232752552719175 0
0.1657325505619086 0.02310884629970085 0
0.1640042996876599 0.02387685321164675 0
0.1631628569144068 0.02307748916698564 0
0.1640359978343507 0.02230271969203485 0
0.1640201487610053 0.0230897864518408 0
0.1632010693210381 0.02150118294523825 0
0.1649069834144132 0.02153826435409214 0
0.1640540263677256 0.02151972364966519 0
0.1657573608684842 0.02155121328926018 0
0.1438801748678953 0.01015712847298452 0
0.1446872929581653 0.01101038107367602 0
0.1438062580182126 0.01183862028841888 0
0.1429991399279426 0.01098536768772738 0
0.1438432164430539 0.0109978743807017 0
0.1455664026084123 0.0101833193372829 0
0.1463799077984483 0.01103993918077255 0
0.1455007981482013 0.01186700091716567 0
0.1455336003783068 0.01102516012722428 0
0.1463153040008526 0.01272187991327691 0
0.1454296292808919 0.01354539934840541 0
0.1446151234282406 0.01269052035229417 0
0.1454652137145466 0.01270620013278554 0
0.1437280939416103 0.01351579750155634 0
0.1429192285315823 0.01266389743768105 0
0.1437671759799114 0.01267720889498761 0
0.1431487669921614 0.007617129220384961 0
0.1422767911632628 0.008451900772031683 0
0.1414819610663675 0.007600565246060768 0
0.1423539368952661 0.006765793694414045 0
0.1423153640292644 0.007608847233222865 0
0.1430755039918068 0.009303027847083242 0
0.1421975918010223 0.01013490387722774 0
0.1413988789724783 0.009283776802176184 0
0.1422371914821426 0.009293402324629711 0
0.1405172389508629 0.01011589823280875 0
0.1397233658711288 0.009267241648787301 0
0.1406050058927442 0.008435120218154735 0
0.1405611224218035 0.009275509225481744 0
0.1398149493045965 0.007586316480022138 0
0.1406919044782198 0.006751761507928172 0
0.140648455185482 0.007593440863041453 0
0.1406424984751347 0.02264026133431516 0
0.1397246370994712 0.02346125063395225 0
0.1389142199754484 0.02262268515210601 0
0.1397783592252916 0.02263147324321058 0
0.1158513720739403 0.03334215799018506 0
0.1150903701951907 0.03250897406697509 0
0.1159751293743809 0.03250984402928829 0
0.08129327008536259 0.03832468399065898 0
0.08013875730171441 0.03916161610038579 0
0.08108178168775382 0.03916234199532949 0
0.001636478278618965 0.01012190422715611 0
0.002445645394755211 0.009383130493653314 0
0.002455801436619963 0.01017291394551086 0
0.1464886814523929 0.007659350300645596 0
0.1456260072276323 0.008494572061130613 0
0.1448170410311398 0.0076365175051228 0
0.1456528612417664 0.007647933902884199 0
0.1464378456821755 0.009352286325381511 0
0.1447545641538691 0.009325605073031998 0
0.1455962049180223 0.009338945699206755 0
0.1439498932777806 0.008471504447130723 0
0.1439150340728379 0.00931431646005762 0
0.1439829040116506 0.007626823362753881 0
0.02203075457125351 0.004894524654225929 0
0.02105961895790411 0.0040778331867245 0
0.0218286954623802 0.003261643331419447 0
0.0227998310757296 0.004078334798920877 0
0.02192972501681685 0.004078083992822688 0
0.04887144991730334 0.03742271760156887 0
0.04988367376125516 0.03656377258707809 0
0.04975379369383177 0.03742290819438651 0
0.09657026572300637 0.02332518063970196 0
0.09727651251389946 0.02415948898382874 0
0.09625200449070127 0.02499133429214529 0
0.09554575769980819 0.02415702594801851 0
0.09641113510685384 0.02415825746592363 0
0.1508141952216049 0.027718797208432 0
0.1499379616148401 0.0277079084998936 0
0.05475201528753628 0.03399172058893341 0
0.05371846668610806 0.03484862221896285 0
0.05292962066672158 0.03398634408144653 0
0.05384081797712893 0.03398903233518996 0
0.02895003043493369 0.03745449712179094 0
0.02813762255343461 0.03830351812251681 0
0.02798282121353008 0.03660744621593195 0
0.02806022188348235 0.03745548216922438 0
0.08347908561279957 0.03665401743561364 0
0.08421817976695621 0.03749181531841592 0
0.08239788517372912 0.03748933899624014 0
0.08330803247034266 0.03749057715732804 0
0.003925993383477017 0.00158707976345784 0
0.003175701681756429 0.0007930319976445396 0
0.003931512725844332 0.0007935398817289202 0
0.1588796896122385 0.02218113526480819 0
0.1597181699070915 0.0230057117699314 0
0.1588267806040685 0.02378834978091596 0
0.1579883003092156 0.02296377327579274 0
0.1588532351081535 0.02298474252286208 0
0.1005345708832253 0.01166578925589064 0
0.1012502554047379 0.01249913946078479 0
0.09947843367903582 0.01249846129872873 0
0.1003643445418868 0.01249880037975676 0
0.04640942151230351 0.02362943647152726 0
0.04542665723250922 0.02451551892453374 0
0.04447862822380139 0.02366794554624715 0
0.04546139250359568 0.02278186309324066 0
0.04544402486805245 0.0236486910088872 0
0.07473257691164462 0.01740986350961793 0
0.07388488679730584 0.0173992926469259 0
0.1095028007371069 0.01833863887908163 0
0.1102132194230398 0.01917293343498726 0
0.1092272281125295 0.02000563810814929 0
0.1085168094265966 0.01917134355224366 0
0.1093650144248182 0.01917213849361546 0
0.04838942751868823 0.002102510159901435 0
0.04894971746381398 0.001465156557868388 0
0.04973752703244673 0.002087208868513803 0
0.04906347727556748 0.002094859514207619 0
0.1560239795689681 0.02941160274305672 0
0.1551116926732609 0.03021620077336017 0
0.1542595067361719 0.02939359282443184 0
0.15514174315257 0.02940259778374428 0
0.01886263534444255 0.0008147824487874293 0
0.01805220147364253 0.0008140190512842799 0
0.1566579624647371 0.03837031781241958 0
0.1576111927546509 0.03918561714210821 0
0.1556657977838398 0.03918470067031138 0
0.1566384952692454 0.03918515890620979 0
0.02336907372769271 0.001630203072004391 0
0.02235335546128335 0.0008153035410676368 0
0.02325175120817186 0.0008151015360021955 0
0.1538906583739386 0.0171229908736336 0
0.1530596379000275 0.01626108067711166 0
0.1539253553808492 0.01629639902557711 0
0.03261241179498507 0.03914965447178764 0
0.03087416187644974 0.03915072798206957 0
0.03164647620685782 0.03830038245385721 0
0.03174328683529642 0.0391501912269286 0
0.1641491196804463 0.008015316158335693 0
0.1648921495107838 0.007421648364488383 0
0.1655163672070549 0.008131423909806913 0
0.1648327434437506 0.008073370034071303 0
0.1641431361319779 0.006762347826909423 0
0.1647624106531005 0.006106852736545084 0
0.1655114240319064 0.006766153274124044 0
0.1648272800819421 0.006764250550516733 0
0.1662152319823821 0.006096309865986948 0
0.1662662446359767 0.007492818611721281 0
0.1662407383091794 0.006794564238854115 0
0.1662450162632731 0.008184634868957074 0
0.1325924647006064 0.03751431425400414 0
0.1307650052254836 0.03751264555558149 0
0.131678734963045 0.03751347990479282 0
0.1424816999369993 0.03505482844599309 0
0.1433111433722396 0.03588162898107769 0
0.1415468811508494 0.03587639759614476 0
0.1424290122615445 0.03587901328861123 0
0.0859227374815299 0.03331412348295218 0
0.08663625021171699 0.03415117352599857 0
0.08575709863741132 0.03414951575815581 0
0.1248839207486151 0.01670076472821266 0
0.1247974542311507 0.01753484207264602 0
0.08451054911930744 0.03163934880442404 0
0.0852160741091405 0.03247711698371958 0
0.08346017970638944 0.0324721980847309 0
0.08433812690776496 0.03247465753422524 0
0.1175723391226031 0.02751647428214388 0
0.1165818906699267 0.02834775651693847 0
0.115827291627355 0.02751377230576686 0
0.1166998153749791 0.02751512329395537 0
0.005423304092026016 0.03745744727640166 0
0.006318739844401927 0.03745741986711346 0
0.113812330866212 0.01166893884181014 0
0.1145252819505536 0.01250368938902458 0
0.1135977534620666 0.01333772116517508 0
0.112884802377725 0.01250297061796063 0
0.1137050421641393 0.01250333000349261 0
0.1436459231671741 0.01518868938449901 0
0.1444574223144949 0.01603681832026238 0
0.1435601349519148 0.016857501657356 0
0.1436030290595445 0.01602309552092751 0
0.005662319443787804 0.007941162182644804 0
0.005688298154515038 0.0087397688819414 0
0.1049285958132239 0.02500170104690743 0
0.1056501715748614 0.02583577407316186 0
0.1046323509844476 0.0266680333047864 0
0.1039107752228101 0.02583396027853197 0
0.1047804733988357 0.02583486717584691 0
0.0848561006714745 0.02996976454138103 0
0.08380980229746786 0.03080179941628393 0
0.08468332489539096 0.03080455667290253 0
0.1284000702717265 0.01504691301772419 0
0.1291683687757084 0.01588557940521729 0
0.1274846379764097 0.01587708787601604 0
0.1283265033760591 0.01588133364061666 0
0.1084873184760419 0.03500324472508753 0
0.1092501259230438 0.03583657583269519 0
0.1074557309313468 0.0358358153191289 0
0.1083529284271953 0.03583619557591205 0
0.06730378368482126 0.02983926693841564 0
0.0669469496569553 0.03152754692687262 0
0.06623349220582903 0.03067322187884931 0
0.06712536667088828 0.03068340693264413 0
0.01314929681097027 0.0008090139339198146 0
0.07042676165220041 0.02065774327508762 0
0.06931768339018622 0.02146533028519274 0
0.06865975408554423 0.02061826051433274 0
0.0695432578688723 0.02063800189471018 0
0.0351270640076765 0.0221574567188848 0
0.03331547520001508 0.02218680531780602 0
0.03417315524360919 0.02132940144000966 0
0.03422126960384579 0.02217213101834541 0
0.0345036998760998 0.02809294735995214 0
0.03357742202127875 0.02725453248879771 0
0.03443236959120921 0.02639738032344036 0
0.03446803473365451 0.02724516384169625 0
0.1208454397994409 0.003352994595610367 0
0.1216730635869723 0.004166551427576218 0
0.1208276237875314 0.00498720110803013 0
0.1208365317934862 0.004170097851820247 0
0.1326816782620197 0.001676719231694027 0
0.1334638573793134 0.002516359595619244 0
0.1317912656526312 0.002513415809506453 0
0.1326275615159723 0.002514887702562849 0
0.1216364033089063 0.005817420558441748 0
0.1208087795213749 0.006622038670714559 0
0.1208182016544532 0.005804619889558799 0
0.1140630386745606 0.0391676792803141 0
0.1149631244337123 0.03916786563041533 0
0.08941110875693981 0.033320341553656 0
0.08838262543059433 0.03415394516918176 0
0.08925008393359618 0.0341550556331065 0
0.09972008464546032 0.02499589486432995 0
0.09940555913961796 0.02666225665914743 0
0.09869387233370039 0.02582803078188379 0
0.09956282189253914 0.02582907576173869 0
0.1302859242293563 0.0225607981826151 0
0.1293476072256488 0.0233887922547855 0
0.1285629657331712 0.02255234172172325 0
0.1294244449812637 0.02255656995216917 0
0.01797014469951074 0.03576548267086074 0
0.01709155026875367 0.03661201079847039 0
0.01614666586325025 0.03576451923461453 0
0.01702526029400733 0.03491799110700489 0
0.0170584052813805 0.03576500095273764 0
0.1484780257892204 0.02192704136064117 0
0.1493052979068491 0.02276670297024948 0
0.1483967780121354 0.02357518981482169 0
0.1475695058945067 0.02273552820521338 0
0.1484374019006779 0.02275111558773144 0
0.1595469823894061 0.02944152988086767 0
0.1586468738551285 0.03024396612283397 0
0.1577872187635664 0.02942796330653685 0
0.1586671005764863 0.02943474659370226 0
0.143471173163433 0.01852256054779756 0
0.1426583890524631 0.01767661530616632 0
0.1435156540576739 0.01769003110257678 0
0.08887080496005409 0.01415624842926056 0
0.08788258544259284 0.01498634250040672 0
0.08803670664909616 0.01415525988916909 0
0.1652332800164261 0.01238931787976613 0
0.1643768377299883 0.0130501878942606 0
0.1644308814440211 0.01230601096781767 0
0.165992520809502 0.01318812673562713 0
0.166028705309685 0.01245520785881118 0
0.1651513128404467 0.01387549992360368 0
0.1659618495280827 0.01393185905710339 0
0.1643334867759344 0.01380615822825619 0
0.162367260437902 0.02068864720269754 0
0.1615404786685156 0.01987146329182101 0
0.1624178483467394 0.01911475094359939 0
0.1623925543923207 0.01990169907314847 0
0.1606554664170839 0.02063377530699198 0
0.1598280045646373 0.01980603738146364 0
0.1607130168160689 0.01904372536629267 0
0.1606842416165764 0.01983875033664233 0
0.1598923478179369 0.0182081206272632 0
0.1615993097718706 0.01829133672900347 0
0.1607458287949037 0.01824972867813333 0
0.162447186936635 0.0183305828759137 0
0.003657898837054259 0.03915093821618686 0
0.004540101684775588 0.0383031395683537 0
0.004562642283456278 0.03915156978417685 0
0.1377442057800294 0.01427706503507627 0
0.1368978210173199 0.01426937743694281 0
0.02041646568968961 0.01558624979761215 0
0.01867842034623057 0.0155764181356026 0
0.01948884907311305 0.01475116829231364 0
0.01954744301796009 0.01558133396660737 0
0.02365328287663866 0.02478381418210376 0
0.02271666385763825 0.02394478461439064 0
0.0235521430184745 0.02310322225746139 0
0.02360271294755658 0.02394351821978258 0
0.1415644510201778 0.005914720581954371 0
0.1424302891822417 0.005077007742991843 0
0.1423921130387539 0.005921400718702945 0
0.1407796447826652 0.005066158012438266 0
0.1407357746304425 0.005908959760183219 0
0.1416480584803486 0.004226644226920217 0
0.1408252283302112 0.004222434474741225 0
0.1424687924581162 0.004231525030312845 0
0.1254975838086747 0.01001915436377657 0
0.1253628806727275 0.01169073127311962 0
0.1246094311956729 0.01085122037483648 0
0.1254302322407011 0.01085494281844809 0
0.1224844730961446 0.004995376678981125 0
0.1224582049232149 0.005823943155997527 0
0.1374646542578137 0.005048459398586054 0
0.1373623042447608 0.006729047622965876 0
0.1374134792512873 0.005888753510775965 0
0.04735357384979473 0.02448532983192295 0
0.04739165967183352 0.02361288987017909 0
0.09983702595631502 0.0374990181974522 0
0.09874664214598029 0.03833213390151331 0
0.09805157604966044 0.03749780741635928 0
0.09894430100298773 0.03749841280690574 0
0.04645658719575237 0.02014142337432728 0
0.04546913336786883 0.02104508420251198 0
0.04445346638567471 0.02021039182546179 0
0.04544092021355825 0.01930673099727708 0
0.04545502679071355 0.02017590759989453 0
0.09036717881282008 0.02414741934576031 0
0.08934028833169182 0.02497810987029371 0
0.08864466988255287 0.02414307332515263 0
0.08950592434768648 0.02414524633545647 0
0.1656833122931233 0.02704702405007086 0
0.1648289940731273 0.02625772628458229 0
0.1657008060434085 0.02546339894553238 0
0.1656920591682659 0.02625521149780162 0
0.163951707150637 0.02705010005869009 0
0.1630990134274201 0.02625167960739232 0
0.1639763003499105 0.02545930583328452 0
0.1639640037502737 0.0262547029459873 0
0.163129015955988 0.02466095261868586 0
0.1648515840815823 0.02467520642624541 0
0.1639903000187852 0.02466807952246563 0
0.1657109005649885 0.02467678300887117 0
0.0563261970247133 0.02969888483020718 0
0.0571188771941185 0.03056661551384407 0
0.05605450836284712 0.03141906655277923 0
0.0561903526937802 0.03055897569149321 0
0.02498861051626039 0.01808001685003112 0
0.02404332621689315 0.01725130834901457 0
0.02492658092651599 0.01724798467123958 0
0.0974061525123158 0.0141629884987213 0
0.09653646610623819 0.01416238648298556 0
0.02261525880217035 0.02226584025825125 0
0.02349986248694153 0.02226468667040474 0
0.004505997699650703 0.0366094773943227 0
0.004478653984454559 0.03492137928635474 0
0.004492325842052631 0.03576542834033872 0
0.08087371136719829 0.01248374902611112 0
0.07986821772983374 0.01330890745766498 0
0.07921106744704015 0.01247981993808471 0
0.08004238940711922 0.01248178448209792 0
0.1462984441939794 0.03013529642111111 0
0.1471294129447052 0.03096430952386362 0
0.1453723929845462 0.03095088598593934 0
0.1462509029646257 0.03095759775490148 0
0.1392850130629191 0.03008478864328986 0
0.1391752835865032 0.03173820233513762 0
0.1383524496685943 0.03090671423143943 0
0.1392301483247111 0.03091149548921374 0
0.1469110959627016 0.01858342187726088 0
0.1460077819028787 0.01939563340613135 0
0.1468702399609387 0.01941240934834968 0
0.01953490226950173 0.005708527016774192 0
0.02030256970287735 0.004892786650755461 0
0.0212545027921031 0.005711888349837979 0
0.02039470253080242 0.005710207683306085 0
0.1451033426842613 0.0202110073625805 0
0.1441952079589262 0.02102575558904032 0
0.1450589307226499 0.02103943819387499 0
0.02160430946998483 0.001630311742356951 0
0.0206010200060859 0.0008150082012893141 0
0.02147718773368463 0.0008151558711784754 0
0.09547368901545154 0.01999119038784743 0
0.09617871084476853 0.02082520953616145 0
0.095159584896685 0.02165678836792651 0
0.09531663695606826 0.02082398937788697 0
0.1390668751845515 0.03339104000980406 0
0.1398937074506981 0.03422027171766764 0
0.1389603969825687 0.03504347954285195 0
0.138133564716422 0.03421424783498836 0
0.1390136360835601 0.034217259776328 0
0.02684897426872284 0.008975628318992967 0
0.02764988271214015 0.008149436317145585 0
0.02861677433161094 0.008961730720590897 0
0.02773287430016689 0.008968679519791932 0
0.09413779014327314 0.02248837561507086 0
0.09311613180485459 0.02331968745282326 0
0.09327623117544198 0.02248687243664642 0
0.1321134515805246 0.03170977530751384 0
0.1321818936092224 0.0308802533608394 0
0.06316913806727081 0.03744669772617704 0
0.06229386285144076 0.03744415738677147 0
0.09221165614075369 0.0366618884653171 0
0.09189182503642518 0.0383310016383419 0
0.09120615526561496 0.03749616378890939 0
0.09205174058858943 0.0374964450518295 0
0.0544684730950707 0.008353850676238624 0
0.05309485265181543 0.0081687865711405 0
0.05481466920199376 0.00732155384995113 0
0.05395476092690459 0.007745170210545815 0
0.1269164959528536 0.0008354982514378537 0
0.1252133292904429 0.0008348709603370925 0
0.1260649126223005 0.0008351846058874731 0
0.1276802795512752 0.001671637005016229 0
0.1284588930574321 0.002508272741715988 0
0.1275718701253254 0.003342727982923404 0
0.1276260748383003 0.002507182493969817 0
0.1257130231534315 0.006676611378400078 0
0.1264858366305162 0.007515975706885177 0
0.1256124628330963 0.008347184213555323 0
0.1256627429932639 0.0075118977959777 0
0.1323572287946032 0.006704056708151962 0
0.1331364364558131 0.007545139797319741 0
0.1322470084697131 0.008378490664063131 0
0.1314678008085033 0.007537407574895353 0
0.1323021186321582 0.007541273686107547 0
0.1389333591189912 0.008420648373644757 0
0.1381466480623413 0.007573956866798037 0
0.1389807986834689 0.007580136673410088 0
0.1388381837825599 0.01009952445335479 0
0.1380481770304223 0.009252931178212243 0
0.1388857714507756 0.009260086413499772 0
0.02291251397098122 0.02731202375602693 0
0.02113538390501501 0.02731206282878231 0
0.02197669458924725 0.02646875381169159 0
0.02202394893799812 0.02731204329240462 0
0.0454869339360623 0.03742604913270711 0
0.04458968965433716 0.03828508096038388 0
0.04385048428777687 0.03742865239953033 0
0.04466870911191959 0.03742735076611872 0
0.03349693576790796 0.02556199135031096 0
0.03264670461085133 0.02641638392770284 0
0.03255956761891053 0.02472658754302656 0
0.03260313611488093 0.0255714857353647 0
0.1383291183672268 0.01845746198406888 0
0.1375288535174745 0.0176152234547063 0
0.1383827213669139 0.01762409883762073 0
0.05021150458709049 0.02532774116750355 0
0.04826697893464499 0.02534256758671515 0
0.04923924176086774 0.02533515437710935 0
0.003622795292400276 0.03745516968627475 0
0.002728976057921766 0.03829780146433936 0
0.001812926197364492 0.03744507147864332 0
0.002717860744882384 0.03745012058245903 0
0.03478551469759288 0.01712129739000635 0
0.03380856355721373 0.01630672755806248 0
0.03387598256101658 0.01714058592802258 0
0.1370692164644755 0.02426767457108708 0
0.1361414639121467 0.02509145226266854 0
0.1362024431502287 0.02426127921679597 0
0.1277837920559349 0.02171615357489241 0
0.1270079738302478 0.02087931944396989 0
0.1278639187071265 0.0208832484438243 0
0.1656455923567423 0.03348101472645745 0
0.1647742516204999 0.03267691870348977 0
0.1656489656544251 0.03185994036542111 0
0.1656472790055837 0.03267047754593927 0
0.1638944312722647 0.0334899363384379 0
0.1630210417197339 0.03268316988441197 0
0.1639008620679691 0.03187015224946384 0
0.1638976466701169 0.03268004429395087 0
0.1630327460942307 0.03106609589924857 0
0.1639133501917492 0.03025613665646541 0
0.1647814661654877 0.03106019300668068 0
0.1639071061298592 0.03106314445296463 0
0.1656569228426973 0.03024599126438409 0
0.1656529442485612 0.0310529658149026 0
0.129802134840662 0.007530193766764368 0
0.1289163691042549 0.00836278352412953 0
0.1281409213156917 0.007523196564705288 0
0.1289715280781769 0.007526695165734829 0
0.1266881086416478 0.004175983467564412 0
0.1258064771500571 0.005008029281558857 0
0.1250186907649506 0.004171830856610584 0
0.1258533997032992 0.004173907162087498 0
0.1352438382764096 0.03834486261567929 0
0.1360919690680897 0.03917273744946941 0
0.1343393019867164 0.03917212516620988 0
0.1352156355272003 0.03917243130783964 0
0.1309043258741082 0.003349330979494898 0
0.1307983282979229 0.005023477827463817 0
0.1308513270860156 0.004186404403479358 0
0.1400004274119439 0.03256851925653619 0
0.1382417313591109 0.03256072308840548 0
0.1391210793855274 0.03256462117247083 0
0.1000319995036246 0.02332964569921377 0
0.09900915382925066 0.02416173121799424 0
0.09987604207454245 0.02416277028177186 0
0.04213161840965821 0.01517513008024914 0
0.04126019559539379 0.01606015089512159 0
0.04021209231623263 0.01526867504618909 0
0.04108351513049705 0.01438365423131663 0
0.04117185536294542 0.01522190256321911 0
0.1027544547497012 0.03666656853005196 0
0.1035011817848649 0.03750056048734959 0
0.1023981109877417 0.03833306568435624 0
0.1016513839525779 0.03749907372705862 0
0.1025762828687214 0.03749981710720411 0
0.02573034519523702 0.02983864769449327 0
0.02479037991541475 0.0289967207367867 0
0.0256290071365157 0.0281497990325856 0
0.02567967616587636 0.02899422336353944 0
0.066270234242036 0.03491138010033502 0
0.06522898253013322 0.0357544287525299 0
0.06610830770385226 0.03575870617468592 0
0.10641352063378 0.01666908709046163 0
0.1061109558088316 0.01833583978515988 0
0.1062622382213058 0.01750246343781076 0
0.142171435431599 0.02597093200884666 0
0.1412489830594534 0.02679007875520299 0
0.1404308814719595 0.02595458764080833 0
0.1413011584517792 0.02596275982482749 0
0.06721517247480248 0.01399849487063955 0
0.06835326859717614 0.01321504463178894 0
0.06892420269999189 0.01403814625326279 0
0.06806968758739718 0.01401832056195117 0
0.02614289056699412 0.002442751700456738 0
0.02792802033128135 0.002438759495173439 0
0.02703545544913774 0.002440755597815088 0
0.1335406979395277 0.03668698271903709 0
0.1335937189447607 0.03585859632626446 0
0.023103722504968 0.01641984544520702 0
0.0221627902338226 0.01559057438805069 0
0.02304012883726038 0.01559005364094276 0
0.15861013161643 0.03186531868002582 0
0.1594857201998251 0.03268063100696288 0
0.1585783959279931 0.03348924991063975 0
0.157702807344598 0.0326739375837027 0
0.1585942637722115 0.03267728429533279 0
0.1273670858671855 0.006683963315125333 0
0.1272596720790224 0.008355208956465132 0
0.1273133789731039 0.007519586135795233 0
0.1306904397266571 0.006697178858856635 0
0.1306349678245826 0.007533800670829861 0
0.128567233640155 0.0008361387535783752 0
0.1277418647967214 0.0008358185025081144 0
0.01830154735386175 0.01061827546108478 0
0.01909069222032878 0.009800324248075361 0
0.01916142631505699 0.01062303287697607 0
0.1339173157858487 0.008387276800842499 0
0.1339715127743271 0.007549391239767231 0
0.02782656729248287 0.0205704620972006 0
0.02699408806668047 0.02141285624442371 0
0.02688059157659834 0.01973949277015363 0
0.02693733982163941 0.02057617450728867 0
0.1301209170631663 0.002510681995687701 0
0.1309560913578987 0.002512048902597077 0
0.02128962796175611 0.01558841209283142 0
0.07370441590635701 0.01163873270736896 0
0.07269086748809361 0.01245241199589744 0
0.07349694540555557 0.01245740596417473 0
0.01815801213708633 0.008975441230279969 0
0.01893876416769264 0.008159309908696448 0
0.01987144425093509 0.00898419292649184 0
0.01901472819401071 0.008979817078385905 0
0.1506525087043433 0.03099333151770145 0
0.1497273796307419 0.03180527452765297 0
0.1488890347947833 0.03097852344489543 0
0.1497707717495633 0.03098592748129844 0
0.02912312540104277 0.03915140427218454 0
0.0282263840258586 0.0391517590612584 0
0.03365445877927697 0.02894953953564387 0
0.03281166986947315 0.02980381540513014 0
0.03188701285034862 0.02896324771919447 0
0.03272980176015245 0.02810897184970821 0
0.0327707358148128 0.02895639362741918 0
0.1181647814581319 0.01668167181771769 0
0.1179475862560899 0.01834989818223809 0
0.1180561838571109 0.01751578499997789 0
0.02085069340028167 0.02226394388265909 0
0.02001889049195195 0.02310015246193726 0
0.01909074284505945 0.02225780464023259 0
0.01997071812267056 0.02226087426144584 0
0.0959305906477195 0.02665773029466621 0
0.09663612689208076 0.02749227836971961 0
0.09560568798819943 0.02832440026013249 0
0.09576813931795947 0.02749106527739935 0
0.08495759465250347 0.03832830003904031 0
0.08511288594470491 0.03749234301254172 0
0.007107400175304597 0.03236940465100554 0
0.006234256573934907 0.03322255777279834 0
0.005332092239245155 0.03237640216184705 0
0.006219746207274876 0.03237290340642629 0
0.09484198400056176 0.02332260297273312 0
0.0945210843771554 0.02498868740002947 0
0.09381731067790897 0.02415426442474408 0
0.09468153418885858 0.0241556451863813 0
0.1478107742450506 0.01777012074279274 0
0.1469505304619119 0.01775225353091867 0
0.05111760905459711 0.03398379947667056 0
0.05011444800293988 0.03484444089795089 0
0.04932373623323402 0.03398396225255076 0
0.05032689728489127 0.03312332083127044 0
0.05022067264391557 0.03398388086461067 0
0.009189264697254541 0.01373869040680653 0
0.1415072362086395 0.02265017479820107 0
0.1379936943118085 0.0234452780388051 0
0.1388030301291475 0.02428207206442071 0
0.1378785522818144 0.02510446859670269 0
0.1379361232968114 0.0242748733177539 0
0.1235963410828572 0.02836132089678763 0
0.1234970700229885 0.0291929989940684 0
0.07241730383555171 0.02319145233520325 0
0.07201254962652887 0.02485721382463258 0
0.07133707373640451 0.02401143964473327 0
0.0722149267310403 0.02402433307991791 0
0.1493835191772079 0.02111885767997681 0
0.1485178175043952 0.02110145178492218 0
0.1477700549892841 0.03507528553721206 0
0.1468381425588065 0.03589299261019485 0
0.1477190792415332 0.0358960395523415 0
0.09217522102553691 0.03248964154626418 0
0.09044328492635761 0.03248729739633111 0
0.09130925297594725 0.03248846947129765 0
0.008763043602626593 0.0272542928866252 0
0.007904754098324508 0.02810653961374631 0
0.00700764786013517 0.02724585117625499 0
0.007865937364437255 0.02639360444913388 0
0.007885345731380881 0.0272500720314401 0
0.04350583344944653 0.0211035444262842 0
0.04250173507071246 0.02027576957169895 0
0.04344936800694064 0.01938261697087654 0
0.04347760072819359 0.02024308069858037 0
0.1647935457712046 0.02945070320320417 0
0.1656685835262412 0.02864152534750464 0
0.1656627531844693 0.02944375830594437 0
0.163050386421325 0.02945464046140584 0
0.1639305820007804 0.0286492070081446 0
0.1639219660962648 0.029452671832305 0
0.1630727145347901 0.02784965595473276 0
0.1648095746166273 0.02784965111210193 0
0.1639411445757087 0.02784965353341735 0
0.1656759479096823 0.02784427469878776 0
0.06317027365120591 0.02043445125144593 0
0.06196128022033106 0.02122890319192556 0
0.06220962505979123 0.02039017939560838 0
0.1081175007931321 0.02667160804091492 0
0.108850036055628 0.02750557021739081 0
0.1078363680032236 0.02833779536140765 0
0.1071038327407277 0.02750383318493176 0
0.1079769343981779 0.02750470170116128 0
0.12887370288886 0.02837709415333355 0
0.1287932719711063 0.02920781633946445 0
0.01999324024816587 0.03915318603618279 0
0.02086854040201154 0.03830622484475078 0
0.02093084729593938 0.03915311242237539 0
0.02310831973951725 0.0306888056435525 0
0.02226287452839486 0.03153437062328358 0
0.02132063290436103 0.03068957196216572 0
0.02221447632193914 0.03068918880285911 0
0.01688515733874117 0.03153071542810355 0
0.01595527475087228 0.03068241718135636 0
0.01681245230042534 0.02983786083230043 0
0.01684880481958326 0.03068428813020199 0
0.02867180592632637 0.03406277337786502 0
0.02784639797986201 0.03491206130777764 0
0.02772420071903015 0.03321763861049074 0
0.02778529934944608 0.03406484995913418 0
0.07013105202579498 0.03324534345686275 0
0.07083363801399944 0.03409393236396493 0
0.06908157399339399 0.0340829755042278 0
0.06995760600369672 0.03408845393409637 0
0.1020702154924518 0.02166539804046629 0
0.1010523362097999 0.02249757330011753 0
0.1019169212610258 0.02249852024485724 0
0.1030894397766145 0.03500006992402611 0
0.1038299516316862 0.03583404484040846 0
0.1020139428946295 0.03583259361366961 0
0.1029219472631579 0.03583331922703904 0
0.09350147995741606 0.01166415222298443 0
0.09422033273660764 0.01249654909317432 0
0.09323512316387185 0.01332824696391117 0
0.09251627038468027 0.01249585009372128 0
0.09336830156064395 0.0124961995934478 0
0.07612101559332554 0.02992584289566493 0
0.07574791880731399 0.03160034329620361 0
0.07505987774031324 0.03075734287127806 0
0.07593446720031977 0.03076309309593427 0
0.04073182033487591 0.03059081275853149 0
0.03985400745098819 0.0314529449306464 0
0.03985594750588278 0.02974353568417384 0
0.03985497747843549 0.03059824030741012 0
0.1260677626239968 0.02170892775702007 0
0.1268411949590934 0.02254487021380173 0
0.1258941371909995 0.02337423068810907 0
0.1251207048559029 0.02253828823132741 0
0.1259809499074981 0.02254157922256457 0
0.0584075227683994 0.02368251053795035 0
0.05642648704400205 0.02362933564546292 0
0.05741700490620072 0.02365592309170664 0
0.1526396782901503 0.02610800002035252 0
0.1517288020794442 0.02691241831600898 0
0.1517655919762312 0.02609441511209333 0
0.00685477695824787 0.02036038622158135 0
0.006014190901670331 0.02118750658213819 0
0.005977583283217362 0.01946328164929864 0
0.005995887092443846 0.02032539411571842 0
0.05091108735954746 0.02793984767020964 0
0.05109881557488226 0.02620080379841151 0
0.05100495146721486 0.02707032573431057 0
0.00880479071722827 0.02896192858638539 0
0.007041923258261716 0.02895943192174135 0
0.007923356987744993 0.02896068025406337 0
0.01942668555042155 0.01392355557877593 0
0.06151031459703507 0.02292034436224041 0
0.06173579740868306 0.02207462377708299 0
0.04241647609364992 0.01856562780164358 0
0.04150884847189593 0.01945170475310627 0
0.0404942692002425 0.01863689810334875 0
0.0414018968219965 0.01775082115188605 0
0.04145537264694621 0.01860126295249616 0
0.02358128815094621 0.003261179864660018 0
0.02258946591536657 0.00244625512745069 0
0.02436089596327234 0.002445127809213719 0
0.02347518093931946 0.002445691468332204 0
0.1138384564067677 0.02334524582644869 0
0.1145765872108571 0.02417957755639745 0
0.1135896695999962 0.02501150131056724 0
0.113714063003382 0.02417837356850797 0
0.1297994674254697 0.01839238703014317 0
0.1305780798332168 0.01923026109977721 0
0.1297257704661597 0.01922564574025463 0
0.05528409670900143 0.03656985490436459 0
0.05607090076652295 0.03742904552555411 0
0.05503716430514742 0.03828515545954832 0
0.05425036024762591 0.03742596483835879 0
0.05516063050707443 0.03742750518195645 0
0.1157945998031409 0.02168133206778629 0
0.1155586575271288 0.02334787566957556 0
0.1148190143687282 0.02251318341493773 0
0.1156766286651349 0.02251460386868092 0
0.01986863166270851 0.001629790650076743 0
0.01973182767526422 0.0008148953250383717 0
0.1016196415242828 0.01083298797327115 0
0.09981484184466023 0.01083280128261949 0
0.1007172416841559 0.01083289462794532 0
0.1386424758152975 0.01345010404975352 0
0.1394390706371393 0.01429469012721692 0
0.1385916382085843 0.0142858775811466 0
0.0350114581088255 0.03829667765072431 0
0.0341213279658287 0.03744684555001255 0
0.03495180084751719 0.03744526627321799 0
0.07643533333345083 0.03244349415675224 0
0.07537511477958872 0.0332769581671799 0
0.07468770025345189 0.03243380730663127 0
0.07556151679345136 0.03243865073169176 0
0.06785995118822287 0.01728174101860096 0
0.06670146876427049 0.01806576498128184 0
0.06607544154507758 0.01722090578293037 0
0.06696769636665022 0.01725132340076567 0
0.05039543636933402 0.00744182241603087 0
0.05167493391163802 0.007829571834195024 0
0.05127531941141207 0.007163043902501262 0
0.1453535838670205 0.01521860512445069 0
0.1453134960528604 0.01605277392046343 0
0.1255376565810677 0.02670266439402957 0
0.1245695923219537 0.02753171335205388 0
0.1254462538548085 0.02753431432971694 0
0.05288464758467221 0.005080726126587084 0
0.05211278575242169 0.005358743438996281 0
0.05239008156484617 0.02357016169345069 0
0.05128618479856589 0.024452627759486 0
0.05147419849849554 0.02269179745530839 0
0.05138019164853071 0.0235722126073972 0
0.07059711136224908 0.01406612587770471 0
0.07166029761653214 0.01326136299124015 0
0.07142285652100641 0.0140764695431995 0
0.1377625638738793 0.02676232117819034 0
0.1385777141753207 0.02759652129998697 0
0.1377044607168677 0.02759068655441035 0
0.1316362286937652 0.01673486737081826 0
0.1324180119671284 0.01757394547081065 0
0.1315009411038283 0.01840236525413395 0
0.1307191578304651 0.01756328715414156 0
0.1315685848987967 0.01756861631247611 0
0.1496356915098907 0.0334439246280086 0
0.1487013938055234 0.03425887598933014 0
0.1495864343720841 0.03426329861107827 0
0.03320503719644105 0.03659775529754586 0
0.03229143646797834 0.03575009106432347 0
0.03308674908903039 0.03489769729333758 0
0.03314589314273572 0.03574772629544172 0
0.1505655100714001 0.03263046143127885 0
0.1487975610692325 0.03261873772438272 0
0.1496815355703163 0.03262459957783079 0
0.03334899353979716 0.03829854614701375 0
0.03243270277040951 0.03744945589454706 0
0.0332770153681191 0.0374481507222798 0
0.08167720484636834 0.03665061727827297 0
0.0805725897580018 0.0374859622726918 0
0.08148523746586545 0.03748765063446598 0
0.06625820466284338 0.02644067153487585 0
0.06587521771392241 0.02812632069153961 0
0.06516185397909612 0.0272675523602267 0
0.06606671118838289 0.02728349611320773 0
0.09279239434712633 0.02498567972976996 0
0.09209121547407194 0.02415110275784913 0
0.09295426307599045 0.02415268359129661 0
0.04626553116059837 0.02709819828080606 0
0.04725975416576315 0.02622343416765322 0
0.04720602857981802 0.02708965577538753 0
0.03140632141400096 0.02053260790279744 0
0.03056598596585155 0.02138111341072237 0
0.02961223549032845 0.020554119291634 0
0.03045257093847785 0.01970561378370908 0
0.0305092784521647 0.02054336359721572 0
0.01293299188289571 0.0213553895941261 0
0.01202959600243615 0.02049831806799103 0
0.01289641794514546 0.02051304374876419 0
0.1300816595578888 0.01505594502203561 0
0.1308561736450763 0.01589510767366707 0
0.1299428828628958 0.01672474205684876 0
0.1300122712103923 0.01589034353944218 0
0.01242586034905671 0.01136053649123712 0
0.01321103444174546 0.01055786900589661 0
0.0123733124652533 0.01054162111494203 0
0.07756291630620343 0.01247547730021799 0
0.07674426088087416 0.01247253152210085 0
0.1227652013478357 0.03501279155723751 0
0.1235592084055666 0.03584478538911571 0
0.1225329810419911 0.03667510779187452 0
0.1226490911949134 0.03584394967455602 0
0.1001907674855478 0.03166389352895019 0
0.09985655345433081 0.0333306629423966 0
0.1000236604699393 0.03249727823567339 0
0.08188170827587765 0.01165709313767517 0
0.08153422018547583 0.01331354708093435 0
0.08170796423067675 0.01248532010930476 0
0.07002198523770284 0.01080888025082992 0
0.06893106579727595 0.01160993163508206 0
0.06922143911625445 0.01080496581754103 0
0.01404646941319812 0.02728760786966141 0
0.01228201569122583 0.02727676451582316 0
0.01316424255221197 0.02728218619274229 0
0.03043048301515801 0.034057613676684 0
0.02961134009981489 0.03490803287261464 0
0.0294909488416695 0.03321235418193438 0
0.02955114447074219 0.03406019352727451 0
0.07123110443765107 0.028202018553223 0
0.07192576009099266 0.0290509247537948 0
0.07016019016200706 0.02903122574813952 0
0.07104297512649986 0.02904107525096716 0
0.1155850929640141 0.02917904665784877 0
0.1164621178630485 0.02918025264163364 0
0.09799757832911445 0.01083249918862683 0
0.09618890833027459 0.01083201269050041 0
0.09709324333022951 0.01083225593956362 0
0.04068731249972776 0.03401302978158311 0
0.03984728671573534 0.03316240314650624 0
0.03984282251905392 0.03401711967035028 0
0.1326667923185811 0.02506958130847384 0
0.1334684328970334 0.02590479486141867 0
0.1325280539928297 0.02673076873848894 0
0.1317264134143774 0.02589555518554412 0
0.1325974231557054 0.02590017502348139 0
0.05081668258052269 0.01636479953061583 0
0.04967288480136321 0.01734965158327976 0
0.04962794397730573 0.01552759243580209 0
0.04965041438933447 0.01643862200954092 0
0.1557670277717017 0.01389506125937532 0
0.1565986050862986 0.01476974599282531 0
0.1557299630924161 0.01472301742320259 0
0.0588887933140275 0.03657977317413162 0
0.05864038662977998 0.03828974192849721 0
0.05787205368978995 0.03743249680520067 0
0.05876458997190374 0.03743475755131442 0
0.06049396423245201 0.03231354284347657 0
0.05867304424442057 0.03229765316246448 0
0.05958350423843629 0.03230559800297052 0
0.08587841053335012 0.01664470660439948 0
0.08655618983223748 0.01747787715599572 0
0.0855440093073995 0.01830626713966196 0
0.08486623000851215 0.01747309658806572 0
0.08571120992037481 0.01747548687203072 0
0.1145846089309454 0.03001062308255074 0
0.1143334538744156 0.03167572283880669 0
0.1144590314026805 0.03084317296067872 0
0.1130642726752796 0.03417246498380086 0
0.1112913957168834 0.03417152177622572 0
0.1121778341960815 0.03417199338001329 0
0.0008281920594915907 0.01242020000447324 0
0.001662621451546178 0.01331025388220988 0
0.000831310725773089 0.01323167982542459 0
0.0301173664244956 0.02897492760772954 0
0.02928005778908479 0.02982511794070499 0
0.02923105320092944 0.02897968793015984 0
0.1463914191226281 0.02849006245456626 0
0.1464369521212367 0.0276669812262261 0
0.1332048546631188 0.0184136481172923 0
0.1330739569331631 0.0200795541850125 0
0.1322849473922076 0.01924069713189032 0
0.1331394057981409 0.0192466011511524 0
0.08118238578282054 0.01496993065532885 0
0.08184322787425541 0.015801867990234 0
0.08082493034643573 0.01662670285056281 0
0.08100365806462814 0.01579831675294583 0
0.01568214830208849 0.009772191933493761 0
0.01554651780991235 0.008134401220942193 0
0.01645796165993243 0.008962238112367293 0
0.01561433305600042 0.008953296577217976 0
0.0730978316692093 0.01081763250500804 0
0.07211989333932781 0.01163143907016596 0
0.07156340855030563 0.01081380656515792 0
0.07233062010953846 0.01081571953508298 0
0.02770909044028971 0.01889913677126301 0
0.02593215978436274 0.01891099881072653 0
0.02682062511232623 0.01890506779099477 0
0.1241690291982552 0.02336822205899713 0
0.1249402595641829 0.02420341568166468 0
0.1232103544536908 0.02419798021965374 0
0.1240753070089368 0.02420069795065921 0
0.05212909016173282 0.01041690766087732 0
0.05260320699366471 0.009218667473925616 0
0.05420837765708034 0.009479153891436092 0
0.05316873390940659 0.009948030776156707 0
0.07810601331960504 0.03664351533561985 0
0.07742087912756734 0.03580304075144746 0
0.07830250923729604 0.03580542629613638 0
0.001588434025429387 0.003947246711400235 0
0.00237316588203338 0.003168499172523622 0
0.003171160066108458 0.003951048581282467 0
0.002379797045768923 0.003949147646341351 0
0.05052774814415299 0.03139957766604459 0
0.04970228589904641 0.03053605733969744 0
0.05072145532886788 0.02967218904718674 0
0.05062460173651043 0.03053588335661566 0
0.1622832122303988 0.02385373141343392 0
0.1614431635358931 0.02304446878277713 0
0.1623228082199011 0.02226822653632885 0
0.16230301022515 0.02306097897488138 0
0.1605573304257433 0.02382340787234842 0
0.1606040030172413 0.02222677268036011 0
0.1605806667214923 0.02302509027635426 0
0.1597704700975603 0.02140485719356394 0
0.1614889993367649 0.02145569079378815 0
0.1606297347171626 0.02143027399367604 0
0.1623450343289015 0.0214784368695132 0
0.05411381617045263 0.01912489322478222 0
0.05505992168362969 0.02004911657566848 0
0.05380364437112888 0.02092493738386478 0
0.05395873027079076 0.0200249153043235 0
0.09774380140204536 0.03499646575056244 0
0.09737590302652777 0.03666394927335417 0
0.09668338981419485 0.03582986609454426 0
0.09755985221428656 0.0358302075119583 0
0.006441304243525882 0.007167741344927872 0
0.008058153769254693 0.007205663390433967 0
0.007249729006390288 0.007186702367680918 0
0.01580815354885574 0.01141526639297755 0
0.0148968107405268 0.01058374797285102 0
0.01659349111041743 0.01060371035362028 0
0.01574515092547211 0.01059372916323565 0
0.1083967856082151 0.02500533609641534 0
0.1073885807033071 0.02583756449103323 0
0.1082571432006736 0.02583847206866513 0
0.008467863349392438 0.01703600112879304 0
0.007643217580688852 0.01783933348804845 0
0.007617486883661324 0.01699978597625595 0
0.09578395525422506 0.01832574238304452 0
0.09562882213483828 0.01915846638544598 0
0.01989186142296714 0.03745952746148415 0
0.01901075368041246 0.03830630937516939 0
0.01804411233223997 0.03745930590540736 0
0.01892522007479466 0.03661252399172212 0
0.01896798687760356 0.03745941668344575 0
0.09563736015072713 0.03666336076343818 0
0.09630925387109701 0.03749790318817842 0
0.09526473659299591 0.03833164703383939 0
0.09545104837186152 0.03749750389863878 0
0.04529997723123382 0.02797227012918495 0
0.04537139288141202 0.02624561042429652 0
0.04533568505632292 0.02710894027674073 0
0.1395058287797073 0.02677544718301609 0
0.1403235170375928 0.02760953298369449 0
0.1393954024332062 0.02843060710066537 0
0.1394506156064568 0.02760302714184073 0
0.1442853582843404 0.01936626445800482 0
0.1451465700936095 0.01938094893206809 0
0.06555336222254338 0.0115629732624228 0
0.06610593734175466 0.01236708535064002 0
0.06487913545576704 0.01311343582874355 0
0.06521624883915522 0.01233820454558317 0
0.1391313656651736 0.01929837304011744 0
0.1374171477089114 0.01928108334642771 0
0.1382742566870425 0.01928972819327258 0
0.1370967951783031 0.0366924678285517 0
0.1379296116094123 0.03752049355240122 0
0.1370047305314736 0.0383462330551964 0
0.1361719141003644 0.03751820733134688 0
0.1370507628548883 0.03751935044187405 0
0.04716079687311132 0.03742440667669152 0
0.04813588189639306 0.03656460857902198 0
0.04801612339520733 0.03742356213913019 0
0.02972272398044169 0.0222310035705737 0
0.02888395990424363 0.02307783869200428 0
0.02793766087209666 0.02224620245882939 0
0.02877642494829472 0.02139936733739881 0
0.02883019242626917 0.02223860301470154 0
0.03735433221557347 0.03573481263122925 0
0.03652073577035628 0.03573749424695311 0
0.1008335299097432 0.02833071313673117 0
0.1005155441638354 0.02999724775786105 0
0.09979899835273584 0.02916305267992642 0
0.1006745370367893 0.02916398044729611 0
0.1265881930371259 0.00584567246927571 0
0.1257597501517443 0.005842320329979467 0
0.05661049100264796 0.0279762050645354 0
0.05740900119247311 0.0288479197079979 0
0.05646834401368063 0.02883754494737129 0
0.1342424783669372 0.003357090858114203 0
0.1341880282049895 0.004195906725523816 0
0.1261130762315778 0.01252972555448502 0
0.1252125313421616 0.01336162082406529 0
0.1244623357833113 0.0125226265426999 0
0.1252877060074445 0.01252617604859246 0
0.1408473599000336 0.01931807953258058 0
0.1399893627826036 0.01930822628634901 0
0.1051070123307676 0.01083340335992042 0
0.1040503514914467 0.01166718346863954 0
0.1034159301537636 0.01083378010871912 0
0.1042614712413453 0.01083359173431977 0
0.07856421985260784 0.01165197055266427 0
0.07873161752618464 0.01082598527633213 0
0.118098693431915 0.01083525795314092 0
0.1189690309230426 0.01083605835554759 0
0.01194945529704837 0.00484551519052335 0
0.0128351256894744 0.005665171614867285 0
0.01201688083684145 0.005655912683652287 0
0.002573345542737727 0.02103685079481538 0
0.001709645628831712 0.02007641818499968 0
0.002558339409739929 0.01923972043129032 0
0.002565842476238828 0.02013828561305285 0
0.09287443799336277 0.03332463943975945 0
0.09254123528602978 0.03499307061300651 0
0.09270783663969628 0.03415885502638298 0
0.1133006756137498 0.03833496019636048 0
0.1122628483170339 0.03916728091604639 0
0.1131629434957455 0.03916748009818024 0
0.1226398381261196 0.02169703368193179 0
0.1234014884761387 0.02253251443593482 0
0.1224450709616315 0.02336295592220507 0
0.1216834206116124 0.02252747516820204 0
0.1225424545438756 0.02252999480206843 0
0.0185958639419523 0.004888391382292595 0
0.01765297084039805 0.00407026496190268 0
0.01934204364427854 0.004075368135715403 0
0.0184975072423383 0.004072816548809041 0
0.08520578906220959 0.011660429613193 0
0.08586759253788301 0.012491445486249 0
0.08486923496157843 0.01332026194685638 0
0.08503751201189401 0.01249034578002469 0
0.153194855789442 0.03346447305350897 0
0.1531100710007907 0.03509767789310952 0
0.1531524633951164 0.03428107547330925 0
0.08856460819999785 0.01581895048047455 0
0.08756478886042275 0.01664857527559179 0
0.08688276610301773 0.01581596729552395 0
0.08772368715150779 0.01581745888799925 0
0.04736934780973132 0.03570616668235559 0
0.046425371915643 0.03656671944063671 0
0.04651392880103512 0.03570775926592239 0
0.141143763385637 0.0284434355250962 0
0.1419661086893153 0.02927585703695812 0
0.1402156870863854 0.02926335168144617 0
0.1410908978878503 0.02926960435920214 0
0.111524326244995 0.03833472839696654 0
0.1105198490922525 0.03916744748092015 0
0.1113913487045776 0.03916736419848327 0
0.04500879351548075 0.03313594290329493 0
0.04494748657714923 0.03399464995221104 0
0.0924656612028005 0.02665209406614226 0
0.09213650684537822 0.02831897583195734 0
0.0914353241929419 0.02748395626405929 0
0.09230108402408936 0.0274855349490498 0
0.02416264903681354 0.01891772339396732 0
0.02504740441058814 0.01891436110234693 0
0.08723964151747748 0.01831108710042726 0
0.08792438664128906 0.01914493732379501 0
0.08690860764619772 0.01997407176601927 0
0.08622386252238615 0.01914022154265152 0
0.08707412458183759 0.01914257943322326 0
0.02812868520007016 0.01307913216215068 0
0.02909021417353415 0.01389702422554394 0
0.02820139185981237 0.01390587348975391 0
0.0491112905623362 0.03570411106349515 0
0.04834475647567446 0.03484566916682875 0
0.04824031918603375 0.03570513887292537 0
0.1110079936891514 0.0141703330503621 0
0.1119552350531063 0.01333680295246707 0
0.1126550492641549 0.01417138361261461 0
0.1118315214766532 0.01417085833148836 0
0.1429925159090385 0.02680631962163025 0
0.1428921437798072 0.02845760386706153 0
0.1420692294074976 0.0276239812966047 0
0.1429423298444229 0.02763196174434589 0
0.01373500906440358 0.006485602451045565 0
0.01463465281222821 0.007310178199955844 0
0.01380279473462804 0.007300508738844676 0
0.1031926454285909 0.02499985270802489 0
0.1028891564086997 0.02666619413718252 0
0.1030409009186453 0.02583302342260371 0
0.1150584528534047 0.02084639088585583 0
0.1140845363870305 0.02167865136233804 0
0.1142061176492653 0.02084515701415677 0
0.09762793472833781 0.0391657381651056 0
0.09852848548922583 0.03916606695075665 0
0.1590683024236311 0.01736349366832154 0
0.1591075012214536 0.01655832207015471 0
0.01432171549947834 0.01469331217159714 0
0.01422033679693746 0.01303876743299069 0
0.0142710261482079 0.01386603980229391 0
0.131362086121596 0.02006859297753359 0
0.1314315136127122 0.01923547911583377 0
0.007419215745193719 0.01121755950749869 0
0.008212207134499508 0.01043678761215553 0
0.007386943904879806 0.01040752528286096 0
0.02455846398462374 0.004076505960807561 0
0.02534972217867311 0.003258834091102609 0
0.02544309437619193 0.004074449357015649 0
0.08761570337348645 0.02497326269673336 0
0.0883099587764658 0.0258090909646793 0
0.08727723115951809 0.02663964012690386 0
0.08658297575653875 0.02580381185895793 0
0.08744646726650229 0.02580645141181862 0
0.07635524016196814 0.03663972980354794 0
0.07701512237582413 0.03748056183393983 0
0.07595140443827966 0.03831920192660329 0
0.07529152222442367 0.0374783698962114 0
0.07615332230012389 0.03747946586507562 0
0.1042101148023589 0.02416762101053512 0
0.1033435062647307 0.02416669148130353 0
0.06781338950154125 0.01240060486117832 0
0.06664286194892988 0.01317560236418942 0
0.06695966342164796 0.01238384510590917 0
0.05789713305142425 0.03143360290657125 0
0.05684192819046217 0.03228373146342656 0
0.05775748621744137 0.03229069231294552 0
0.1622159053771892 0.02704341224193951 0
0.1613645878892119 0.02623714907900595 0
0.1622476959394429 0.02544541644445875 0
0.162231800658316 0.02624441434319913 0
0.160475557557975 0.02702940601873684 0
0.159625616393496 0.02621644145440154 0
0.1605146467247329 0.02542418451467065 0
0.1604951021413539 0.02622679526670374 0
0.1596700849366224 0.02460939714781226 0
0.1614018922138537 0.02463819523920681 0
0.1605359885752381 0.02462379619350954 0
0.1622654540849209 0.02464957392894633 0
0.1488478668111843 0.01362183404912016 0
0.1487814679756496 0.01529480526756186 0
0.148814667393417 0.01445831965834101 0
0.1589991016541756 0.01897009956768662 0
0.1589367651854256 0.02057543188177158 0
0.1581078622749639 0.01973949406799455 0
0.1589679334198006 0.01977276572472909 0
0.01811577845473145 0.0391531233389866 0
0.01624898611680289 0.03915295200151712 0
0.01715386006935325 0.03830607534050373 0
0.01718238228587174 0.03915303767025187 0
0.04309574152957993 0.03657316700198213 0
0.0431434940603745 0.03571605935290555 0
0.1125398768617852 0.0375021748404769 0
0.1134322023865102 0.03750260992827513 0
0.02331831516440984 0.03407194871116798 0
0.02151488293064707 0.03407285456414207 0
0.02236339497249311 0.03322605867412151 0
0.02241659904752846 0.03407240163765503 0
0.01360050996244876 0.01717533293830912 0
0.0127016033735211 0.01632200093230546 0
0.01274224163920432 0.01715726579475239 0
0.1297764696651822 0.03834129710717929 0
0.1287771774847901 0.03917038054647155 0
0.1297164508018835 0.03917064855358965 0
0.05213902562408511 0.03312474261879883 0
0.0513358382696132 0.03226132942500032 0
0.0522512267733874 0.03226316446225497 0
0.134273943379554 0.02674010577132497 0
0.1341435465071009 0.02839940199681895 0
0.1333340481035576 0.02756509377396024 0
0.1342087449433275 0.02756975388407196 0
0.03179908434972503 0.02727082328861334 0
0.03268825318550189 0.02726267788870552 0
0.1148327171808404 0.02834534106037362 0
0.1138322331477716 0.02917691748507558 0
0.1147086630558929 0.02917798207146217 0
0.06848293715169845 0.01812148265998872 0
0.06799646752581633 0.01976607067578922 0
0.06735235458852012 0.01891930249387719 0
0.0682397023387574 0.01894377666788897 0
0.05352907254159719 0.02270047807380716 0
0.05441568178411645 0.02358940593967774 0
0.05327669080736543 0.02445908955932127 0
0.05340288167448131 0.02357978381656421 0
0.1031542248635681 0.03916690910352535 0
0.1022002644105177 0.03916653284217812 0
0.07649537506130025 0.02825364707049895 0
0.07718208307813082 0.02909625190666231 0
0.07630819532731289 0.02908974498308194 0
0.0118048992154527 0.01547217671962082 0
0.01095455327312449 0.01544856472890344 0
0.09522457740849941 0.02582329020692396 0
0.09349353571514532 0.02582049391025604 0
0.09435905656182236 0.02582189205859 0
0.0117996067453827 0.003228150253092615 0
0.01268588242343343 0.004043435116468104 0
0.01187453102121554 0.004036832721807983 0
0.07947123518232485 0.03832287341683993 0
0.07878029115930429 0.03748402411748965 0
0.07967644045865305 0.03748499319509073 0
0.159926544038578 0.007208281114237198 0
0.1587034163896047 0.00620416057011358 0
0.159564359992748 0.005236677151019907 0
0.1607874876417213 0.006240797695143525 0
0.159745452015663 0.006222479132628553 0
0.1578273773474834 0.007096314212064813 0
0.156818479208649 0.006158238638469053 0
0.1576945182507703 0.005266084996517819 0
0.1577609477991268 0.006181199604291315 0
0.1567032931166086 0.004376420966955306 0
0.1585169655860498 0.004375311241408996 0
0.1576101293513292 0.004375866104182151 0
0.160361831438207 0.004312517149559453 0
0.1594393985121284 0.004343914195484225 0
0.06155343720031705 0.03146971508210163 0
0.0612435286259612 0.03317434223047112 0
0.06139848291313912 0.03232202865628636 0
0.02281533503431015 0.02562699467872969 0
0.02188118626674257 0.02478471272667973 0
0.02192894042799491 0.02562673326918566 0
0.02427334953447591 0.03491742793868263 0
0.02433598277922711 0.03576430028896632 0
0.1252978230466681 0.02087240269416656 0
0.1243531641337864 0.02170258060826509 0
0.1235892423022257 0.02086634826658963 0
0.1244435326744469 0.02086937548037809 0
0.004238378614484263 0.01765478241499252 0
0.003377132253593339 0.01675394401837246 0
0.004209149413119125 0.01597081909246596 0
0.004223764013801694 0.01681280075372924 0
0.1594659664463738 0.03430448323232178 0
0.1576665747831 0.0343000670516428 0
0.1585662706147369 0.03430227514198229 0
0.01733543225853038 0.02224732580448346 0
0.01650229909151076 0.02308101270280104 0
0.01646010064774867 0.02223983639695114 0
0.1315829379954174 0.02755678179726874 0
0.1324584930494875 0.02756093778561449 0
0.003483385778103781 0.02550742181064417 0
0.002619680919386774 0.02639490017915525 0
0.002605064258700107 0.02463142526913817 0
0.002612372589043441 0.02551316272414671 0
0.08973981777680165 0.03165147731564706 0
0.08903817886147186 0.03081574853235951 0
0.08990569619823532 0.03081735184355763 0
0.04371181850511317 0.03914300285490432 0
0.04449810641935724 0.03914254048019193 0
0.009860408150001276 0.03660951837197535 0
0.008953583203912992 0.03576167566301992 0
0.009828078391139444 0.03491374331832625 0
0.00984424327057036 0.0357616308451508 0
0.07746048240270045 0.01660665856186238 0
0.07642280900718754 0.01742667569877508 0
0.07726695610253764 0.01743341595499003 0
0.09772356112844299 0.03082793107657662 0
0.09668530197182182 0.0316605138652477 0
0.09597959334455565 0.03082605263645126 0
0.09685157723649931 0.03082699185651394 0
0.09390720427851701 0.03249162469543691 0
0.09304121265202696 0.03249063312085054 0
0.1042696550003415 0.03833419023571229 0
0.1041086844789252 0.03916709511785614 0
0.1425855226208392 0.03340626148030788 0
0.1416531826534272 0.03422690726170752 0
0.1425336112789192 0.03423054496315049 0
0.00353790868047018 0.03068916148924118 0
0.002660195564114579 0.03155650012715083 0
0.002653534224423101 0.03070296861788609 0
0.1075532001181023 0.03000393866151438 0
0.1068170178448465 0.02917006024687269 0
0.107694784060663 0.02917086701146102 0
0.07497007176067781 0.01989735601185622 0
0.07456504904210698 0.02155453639768565 0
0.0747675604013924 0.02072594620477094 0
0.1036092806427783 0.02750031014877692 0
0.1018625483444971 0.02749846288596796 0
0.1027359144936377 0.02749938651737244 0
0.08190374263045035 0.02745266013627959 0
0.01905450935113001 0.03915315468758469 0
0.07269584034464643 0.02570455300282264 0
0.07161701525337669 0.02652754635767421 0
0.0709337245352591 0.02568020717948415 0
0.07181478243995276 0.02569238009115339 0
0.05175482619833476 0.02880572947196849 0
0.05269769670224182 0.02880922720565608 0
0.09032290845781618 0.01998262498255172 0
0.09101762101003311 0.02081681963302159 0
0.08930473703285502 0.02081305766203717 0
0.09016117902144408 0.02081493864752938 0
0.09197109223089947 0.02915266810341405 0
0.1228312906578007 0.0200304000515976 0
0.1227355643919601 0.02086371686676469 0
0.0271020463872342 0.02309035520735649 0
0.02704806722695734 0.0222516057258901 0
0.0552653120562571 0.02448320146100944 0
0.05542108441405925 0.02360937079257033 0
0.1174329565509615 0.01584555066435971 0
0.1165936031488368 0.01584426557865778 0
0.09634559116326913 0.03332782410922458 0
0.0956434319093398 0.03249336755804201 0
0.09651544656754547 0.03249416898723614 0
0.1639269653595785 0.00542293083342747 0
0.1645744952178868 0.004677429902256243 0
0.1654099405114089 0.005361351805373857 0
0.1646684529354937 0.005392141319400664 0
0.1636980845245092 0.003949698167061999 0
0.1652716375311864 0.003888060960462477 0
0.1644848610278478 0.003918879563762238 0
0.1661144555668893 0.004643951840247539 0
0.166055733211647 0.003888589186490156 0
0.1661648437746357 0.005370130853117243 0
0.08285757002130581 0.0149754885479647 0
0.08352325206100092 0.01580761469360421 0
0.08268323996762816 0.01580474134191911 0
0.03321057249994706 0.02050560882917337 0
0.03236421777353571 0.02135787535857292 0
0.0322526761404123 0.01968034137339789 0
0.032308446956974 0.0205191083659854 0
0.02936799351830575 0.01721477142877391 0
0.02854093025585567 0.01805581837154307 0
0.02847624593446048 0.01722367845357476 0
0.06105789998352065 0.01776934736323678 0
0.05978537795828189 0.01854400998180277 0
0.06077984202543939 0.01860783463957185 0
0.01142848167394214 0.02812141287780048 0
0.01052098848050335 0.02726524472481537 0
0.01140150208586459 0.02727100462031927 0
0.1520194924481806 0.02035847329020829 0
0.1528505012514994 0.02120098641352752 0
0.1519475441084757 0.0220003205130932 0
0.1511165353051568 0.02115780738977397 0
0.1519835182783281 0.02117939690165074 0
0.04257937770036666 0.02370799455279846 0
0.04352991715727556 0.02282648787144927 0
0.04352900296208402 0.02368797004952281 0
0.03104804304426156 0.02981538444308961 0
0.03095633623058266 0.0281227908838344 0
0.03100218963742211 0.02896908766346201 0
0.07085706224437616 0.03831249010575056 0
0.071554301592088 0.03915682049730823 0
0.07070929054853087 0.03915624505287528 0
0.01797361533833639 0.0180651648343576 0
0.01705295460172717 0.0172245875783686 0
0.01786888764603878 0.01639896881622584 0
0.01792125149218758 0.01723206682529172 0
0.1510424272320921 0.0228010780948456 0
0.1519113715309866 0.02281981000820778 0
0.06960880065737438 0.01732722230833848 0
0.0687343759227986 0.01730448166346972 0
0.01531814769674681 0.03915284861958417 0
0.1406138758705781 0.0366992308307648 0
0.1405031929878007 0.03834952716770451 0
0.1396810177254872 0.03752302302255529 0
0.1405585344291894 0.03752437899923466 0
0.06187950312553364 0.02976624098229216 0
0.0626281294980898 0.03062915725230849 0
0.06171647016292534 0.03061797803219689 0
0.04987771649008058 0.02880630724542788 0
0.04886924531720306 0.0296754318246582 0
0.04894640352799579 0.02880993983442222 0
0.05214823122299417 0.03914125021299066 0
0.05125299832223984 0.03914121828936478 0
0.1105951201763347 0.02750736178781692 0
0.1114672196631937 0.0275083198942893 0
0.09698492689422969 0.03833176133118353 0
0.09591908219448333 0.03916602316607794 0
0.09677350846084715 0.03916588066559176 0
0.05846568738943241 0.01932808859646697 0
0.0572020441890367 0.02014026537605264 0
0.05823280727193321 0.02019270859683031 0
0.1589082273988321 0.02137828357328989 0
0.09507165481082669 0.03916582351691969 0
0.06225776731434284 0.02379949324868069 0
0.06109910977110972 0.02462033590587834 0
0.06035165705380194 0.02374118701943807 0
0.06130471218407239 0.02377034013405938 0
0.001719876177141103 0.02191203157025293 0
0.0008627499808610065 0.02283806750671977 0
0.0008571261962800961 0.02093099860535746 0
0.0008599380885705513 0.02188453305643997 0
0.1514560826464123 0.01285776344997819 0
0.1523504926807578 0.01205002569537412 0
0.1531878416009389 0.0129240328198143 0
0.1523219621236756 0.01289089813489624 0
0.1497342224040609 0.0128037248392933 0
0.1506234843286016 0.01198989568237444 0
0.1505951525252366 0.01283074414463574 0
0.1497867496242367 0.01111769198165161 0
0.1515061909403456 0.011169677280747 0
0.1506464702822912 0.01114368463119931 0
0.1532400594629645 0.01123443807888264 0
0.152373125201655 0.01120205767981482 0
0.1411963732225452 0.0276167571401496 0
0.0532110139404673 0.0382833052835452 0
0.05399446702314126 0.03914205507055454 0
0.05307134912296341 0.0391416526417726 0
0.06838384896486403 0.02900904603536383 0
0.06659461689337845 0.0289844852617532 0
0.06748923292912123 0.02899676564855852 0
0.02240008868721206 0.01891943554294676 0
0.02157727606319556 0.01975246078200188 0
0.02064420151246936 0.0189161424806439 0
0.02152214509984071 0.01891778901179533 0
0.1537453261122348 0.03918360390986637 0
0.152792104329495 0.03918274232248357 0
0.07290667533994362 0.03663107275065087 0
0.07358665511939197 0.03747507662683008 0
0.072559205820049 0.03831506987795306 0
0.07187922604060065 0.03747106600177384 0
0.07273294057999631 0.03747307131430196 0
0.01344853801982512 0.03661037925336015 0
0.01346196600164523 0.03745783494103345 0
0.1183805870651767 0.01501270391972152 0
0.1191124119723471 0.01584882507307951 0
0.1182726842616543 0.01584718786871961 0
0.03389916028890073 0.03404470155652985 0
0.03217329049133895 0.03405151726438713 0
0.03298570169120929 0.03319852152757939 0
0.03303622539011984 0.03404810941045849 0
0.1257174013794922 0.02503878271251236 0
0.12562752898028 0.02587072355327097 0
0.03161525405411995 0.02389426169866824 0
0.03246603961059696 0.02304019283844863 0
0.03251280361475375 0.02388339019073759 0
0.1621641114869175 0.03025791071638555 0
0.1613016068933509 0.0294509515812661 0
0.1621878818277584 0.02864768132628639 0
0.1621759966573379 0.02945279602133597 0
0.1604085414030592 0.03025331729162344 0
0.1604400478796978 0.02863916417051033 0
0.1604242946413785 0.02944624073106689 0
0.1613310726701575 0.02784143761349315 0
0.1604578027188364 0.02783428509462359 0
0.1622018936024738 0.02784554678411295 0
0.03898902256863297 0.03231330542964007 0
0.03726744091180596 0.03232442770703699 0
0.03812823174021947 0.03231886656833853 0
0.1153197026792482 0.02501402103223314 0
0.1154391801031885 0.02418094835090435 0
0.1567400420919693 0.0351108971392864 0
0.1566975981935351 0.03674028196834232 0
0.1558007875267976 0.03592338030852799 0
0.1567188201427522 0.03592558955381436 0
0.0217355724967507 0.03745926329199345 0
0.02264857162036633 0.03745904037745176 0
0.01060636746711682 0.008875649164388641 0
0.009618789332650139 0.02640663862766266 0
0.008719375165781952 0.02554384877763578 0
0.009594488450747209 0.02555280782717142 0
0.05942174511675867 0.03914563708486189 0
0.06028881754885921 0.03914634891459209 0
0.06460233328121742 0.0391504000925133 0
0.06546262493941823 0.03915110162341998 0
0.01023861226435538 0.01877281876774818 0
0.008523234081306313 0.01872004057062956 0
0.009351555504856432 0.01790261197683696 0
0.009380923172830846 0.01874642966918887 0
0.02094799299473254 0.02394360300199514 0
0.02006544376072745 0.02394115804235177 0
0.1048073034195922 0.02083487206191358 0
0.1030863725215122 0.02083317961185139 0
0.1039468379705522 0.02083402583688248 0
0.05088683120185884 0.03570410242153384 0
0.04999906088209752 0.03570410674251449 0
0.02990924944887843 0.01305836897920266 0
0.03087752426202657 0.01387267546095895 0
0.02998386921778036 0.01388484984325145 0
0.1402399982127455 0.01514085130063847 0
0.1401909535671534 0.01597540375921349 0
0.1258057692852459 0.02420650670031071 0
0.1200533426782093 0.01501610084640854 0
0.1207870530854767 0.01585253346321683 0
0.1199497325289119 0.01585067926814817 0
0.07935462952144393 0.02326620801232155 0
0.08003238188379774 0.02410482233960174 0
0.07898297845552814 0.02493074914482188 0
0.07830522609317433 0.02409213481754169 0
0.07916880398848605 0.02409847857857172 0
0.007055069508097853 0.00319155586194444 0
0.006246826087562461 0.002388901339569026 0
0.007779541396354166 0.002398260702596107 0
0.007013183741958313 0.002393581021082567 0
0.1268928244441767 0.03917002289992479 0
0.125933145937029 0.03916976920191124 0
0.0284470240603436 0.03067555351854817 0
0.02761235809322252 0.03152447310735327 0
0.02667273740904934 0.03068181611045172 0
0.02755988073469647 0.03067868481449994 0
0.09106563832135678 0.02498219794223777 0
0.09176451983478151 0.02581727988565617 0
0.09073578704502379 0.02664860819354579 0
0.09003690553159907 0.02581352625012739 0
0.0909007126831903 0.02581540306789178 0
0.1293081830092599 0.01421624808967342 0
0.1284705155207247 0.01421199048266124 0
0.07394941672122637 0.03579294019908513 0
0.07222245291321264 0.03578659373039848 0
0.07308593481721951 0.0357897669647418 0
0.03055727502663094 0.03575451460813795 0
0.02974783220073399 0.03660470171937637 0
0.02880189727391793 0.03575821998385306 0
0.02967958615027444 0.03575636729599551 0
0.1150777369970371 0.02667982437595505 0
0.1149552270889388 0.02751258271816434 0
0.1089818246618928 0.011667237701433 0
0.1088347028564969 0.01250121454508898 0
0.06502260156391454 0.01077193679904602 0
0.06412874667039381 0.0107554346570363 0
0.1243007473331993 0.01419321944653106 0
0.1250517297034297 0.01503166249986142 0
0.1251321305227956 0.01419664166196336 0
0.1479635550339796 0.03179230355826827 0
0.1478687415750051 0.0334338304385743 0
0.1479161483044924 0.03261306699842129 0
0.07471804228539769 0.01410914995866599 0
0.03896265888953553 0.02889848391843549 0
0.03718963648095552 0.02891684685224603 0
0.03806119166856393 0.02805524844205479 0
0.03807614768524552 0.02890766538534076 0
0.01300275871213055 0.02304516197374812 0
0.01209705434320299 0.02218790890672885 0
0.01296787529751313 0.02220027578393711 0
0.04427172154704022 0.01676481149123879 0
0.04335349736983235 0.01766702719752587 0
0.04229389616452688 0.01686391700350745 0
0.04321212034173474 0.01596170129722037 0
0.04328280885578355 0.01681436424737312 0
0.03373117051577525 0.03064650289333064 0
0.03289564052812176 0.03150045932481586 0
0.03197613988181966 0.03065777183661535 0
0.03285365519879745 0.030652137364973 0
0.06766320568128593 0.03238113652956118 0
0.06660293983070693 0.03321842651341825 0
0.0658866838063763 0.03236483691072969 0
0.06677494474383112 0.03237298672014544 0
0.1116550404879504 0.03750219721807896 0
0.06943040499087191 0.03239640376789048 0
0.06837126132645838 0.03323235129625504 0
0.06854680533607892 0.03238877014872583 0
0.1060851990027659 0.02833610014728924 0
0.1059388110949958 0.02916923406928339 0
0.06619330254909549 0.01970981650832083 0
0.06686639764217839 0.02056926262166435 0
0.06503938795749728 0.02050863476705576 0
0.06595289279983782 0.02053894869436006 0
0.1448912680456224 0.03917746064186841 0
0.1439960696250615 0.03917689626619905 0
0.1075225164670908 0.02000401268236423 0
0.1068157723339662 0.019169870856668 0
0.1076662908802814 0.01917060720445583 0
0.01119746249231227 0.02132497476690862 0
0.01122831360572236 0.02217283159857347 0
0.04536529446321559 0.01757030100825022 0
0.04522969168716077 0.01584228277783383 0
0.04529749307518818 0.01670629189304203 0
0.03033039160724691 0.01803519636021145 0
0.03026470663173064 0.0172027601145123 0
0.07230672134210778 0.02737590607233588 0
0.07142405984551387 0.02736478245544861 0
0.005635407587660263 0.007146523298396936 0
0.1023115338853208 0.01166676808199027 0
0.1025177858384019 0.01083338404099514 0
0.0675296842019063 0.02142145246020787 0
0.06820967970253794 0.02227730103235633 0
0.06708434143897979 0.02308669218111934 0
0.06730701282044305 0.0222540723206636 0
0.07820976390063575 0.01330332668563843 0
0.07838699187662179 0.01247764861915135 0
0.08289258367878083 0.01082907655359195 0
0.08205595287801379 0.01082854656883759 0
0.02499970708824571 0.03237743816626766 0
0.02415862904541714 0.03322450116173394 0
0.0232104793437817 0.03237975969009889 0
0.02405155738661027 0.0315326966946326 0
0.0241050932160137 0.03237859892818327 0
0.005104546484023552 0.01856853230191512 0
0.003400260485477646 0.01845648282127989 0
0.004252403484750599 0.01851250756159751 0
0.1570922032907083 0.02375077501128262 0
0.1579340093755999 0.02457681327411175 0
0.1570363450841 0.02536842935923934 0
0.1570642741874041 0.02455960218526099 0
0.0008215454189794136 0.01084204288344409 0
0.0008248687392355021 0.01163112144404458 0
0.1426885089579633 0.03175733406994321 0
0.1435159870858301 0.03258649039112439 0
0.1417580444929724 0.0325771051591267 0
0.1426370157894012 0.03258179777512554 0
0.1152519056609845 0.01333868525953132 0
0.1153533754407041 0.01250389822784246 0
0.09091652099009948 0.03916542323991107 0
0.09174296402895671 0.03916550081917095 0
0.03426719604302993 0.03914889167522612 0
0.03343980391837901 0.03914927307350688 0
0.05217349578635765 0.02532569039039396 0
0.05119250018672407 0.02532671577894875 0
0.04843880455966826 0.03398534645930787 0
0.09277248092753088 0.01083196056539382 0
0.09180827884664766 0.01166367273885126 0
0.09109331852942285 0.01083171217345743 0
0.09193289972811898 0.01083183636942563 0
0.01417156973574985 0.03067781732839741 0
0.01506342224331107 0.03068011725487688 0
0.143912756781982 0.02598909337630549 0
0.1430420961067905 0.02598001269257608 0
0.07047020954071351 0.01734453489838312 0
0.05901436734098392 0.01761292006497747 0
0.05769467677213444 0.01839699867964167 0
0.05874002736520817 0.01847050433072222 0
0.01672732802214355 0.003252104519949043 0
0.01580614359782747 0.002436284892257341 0
0.01663011386825269 0.002438529667357956 0
0.005034592553714759 0.01519954940603836 0
0.005855895733169428 0.01441502788959896 0
0.005877193402172975 0.01524571921266926 0
0.0519082040972336 0.03484540093931826 0
0.05202361486065935 0.03398507177905855 0
0.02866237783451659 0.0197252140514358 0
0.02871940139140566 0.0205622906944173 0
0.04418425430566088 0.03228084614669002 0
0.0451180293051658 0.03141694587172214 0
0.04506341141032328 0.03227644438750854 0
0.04521509678683902 0.02969588794955912 0
0.04525753700903641 0.02883407903937204 0
0.06482604938505206 0.03320388182263895 0
0.0655525364126892 0.03405871347091728 0
0.06450378305572374 0.03490083053801879 0
0.0637772960280866 0.03404599888974046 0
0.06466491622038789 0.03405235618032888 0
0.01540003712221889 0.006501225701352554 0
0.01547327746606562 0.007317813461147374 0
0.01751474803994254 0.0114332621485625 0
0.01738029042433664 0.009788723666142567 0
0.01744751923213959 0.01061099290735253 0
0.002371364994323166 0.00158776067798457 0
0.003159835696700267 0.002376242953924109 0
0.002372265438178273 0.002378129925254096 0
0.1407205564564993 0.03504887963101126 0
0.1397875511762279 0.0358717128656313 0
0.1406672161635387 0.03587405523088803 0
0.1064090090079115 0.03666854397554116 0
0.1053528874934163 0.03750142879025065 0
0.1062690796363569 0.03750153065992751 0
0.1562545111895016 0.02292086552587256 0
0.1571214057493586 0.02294231940083265 0
0.0009064630986822461 0.0374284566797275 0
0.1257784199990379 0.03252393080388628 0
0.1247838806850692 0.03335325638582673 0
0.1239842118729728 0.03252050280849446 0
0.1248813159360053 0.03252221680619037 0
0.04059105541861223 0.02033520742679583 0
0.03969587541198882 0.02121029003346211 0
0.03960798786542198 0.01951277839634944 0
0.0396519316387054 0.02036153421490578 0
0.0008548228144158558 0.0199812637866358 0
0.05491752846565934 0.03914257772977416 0
0.1417550050913282 0.01849786749303275 0
0.1418023807291452 0.01766495464678193 0
0.02413196268757342 0.008166021082359006 0
0.02317072807207425 0.007348923469737721 0
0.02395982993651479 0.006528375154404251 0
0.02404589631204411 0.007347198118381628 0
0.08781489484161613 0.01083083649258611 0
0.08685075898431774 0.01166146194608478 0
0.08620623163644553 0.01083062545349866 0
0.0870105632396658 0.01083073097304239 0
0.09695801772992137 0.02582577437988754 0
0.09609129756921038 0.02582453229340575 0
0.02084353901699845 0.002445699946325708 0
0.02171650246618251 0.002445977536888199 0
0.1514963981105582 0.03181858278251491 0
0.1523411294194306 0.03264234050012126 0
0.1514533197454154 0.03263640096570005 0
0.09013445163329604 0.01166279503241472 0
0.08942328950801195 0.01083108285895729 0
0.09025830401992835 0.01083139751620736 0
0.1280679559649996 0.03668049688955267 0
0.1289182142414191 0.0375110755007463 0
0.1279106220635201 0.03834040344639634 0
0.1279892890142598 0.0375104501679745 0
0.07024575864501709 0.02482973165965247 0
0.06915811702190394 0.02565183247689185 0
0.07004592077858154 0.025666019828188 0
0.1480548927055089 0.03015052941049078 0
0.1472214889864477 0.02932077011042841 0
0.148099140184431 0.02932940384503829 0
0.0175855885630995 0.02730437215696227 0
0.01673810423081034 0.02814594008123703 0
0.01581441015570562 0.02729697772352173 0
0.01666189448799479 0.02645540979924697 0
0.01669999935940256 0.027300674940242 0
0.1272318677105032 0.03584930335630428 0
0.1281480183156325 0.03585044798649754 0
0.1569307152546129 0.02860835732997531 0
0.1569055991662673 0.02941978302479678 0
0.09718041496037873 0.03749785530226885 0
0.1262380342529191 0.02004279438111638 0
0.1261528984384579 0.02087586106906823 0
0.0460627018238817 0.03055043350753777 0
0.04516656304600242 0.03055641691064063 0
0.08275671743075225 0.03581609688989393 0
0.08186059371609389 0.03581396839692504 0
0.1581750562598698 0.01812547260874496 0
0.1590337020389034 0.01816679661800408 0
0.01532337424294 0.01720343497622074 0
0.01441699283656273 0.01635503036081026 0
0.01446194210269438 0.01718938395726494 0
0.07839038474084283 0.01993090835904101 0
0.07905609269391087 0.0207676976530038 0
0.07801025204174765 0.02159040842595591 0
0.07820031839129524 0.02076065839249846 0
0.0616817799327017 0.01612863556798771 0
0.06038486518412731 0.01687256658057257 0
0.06136983995811118 0.01694899146561225 0
0.1445439854915493 0.03012104284533922 0
0.144445344394559 0.03176821166117993 0
0.1436169369015621 0.03093836852057981 0
0.1444946649430542 0.03094462725325958 0
0.1097225781159814 0.02750646600260387 0
0.1214893205805556 0.03750589395648679 0
0.1205823497381802 0.03750531894395679 0
0.002743832376440224 0.03914890073216968 0
0.006812051919957547 0.01865356712444885 0
0.00595829920199055 0.01861104971318198 0
0.04155736091222903 0.03315293637894428 0
0.04153420175190457 0.03400907114508019 0
0.0776894002155234 0.03832107061580961 0
0.07834876887634067 0.03916125731645413 0
0.07657478900377393 0.03915981329935548 0
0.07746177894005729 0.0391605353079048 0
0.08045289928694295 0.03413581964305276 0
0.1343542176570574 0.001678786973722583 0
0.1351328386446812 0.002519518236217542 0
0.1342983480119973 0.002517938915918393 0
0.1243584598440313 0.000834928712166309 0
0.1013614079049044 0.02083138790720387 0
0.1022238902132083 0.02083228375952763 0
0.1550508892420377 0.03184460785611939 0
0.1541936442731471 0.03102336795669932 0
0.1550812909576493 0.03103040431473978 0
0.05118328825348729 0.00887945273698014 0
0.05213907045265137 0.00852411965406032 0
0.09704171349662494 0.03416225987849976 0
0.09599696524552759 0.03499542658616742 0
0.09617127820439836 0.034161625347696 0
0.006049397526671725 0.02292147427593999 0
0.006031794214171028 0.02205449042903909 0
0.09679929645687488 0.01749398943779779 0
0.09507444857446423 0.01749213370877673 0
0.09593687251566956 0.01749306157328726 0
0.07712367944121776 0.03328517942470972 0
0.07674413827205134 0.03496168130439811 0
0.07605919794524113 0.03412004616959198 0
0.07693390885663455 0.03412343036455392 0
0.09122919714344599 0.02414926105180472 0
0.003502175034996675 0.02725020425378026 0
0.001750988999440831 0.0272745231783685 0
0.002626582017218753 0.02726236371607438 0
0.03070374142670597 0.03745233685183955 0
0.02990593966090568 0.03830213225425411 0
0.02982688593081984 0.03745341698681524 0
0.005358796972544766 0.03407233198328599 0
0.003574842217338059 0.03408135593236054 0
0.004454985205428266 0.03323230862929179 0
0.004466819594941412 0.03407684395782327 0
0.02178347058562822 0.02310367488970605 0
0.0216824816168238 0.02142610925120429 0
0.02173297610122601 0.02226489207045517 0
0.09436796995957999 0.01665865491307061 0
0.09335685525943233 0.01749013531806672 0
0.09421565191694828 0.01749113451342173 0
0.07681362870592905 0.01577525773263131 0
0.0757794112018423 0.01659286725005341 0
0.07597774603032172 0.01576848479351908 0
0.1089512391811931 0.02167239335763709 0
0.1096721118853002 0.02250657848192419 0
0.1086745614797143 0.02333894615667234 0
0.1088129003304537 0.02250566975715472 0
0.0124422630981386 0.03237011640060531 0
0.01330977016416927 0.03152362545881209 0
0.0133359273458562 0.03237163796384805 0
0.1346616198928197 0.02175595484622279 0
0.1337348124744288 0.02258115052322138 0
0.1345976501705382 0.02258724764991017 0
0.05633509443740245 0.01921108548270661 0
0.0561309829363332 0.02009469097586056 0
0.1062363113661421 0.03250252300495984 0
0.1044570723936989 0.03250112536952103 0
0.1053466918799205 0.03250182418724044 0
0.02646776145190257 0.02730377823555767 0
0.02735638888935815 0.02729964905391023 0
0.1374165170352439 0.0317299410040613 0
0.1373050283894303 0.03338446346887931 0
0.1364798140655634 0.03255368138453514 0
0.1373607727123372 0.03255720223647031 0
0.02322418262001657 0.01808414972892884 0
0.02316395256249229 0.01725199758706793 0
0.00528062370912083 0.02896298800382428 0
0.004411346038698742 0.02982809500183051 0
0.004389489717480502 0.0281110910742512 0
0.004400417878089622 0.02896959303804085 0
0.1408263336476261 0.0333982993483639 0
0.1407734450520627 0.03422358948968758 0
0.02716519337208408 0.01226352256806751 0
0.02893922386339444 0.01224660639434277 0
0.02805220861773926 0.01225506448120514 0
0.139630766518807 0.01094571230132438 0
0.1387414737762911 0.01177604970953323 0
0.137948891040044 0.01092986186156364 0
0.1387898287794255 0.01093778708144401 0
0.1395361807991801 0.01262155461044161 0
0.1386919747957943 0.01261307687964338 0
0.07789770676756422 0.03748229297571474 0
0.1369155067221145 0.000841128484015732 0
0.1360219409137745 0.0016810510150052 0
0.1352477199605382 0.0008399225309894676 0
0.1360816133411332 0.0008405255075025998 0
0.04954746217558322 0.02093954340386201 0
0.04852221853529197 0.02007417917306703 0
0.04963306738911924 0.01915441653330977 0
0.04959026478235123 0.02004697996858589 0
0.01391082534836912 0.0239017017286467 0
0.0130361341873839 0.02389182117724398 0
0.1143097229652474 0.0141725682968506 0
0.1133670187673358 0.01500623074429014 0
0.1134823861147012 0.01417197595473261 0
0.07152808605513289 0.0349404993035233 0
0.07118397504071759 0.03662574998063282 0
0.07135603054792523 0.03578312464207806 0
0.05579184305633854 0.03313727383214082 0
0.05592317570959283 0.03227817019246003 0
0.1211909368136223 0.03334780723212384 0
0.1219724142596051 0.03418036981759381 0
0.1210749001527078 0.03417933092881197 0
0.02489280796715079 0.03068623528082785 0
0.02394957032005776 0.02984234422974774 0
0.02400056385333402 0.03068752046219017 0
0.1309291500581286 0.02506044200763723 0
0.1307811094038809 0.0267224564297585 0
0.1299838460476321 0.02588734325185161 0
0.1308551297310047 0.02589144921869787 0
0.1121882827407106 0.0116685204958675 0
0.1120717588969085 0.01250266172416729 0
0.001730935238993099 0.02373264374595677 0
0.0008654676194965496 0.0237405724423925 0
0.1058130667125002 0.02000244348174189 0
0.1059620112606659 0.01916914163345089 0
0.1057402994105159 0.01166741002565416 0
0.1059429357465892 0.01083370501282708 0
0.1425652880119767 0.01934057063106549 0
0.1417063239560051 0.01932932508182303 0
0.02982677171334075 0.02391204763938115 0
0.02804343440255343 0.02392593355864454 0
0.02893510305794709 0.02391899059901285 0
0.1238707183730523 0.01001169953136093 0
0.1237254001091423 0.0116838141020262 0
0.1229866872865217 0.01084429325855065 0
0.1237980592410973 0.01084775681669357 0
0.08824824054566277 0.01748178522002333 0
0.08740221518895014 0.01747983118800953 0
0.02141579015710626 0.03238066960730621 0
0.02231313475044398 0.03238021464870255 0
0.05902192393599518 0.03572488978882679 0
0.106723497041682 0.01500214336953025 0
0.1074104023287362 0.01583604179710734 0
0.1057266153467258 0.01583518866288454 0
0.106568508837731 0.01583561522999594 0
0.08046223663604701 0.01828432398822166 0
0.08064358349124137 0.01745551341939224 0
0.05547387371964145 0.01825189499871857 0
0.05658427524588795 0.01832444683918012 0
0.03128874489564221 0.01885891449220467 0
0.02949421765008255 0.01888189565171586 0
0.03039148127286238 0.01887040507196026 0
0.02855487628643835 0.03236844582655379 0
0.02678168252581432 0.03237366589129022 0
0.02766827940612633 0.03237105585892201 0
0.08669098889591147 0.01249200294507781 0
0.1005684407343866 0.03416478932340129 0
0.09879706079313898 0.0341634480003002 0
0.09968275076376278 0.03416411866185075 0
0.05966026569358421 0.01049973092364957 0
0.06054421392294554 0.01058507094498668 0
0.1302151065868217 0.01338601789877912 0
0.1309885831354506 0.0142257148311413 0
0.1301483830723553 0.01422098146040736 0
0.06603094962925174 0.01476332186746003 0
0.06544114510799874 0.01636696401479497 0
0.06483752858320971 0.01552750101031684 0
0.06573604736862523 0.0155651429411275 0
0.1335778164864366 0.0008388644427331156 0
0.1327369056516304 0.0008383596158470133 0
0.1347123948631349 0.03254734475958921 0
0.1355961044643491 0.03255051307206218 0
0.008919099073003464 0.03406531431077163 0
0.009809752577829508 0.03406529722996576 0
0.1539681733033373 0.03591776282547039 0
0.1548844804150674 0.03592057156699919 0
0.008870906861046201 0.007222229775731365 0
0.1320162787049456 0.01172458094727623 0
0.1327945699478855 0.0125653862771205 0
0.1318942260736204 0.01339594971871394 0
0.1311159348306805 0.01255514438886968 0
0.131955252389283 0.01256026533299509 0
0.136502693448055 0.02010602847648211 0
0.1355836356520551 0.02093039894615525 0
0.1364433462715556 0.02093769395616012 0
0.01155131194791073 0.03236895176556378 0
0.06419233963261048 0.03659930673941906 0
0.06388995695678137 0.03829914374853537 0
0.06404114829469593 0.03744922524397721 0
0.09892574876692162 0.01999546284532171 0
0.09963386621509972 0.02082947329049999 0
0.09790565942275678 0.02082742476413013 0
0.09876976281892824 0.02082844902731506 0
0.1090817959621517 0.01583696752102614 0
0.1082460991454439 0.01583650465906674 0
0.09133566716804031 0.01915216180698172 0
0.0896278913577265 0.01914886383441896 0
0.09048177926288339 0.01915051282070034 0
0.148313995464203 0.02522105232343737 0
0.1482718045615605 0.02604315082791782 0
0.1343998726374209 0.03751625295125315 0
0.1352858933688926 0.03751723014130001 0
0.1443953459946723 0.03259155151937053 0
0.03207008801321348 0.03235397902144106 0
0.03124503000214534 0.03320593556113909 0
0.03031794815001744 0.03236184902849501 0
0.03114300616108558 0.03150989248879698 0
0.03119401808161546 0.03235791402496803 0
0.140427507806422 0.01179385000956351 0
0.1412265133693053 0.01264113759688347 0
0.1403351863620634 0.01346884219776157 0
0.1403813470842427 0.01263134610366254 0
0.1413139802384779 0.01096403594104788 0
0.1404723733786424 0.01095487412118613 0
0.1421155283653981 0.01181449975154752 0
0.1421565600832102 0.01097470181438763 0
0.1420302135354894 0.013490535283017 0
0.1420728709504438 0.01265251751728226 0
0.07567849930645212 0.03579837035649859 0
0.07654968921700972 0.03580070555397303 0
0.1595135944047559 0.03105947841192229 0
0.1586285027357792 0.0310546424014299 0
0.02385043866328803 0.02815380919546173 0
0.02390000449167289 0.02899807671260474 0
0.02162987884000968 0.02058928501660308 0
0.1404417447246178 0.03917476358385225 0
0.0838497173952177 0.0183003742020735 0
0.08452495262233997 0.01913449255392358 0
0.08282662523879787 0.01912750165747268 0
0.08367578893056891 0.01913099710569813 0
0.1428356777138755 0.01433853780776364 0
0.1445383393949089 0.01436594907829171 0
0.1436870085543922 0.01435224344302767 0
0.002540749549793386 0.01751831352082714 0
0.001686854182835609 0.0166029549153105 0
0.002523236886635562 0.01583858541285582 0
0.002531993218214474 0.01667844946684148 0
0.04298899084526436 0.03828683704382605 0
0.04223424808706742 0.03743135164627785 0
0.04304236618742215 0.03743000202290409 0
0.02459507840109166 0.01310222478304831 0
0.02364400326726621 0.0122801559514305 0
0.02540001586911473 0.01227455928269864 0
0.02452200956819047 0.01227735761706457 0
0.03818181168048684 0.0357320474489781 0
0.007449630196477049 0.0120339282556136 0
0.1143312910268834 0.02584562989843722 0
0.1151987198381427 0.0258469227040941 0
0.05346965820949376 0.03656638695961974 0
0.05334033607498053 0.03742484612158246 0
0.1134639590948252 0.02584448569766677 0
0.0262078669146021 0.01144451409230051 0
0.02605096662979892 0.009800131306939446 0
0.02612941677220051 0.01062232269961998 0
0.04165571027598541 0.02458431319801446 0
0.04165841216636579 0.02544145676007129 0
0.09153858906922926 0.01332717103567259 0
0.09083059753119666 0.01249499368080257 0
0.09167343395793846 0.01249542188726193 0
0.06487906360789486 0.01799227285703103 0
0.06516010435794679 0.017179618435913 0
0.1534802820064067 0.02693754102019049 0
0.1534123499316307 0.02856854400410412 0
0.1525685357440451 0.02774149908533881 0
0.1534463159690187 0.02775304251214731 0
0.129033397614844 0.02671506263762007 0
0.1298303385547786 0.02754937570052075 0
0.128953550251852 0.02754607839547681 0
0.1265869440317121 0.03335652338978506 0
0.1264055497861127 0.03501767576906178 0
0.1255891749890343 0.03418558226481185 0
0.1264962469089124 0.03418709957942342 0
0.04853825465413669 0.01829674436498215 0
0.04749741356828985 0.01922769380372891 0
0.04641982539365076 0.01839301563876847 0
0.04747904002389372 0.01834488000187531 0
0.004178583349277115 0.01431327337111525 0
0.003328171541646989 0.0134415589448466 0
0.004997062277634225 0.01354975560664835 0
0.004162616909640607 0.01349565727574748 0
0.0860908056637498 0.0324791398922217 0
0.1469374027587658 0.03425023998645622 0
0.1460069254186431 0.03506811766229281 0
0.1460565020633189 0.03424611374683873 0
0.09688570451584264 0.02165922113410942 0
0.09586377875397362 0.02249101572558877 0
0.0967279851194245 0.02249220088690569 0
0.05312491054818302 0.01816129085271835 0
0.05429939213391224 0.01820659292571846 0
0.1369644296722974 0.0391731165275982 0
0.08520312771582959 0.01581228354327991 0
0.08604294690942366 0.01581412541940193 0
0.06422527993412691 0.01467597183083866 0
0.06298369058017414 0.01541692096402276 0
0.06391060958169192 0.0154722109871698 0
0.1030069812177735 0.0125006392620515 0
0.1021286183112557 0.01249988936141814 0
0.1453916065739562 0.01438200223642805 0
0.07399817740857506 0.03158893822529159 0
0.0733087936443044 0.03074418066342541 0
0.07418433569230883 0.03075076176735174 0
0.00915716227193419 0.0008025206885484397 0
0.00994518836188903 0.0008038702790153524 0
0.09923761101994535 0.01832955445330071 0
0.09994573711334917 0.01916345259672871 0
0.09908167989343347 0.0191625086493112 0
0.0862334305353972 0.02330213399319379 0
0.0869230410015355 0.02413790114047071 0
0.0858912369403082 0.02496748240880525 0
0.08606233373785271 0.02413480820099952 0
0.1221032864686407 0.01167775220768388 0
0.1228229881107435 0.01251629694847911 0
0.1211934285026622 0.01251115477192501 0
0.1220082083067028 0.01251372586020206 0
0.1372613379398451 0.008408070823103721 0
0.1371600073149198 0.01008531251646926 0
0.1372106726273825 0.009246691669786488 0
0.1564501360863678 0.01804757687383522 0
0.1555505997677057 0.0188298757533593 0
0.1547209805321407 0.01797682119181753 0
0.1555855583092542 0.01801219903282638 0
0.001623050522647121 0.008566720730793564 0
0.002424824352501395 0.007828423989092718 0
0.002435234873628303 0.008605777241373017 0
0.1520908674366642 0.01871247116099344 0
0.1511896606676862 0.01951092778644859 0
0.1520551799424224 0.01953547222560087 0
0.01507137844795834 0.003245628642207126 0
0.0149817672881159 0.00243367964732759 0
0.06596685881344838 0.02390236502757668 0
0.0641281906464766 0.02385381050454388 0
0.0650475247299625 0.02387808776606028 0
0.02075889351770631 0.03661256590872682 0
0.02081371695985892 0.0374593953767388 0
0.1185100576415018 0.03916815232995071 0
0.01843096619827413 0.02646260240554933 0
0.01750475219240262 0.02561601251904858 0
0.01838847808028288 0.02561940030111081 0
0.1190387710815205 0.03584100797332834 0
0.1559140173886633 0.03266479174074684 0
0.1541250487675063 0.03265401017620195 0
0.1550195330780848 0.03265940095847439 0
0.01889481569528429 0.0189077275158343 0
0.01715178422576052 0.01889393638008036 0
0.01802329996052241 0.01890083194795733 0
0.1458109133469854 0.03835602069106964 0
0.1466451621644441 0.03917856004920123 0
0.1457682151047549 0.03917801034553482 0
0.0732381158400115 0.03915824938064483 0
0.07239620871604975 0.03915753493897653 0
0.07500148646096677 0.03495550204043486 0
0.07462642956671174 0.03663580851514885 0
0.07481395801383925 0.03579565527779186 0
0.007692068420575009 0.01953427420702995 0
0.00771529485889362 0.02038835865666881 0
0.01163142296206945 0.01216554437519931 0
0.01331822760124175 0.01220101878058342 0
0.0124748252816556 0.01218328157789136 0
0.1197540571702381 0.02418907218714289 0
0.1188907795845618 0.02418726684140002 0
0.1132466490184049 0.01584029672279519 0
0.103724527638714 0.03166713277211851 0
0.1034113625716253 0.03333358268887879 0
0.1035679451051696 0.03250035773049865 0
0.00697191942830256 0.02552657878997524 0
0.006115476765981002 0.02638401581411866 0
0.005226746521295275 0.02551279027978367 0
0.006083189183616833 0.02465535325564025 0
0.006099332974798918 0.02551968453487946 0
0.1114935656722654 0.01083417040089682 0
0.1098984749131368 0.0108336978454489 0
0.1106960202925946 0.01083393412317286 0
0.1334516393984995 0.0383435844862202 0
0.1334210962310881 0.0391717922431101 0
0.07512722155904633 0.02656799772921363 0
0.07581143825453168 0.02741170082324548 0
0.07406255809692577 0.02739515421205534 0
0.07493699817572874 0.02740342751765041 0
0.1278350009640526 0.03917020172319817 0
0.02715385629798384 0.02393095799778863 0
0.1160274373573974 0.02001432827351225 0
0.1167635843071336 0.0208492694554427 0
0.1159110185802691 0.02084783017064927 0
0.01566418319344283 0.02391776906723198 0
0.01482459578398221 0.02475423911355168 0
0.01478750427090597 0.02390973539793934 0
0.03647561112882912 0.01540645298789138 0
0.03563548064214363 0.01626237383801543 0
0.03464268633262531 0.01545651186530495 0
0.0354828168193108 0.01460059101518091 0
0.03555914873072721 0.01543148242659817 0
0.1375177199308801 0.004207507345208338 0
0.1208649346670629 0.001677685293445875 0
0.1208551872332519 0.002515339944528121 0
0.06222407354728193 0.02806451112418939 0
0.06297046302332714 0.02892971367449782 0
0.06205178833640779 0.02891537605324077 0
0.1502878176190315 0.02031479200526345 0
0.1502122368633333 0.02196187306448733 0
0.1502500272411824 0.02113833253487539 0
0.1427907516101245 0.03010785596425564 0
0.1427396302840439 0.03093259501709942 0
0.07784049390722142 0.01495463272157845 0
0.07765048815496094 0.01578064564172041 0
0.01961777074909368 0.03238026533183679 0
0.01875923546662493 0.03322574886216514 0
0.01781906783475189 0.03237869041741637 0
0.01871841929192279 0.03237947787462658 0
0.1489581658194137 0.01025187596038887 0
0.1481278125067345 0.009384102211973427 0
0.1489975069959551 0.008554697725423239 0
0.1489778364076844 0.009403286842906053 0
0.1472582131791316 0.01021445665652293 0
0.1473074450097784 0.008521931880832008 0
0.147282829094455 0.009368194268677469 0
0.148166419370084 0.007686429273653575 0
0.1473275504112384 0.007672889787149586 0
0.1490105380488171 0.007702628534772495 0
0.1630234275317478 0.03592975075532613 0
0.163895848656092 0.03511409475143767 0
0.1647796084048618 0.03592559060996271 0
0.1639015179683048 0.03592767068264442 0
0.1630171285671968 0.03430477277394876 0
0.1647731513611599 0.03429925831592681 0
0.1638951399641783 0.03430201554493779 0
0.165647967418431 0.03510729793615906 0
0.1656467798875867 0.03429415633130825 0
0.1656526552919716 0.03592205082274903 0
0.09852901050782537 0.01749576116112175 0
0.09939431231658243 0.01749660958959143 0
0.1172279224021807 0.01083489020122753 0
0.0200990928993053 0.003260414671684441 0
0.02020083130109132 0.004076600661219952 0
0.03985048906146242 0.02803435222967518 0
0.0398532182836726 0.02888894395692451 0
0.1063753351179378 0.02666982559926918 0
0.105356701379976 0.02750209256162666 0
0.1062302670603519 0.02750296287327921 0
0.1567849591022287 0.03348269098035005 0
0.1568084123666306 0.03266936466222477 0
0.004366896634931651 0.02638205905635308 0
0.004355066149699528 0.02551010604521392 0
0.1006528151082048 0.01999737762940773 0
0.1008088436116322 0.01916434205575122 0
0.01976950860387683 0.0189119349982391 0
0.01979665410483385 0.03576597250757118 0
0.02065800639473522 0.0349192201401251 0
0.02070844995622076 0.03576589302442596 0
0.07755552960664849 0.02742586979943404 0
0.07668348393059009 0.02741878531133975 0
0.009872931753218159 0.03745718667382573 0
0.07337648889768686 0.02654932989675716 0
0.07299279054134669 0.02822173038763406 0
0.07318463971951678 0.02738553014219561 0
0.0463463490809129 0.02536619641286103 0
0.04539902505696063 0.02538056467441513 0
0.0390520963557751 0.03914580315248067 0
0.03982637223064007 0.03914530304421242 0
0.1533431204184786 0.03019992452926588 0
0.1532713223974948 0.03183187762281423 0
0.1524207985428263 0.03100843419538079 0
0.1533072214079867 0.03101590107604005 0
0.01712270516905346 0.03745904306948707 0
0.01623703134565622 0.01804765667637179 0
0.01618816442233359 0.01721401127729467 0
0.007825357229647258 0.02467682311847714 0
0.007845647297042256 0.02553521378380551 0
0.0541418196039293 0.02533907275641455 0
0.05315765769514347 0.02533238157340425 0
0.08107650878708803 0.02327778071739887 0
0.08089466080611457 0.02411012878164956 0
0.03151478218411759 0.02221126287921553 0
0.03241512869206634 0.02219903409851078 0
0.1214136523679881 0.03168457232204811 0
0.1221942755926894 0.03251749671714375 0
0.1213022945908052 0.03251618977708597 0
0.1045844142779396 0.03666779904188795 0
0.1044270346391406 0.03750099463880012 0
0.1302788640170552 0.01255052349195969 0
0.02421598928994653 0.03407096455020828 0
0.07731079234009848 0.03244776872234695 0
0.02333793836711227 0.008988745963228795 0
0.0250887588729477 0.008984495538936103 0
0.02421334862002998 0.008986620751082447 0
0.0007942170127146937 0.003955572630527164 0
0.1235599237849125 0.01335510938915281 0
0.123472316967471 0.01419026041796258 0
0.0666607677658746 0.02476030260609308 0
0.06736574007807476 0.02561909534333048 0
0.06645948621435899 0.02560048707048446 0
0.1433794731328841 0.02018427454127276 0
0.1433324530166397 0.02101367812673049 0
0.1188666708626237 0.03084854607037352 0
0.1179842221449844 0.03084736443732716 0
0.09704218513376267 0.02082631715014579 0
0.09521490769982591 0.01166420434809102 0
0.09447570156449986 0.01083219165759061 0
0.09533230494641307 0.01083210217404551 0
0.08455112876719095 0.01082980415969434 0
0.08372185622258403 0.01082944035664314 0
0.1203011782462937 0.02668900513706127 0
0.1200848776137924 0.02835364063279865 0
0.1193188512085414 0.02751955849387634 0
0.120193027930043 0.02752132288492996 0
0.106523510405084 0.02083650613383298 0
0.1056654069123381 0.02083568909787328 0
0.05261620375641171 0.02179809352536927 0
0.05052121909233369 0.02180666073732496 0
0.05156871142437269 0.02180237713134712 0
0.08917343215403244 0.02581130860740335 0
0.01789501347901372 0.03407187649897316 0
0.01695620764280938 0.03322417065986703 0
0.01699073396840835 0.03407108088343596 0
0.1532330890934684 0.0326481753381616 0
0.0008149328596395513 0.009274288761310829 0
0.0008081176630075694 0.007763071853006646 0
0.0008115252613235603 0.008518680307158733 0
0.008012437975191959 0.03321805286867142 0
0.007995097516236567 0.03236826324168979 0
0.08275807715711939 0.03163360759384035 0
0.08205985315324094 0.03079526192689457 0
0.0829348277253544 0.03079853067158925 0
0.08520480583732662 0.01996844695691315 0
0.08537440757236306 0.01913735704828755 0
0.008144123569805657 0.03915240016122958 0
0.1087616074182762 0.03333732277258047 0
0.1095158745592719 0.03417075013766133 0
0.1077330513350462 0.03416981736000668 0
0.1086244629471591 0.034170283748834 0
0.1516539288862058 0.02854787797776183 0
0.1524959636139374 0.02937487570893816 0
0.1515769091366114 0.03018318293056733 0
0.1516154190114086 0.02936553045416458 0
0.01598464990628057 0.004063190423791344 0
0.01681881037333931 0.004066727692847012 0
0.03879564787073017 0.02208363464837568 0
0.03791323801185042 0.02295095782775546 0
0.03695252824579934 0.02212307831711977 0
0.03787408805826475 0.02210335648274772 0
0.0141120272522372 0.01139125751764053 0
0.0150141364479329 0.0122290061700478 0
0.01416618202458733 0.01221501247531561 0
0.05567551722703677 0.01341260918514621 0
0.05387849151290225 0.01416145110907424 0
0.05532231523215661 0.01440409397904701 0
0.05450162132306637 0.03570932104751742 0
0.05268650357253546 0.03570568813106516 0
0.05359406244780091 0.03570750458929129 0
0.1097778402036814 0.01667135587827541 0
0.1096403204703941 0.01750499737867852 0
0.1487101181946444 0.01696077194028782 0
0.148745793085147 0.01612778860392484 0
0.1328044180710299 0.02340740300143435 0
0.1318689549902898 0.02423345522763281 0
0.1327356051948055 0.0242384921549541 0
0.02975213618246172 0.01141137495987494 0
0.02958830903991356 0.009770049014180387 0
0.02967022261118764 0.01059071198702766 0
0.07972578674576181 0.02160375611376616 0
0.08039948269638755 0.02244115695474966 0
0.07868093357081818 0.02242880717133806 0
0.07954020813360287 0.02243498206304385 0
0.04410321064516544 0.01505952387317846 0
0.04302270871308891 0.01427295265620723 0
0.04311741452741182 0.0151173269767138 0
0.1515366536235848 0.03100088285654112 0
0.09527694274778366 0.02999137451338783 0
0.0949440072343796 0.03165867494952163 0
0.09511047499108162 0.03082502473145472 0
0.1450760881682264 0.03588718752722898 0
0.144193615770233 0.03588440825415334 0
0.1411361139376696 0.01431500337118312 0
0.1402875922874044 0.01430484674920002 0
0.09323298272905726 0.03582801498813578 0
0.09151990869772619 0.03582694409018783 0
0.09237644571339174 0.0358274795391618 0
0.1040260553085411 0.01583410644306182 0
0.1030040501819423 0.01666667899768383 0
0.1023089309053453 0.01583293161936168 0
0.1031674931069432 0.01583351903121175 0
0.003942757176001704 0.003169973180215769 0
0.004708914862778454 0.0023808099897495 0
0.003934375279739361 0.002378526471836805 0
0.01448750074508183 0.005680445517649038 0
0.0152416766829729 0.004871898710297369 0
0.0153208569025959 0.005686562205824961 0
0.1321487586036685 0.02090613797699091 0
0.1312201651417957 0.02173361965569755 0
0.1312911256316958 0.02090110631661556 0
0.1207221967855791 0.02335836025189178 0
0.1208248635996825 0.02252528648588359 0
0.08657286346456118 0.02163770484390519 0
0.08554567878206021 0.02246698185509234 0
0.0864031469999792 0.02246991941854948 0
0.06177928302977131 0.01370088965062347 0
0.06364577628651481 0.01384897829857232 0
0.06236046773237436 0.01454044399555842 0
0.06271252965814307 0.0137749339745979 0
0.1205134934615421 0.02502393380267974 0
0.1212763318249579 0.02585840204403816 0
0.1204073358539179 0.02585646946987051 0
0.1554831677121089 0.02046000765030796 0
0.1554179616095029 0.02208704977037923 0
0.1545843766742154 0.02124820562383354 0
0.1554505646608059 0.02127352871034359 0
0.01970580071716115 0.03407280354990179 0
0.01884157872954994 0.0349189311867098 0
0.01880040709808744 0.03407234002443747 0
0.06999007188953403 0.0223159043109595 0
0.06888206820188575 0.0231278750581231 0
0.06909987579603599 0.02229660267165792 0
0.1501354882756079 0.02360590800060776 0
0.1501738625694706 0.02278389053254754 0
0.05882766631540962 0.02628588595790369 0
0.05849819414105761 0.02800256380778596 0
0.0577163901995266 0.02712746718798978 0
0.05866293022823361 0.02714422488284482 0
0.1198640315735917 0.0300179130248035 0
0.1206351799769008 0.03085125812074524 0
0.1197509254197622 0.03084990209555938 0
0.03885915895544127 0.02378377149233364 0
0.03797519929797723 0.02464996275482516 0
0.03702927835438639 0.02381714909024698 0
0.03794421865491383 0.02380046029129031 0
0.1572775088512112 0.01889783928085031 0
0.1563817757157385 0.01967504317234255 0
0.1572448189953512 0.01970726862016855 0
0.03502740962735623 0.02047275053848435 0
0.03411899106365165 0.02048917968382886 0
0.06732063766005374 0.03407109314283599 0
0.06820110582672387 0.03407703432353189 0
0.0008182391393094825 0.01005816582239003 0
0.002589450203604245 0.02284848965299189 0
0.002581397873170986 0.02194267022390364 0
0.006146382411569645 0.02810478123896035 0
0.006161273483691273 0.02896120996278281 0
0.004523049692213146 0.03745630848133821 0
0.1229842270383671 0.03335033960459723 0
0.1230892437328311 0.03251899976281911 0
0.06947094489291084 0.01242437140569268 0
0.06864216719722604 0.0124124881334355 0
0.1340787905790332 0.02922865878044114 0
0.09908728892189789 0.02832875360737076 0
0.09876397646028713 0.02999540740148033 0
0.0989256326910925 0.02916208050442554 0
0.1068839773345167 0.01416855600271678 0
0.04787335708297375 0.03054128899305269 0
0.04696802945342773 0.03054586125029523 0
0.1069813775046548 0.03333622414680476 0
0.1066943007491869 0.03500239735351856 0
0.1068378391269208 0.03416931075016166 0
0.07294011352237098 0.03242278335313444 0
0.07381390688791145 0.03242829532988285 0
0.002549544479766658 0.01837901697605873 0
0.01766462607429109 0.0289945875048267 0
0.0185141059071207 0.02815123937744412 0
0.01855510225484382 0.02899641303954216 0
0.04143181407775458 0.0374328548869483 0
0.1242610966660208 0.02253540133363111 0
0.006311163069952455 0.003980886478057245 0
0.007095651937438791 0.003989621968493817 0
0.09224061849316637 0.01415972762015181 0
0.09309333653167765 0.01416033791849722 0
0.1448310834803203 0.02517400798091848 0
0.1447839845753595 0.02599912804528005 0
0.01935948354229533 0.02730946962603117 0
0.01847253605269742 0.02730692089149672 0
0.1366190918181938 0.01844094252852014 0
0.1365608926331244 0.01927348550250113 0
0.1569826135663913 0.02698749070412102 0
0.156956664410502 0.02779792401704817 0
0.08386607792827146 0.01414842553926865 0
0.08453293672155721 0.01497998042180988 0
0.08470108584156781 0.01415012118433313 0
0.001590702831011836 0.0007947286803400305 0
0.0007953514155359985 0.0007977565931687304 0
0.1072680514234947 0.03167007426294119 0
0.1080131175620074 0.03250377540478611 0
0.1071247144640748 0.03250314920487297 0
0.08925480793555519 0.01665177618109531 0
0.08893799914515356 0.01831506980740071 0
0.08909640354035438 0.01748342299424801 0
0.04244231965501395 0.03229105284864178 0
0.04331328698033741 0.0322859494976659 0
0.03542123304510483 0.0289339868609036 0
0.03630543476303018 0.02892541685657482 0
0.136950430579097 0.02592685130031398 0
0.1352097552695671 0.02591518340108899 0
0.136080092924332 0.02592101735070148 0
0.1108041075476057 0.03167272825709034 0
0.1105367849964715 0.0333383422850029 0
0.1097858944007817 0.03250495570651245 0
0.1106704462720386 0.03250553527104662 0
0.1087749225701057 0.03916764643228392 0
0.1096473858312347 0.03916754695660203 0
0.07349675148768603 0.02237417006596492 0
0.07436422918885087 0.02238504833177755 0
0.1537174389628574 0.02122459601868053 0
0.11310397842507 0.02251071377384901 0
0.1139614963968991 0.02251194859439337 0
0.1408792359524581 0.03257281220783145 0
0.02056267725307301 0.03322643797391875 0
0.02061034182390411 0.03407282905702193 0
0.04438638928312307 0.01848401636675883 0
0.04540310733838693 0.01843851600276365 0
0.149225639789576 0.02441187818944861 0
0.1474851336867624 0.02438436394881045 0
0.1483553867381692 0.02439812106912953 0
0.1568263188083424 0.009706578624154166 0
0.1577845151727007 0.008909931718994927 0
0.1586521285855848 0.009856096634392495 0
0.1576939322212265 0.01065274353955173 0
0.1577392236969636 0.009781337629273329 0
0.1568600966860855 0.007945940356697804 0
0.1587517958340986 0.008060305574361937 0
0.1578059462600921 0.008003122965529871 0
0.1608367318188116 0.008261854921567377 0
0.1596619836143322 0.009113879381692115 0
0.1597942638264551 0.008161080247964657 0
0.1604929794101893 0.01009790429924598 0
0.1594831243814419 0.01084012155194636 0
0.159572553997887 0.009977000466819238 0
0.008046527114246825 0.03491462756134209 0
0.00713986601643532 0.03406736611924189 0
0.008029482544719392 0.03406634021500676 0
0.07861151161773777 0.02659747209141606 0
0.07824047701833747 0.02826636999267367 0
0.07842599431803761 0.02743192104204487 0
0.05918402843238318 0.0245692701394057 0
0.05996500274330474 0.02544975851735322 0
0.0590058473738964 0.02542757804865469 0
0.09781877594957546 0.01666204553101899 0
0.09766415348235011 0.01749487529945977 0
0.1319798861557608 0.03336836191807974 0
0.131018491007736 0.0341954844177565 0
0.131915867685768 0.03419748141174401 0
0.1585521612737933 0.038371428291664 0
0.1576171135213129 0.03755662200321078 0
0.158547166574319 0.03755716998802739 0
0.08419344305527329 0.01663991781507424 0
0.08402158022524549 0.01747014600857387 0
0.02525189326513323 0.002443939754835228 0
0.1388562397618703 0.03669568660893628 0
0.1388053146674498 0.03752175828747825 0
0.05072812463107698 0.01450059280423153 0
0.04942333929843879 0.01370732550861365 0
0.04952564163787226 0.01461745897220787 0
0.07151783278908944 0.01984614334493537 0
0.07173935273916529 0.01902163889455729 0
0.08693754500366838 0.02830689922389357 0
0.08763626881563177 0.0291434801022603 0
0.08589895452074309 0.02913848966311158 0
0.08676761166818743 0.02914098488268595 0
0.1193280788430518 0.01417942251826411 0
0.120264004397823 0.01334592295396819 0
0.1201586735380161 0.01418101190018837 0
0.09050192647266941 0.03666084891628729 0
0.09020273044232259 0.03833037162702587 0
0.08949850164937703 0.03749505675440377 0
0.090352328457496 0.03749561027165658 0
0.01730798689850938 0.008968839671323631 0
0.1056475788257515 0.03583512600993083 0
0.1065516548785492 0.03583547066452986 0
0.02938187559478629 0.03151794067311443 0
0.0294364122182279 0.0323651474275244 0
0.1293419899987554 0.001673050790316721 0
0.1292899050602991 0.002509477368701845 0
0.1233468001804949 0.004168149081591307 0
0.1241827454727227 0.004169989969100946 0
0.01358761737015265 0.004860014681470758 0
0.01366131321727811 0.005672808566258162 0
0.130116362097885 0.03419368014931594 0
0.01079220537036861 0.01214347642661486 0
0.02269959941730053 0.01145527298228184 0
0.02254851071826973 0.009809528222463655 0
0.02262405506778513 0.01063240060237275 0
0.03893965484838062 0.02719206983853698 0
0.03984267322870165 0.02718003962751986 0
0.1386906855765968 0.02593993847457905 0
0.1378205580778469 0.02593339488744652 0
0.1253939067703521 0.03584704277376034 0
0.1263128872404276 0.03584817306503231 0
0.07885514600940562 0.01413281784048815 0
0.07802512890392857 0.01412897970360844 0
0.06434806134416712 0.03575006863871893 0
0.04878782149101009 0.03053867316637507 0
0.1001175786137678 0.02749652871065902 0
0.1009900634791324 0.02749749579831349 0
0.1233240609316893 0.03750664452776259 0
0.1222804004702538 0.03833743069237486 0
0.1224066907561225 0.03750626924212469 0
0.09812705989982458 0.01499640303527838 0
0.09797291792470002 0.01582922428314869 0
0.05411158198682507 0.005263234702571539 0
0.05364071143557596 0.004738750706533392 0
0.06319297898040972 0.02382665187661228 0
0.1535477281209882 0.02530655807081688 0
0.1543883318372445 0.02613609907065485 0
0.1535140050636974 0.02612204954550369 0
0.1225099318837336 0.004167350254583762 0
0.1329403180359361 0.02174410289534754 0
0.1320099236325372 0.0225703553735605 0
0.132872368053483 0.02257575294839095 0
0.1338070588695187 0.01006188456077182 0
0.1345890171249902 0.01090391681753793 0
0.1336939129487319 0.01173518360523739 0
0.1329119546932604 0.01089315134847128 0
0.1337504859091253 0.01089853408300461 0
0.1315774080538815 0.005863294421191363 0
0.1324114294833574 0.005866466338059953 0
0.067778250391406 0.02394462975963574 0
0.06687255460242719 0.02392349739360621 0
0.0105700326949046 0.02896777335991683 0
0.01145421873512009 0.02897142051602469 0
0.06516091012021433 0.03150877358002542 0
0.06499347975263318 0.03235632770133218 0
0.02628260462059941 0.01226904092538307 0
0.03832992411311061 0.01534467310737903 0
0.03732337592414426 0.01454330581135859 0
0.03740276762096986 0.01537556304763521 0
0.1310756827200978 0.02339753390047805 0
0.1311479239309468 0.0225655767780878 0
0.07879724503663296 0.02576411061811897 0
0.06091010814294898 0.02547277972605835 0
0.03570376837565246 0.01709761254097492 0
0.02873433507159471 0.001623687202199536 0
0.02881740623918407 0.002435834914784447 0
0.1267652238743411 0.03169512386384732 0
0.1266760839530265 0.03252582362681618 0
0.034571991948282 0.02979057903659534 0
0.0345378459121909 0.02894176319827374 0
0.1561363889744452 0.02616433242608217 0
0.1552623604058449 0.02615021574836851 0
0.1151420373635589 0.01417323296669065 0
0.03181191893608696 0.005663440791586047 0
0.03092808978164838 0.005672356405112061 0
0.1529906468611494 0.01791404874158062 0
0.153855813696645 0.01794543496669908 0
0.1396157382688489 0.02511907893237129 0
0.13967018768416 0.02429016478316177 0
0.06545863910337912 0.0139404293610099 0
0.06455220769494696 0.01389470382979111 0
0.1535814796538591 0.0244908017949622 0
0.07518830062027775 0.03411623010380738 0
0.1130940912004762 0.01083435009497068 0
0.1139075420150701 0.01083446942090507 0
0.05076769753634576 0.01820732375160738 0
0.05203998254741632 0.01726107661462832 0
0.05194630404226439 0.01818430730216286 0
0.06370227522803729 0.02979142484947829 0
0.06443747389009885 0.03065156298207009 0
0.06353280169409432 0.03064036011718929 0
0.07053939088815692 0.01162268681598783 0
0.07108932346776634 0.01244039006550867 0
0.07002087747252025 0.01324207465521352 0
0.07028013418033859 0.01243238073560068 0
0.1353744378644348 0.01174709189913985 0
0.1344765880424535 0.01257685627623366 0
0.1353188764959779 0.01258333949476588 0
0.1208765397973613 0.0008388426467229376 0
0.1207844492237453 0.008309948823911652 0
0.1207966143725601 0.007465993746944432 0
0.1274694504369329 0.005013321862735391 0
0.1275206602811292 0.004178024922829398 0
0.01113272701563085 0.01963496586203179 0
0.01116509475397156 0.02047997031447021 0
0.08118436842771828 0.0307914585046208 0
0.07444752083430287 0.02572530093658228 0
0.07531949497026326 0.02573410417011975 0
0.07261593074160469 0.02989739892215824 0
0.07280436064147569 0.02905956465489615 0
0.005254211317415478 0.02724294587682402 0
0.004378193176206076 0.02724657506530214 0
0.1459073053083899 0.03671206247513102 0
0.1458591093276876 0.03753404158310033 0
0.06333251803539101 0.02723305060339044 0
0.06240721439198403 0.02721500880955102 0
0.05852866298837937 0.0391448709642486 0
0.003972122948303181 0.004745252564621594 0
0.004743720058196427 0.003964177163554896 0
0.003957440062152442 0.003957612872418682 0
0.1362682141339157 0.01091605050403754 0
0.1371085525869798 0.0109229561828006 0
0.06551005597571355 0.02981601128089397 0
0.06533548304796394 0.0306623924304597 0
0.07102051864254687 0.03746912004319169 0
0.1393402077480627 0.02925769787197761 0
0.04965297609524123 0.01825203405829477 0
0.1103970370283433 0.0233408553680892 0
0.1093996597614367 0.02417306270530568 0
0.1102628779152182 0.02417404243267852 0
0.08258046746386721 0.03246927010564304 0
0.08485537299000369 0.02579750966443685 0
0.08399103813141595 0.0257937500702044 0
0.04154639524466235 0.02030548849924739 0
0.1237770141265977 0.03418276134424093 0
0.1228747141931014 0.03418156558091737 0
0.01433075846385674 0.03576334227699009 0
0.01342889203781665 0.03576279223407974 0
0.088614278853862 0.01997873135081326 0
0.08759475222199119 0.02080857781669366 0
0.08844974462742311 0.02081081773936541 0
0.1495345236001407 0.01781142250992445 0
0.1486726489225957 0.01779077162635859 0
0.06753793127113646 0.0374592117831618 0
0.07188297932529539 0.0332571326357257 0
0.07170553269021414 0.0340988159696245 0
0.1354286156294529 0.01090998366078774 0
0.1330256475564536 0.00921969180924978 0
0.1338621873276837 0.009224580680807164 0
0.1274182681520592 0.005848642588930362 0
0.13074438401229 0.005860328343160226 0
0.05366635845636303 0.02181270772883597 0
0.1263749649832767 0.009187181866841289 0
0.1247350816584943 0.009179156710490603 0
0.1255550233208855 0.009183169288665947 0
0.1236426619470274 0.01251946174558951 0
0.03067152019870772 0.02306115303906687 0
0.03072101288373035 0.0239031546690247 0
0.1047191745701828 0.01250046137954551 0
0.1038630778939782 0.01250055032079851 0
0.1578825696760461 0.02619158763727819 0
0.1570094793252457 0.02617796003168018 0
0.07118878583963026 0.03241033439904881 0
0.07030959541525109 0.03240336908346964 0
0.09508176618290939 0.0124965783450303 0
0.06405884459154734 0.02809613553569992 0
0.06479065679625751 0.02895784671068038 0
0.0638805599097923 0.0289437801925891 0
0.1457461370085586 0.02435932661025889 0
0.1448773829957106 0.02434802067444766 0
0.08052246084569654 0.01413915817455467 0
0.08219414512259983 0.01414431956170853 0
0.08135830298414819 0.0141417388681316 0
0.152161149749534 0.0170607036650167 0
0.152195220331985 0.01623096128634723 0
0.1055580609992809 0.01250097331584396 0
0.1003424590117993 0.02166348356829614 0
0.1001872292577119 0.02249656463375495 0
0.09874623229385719 0.01166530047124632 0
0.09890621008671549 0.01083265023562316 0
0.07224592003670585 0.03157598511645754 0
0.07206444968100062 0.03241655887609162 0
0.0905493669287918 0.01415819429807803 0
0.0912513963527289 0.01499075088255725 0
0.09139499271097909 0.01415896095911492 0
0.07468767289388056 0.01082110020236092 0
0.07548631181425794 0.0108222248606831 0
0.1338655163654306 0.02091751910336914 0
0.1330071374845496 0.02091182854018002 0
0.163340420184454 0.0062542190793148 0
0.162423570676403 0.005635077182975967 0
0.1630101158515275 0.004803788937088637 0
0.1631752680179907 0.005529004008201719 0
0.16184707565739 0.006827144198767094 0
0.1613639826607344 0.005048730679352399 0
0.1616055291590622 0.005937937439059747 0
0.1620754132620379 0.004093070924271904 0
0.1612186223501225 0.004202794036915678 0
0.1628867488932735 0.004021384545666951 0
0.123925175510727 0.009174807735546034 0
0.1377452273986898 0.0008418035555258193 0
0.1287995094293498 0.010034792614635 0
0.1280274886298742 0.00919489815158814 0
0.1288579392668023 0.009198788069382265 0
0.1336355789951695 0.01257112127667708 0
0.1480789187814331 0.01107518739129783 0
0.1472006134007498 0.01190066991554745 0
0.1472294132899407 0.01105756328603519 0
0.1489075025862561 0.01194100341256057 0
0.1489328342028349 0.01109643968647472 0
0.1480211469933795 0.01275911262238743 0
0.1488776846987202 0.01278141873084037 0
0.1471682254971161 0.01274049626783217 0
0.1459571153635165 0.03589009006871191 0
0.006249331494490043 0.03406984905126394 0
0.06956688427241069 0.02398080293839661 0
0.06846306646193094 0.02479755763990925 0
0.06867256733190834 0.02396271634901617 0
0.05081627134420767 0.02880601835869819 0
0.05222022994739398 0.01534763097598136 0
0.05213010624740515 0.01630435379530484 0
0.1229253494155642 0.01919668821894068 0
0.1028459337022585 0.01749980948194158 0
0.07762962535940587 0.02325231228943553 0
0.07781993870057677 0.02242136035769572 0
0.011714309610438 0.002420683249476098 0
0.1169897787277287 0.01918198989018572 0
0.1161421958591103 0.01918056496504321 0
0.09544131536799155 0.02915788738676016 0
0.1512613703250488 0.01785912608442953 0
0.1521260085930991 0.01788658741300507 0
0.1065193761390842 0.02583666928209754 0
0.1334961686690136 0.03751528360262864 0
0.01351215827051442 0.01550959334620134 0
0.01265852874298356 0.01549088503291108 0
0.07968880342755108 0.01413598800752141 0
0.002383202256380798 0.000793880338992285 0
0.1100513538522709 0.01500376229459124 0
0.1101859402990205 0.01416982303165934 0
0.03148996799025768 0.03660141029252939 0
0.03156822209855775 0.03745089637319329 0
0.0152387121635535 0.03576393075580232 0
0.1023534162870327 0.03416609574637399 0
0.1012921770568448 0.03499877117062811 0
0.1014609285107096 0.03416544253488765 0
0.004432939307484708 0.03153483925470466 0
0.004422142673091725 0.03068146712826758 0
0.03366074197852496 0.01464652471384255 0
0.03373465276786935 0.01547662613595251 0
0.09262902777496342 0.0258188868979561 0
0.03021490932352748 0.03066750509527125 0
0.02933096669193554 0.03067152930690971 0
0.0979851294235856 0.0249937133955164 0
0.09766676064003615 0.02666009176625492 0
0.09782594503181087 0.02582690258088566 0
0.08751039511830733 0.03916488170866547 0
0.08571634490862329 0.03916423105027106 0
0.08661337001363603 0.03916455637946826 0
0.08303011152543564 0.01414637255048859 0
0.06569263684481798 0.0289711659862168 0
0.09500078444862338 0.02248969567032982 0
0.0800954137220988 0.01994322043047973 0
0.07991060023393029 0.02077348827212295 0
0.04730666400777894 0.02535438199978809 0
0.01432840522465068 0.004054336928713151 0
0.01350714382404205 0.004048886022590628 0
0.07942938873932576 0.01910856853532148 0
0.07857935195952018 0.01910220238833311 0
0.1177277987014879 0.0200174622489816 0
0.1178376924787889 0.01918368021560984 0
0.02159834896178434 0.008988613585903575 0
0.02238777661062688 0.008167831326668715 0
0.0224681436644483 0.008988679774566185 0
0.09814283317157504 0.02416061010091149 0
0.1359654173973776 0.002521296986060949 0
0.06435065959725969 0.01963909973669135 0
0.06410483080435159 0.02047154300925084 0
0.03294067110966552 0.03234949042619763 0
0.06776307586386129 0.02059376156799854 0
0.06633690578909079 0.01396946211582472 0
0.08833600166014056 0.02997950940869602 0
0.08850371175602585 0.02914556957965744 0
0.0637434203080704 0.03914957187426768 0
0.1341194277274938 0.017585998822992 0
0.1332687198473111 0.01757997214690132 0
0.1500965497650669 0.02442684186299709 0
0.01821308755179491 0.02225256522235803 0
0.1014436240509797 0.01583219005321079 0
0.150361933899773 0.01866358401224968 0
0.1503248757594023 0.01948918800875657 0
0.01166720888389591 0.03915248965332697 0
0.137197773427637 0.03503859030862951 0
0.1372514009085337 0.03421152688875441 0
0.08750943782115567 0.03415255934759016 0
0.005500978010102409 0.003179292353833555 0
0.005477870475170458 0.002384855664659263 0
0.155386291255091 0.02289979166222894 0
0.05238638619658525 0.01331441293732442 0
0.05230330807198962 0.01433102195665289 0
0.08588671888876771 0.0208031987932308 0
0.08674073555537945 0.02080588830496223 0
0.1074106257707985 0.03083700646222779 0
0.1575068716802485 0.01400470490599519 0
0.1574653148592966 0.0148252223615428 0
0.08365048660918148 0.03581778585032097 0
0.05966535446553858 0.01593296218159555 0
0.05933986090326125 0.01677294112328651 0
0.09495093558205989 0.03582892125506133 0
0.09409195915555857 0.03582846812159855 0
0.06424718600724356 0.02725030148180857 0
0.01515652756546562 0.004058763676252248 0
0.06590847447298802 0.0107814866312114 0
0.1558800545749931 0.005248127216802781 0
0.1549360649950432 0.004358550419472787 0
0.1558196790558259 0.004367485693214046 0
0.1559553208208899 0.007023411016550738 0
0.155016896187234 0.006113299594884465 0
0.1559176876979415 0.00613576911667676 0
0.1541664075306261 0.006966726317996778 0
0.1541171810535871 0.005219627627274456 0
0.1541417942921066 0.006093176972635617 0
0.1540732746072127 0.004347316396715838 0
0.02299219127333388 0.005712330232448335 0
0.02377700690940714 0.00489366089506842 0
0.02386841842296097 0.005711018024736335 0
0.1088995059813946 0.03250436555564928 0
0.114079423575917 0.03334067779940679 0
0.114837961465386 0.03417372865989034 0
0.1139511170703328 0.0341730968218456 0
0.02469015844113708 0.02730927558994201 0
0.02375223374883028 0.02646749015050721 0
0.02380133620605916 0.02731064967298447 0
0.1374736053330653 0.0309024014841035 0
0.1395607835242781 0.02594726305769369 0
0.09234886587441618 0.01832121014334859 0
0.09203542062840281 0.01998591134156934 0
0.09219214325140951 0.01915356074245897 0
0.0346062980241697 0.03064019428249534 0
0.03918769741730062 0.01447214634187442 0
0.03927100821467161 0.01530667407678406 0
0.03599553895769522 0.02129543341041426 0
0.03594374272759424 0.02045318922021696 0
0.01692068249077527 0.03237744304398529 0
0.02747872452672542 0.006514899469871115 0
0.02739110139850691 0.005699223351695908 0
0.02277081522996531 0.01228035532990563 0
0.1102704852796838 0.03500392962888414 0
0.1104036351380776 0.03417113595694352 0
0.03039074870050667 0.008942174722972089 0
0.03217023245273172 0.00891605165697008 0
0.03128049057661919 0.008929113189971085 0
0.03219159157468461 0.01884431404716556 0
0.1621321780434015 0.0351173700906529 0
0.1612491338250596 0.03430627267218131 0
0.1621340843488549 0.03349367535547719 0
0.1621331311961282 0.03430552272306504 0
0.1612523561829109 0.03593122933873734 0
0.1621378918573294 0.03593049004703174 0
0.1603527558368709 0.03511759536391084 0
0.1603559103002647 0.03593082129867611 0
0.1603623444345626 0.03349316054059226 0
0.1603575501357167 0.03430537795225154 0
0.03091052335564886 0.02727767028701769 0
0.1317674609853111 0.01506606064688165 0
0.1317018448395381 0.01590046400884995 0
0.01877461250912484 0.006522196653706533 0
0.01868523822553857 0.005705294017999563 0
0.1258053353058156 0.01586953559299521 0
0.1266449866411127 0.01587331173450562 0
0.07425174777710392 0.03831763800789263 0
0.07443908867190782 0.03747672326152075 0
0.02860165404518613 0.01889051621148943 0
0.1155998900650182 0.03500669873161653 0
0.1154725002731004 0.03583895806444543 0
0.0407077246552987 0.02374710364091717 0
0.04164355117783268 0.02372754909685782 0
0.1593469766708859 0.01250224826956658 0
0.1585340533186705 0.01157180331480756 0
0.1594150505261639 0.01167118491075647 0
0.1584263219826947 0.01323950206090536 0
0.1592923813581368 0.01331867465021238 0
0.1566781504095317 0.0131097278600998 0
0.157597600711978 0.01234452501500997 0
0.1575522361961132 0.01317461496050258 0
0.156757479614534 0.01142546523975415 0
0.1576457664666022 0.01149863427728086 0
0.006934571813784214 0.02380319360502715 0
0.006066293355144279 0.02378841376579012 0
0.09837526944774808 0.02749448155585917 0
0.09924642403075792 0.02749550513325909 0
0.04159723034087548 0.03144015911721007 0
0.04161319575045618 0.03058348322792553 0
0.05818952934212614 0.02971854633701064 0
0.0580433311967752 0.03057607462179095 0
0.1380505767960839 0.02261490299113429 0
0.05553558646637368 0.03485403573118084 0
0.05540984158768756 0.03571194531777271 0
0.1184455951655723 0.02751801638801011 0
0.003353140208681479 0.01508454305754285 0
0.004193866381198119 0.01514204623179061 0
0.08486156574118256 0.02163145049781753 0
0.08503318578925459 0.02079994872736533 0
0.1166133006735726 0.03417512806191125 0
0.1157256310694793 0.0341744283609008 0
0.1466594612222928 0.02354724636410926 0
0.1467024232905366 0.022721508116624 0
0.09791938714488196 0.03416285393939998 0
0.03061875308227964 0.02222113322489462 0
0.1243708067453559 0.03667674093965 0
0.1242570412437151 0.03750751422869261 0
0.01574059318638903 0.0256062597122965 0
0.01658345089079686 0.0247668624320981 0
0.01662267268939582 0.02561113611567253 0
0.1454683743301598 0.02930458876524896 0
0.1463449316583037 0.02931267943783868 0
0.09187587206277176 0.02081841631837251 0
0.09947437562041465 0.0308297066253961 0
0.09859896837442883 0.03082881885098636 0
0.07743971064852206 0.02408455398792189 0
0.08985766748692367 0.01332573487395609 0
0.08999605956010985 0.01249426495318541 0
0.03439373332993928 0.02555091723667841 0
0.1480092238697443 0.03097141648437953 0
0.08624131412480275 0.02747066061349513 0
0.08710738808159323 0.02747326967539871 0
0.1437167867006166 0.02928960279435906 0
0.1445925805153882 0.02929709577980401 0
0.005527441564074441 0.00397253182080607 0
0.008490087557453972 0.001601755659097462 0
0.008552828569631705 0.002403166954784899 0
0.02047088365312694 0.03153449696522425 0
0.02042599986792719 0.03068910323592316 0
0.1099432752323132 0.02083988238287441 0
0.1082351920614094 0.02083814908291198 0
0.1090892336468613 0.02083901573289319 0
0.03802354992436286 0.0263516723413368 0
0.0380423707964634 0.02720346039169579 0
0.1184692496425753 0.02085263097518195 0
0.1176164169748545 0.02085095021531233 0
0.1009363591565963 0.0366655396072722 0
0.1011142681067206 0.03583215538895016 0
0.07490119816983945 0.03915938862724781 0
0.07573799358680669 0.03915960096330164 0
0.08554711180623424 0.02663383911458952 0
0.08520183195194971 0.02830125833768562 0
0.08537447187909197 0.02746754872613757 0
0.1343390940833002 0.02590998913125383 0
0.0218323284261854 0.02394419380819289 0
0.06041622720480215 0.01432440265515438 0
0.06105855708490192 0.01525215859952337 0
0.06004079083517037 0.01512868241837497 0
0.03748397679852562 0.0391468609935246 0
0.0382680365773756 0.03914633207300264 0
0.04748940286552217 0.02010780127369716 0
0.1566777803291361 0.03755529989038095 0
0.1347245760087429 0.02092395902476219 0
0.05565713950645557 0.009574533427141325 0
0.05591723494444593 0.008449230211943857 0
0.05506280630076314 0.008964192051689975 0
0.1621456063290139 0.03187352762086422 0
0.1612769717217007 0.03106534243800119 0
0.1621548589079657 0.03106571916862488 0
0.1612586489581349 0.03268403309192942 0
0.1621398453389344 0.0326836014881707 0
0.1603820247233974 0.03187150355830004 0
0.16037218457898 0.03268233204944615 0
0.1603952830632283 0.03106241042496174 0
0.06202112383253803 0.01533453978177307 0
0.1277020803461323 0.02254860596776249 0
0.07537597471698984 0.0182436719583396 0
0.07557769295941608 0.0174182696041965 0
0.01405392259113613 0.01057080848937382 0
0.03475440933332395 0.03404097623354835 0
0.09362409124653083 0.01083207611149222 0
0.07079269689439566 0.01081134340799392 0
0.002504877855432061 0.01418928604286332 0
0.002514057371033811 0.01501393572785957 0
0.03135874350435162 0.03490319537993203 0
0.03130188675324849 0.03405456547053556 0
0.01109866139588115 0.01879386778190521 0
0.02941921399220405 0.008133856429382601 0
0.02844758965070659 0.007326285668237779 0
0.02933291390232835 0.007317958829639277 0
0.1358231084092379 0.01759967002178791 0
0.1366759809633562 0.0176074467382471 0
0.02051678045309997 0.0323804674695715 0
0.0232813688620128 0.01891857946845703 0
0.08877613899950777 0.01914690057910699 0
0.1122938284360834 0.01083426024793375 0
0.1245823084305628 0.03501508722322605 0
0.1244765575879593 0.03584591408143802 0
0.1428414476949659 0.02928272991565858 0
0.08112826161882006 0.01911897588337991 0
0.08197744342880896 0.01912323877042629 0
0.1175026168082904 0.03417586098178985 0
0.02955871350859724 0.0008108542346633375 0
0.03130547303706939 0.0008084082249047233 0
0.03043209327305609 0.0008096312297840305 0
0.09451608978196829 0.01582621762759674 0
0.1587773137081539 0.02539786064100805 0
0.158754093034771 0.02620401454583987 0
0.05834386174159187 0.0288605550723983 0
0.07357168058947465 0.02571492696970246 0
0.1298711751441828 0.01755856454349596 0
0.09250194635618678 0.01748897415131424 0
0.1301358777879366 0.02422452068048247 0
0.1310024163891132 0.02422898795405764 0
0.02370275831273447 0.02562565216630549 0
0.1573125961731188 0.01808652474129009 0
0.1329377290035801 0.03254163525125532 0
0.1338250619333575 0.03254449000542226 0
0.01489599208503709 0.02644573941303641 0
0.01486029393450965 0.02559998926329404 0
0.1419858958257726 0.01432677058947338 0
0.1073793512332467 0.02083732760837248 0
0.09750569816991442 0.02749337996278938 0
0.01998386228100691 0.002445102660880593 0
0.0299986436388558 0.03915106612712706 0
0.01654287499115381 0.02392393756744957 0
0.090660172215364 0.03582620763184773 0
0.08921887178280852 0.0391649483871148 0
0.09006769638619708 0.03916518581351294 0
0.05738382236667655 0.01181276739877695 0
0.05779034573542567 0.01300275360288978 0
0.05652966979685666 0.01261268829196158 0
0.08027882517907291 0.01911377220935069 0
0.1533777351750546 0.029384234266685 0
0.06643658703637147 0.03406490330687664 0
0.02557895994651983 0.02730652691274984 0
0.07406965700501697 0.03915881900394631 0
0.0551225486037657 0.025352996806566 0
0.1541708498107599 0.008705849939899847 0
0.1550354651533289 0.009603928416312546 0
0.1541408313099297 0.01042623624560988 0
0.1541558405603448 0.009566043092754863 0
0.1550495453492308 0.007866499859720093 0
0.154168628670693 0.007836288128948312 0
0.1559543212144264 0.008789029199867158 0
0.1559548210176581 0.007906220108208949 0
0.155907462747245 0.01052147784059955 0
0.1559308919808357 0.009655253520233355 0
0.1221896336319571 0.01084151717844765 0
0.121481633076883 0.02419322186742863 0
0.1206178451235606 0.02419114702728576 0
0.0295037615160588 0.008951952721781495 0
0.1380290855682111 0.03586745328615693 0
0.13714728430297 0.03586552906859061 0
0.1466156353476605 0.02437184527953467 0
0.04826062288464352 0.0007149188240030955 0
0.04981209080880392 0.0007502377338652924 0
0.04903635684655189 0.0007325782789341939 0
0.1344127682234874 0.0008393934868612916 0
0.1287369598855795 0.01087054989740491 0
0.03109552460267358 0.0306626384659433 0
0.1032504011741199 0.03416682630645245 0
0.151691365482825 0.0277301481468854 0
0.08956250440192223 0.0149887078533825 0
0.09025270413747957 0.01582153355400325 0
0.08940865616873872 0.0158202420172389 0
0.119974454593692 0.02918577682880107 0
0.08436318988841526 0.01580994911844206 0
0.003989354274531377 0.00553083693260042 0
0.05178666738719715 0.0357048952762995 0
0.04071227159809056 0.03230204264751257 0
0.03985064708336176 0.03230767403857632 0
0.02791460959669604 0.03575975376185479 0
0.09056992999142119 0.02748210731094441 0
0.137311821092303 0.007568559223034798 0
0.1269433270698401 0.01253359904360421 0
0.03976083453883213 0.02291266058639627 0
0.03972835497541048 0.02206147530992919 0
0.03978344180536999 0.0237654375666254 0
0.1142064387251663 0.03250820031910674 0
0.1109286527584427 0.02000740296133321 0
0.1106636703388477 0.02167426105934246 0
0.1107961615486452 0.02084083201033784 0
0.105075978018781 0.02416852285866639 0
0.1113885954818908 0.02250853794550747 0
0.1105303536835955 0.02250755821371583 0
0.1321336947975816 0.01005204966083823 0
0.1321903516336474 0.009215270162450679 0
0.1272012268065754 0.009191040009214713 0
0.1203757294795088 0.01251013749254662 0
0.001609821287539455 0.007031368983130459 0
0.0008049106437697275 0.007009517879840018 0
0.04914827297287459 0.004738330334279589 0
0.04989614462159514 0.00458309547610516 0
0.1101395258919948 0.03583672592645206 0
0.07805503297043598 0.0291018708499442 0
0.002495396496596584 0.01337590641352824 0
0.07108273692098217 0.02150121550857302 0
0.0713002848550358 0.02067367942675419 0
0.06199331175522527 0.03403323759793399 0
0.0610960266822406 0.03402707092215224 0
0.1630708982383909 0.009864790160435755 0
0.1624680631179872 0.009014731515605202 0
0.1633554863269593 0.008476012981062495 0
0.1632131922826751 0.009170401570749125 0
0.162176346398281 0.01047615598944287 0
0.1629750466435415 0.01060930830261085 0
0.1614486366853719 0.009480616668084061 0
0.1613346629042351 0.01028703014434443 0
0.1618561582514269 0.007795969769088518 0
0.1616523974683994 0.00863829321858629 0
0.002673999680352819 0.03325140002134 0
0.002681494327435165 0.03408912327356392 0
0.08481234133853605 0.03916415001952014 0
0.04632386540458681 0.03742522790469931 0
0.009665242750479808 0.02811289898377791 0
0.009642016041564973 0.02725976880572029 0
0.06976065703112048 0.01405213606548375 0
0.06927201956343555 0.02902013589175167 0
0.00780413112341477 0.02381765009260774 0
0.1475202614436485 0.03917919956105396 0
0.0434014326883865 0.0185248220842012 0
0.0812576749405326 0.02244628168281464 0
0.05676133902245807 0.02711338742404507 0
0.088619092175323 0.0108309596757717 0
0.0364051319579852 0.03232975268902479 0
0.08537868020190154 0.0108302148065965 0
0.01671970754326012 0.01225040259991312 0
0.01586692199559651 0.01223970438498046 0
0.1048763353276334 0.01583464755297318 0
0.01628335721500037 0.01888414021187949 0
0.04133104620869514 0.01690548602350382 0
0.1236935555425908 0.02752941716545506 0
0.1555168837399073 0.01964494170183363 0
0.002597257231152176 0.02373995746106503 0
0.09110117513638272 0.01582261198837137 0
0.1099145970279761 0.01583755908643332 0
0.09581716269812737 0.0358293936748028 0
0.1585786868386566 0.039185714145832 0
0.1291915045407733 0.02505233107463477 0
0.129269555883211 0.02422056166471014 0
0.07189009547792997 0.01244640103070305 0
0.0850289663117121 0.02913551143953333 0
0.1109374133393078 0.03083989010714776 0
0.1320466688681427 0.03253906861279679 0
0.1249678252260224 0.01586621361403704 0
0.1293914120932249 0.0008365253951583603 0
0.1320749867512636 0.01088831530405723 0
0.02596886657083527 0.008980061928964535 0
0.1044829910113772 0.02750120135520179 0
0.02656647984830612 0.01557708308052176 0
0.1085356735439647 0.02417214112654384 0
0.0359071602050679 0.0391477859754982 0
0.03508717812396539 0.03914833882536216 0
0.1122462869534804 0.02250962585967824 0
0.08571917437327121 0.02580066076169739 0
0.03669556850172351 0.0391473234845114 0
0.009320571587566957 0.01706474533788999 0
0.1047387652287189 0.03583458542516965 0
0.03142435574730465 0.03575230283623071 0
0.01328178985716036 0.03067538683352664 0
0.1318308435294658 0.01423100518279779 0
0.0188833994021723 0.03576572758921596 0
0.02756430361943278 0.007332167893508351 0
0.0984354491250522 0.01333079003704634 0
0.09859084070945469 0.01249804525414633 0
0.01493043978445187 0.02729229279659157 0
0.1530601994804897 0.03591453253783969 0
0.1434253231481585 0.01935341754453516 0
0.1478193982821446 0.03425455798789318 0
0.00766764300063193 0.0186868038475392 0
0.1110601945022857 0.01917382231459426 0
0.04293055164975483 0.03914341852191303 0
0.07175086439524625 0.02234782212109093 0
0.07065819936379811 0.02316251092347741 0
0.07087046814239013 0.02233186321602522 0
0.04502502416132373 0.01413284789577072 0
0.04512735792424225 0.01498756533680227 0
0.01677527826561784 0.02899190045676873 0
0.02466429158016148 0.01392945069061463 0
0.1268530717125765 0.03086425284165568 0
0.02865806499934147 0.0008118436010997679 0
0.04949165473360005 0.02182368156089972 0
0.03799937461117005 0.02550081754808098 0
0.1349712680683658 0.01759283442238996 0
0.07924376308902753 0.03916143670841996 0
0.04448147858970415 0.0219392910281265 0
0.04351787530336104 0.02196501614886674 0
0.1298416097334513 0.03751186052816389 0
0.1389083183722195 0.03586958307589411 0
0.1588020471561112 0.024593105210962 0
0.0550919812480133 0.006323903564638422 0
0.05460178161799521 0.005793569134181005 0
0.05984634346031108 0.01344768367024281 0
0.0608128132450412 0.01357428666043314 0
0.07243092538915527 0.03073669201930788 0
0.09477531809392842 0.03249249612673946 0
0.02024743372365517 0.02731076622740675 0
0.1216227447244541 0.01585486524277736 0
0.1004976370600021 0.02083043059885193 0
0.005833491746085967 0.01359389907997568 0
0.1547055619484505 0.03918415229008888 0
0.08971008594442295 0.01415722136366929 0
0.1129559786278429 0.02917597116892951 0
0.05937958991110066 0.02371184877869421 0
0.1193222897222541 0.02085458626086834 0
0.1221379386126436 0.03916871534618743 0
0.1540897589185802 0.01212524393127142 0
0.1549294249950044 0.01300636289642877 0
0.1540586332979716 0.01296519785812154 0
0.1549905307655454 0.01131704209799866 0
0.1541152951142549 0.01127574008844065 0
0.1558405476328344 0.01222102949715326 0
0.1558740051900397 0.01137125366887641 0
0.1558037877022681 0.01305804537826429 0
0.03608405329578062 0.02298510162559031 0
0.03612170310587529 0.02383197257701883 0
0.01757753166046134 0.01225813182295424 0
0.003555832273667819 0.03239074572214941 0
0.004443962256456487 0.03238357394199823 0
0.04157729562655225 0.03229654774807717 0
0.002414738412306772 0.007055267410063284 0
0.07262380794146614 0.02236099609352793 0
0.02367914753017667 0.004077420379864218 0
0.05042732271452213 0.03226144924865751 0
0.1007442049544465 0.03749904596225541 0
0.08849101160456396 0.03832983009578027 0
0.08863518846156798 0.03749474236143786 0
0.05881834459786837 0.0132252186365663 0
0.1091211910672161 0.0108336188507165 0
0.1222469165689423 0.0250282461648773 0
0.1223459937652869 0.02419560104354119 0
0.0008754944997204154 0.02730032716694606 0
0.01436935416802054 0.0155241712662037 0
0.009687411706066434 0.02896485097315111 0
0.002667097622233699 0.03240395007424542 0
0.03955128815785101 0.01866751707324094 0
0.05697147722815644 0.03743077116537739 0
0.1078500756062065 0.03916744132220542 0
0.0258352001809631 0.03152940369678629 0
0.02589069480703001 0.03237555202877894 0
0.08468834524627014 0.02246344870462843 0
0.07517302323883383 0.01907051398509791 0
0.08778385544204419 0.02414048723281167 0
0.02221593949418347 0.006529693928060385 0
0.02230185805240517 0.00734876262736455 0
0.05078068852861763 0.00133412509389107 0
0.0500854399094452 0.001577023399780013 0
0.05029638966919467 0.001042181414362076 0
0.05076554072900955 0.002067417106164608 0
0.05114377950612023 0.001794717694697753 0
0.05025153388072814 0.002077312987339206 0
0.01781347246851557 0.01556858947209133 0
0.06554241672484587 0.01885627899572549 0
0.06644738565668301 0.01888779074480134 0
0.03072216176794571 0.01222313754473483 0
0.02983069281567008 0.0122348719695388 0
0.163709300584764 0.007378502575934497 0
0.1629065846372401 0.006870373828339874 0
0.163524860384609 0.006816360827624648 0
0.162915667231277 0.007839199398661298 0
0.1635323934558617 0.007927257778498497 0
0.1623813714443335 0.007333171798714195 0
0.156762500597099 0.03429679405981823 0
0.0008434270914178046 0.01650972032655573 0
0.09828125451243838 0.01416359653616236 0
0.1215214983295643 0.03085282052705343 0
0.07389275228135492 0.01081936635368448 0
0.1263212890691214 0.01920927848869899 0
0.06461486160257729 0.01881568629686119 0
0.08957546326687074 0.03248590943465153 0
0.06826192854998935 0.02563546391011116 0
0.008413985901833029 0.0008008778295487311 0
0.130706638275098 0.02755307874889475 0
0.02073489660635972 0.008986403256197708 0
0.04546526293573225 0.02191347364787632 0
0.009040948067430946 0.01046108219345708 0
0.006130929588775324 0.02724439852653951 0
0.1207644715275237 0.009155598324340888 0
0.1184895960815892 0.01417780568385371 0
0.008063848460261924 0.0357622032220177 0
0.1503979469625948 0.01783527429717699 0
0.1291124510778086 0.02588369685612742 0
0.1221460531920264 0.02586061286137043 0
0.07045197900440761 0.02399612129156494 0
0.1038779722601017 0.03083393105921926 0
0.01885668833840874 0.007340753281201491 0
0.06288530389165593 0.03403961824383722 0
0.03603979612673792 0.02214026751800228 0
0.1003531558246916 0.03083057064340562 0
0.08816894177341697 0.03081383072290396 0
0.02578277268810006 0.03068402569563979 0
0.02212334703271849 0.005712109291143156 0
0.0883646334505809 0.03916491504789013 0
0.05566371476135611 0.03399565478166083 0
0.124683094557816 0.03418417180452639 0
0.05711206287931919 0.01073500409656761 0
0.05715977873554402 0.009549386248276164 0
0.05638460119288738 0.01015476876185447 0
0.0585717591580953 0.01054379896472712 0
0.05797779076238592 0.01117828318175204 0
0.0561125757809669 0.007387538112299142 0
0.05560227851430676 0.006855720838285439 0
0.0571892757690081 0.008446308705173782 0
0.05665092577431752 0.007916923408066484 0
0.05838198871376515 0.009514563290331613 0
0.05778563224104388 0.008980435997409945 0
0.05902112720357559 0.01000714710689149 0
0.03169964163946121 0.01303046890324809 0
0.03251462360405649 0.01219214498668798 0
0.0316183926860011 0.0122076412657114 0
0.03267559497149342 0.01384076849093209 0
0.03177655961675999 0.01385672197594552 0
0.03225331794579218 0.001613417118995181 0
0.03304587781951809 0.0008050088940904574 0
0.03217567542869434 0.0008067085594975903 0
0.03242368858248071 0.003227080090833792 0
0.03321215012827879 0.002415155826553333 0
0.03233850326413645 0.002420248604914486 0
0.03260307720334396 0.004842464017309773 0
0.03339173661354972 0.004026319769593073 0
0.03251338289291233 0.004034772054071782 0
0.0327869176043824 0.006461081543761156 0
0.03357807587163941 0.005640104769484882 0
0.03269499740386318 0.005651772780535465 0
0.03297162073352945 0.008084400232772347 0
0.03376709733912596 0.007258175663401169 0
0.03287926916895593 0.007272740888266752 0
0.03315408170557656 0.00971373166863577 0
0.03395546998637429 0.008882080244438036 0
0.033062851219553 0.008899065950704058 0
0.03333145024749411 0.01135012712580372 0
0.03414007848227101 0.01051312636490162 0
0.03324276597653534 0.01053192939721975 0
0.03350110226157011 0.01299429103032147 0
0.03431792890500773 0.01215227316943722 0
0.03341627625453211 0.0121722090780626 0
0.03448624926860165 0.01380004725323192 0
0.03358092212004753 0.01382040787208201 0
0.03398763316004999 0.001605764990356076 0
0.03475726880642094 0.0008007560962656183 0
0.03390157331296952 0.0008028824951780379 0
0.03417186860160094 0.003211607465377462 0
0.03494735163337215 0.002402216629180205 0
0.03407975088082547 0.002408686227866769 0
0.0343632343470624 0.004819327965660912 0
0.03514336633511362 0.004004615661445303 0
0.03426755147433167 0.004015467715519187 0
0.03455846827568258 0.006430850829831961 0
0.03534362675110557 0.005610074026007992 0
0.03446085131137249 0.005625089397746436 0
0.03475455450041082 0.008048036207324166 0
0.03554592543696744 0.007220711373754958 0
0.03465651138804671 0.007239443518578063 0
0.03494833488624081 0.009672539173678 0
0.03574741940027734 0.00883849513656413 0
0.03485144469332581 0.008860287690501083 0
0.03513648170756629 0.01130566962812826 0
0.03594473811153609 0.01046508243690464 0
0.03504240829690354 0.01048910440090313 0
0.03531566267272051 0.01294826191334297 0
0.03613421547527906 0.01210165837203401 0
0.0352260721901434 0.01212696577073561 0
0.03631223022342966 0.01374880567529195 0
0.03539923974601566 0.01377442646426194 0
0.03571267073179132 0.001596077155131249 0
0.03646768265110276 0.0007953210588656312 0
0.03561247572860063 0.0007980385775656247 0
0.03591526783584435 0.003191805679822085 0
0.03668058693426352 0.002385666205773129 0
0.03581396928381784 0.002393941417476667 0
0.03612191903098002 0.004789647239618859 0
0.03689382053171075 0.003976837257995641 0
0.03601859343341218 0.003990726459720472 0
0.03633191349465024 0.006392062773018186 0
0.03711020577452469 0.005571635986629053 0
0.03622691626281514 0.005590855006318523 0
0.03654301041188153 0.00800143616114868 0
0.03732899846956433 0.007172787560411908 0
0.03643746195326589 0.007196749467083433 0
0.03675187957061924 0.009619907146421879 0
0.03754747058222343 0.008782848171006429 0
0.03664744499125038 0.008810671653785278 0
0.03695445435397245 0.01124916217353033 0
0.0377615958130556 0.01040398688304757 0
0.03685316696229585 0.0104345346599761 0
0.03714634541093937 0.01289022195012355 0
0.03796658428963276 0.01203772575161987 0
0.03705039988245591 0.01206969206182694 0
0.03815749111165397 0.01368472208619019 0
0.03723486066754182 0.01371676388074107 0
0.03744013947439105 0.001583590457602764 0
0.03819560075398272 0.0007882693987371326 0
0.0373316417023592 0.0007917952288013819 0
0.03765795754998985 0.003166457116863888 0
0.03841751009011737 0.002364381368693522 0
0.03754904851219046 0.002375023787233326 0
0.03788046321168129 0.004751690049789933 0
0.03864460022996039 0.00394130990865818 0
0.03776921038083557 0.003959073583326911 0
0.03810785717322894 0.006342439593487578 0
0.03887811461038554 0.005522493656648458 0
0.03799416019245512 0.005547064821638756 0
0.03833791551660384 0.007941835290232065 0
0.03911677422026846 0.007111487323307734 0
0.0382228863449164 0.007142137441859821 0
0.03856658128545296 0.009552739582352397 0
0.03935702621983338 0.008711726701578031 0
0.0384522484010284 0.008747287436292231 0
0.03878846897091581 0.01117741446085841 0
0.03959345444331316 0.01032616716016324 0
0.03867752512818438 0.01036507702160541 0
0.03899748800361306 0.01281717717940351 0
0.03981937268489611 0.01195686588864206 0
0.03889297848726443 0.01199729582013096 0
0.04002769430925972 0.01360460143508774 0
0.03909259271045684 0.01364466176063897 0
0.03916987290772107 0.001567634648958459 0
0.03992237525042548 0.000779365250221327 0
0.03905898800180123 0.0007838173244792297 0
0.03939895735752375 0.003134159762669165 0
0.04015132017512744 0.002337413042934102 0
0.03928441513262241 0.002350897205813812 0
0.03963759451457802 0.004703238403061655 0
0.04039195164214137 0.003896088257072641 0
0.03951827593605088 0.00391869908286541 0
0.03988548827207003 0.006278912032046571 0
0.04064496817626252 0.005459656778459769 0
0.03976154139332402 0.005491075217554113 0
0.04013964179090354 0.007865392520031048 0
0.04090835584270512 0.007032817228769885 0
0.04001256503148679 0.00707215227603881 0
0.04039457687656893 0.009466649257057813 0
0.04117719244763909 0.00862031507551083 0
0.04026710933373623 0.008666020888544431 0
0.04064275919536696 0.01108586987331003 0
0.04144388162862273 0.0102263519702046 0
0.04051866803596794 0.01027625956518392 0
0.0408753562653091 0.01272488050721733 0
0.04169874277577994 0.01185388449188531 0
0.04075905773033803 0.01190537519026368 0
0.04193117708654644 0.01350393330344622 0
0.04097943569790308 0.01355426736926698 0
0.04089313890482393 0.001547592539037324 0
0.04163849765794396 0.000768227288815997 0
0.0407804364539277 0.0007737962695186619 0
0.04113238567854744 0.003093294944136333 0
0.04187420440824392 0.002303474440239555 0
0.04101276229168568 0.002320443741586829 0
0.0413888519853934 0.004641463576502691 0
0.04212928602179947 0.003838670263566383 0
0.04126061883197042 0.003867379260319512 0
0.04166194294634074 0.006197320601546964 0
0.04240582675547162 0.005379127399589886 0
0.04152539746586707 0.005419392089024828 0
0.04194757498294852 0.007766691178289082 0
0.04270116208658414 0.006931194551066161 0
0.04180475896464463 0.006982005889918023 0
0.04223823517887751 0.009355284291390119 0
0.04300861771418693 0.008501660394168371 0
0.04209290508091301 0.0085609877348396 0
0.04252322575612982 0.01096782535183981 0
0.04331757930638461 0.01009675767302532 0
0.04238073046750367 0.01016155482161496 0
0.04278935799966122 0.01260709699103516 0
0.0436138409800111 0.01172103785098966 0
0.04265629187789552 0.01178746117143748 0
0.04388088962620371 0.01337611634379617 0
0.04290603335637508 0.01344002482362119 0
0.04260110490064228 0.001522611569025552 0
0.04334464387751741 0.0007543842802095555 0
0.04249157076782699 0.0007613057845127762 0
0.04284924872566284 0.00304200107785834 0
0.0435761492180612 0.002261138206644338 0
0.04272517681315256 0.002282306323441946 0
0.04312657060672653 0.004562777416877026 0
0.0438465333105899 0.003766108231168984 0
0.04298790966619469 0.003802389247367683 0
0.04343179904037062 0.006091952620660605 0
0.04415254289162553 0.005275602637947745 0
0.04327918482354857 0.005327365018768816 0
0.04375964219820829 0.007637923218870669 0
0.04449027915199476 0.006798681288465113 0
0.04359572061928946 0.006864937919765638 0
0.04410014006918804 0.009209164197219868 0
0.04485116455320941 0.008345427021922164 0
0.04392989113369818 0.008423543708045267 0
0.04443839378907498 0.01081300411012464 0
0.04522095455187842 0.009925410634319188 0
0.04426926692913151 0.01001108415367226 0
0.04475448972457091 0.01245418373933223 0
0.04557904253363479 0.01154614999846722 0
0.04459644175682295 0.01163359392472844 0
0.04589862425969094 0.01321091529130678 0
0.04488975694294732 0.01329351581755148 0
0.04427594428493054 0.001492939897287109 0
0.04498368759502319 0.0007385556170775538 0
0.04416416573622328 0.0007464699486435546 0
0.04453598656552965 0.002978940980242732 0
0.04523578163239898 0.002210742670885503 0
0.04440596542523009 0.002235940438764921 0
0.0448390037429376 0.004462800661902389 0
0.04552845699787735 0.003675633410976137 0
0.04468749515423363 0.00372087082107256 0
0.04518610905830908 0.005954827352468575 0
0.04587256990962116 0.00514202537642322 0
0.04501255640062334 0.005208814007185482 0
0.04557140929522778 0.007467556766339282 0
0.0462672392015421 0.006623702830342745 0
0.04537875917676843 0.006711192059403928 0
0.04598271019573109 0.00901364369857326 0
0.04670295493774947 0.008135773442990376 0
0.04577705974547944 0.00824060023245627 0
0.04640079382688365 0.01060477446383948 0
0.04716254947073633 0.009693007528093548 0
0.04619175201130737 0.009809209081206367 0
0.04679655154059341 0.01224998031824369 0
0.04761830283384227 0.01130860478361595 0
0.04659867268373853 0.01142737739104159 0
0.04802584680690428 0.01299084638425764 0
0.04696223553329761 0.01310088083778221 0
0.04591013522157331 0.001460916787179899 0
0.04660523329535037 0.0007223611701023448 0
0.04579446044508376 0.0007304583935899493 0
0.04617683083796775 0.002903942103450088 0
0.04685118442714206 0.002154116219744484 0
0.04604348302977053 0.002182429445314994 0
0.04650920771349736 0.004335831022609552 0
0.04715758155358775 0.003564139715083504 0
0.04634301927573255 0.00361988656302982 0
0.04691086493203688 0.005774364403792098 0
0.04754750273591307 0.00496817004997843 0
0.04671003632276712 0.005055097713200825 0
0.04737423856181754 0.007238224237283575 0
0.04801786429231232 0.006388885810732927 0
0.04714255174692721 0.006506294320537835 0
0.04788626797380045 0.00874533543011826 0
0.04855755159786852 0.007847786224411461 0
0.04763025326780899 0.007991779833700918 0
0.04842767841408586 0.01031418521905389 0
0.04915139691714998 0.009366513121078602 0
0.04815697319394315 0.009529760324586075 0
0.04896402804333001 0.01196372304057664 0
0.0497734036235736 0.01096930347601458 0
0.04869585322870793 0.01113895412981527 0
0.05036152053486452 0.01268020216493265 0
0.0491936836708844 0.01283552427459514 0
0.04749686749469846 0.00143727999410544 0
0.04743292808999695 0.0007186399970527202 0
0.04774374445113183 0.002819346385540478 0
0.04762030597291515 0.00212831318982296 0
0.04811069546839 0.004173099591629837 0
0.04792721995976092 0.003496222988585158 0
0.04858508024039766 0.005533400792628183 0
0.04834788785439383 0.00485325019212901 0
0.04915183121038706 0.006924198907678834 0
0.04886845572539236 0.006228799850153508 0
0.04980115675681548 0.008365409732763496 0
0.04947649398360127 0.007644804320221165 0
0.05053352841382178 0.009880556125295249 0
0.05016734258531864 0.009122982929029371 0
0.05136896537148465 0.01150565501159665 0
0.05095124689265321 0.01069310556844595 0
0.05187767578403495 0.01241003397446053 0
$EndNodes
$Elements
9 8992 1 8992
1 1 1 48
1 2 9 
2 9 10 
3 10 11 
4 11 12 
5 12 13 
6 13 14 
7 14 15 
8 15 16 
9 16 17 
10 17 18 
11 18 19 
12 19 20 
13 20 21 
14 21 22 
15 22 23 
16 23 24 
17 24 25 
18 25 26 
19 26 27 
20 27 28 
21 28 29 
22 29 30 
23 30 31 
24 31 32 
25 32 33 
26 33 34 
27 34 35 
28 35 36 
29 36 37 
30 37 38 
31 38 39 
32 39 40 
33 40 41 
34 41 42 
35 42 43 
36 43 44 
37 44 45 
38 45 46 
39 46 47 
40 47 48 
41 48 49 
42 49 50 
43 50 51 
44 51 52 
45 52 53 
46 53 54 
47 54 55 
48 55 1 
1 2 1 52
49 4 56 
50 56 57 
51 57 58 
52 58 59 
53 59 60 
54 60 61 
55 61 62 
56 62 63 
57 63 64 
58 64 65 
59 65 66 
60 66 67 
61 67 68 
62 68 69 
63 69 70 
64 70 71 
65 71 72 
66 72 73 
67 73 74 
68 74 75 
69 75 76 
70 76 77 
71 77 78 
72 78 79 
73 79 80 
74 80 81 
75 81 82 
76 82 83 
77 83 84 
78 84 85 
79 85 86 
80 86 87 
81 87 88 
82 88 89 
83 89 90 
84 90 91 
85 91 92 
86 92 93 
87 93 94 
88 94 95 
89 95 96 
90 96 97 
91 97 98 
92 98 99 
93 99 100 
94 100 101 
95 101 102 
96 102 103 
97 103 104 
98 104 105 
99 105 106 
100 106 3 
1 3 1 192
101 4 107 
102 107 108 
103 108 109 
104 109 110 
105 110 111 
106 111 112 
107 112 113 
108 113 114 
109 114 115 
110 115 116 
111 116 117 
112 117 118 
113 118 119 
114 119 120 
115 120 121 
116 121 122 
117 122 123 
118 123 124 
119 124 125 
120 125 126 
121 126 127 
122 127 128 
123 128 129 
124 129 130 
125 130 131 
126 131 132 
127 132 133 
128 133 134 
129 134 135 
130 135 136 
131 136 137 
132 137 138 
133 138 139 
134 139 140 
135 140 141 
136 141 142 
137 142 143 
138 143 144 
139 144 145 
140 145 146 
141 146 147 
142 147 148 
143 148 149 
144 149 150 
145 150 151 
146 151 152 
147 152 153 
148 153 154 
149 154 155 
150 155 156 
151 156 157 
152 157 158 
153 158 159 
154 159 160 
155 160 161 
156 161 162 
157 162 163 
158 163 164 
159 164 165 
160 165 166 
161 166 167 
162 167 168 
163 168 169 
164 169 170 
165 170 171 
166 171 172 
167 172 173 
168 173 174 
169 174 175 
170 175 176 
171 176 177 
172 177 178 
173 178 179 
174 179 180 
175 180 181 
176 181 182 
177 182 183 
178 183 184 
179 184 185 
180 185 186 
181 186 187 
182 187 188 
183 188 189 
184 189 190 
185 190 191 
186 191 192 
187 192 193 
188 193 194 
189 194 195 
190 195 196 
191 196 197 
192 197 198 
193 198 199 
194 199 200 
195 200 201 
196 201 202 
197 202 203 
198 203 204 
199 204 205 
200 205 206 
201 206 207 
202 207 208 
203 208 209 
204 209 210 
205 210 211 
206 211 212 
207 212 213 
208 213 214 
209 214 215 
210 215 216 
211 216 217 
212 217 218 
213 218 219 
214 219 220 
215 220 221 
216 221 222 
217 222 223 
218 223 224 
219 224 225 
220 225 226 
221 226 227 
222 227 228 
223 228 229 
224 229 230 
225 230 231 
226 231 232 
227 232 233 
228 233 234 
229 234 235 
230 235 236 
231 236 237 
232 237 238 
233 238 239 
234 239 240 
235 240 241 
236 241 242 
237 242 243 
238 243 244 
239 244 245 
240 245 246 
241 246 247 
242 247 248 
243 248 249 
244 249 250 
245 250 251 
246 251 252 
247 252 253 
248 253 254 
249 254 255 
250 255 256 
251 256 257 
252 257 258 
253 258 259 
254 259 260 
255 260 261 
256 261 262 
257 262 263 
258 263 264 
259 264 265 
260 265 266 
261 266 267 
262 267 268 
263 268 269 
264 269 270 
265 270 271 
266 271 272 
267 272 273 
268 273 274 
269 274 275 
270 275 276 
271 276 277 
272 277 278 
273 278 279 
274 279 280 
275 280 281 
276 281 282 
277 282 283 
278 283 284 
279 284 285 
280 285 286 
281 286 287 
282 287 288 
283 288 289 
284 289 290 
285 290 291 
286 291 292 
287 292 293 
288 293 294 
289 294 295 
290 295 296 
291 296 297 
292 297 2 
1 4 1 60
293 1 298 
294 298 299 
295 299 300 
296 300 301 
297 301 302 
298 302 303 
299 303 304 
300 304 305 
301 305 306 
302 306 307 
303 307 308 
304 308 309 
305 309 310 
306 310 311 
307 311 312 
308 312 313 
309 313 314 
310 314 315 
311 315 316 
312 316 317 
313 317 318 
314 318 319 
315 319 320 
316 320 321 
317 321 322 
318 322 323 
319 323 324 
320 324 325 
321 325 326 
322 326 327 
323 327 328 
324 328 329 
325 329 330 
326 330 331 
327 331 332 
328 332 333 
329 333 334 
330 334 335 
331 335 336 
332 336 337 
333 337 338 
334 338 339 
335 339 340 
336 340 341 
337 341 342 
338 342 343 
339 343 344 
340 344 345 
341 345 346 
342 346 347 
343 347 348 
344 348 349 
345 349 350 
346 350 351 
347 351 352 
348 352 353 
349 353 354 
350 354 355 
351 355 356 
352 356 5 
1 5 1 60
353 8 357 
354 357 358 
355 358 359 
356 359 360 
357 360 361 
358 361 362 
359 362 363 
360 363 364 
361 364 365 
362 365 366 
363 366 367 
364 367 368 
365 368 369 
366 369 370 
367 370 371 
368 371 372 
369 372 373 
370 373 374 
371 374 375 
372 375 376 
373 376 377 
374 377 378 
375 378 379 
376 379 380 
377 380 381 
378 381 382 
379 382 383 
380 383 384 
381 384 385 
382 385 386 
383 386 387 
384 387 388 
385 388 389 
386 389 390 
387 390 391 
388 391 392 
389 392 393 
390 393 394 
391 394 395 
392 395 396 
393 396 397 
394 397 398 
395 398 399 
396 399 400 
397 400 401 
398 401 402 
399 402 403 
400 403 404 
401 404 405 
402 405 406 
403 406 407 
404 407 408 
405 408 409 
406 409 410 
407 410 411 
408 411 412 
409 412 413 
410 413 414 
411 414 415 
412 415 3 
1 6 1 20
413 5 416 
414 416 417 
415 417 418 
416 418 419 
417 419 420 
418 420 421 
419 421 422 
420 422 423 
421 423 424 
422 424 425 
423 425 426 
424 426 427 
425 427 428 
426 428 429 
427 429 430 
428 430 431 
429 431 432 
430 432 433 
431 433 434 
432 434 6 
1 7 1 72
433 6 435 
434 435 436 
435 436 437 
436 437 438 
437 438 439 
438 439 440 
439 440 441 
440 441 442 
441 442 443 
442 443 444 
443 444 445 
444 445 446 
445 446 447 
446 447 448 
447 448 449 
448 449 450 
449 450 451 
450 451 452 
451 452 453 
452 453 454 
453 454 455 
454 455 456 
455 456 457 
456 457 458 
457 458 459 
458 459 460 
459 460 461 
460 461 462 
461 462 463 
462 463 464 
463 464 465 
464 465 466 
465 466 467 
466 467 468 
467 468 469 
468 469 470 
469 470 471 
470 471 472 
471 472 473 
472 473 474 
473 474 475 
474 475 476 
475 476 477 
476 477 478 
477 478 479 
478 479 480 
479 480 481 
480 481 482 
481 482 483 
482 483 484 
483 484 485 
484 485 486 
485 486 487 
486 487 488 
487 488 489 
488 489 490 
489 490 491 
490 491 492 
491 492 493 
492 493 494 
493 494 495 
494 495 496 
495 496 497 
496 497 498 
497 498 499 
498 499 500 
499 500 501 
500 501 502 
501 502 503 
502 503 504 
503 504 505 
504 505 7 
1 8 1 12
505 7 506 
506 506 507 
507 507 508 
508 508 509 
509 509 510 
510 510 511 
511 511 512 
512 512 513 
513 513 514 
514 514 515 
515 515 516 
516 516 8 
2 1 3 8476
517 1125 2508 2512 2511 
518 2508 1133 2509 2512 
519 2512 2509 1134 2510 
520 2511 2512 2510 1126 
521 1173 2513 2517 2516 
522 2513 1181 2514 2517 
523 2517 2514 1182 2515 
524 2516 2517 2515 1174 
525 1455 2518 2522 2521 
526 2518 1483 2519 2522 
527 2522 2519 1484 2520 
528 2521 2522 2520 1456 
529 2382 2523 2527 2526 
530 2523 2396 2524 2527 
531 2527 2524 2397 2525 
532 2526 2527 2525 2383 
533 1475 2528 2532 2531 
534 2528 1503 2529 2532 
535 2532 2529 1504 2530 
536 2531 2532 2530 1476 
537 1778 2533 2537 2536 
538 2533 1792 2534 2537 
539 2537 2534 1793 2535 
540 2536 2537 2535 1779 
541 2162 2538 2542 2541 
542 2538 2176 2539 2542 
543 2542 2539 2177 2540 
544 2541 2542 2540 2163 
545 1223 2543 2547 2546 
546 2543 1231 2544 2547 
547 2547 2544 1232 2545 
548 2546 2547 2545 1224 
549 1044 2548 2552 2551 
550 2548 1045 2549 2552 
551 2552 2549 2410 2550 
552 2551 2552 2550 2396 
553 2059 2553 2556 2555 
554 2553 2073 2554 2556 
555 2556 2554 182 183 
556 2555 2556 183 184 
557 2291 2557 2561 2560 
558 2557 2305 2558 2561 
559 2561 2558 2306 2559 
560 2560 2561 2559 2292 
561 1717 2562 2566 2565 
562 2562 1731 2563 2566 
563 2566 2563 1732 2564 
564 2565 2566 2564 1718 
565 531 2567 2571 2570 
566 2567 585 2568 2571 
567 2571 2568 587 2569 
568 2570 2571 2569 586 
569 585 2572 2574 2568 
570 2572 412 413 2574 
571 2574 413 414 2573 
572 2568 2574 2573 587 
573 587 2573 2576 2575 
574 2573 414 415 2576 
575 2576 415 3 106 
576 2575 2576 106 105 
577 586 2569 2578 2577 
578 2569 587 2575 2578 
579 2578 2575 105 104 
580 2577 2578 104 103 
581 528 2579 2583 2582 
582 2579 588 2580 2583 
583 2583 2580 591 2581 
584 2582 2583 2581 590 
585 588 2584 2587 2580 
586 2584 527 2585 2587 
587 2587 2585 589 2586 
588 2580 2587 2586 591 
589 591 2586 2590 2589 
590 2586 589 2588 2590 
591 2590 2588 95 94 
592 2589 2590 94 93 
593 590 2581 2592 2591 
594 2581 591 2589 2592 
595 2592 2589 93 92 
596 2591 2592 92 91 
597 1331 2593 2596 2595 
598 2593 1359 2594 2596 
599 2596 2594 32 33 
600 2595 2596 33 34 
601 1882 2597 2601 2600 
602 2597 1896 2598 2601 
603 2601 2598 1897 2599 
604 2600 2601 2599 1883 
605 1597 2602 2606 2605 
606 2602 1625 2603 2606 
607 2606 2603 1626 2604 
608 2605 2606 2604 1598 
609 1310 2607 2611 2610 
610 2607 1338 2608 2611 
611 2611 2608 1339 2609 
612 2610 2611 2609 1311 
613 1429 2612 2616 2615 
614 2612 1457 2613 2616 
615 2616 2613 1458 2614 
616 2615 2616 2614 1430 
617 1869 2617 2621 2620 
618 2617 1883 2618 2621 
619 2621 2618 1884 2619 
620 2620 2621 2619 1870 
621 2482 2622 2626 2625 
622 2622 2496 2623 2626 
623 2626 2623 2497 2624 
624 2625 2626 2624 2483 
625 1729 2627 2631 2630 
626 2627 1743 2628 2631 
627 2631 2628 1744 2629 
628 2630 2631 2629 1730 
629 1588 2632 2636 2635 
630 2632 1616 2633 2636 
631 2636 2633 1617 2634 
632 2635 2636 2634 1589 
633 2435 2637 2641 2640 
634 2637 2449 2638 2641 
635 2641 2638 2450 2639 
636 2640 2641 2639 2436 
637 2279 2642 2646 2645 
638 2642 2293 2643 2646 
639 2646 2643 2294 2644 
640 2645 2646 2644 2280 
641 2213 2647 2650 2649 
642 2647 2227 2648 2650 
643 2650 2648 160 161 
644 2649 2650 161 162 
645 2141 2651 2655 2654 
646 2651 2155 2652 2655 
647 2655 2652 2156 2653 
648 2654 2655 2653 2142 
649 1937 2656 2660 2659 
650 2656 1951 2657 2660 
651 2660 2657 1952 2658 
652 2659 2660 2658 1938 
653 1044 2661 2664 2548 
654 2661 562 2662 2664 
655 2664 2662 761 2663 
656 2548 2664 2663 1045 
657 1151 2665 2669 2668 
658 2665 1159 2666 2669 
659 2669 2666 1160 2667 
660 2668 2669 2667 1152 
661 1277 2670 2674 2673 
662 2670 1305 2671 2674 
663 2674 2671 1306 2672 
664 2673 2674 2672 1278 
665 2464 2675 2679 2678 
666 2675 2478 2676 2679 
667 2679 2676 2479 2677 
668 2678 2679 2677 2465 
669 1536 2680 2684 2683 
670 2680 1564 2681 2684 
671 2684 2681 1565 2682 
672 2683 2684 2682 1537 
673 1934 2685 2689 2688 
674 2685 1948 2686 2689 
675 2689 2686 1949 2687 
676 2688 2689 2687 1935 
677 2198 2690 2694 2693 
678 2690 2212 2691 2694 
679 2694 2691 2213 2692 
680 2693 2694 2692 2199 
681 2121 2695 2699 2698 
682 2695 2135 2696 2699 
683 2699 2696 2136 2697 
684 2698 2699 2697 2122 
685 2195 2700 2704 2703 
686 2700 2209 2701 2704 
687 2704 2701 2210 2702 
688 2703 2704 2702 2196 
689 2130 2705 2709 2708 
690 2705 2144 2706 2709 
691 2709 2706 2145 2707 
692 2708 2709 2707 2131 
693 1047 2710 2714 2713 
694 2710 741 2711 2714 
695 2714 2711 547 2712 
696 2713 2714 2712 1048 
697 1248 2715 2719 2718 
698 2715 1256 2716 2719 
699 2719 2716 1257 2717 
700 2718 2719 2717 1249 
701 1260 2720 2724 2723 
702 2720 1268 2721 2724 
703 2724 2721 1269 2722 
704 2723 2724 2722 1261 
705 2200 2725 2729 2728 
706 2725 2214 2726 2729 
707 2729 2726 2215 2727 
708 2728 2729 2727 2201 
709 2003 2730 2733 2732 
710 2730 2017 2731 2733 
711 2733 2731 190 191 
712 2732 2733 191 192 
713 1224 2545 2737 2736 
714 2545 1232 2734 2737 
715 2737 2734 1233 2735 
716 2736 2737 2735 1225 
717 1826 2738 2742 2741 
718 2738 1840 2739 2742 
719 2742 2739 1841 2740 
720 2741 2742 2740 1827 
721 956 2743 2747 2746 
722 2743 957 2744 2747 
723 2747 2744 1172 2745 
724 2746 2747 2745 1164 
725 1383 2748 2752 2751 
726 2748 1411 2749 2752 
727 2752 2749 1412 2750 
728 2751 2752 2750 1384 
729 2340 2753 2757 2756 
730 2753 2354 2754 2757 
731 2757 2754 2355 2755 
732 2756 2757 2755 2341 
733 1880 2758 2762 2761 
734 2758 1894 2759 2762 
735 2762 2759 1895 2760 
736 2761 2762 2760 1881 
737 2211 2763 2767 2766 
738 2763 2225 2764 2767 
739 2767 2764 2226 2765 
740 2766 2767 2765 2212 
741 521 2768 2772 2771 
742 2768 593 2769 2772 
743 2772 2769 596 2770 
744 2771 2772 2770 595 
745 593 2773 2776 2769 
746 2773 520 2774 2776 
747 2776 2774 594 2775 
748 2769 2776 2775 596 
749 596 2775 2779 2778 
750 2775 594 2777 2779 
751 2779 2777 63 62 
752 2778 2779 62 61 
753 595 2770 2781 2780 
754 2770 596 2778 2781 
755 2781 2778 61 60 
756 2780 2781 60 59 
757 1037 2782 2786 2785 
758 2782 1038 2783 2786 
759 2786 2783 2312 2784 
760 2785 2786 2784 2298 
761 1192 2787 2791 2790 
762 2787 1200 2788 2791 
763 2791 2788 1201 2789 
764 2790 2791 2789 1193 
765 1671 2792 2796 2795 
766 2792 1685 2793 2796 
767 2796 2793 1686 2794 
768 2795 2796 2794 1672 
769 1130 2797 2801 2800 
770 2797 1138 2798 2801 
771 2801 2798 1139 2799 
772 2800 2801 2799 1131 
773 1916 2802 2806 2805 
774 2802 1930 2803 2806 
775 2806 2803 1931 2804 
776 2805 2806 2804 1917 
777 1238 2807 2811 2810 
778 2807 1246 2808 2811 
779 2811 2808 1247 2809 
780 2810 2811 2809 1239 
781 1896 2812 2815 2598 
782 2812 1910 2813 2815 
783 2815 2813 1911 2814 
784 2598 2815 2814 1897 
785 960 2816 2820 2819 
786 2816 1294 2817 2820 
787 2820 2817 1295 2818 
788 2819 2820 2818 961 
789 1872 2821 2825 2824 
790 2821 1886 2822 2825 
791 2825 2822 1887 2823 
792 2824 2825 2823 1873 
793 1806 2826 2830 2829 
794 2826 1820 2827 2830 
795 2830 2827 1821 2828 
796 2829 2830 2828 1807 
797 2241 2831 2834 2833 
798 2831 2255 2832 2834 
799 2834 2832 156 157 
800 2833 2834 157 158 
801 952 2835 2839 2838 
802 2835 1286 2836 2839 
803 2839 2836 1287 2837 
804 2838 2839 2837 953 
805 1232 2840 2843 2734 
806 2840 1240 2841 2843 
807 2843 2841 1241 2842 
808 2734 2843 2842 1233 
809 1051 2844 2848 2847 
810 2844 665 2845 2848 
811 2848 2845 554 2846 
812 2847 2848 2846 658 
813 2144 2849 2852 2706 
814 2849 2158 2850 2852 
815 2852 2850 2159 2851 
816 2706 2852 2851 2145 
817 1687 2853 2857 2856 
818 2853 1701 2854 2857 
819 2857 2854 1702 2855 
820 2856 2857 2855 1688 
821 436 437 2861 2860 
822 437 438 2858 2861 
823 2861 2858 861 2859 
824 2860 2861 2859 859 
825 2181 2862 2865 2864 
826 2862 2195 2703 2865 
827 2865 2703 2196 2863 
828 2864 2865 2863 2182 
829 1866 2866 2869 2868 
830 2866 1880 2761 2869 
831 2869 2761 1881 2867 
832 2868 2869 2867 1867 
833 2265 2870 2873 2872 
834 2870 2279 2645 2873 
835 2873 2645 2280 2871 
836 2872 2873 2871 2266 
837 2170 2874 2878 2877 
838 2874 2184 2875 2878 
839 2878 2875 2185 2876 
840 2877 2878 2876 2171 
841 2007 2879 2883 2882 
842 2879 2021 2880 2883 
843 2883 2880 2022 2881 
844 2882 2883 2881 2008 
845 1473 2884 2888 2887 
846 2884 1501 2885 2888 
847 2888 2885 1502 2886 
848 2887 2888 2886 1474 
849 2401 2889 2893 2892 
850 2889 2415 2890 2893 
851 2893 2890 2416 2891 
852 2892 2893 2891 2402 
853 962 2894 2898 2897 
854 2894 963 2895 2898 
855 2898 2895 1220 2896 
856 2897 2898 2896 1212 
857 1172 2899 2902 2901 
858 2899 1180 2900 2902 
859 2902 2900 1181 2513 
860 2901 2902 2513 1173 
861 1240 2903 2905 2841 
862 2903 1248 2718 2905 
863 2905 2718 1249 2904 
864 2841 2905 2904 1241 
865 79 2906 2909 80 
866 2906 597 2907 2909 
867 2909 2907 600 2908 
868 80 2909 2908 81 
869 597 2910 2913 2907 
870 2910 526 2911 2913 
871 2913 2911 598 2912 
872 2907 2913 2912 600 
873 600 2912 2917 2916 
874 2912 598 2914 2917 
875 2917 2914 530 2915 
876 2916 2917 2915 599 
877 81 2908 2919 82 
878 2908 600 2916 2919 
879 2919 2916 599 2918 
880 82 2919 2918 83 
881 980 2920 2924 2923 
882 2920 981 2921 2924 
883 2924 2921 1360 2922 
884 2923 2924 2922 1332 
885 2416 2925 2929 2928 
886 2925 2430 2926 2929 
887 2929 2926 2431 2927 
888 2928 2929 2927 2417 
889 2394 2930 2934 2933 
890 2930 2408 2931 2934 
891 2934 2931 2409 2932 
892 2933 2934 2932 2395 
893 2264 2935 2938 2937 
894 2935 2278 2936 2938 
895 2938 2936 2279 2870 
896 2937 2938 2870 2265 
897 1141 2939 2943 2942 
898 2939 1149 2940 2943 
899 2943 2940 1150 2941 
900 2942 2943 2941 1142 
901 1887 2944 2948 2947 
902 2944 1901 2945 2948 
903 2948 2945 1902 2946 
904 2947 2948 2946 1888 
905 1447 2949 2952 2951 
906 2949 1475 2531 2952 
907 2952 2531 1476 2950 
908 2951 2952 2950 1448 
909 1605 2953 2957 2956 
910 2953 1633 2954 2957 
911 2957 2954 1634 2955 
912 2956 2957 2955 1606 
913 83 2918 2960 84 
914 2918 599 2958 2960 
915 2960 2958 603 2959 
916 84 2960 2959 85 
917 599 2915 2963 2958 
918 2915 530 2961 2963 
919 2963 2961 601 2962 
920 2958 2963 2962 603 
921 603 2962 2967 2966 
922 2962 601 2964 2967 
923 2967 2964 529 2965 
924 2966 2967 2965 602 
925 85 2959 2969 86 
926 2959 603 2966 2969 
927 2969 2966 602 2968 
928 86 2969 2968 87 
929 59 58 2972 2780 
930 58 57 2970 2972 
931 2972 2970 605 2971 
932 2780 2972 2971 595 
933 57 56 2974 2970 
934 56 4 107 2974 
935 2974 107 108 2973 
936 2970 2974 2973 605 
937 605 2973 2977 2976 
938 2973 108 109 2977 
939 2977 109 110 2975 
940 2976 2977 2975 604 
941 595 2971 2979 2771 
942 2971 605 2976 2979 
943 2979 2976 604 2978 
944 2771 2979 2978 521 
945 575 2980 2984 2983 
946 2980 606 2981 2984 
947 2984 2981 609 2982 
948 2983 2984 2982 608 
949 606 2985 2988 2981 
950 2985 576 2986 2988 
951 2988 2986 607 2987 
952 2981 2988 2987 609 
953 609 2987 2991 2990 
954 2987 607 2989 2991 
955 2991 2989 392 393 
956 2990 2991 393 394 
957 608 2982 2993 2992 
958 2982 609 2990 2993 
959 2993 2990 394 395 
960 2992 2993 395 396 
961 828 2994 2998 2997 
962 2994 836 2995 2998 
963 2998 2995 837 2996 
964 2997 2998 2996 829 
965 844 2999 3003 3002 
966 2999 852 3000 3003 
967 3003 3000 853 3001 
968 3002 3003 3001 845 
969 612 3004 3007 3006 
970 3004 378 379 3007 
971 3007 379 380 3005 
972 3006 3007 3005 610 
973 611 3008 3011 3010 
974 3008 612 3006 3011 
975 3011 3006 610 3009 
976 3010 3011 3009 573 
977 75 3012 3015 76 
978 3012 613 3013 3015 
979 3015 3013 615 3014 
980 76 3015 3014 77 
981 613 3016 3019 3013 
982 3016 525 3017 3019 
983 3019 3017 614 3018 
984 3013 3019 3018 615 
985 615 3018 3022 3021 
986 3018 614 3020 3022 
987 3022 3020 526 2910 
988 3021 3022 2910 597 
989 77 3014 3023 78 
990 3014 615 3021 3023 
991 3023 3021 597 2906 
992 78 3023 2906 79 
993 1577 3024 3027 3026 
994 3024 1605 2956 3027 
995 3027 2956 1606 3025 
996 3026 3027 3025 1578 
997 1214 3028 3032 3031 
998 3028 1222 3029 3032 
999 3032 3029 1223 3030 
1000 3031 3032 3030 1215 
1001 442 443 3036 3035 
1002 443 444 3033 3036 
1003 3036 3033 867 3034 
1004 3035 3036 3034 865 
1005 2372 3037 3041 3040 
1006 3037 2386 3038 3041 
1007 3041 3038 2387 3039 
1008 3040 3041 3039 2373 
1009 1255 3042 3046 3045 
1010 3042 1263 3043 3046 
1011 3046 3043 1264 3044 
1012 3045 3046 3044 1256 
1013 1923 3047 3050 3049 
1014 3047 1937 2659 3050 
1015 3050 2659 1938 3048 
1016 3049 3050 3048 1924 
1017 2429 3051 3055 3054 
1018 3051 2443 3052 3055 
1019 3055 3052 2444 3053 
1020 3054 3055 3053 2430 
1021 2131 2707 3059 3058 
1022 2707 2145 3056 3059 
1023 3059 3056 2146 3057 
1024 3058 3059 3057 2132 
1025 2281 3060 3064 3063 
1026 3060 2295 3061 3064 
1027 3064 3061 2296 3062 
1028 3063 3064 3062 2282 
1029 2175 3065 3069 3068 
1030 3065 2189 3066 3069 
1031 3069 3066 2190 3067 
1032 3068 3069 3067 2176 
1033 1902 3070 3073 3072 
1034 3070 1916 2805 3073 
1035 3073 2805 1917 3071 
1036 3072 3073 3071 1903 
1037 1983 3074 3078 3077 
1038 3074 1997 3075 3078 
1039 3078 3075 1998 3076 
1040 3077 3078 3076 1984 
1041 1610 3079 3083 3082 
1042 3079 1638 3080 3083 
1043 3083 3080 1639 3081 
1044 3082 3083 3081 1611 
1045 2299 3084 3088 3087 
1046 3084 2313 3085 3088 
1047 3088 3085 2314 3086 
1048 3087 3088 3086 2300 
1049 2247 3089 3093 3092 
1050 3089 2261 3090 3093 
1051 3093 3090 2262 3091 
1052 3092 3093 3091 2248 
1053 1825 3094 3097 3096 
1054 3094 1839 3095 3097 
1055 3097 3095 1840 2738 
1056 3096 3097 2738 1826 
1057 1476 2530 3101 3100 
1058 2530 1504 3098 3101 
1059 3101 3098 1505 3099 
1060 3100 3101 3099 1477 
1061 2047 3102 3106 3105 
1062 3102 2061 3103 3106 
1063 3106 3103 2062 3104 
1064 3105 3106 3104 2048 
1065 1251 3107 3110 3109 
1066 3107 1259 3108 3110 
1067 3110 3108 303 304 
1068 3109 3110 304 305 
1069 917 3111 3115 3114 
1070 3111 919 3112 3115 
1071 3115 3112 920 3113 
1072 3114 3115 3113 918 
1073 63 2777 3118 64 
1074 2777 594 3116 3118 
1075 3118 3116 618 3117 
1076 64 3118 3117 65 
1077 594 2774 3121 3116 
1078 2774 520 3119 3121 
1079 3121 3119 616 3120 
1080 3116 3121 3120 618 
1081 618 3120 3125 3124 
1082 3120 616 3122 3125 
1083 3125 3122 519 3123 
1084 3124 3125 3123 617 
1085 65 3117 3127 66 
1086 3117 618 3124 3127 
1087 3127 3124 617 3126 
1088 66 3127 3126 67 
1089 71 3128 3131 72 
1090 3128 619 3129 3131 
1091 3131 3129 621 3130 
1092 72 3131 3130 73 
1093 619 3132 3135 3129 
1094 3132 524 3133 3135 
1095 3135 3133 620 3134 
1096 3129 3135 3134 621 
1097 621 3134 3138 3137 
1098 3134 620 3136 3138 
1099 3138 3136 525 3016 
1100 3137 3138 3016 613 
1101 73 3130 3139 74 
1102 3130 621 3137 3139 
1103 3139 3137 613 3012 
1104 74 3139 3012 75 
1105 1772 3140 3144 3143 
1106 3140 1786 3141 3144 
1107 3144 3141 1787 3142 
1108 3143 3144 3142 1773 
1109 2166 3145 3149 3148 
1110 3145 2180 3146 3149 
1111 3149 3146 2181 3147 
1112 3148 3149 3147 2167 
1113 1000 3150 3154 3153 
1114 3150 1001 3151 3154 
1115 3154 3151 1794 3152 
1116 3153 3154 3152 1780 
1117 875 3155 3159 3158 
1118 3155 877 3156 3159 
1119 3159 3156 878 3157 
1120 3158 3159 3157 876 
1121 2297 3160 3163 3162 
1122 3160 2311 3161 3163 
1123 3163 3161 148 149 
1124 3162 3163 149 150 
1125 1021 3164 3168 3167 
1126 3164 916 3165 3168 
1127 3168 3165 918 3166 
1128 3167 3168 3166 1022 
1129 1346 3169 3173 3172 
1130 3169 1374 3170 3173 
1131 3173 3170 1375 3171 
1132 3172 3173 3171 1347 
1133 2215 3174 3178 3177 
1134 3174 2229 3175 3178 
1135 3178 3175 2230 3176 
1136 3177 3178 3176 2216 
1137 2114 3179 3183 3182 
1138 3179 2128 3180 3183 
1139 3183 3180 2129 3181 
1140 3182 3183 3181 2115 
1141 2318 3184 3188 3187 
1142 3184 2332 3185 3188 
1143 3188 3185 2333 3186 
1144 3187 3188 3186 2319 
1145 1972 3189 3193 3192 
1146 3189 1986 3190 3193 
1147 3193 3190 1987 3191 
1148 3192 3193 3191 1973 
1149 1667 3194 3196 3195 
1150 3194 296 297 3196 
1151 3196 297 2 9 
1152 3195 3196 9 10 
1153 576 3197 3200 2986 
1154 3197 622 3198 3200 
1155 3200 3198 624 3199 
1156 2986 3200 3199 607 
1157 622 3201 3204 3198 
1158 3201 572 3202 3204 
1159 3204 3202 623 3203 
1160 3198 3204 3203 624 
1161 624 3203 3207 3206 
1162 3203 623 3205 3207 
1163 3207 3205 388 389 
1164 3206 3207 389 390 
1165 607 3199 3208 2989 
1166 3199 624 3206 3208 
1167 3208 3206 390 391 
1168 2989 3208 391 392 
1169 67 3126 3211 68 
1170 3126 617 3209 3211 
1171 3211 3209 626 3210 
1172 68 3211 3210 69 
1173 617 3123 3214 3209 
1174 3123 519 3212 3214 
1175 3214 3212 625 3213 
1176 3209 3214 3213 626 
1177 626 3213 3217 3216 
1178 3213 625 3215 3217 
1179 3217 3215 524 3132 
1180 3216 3217 3132 619 
1181 69 3210 3218 70 
1182 3210 626 3216 3218 
1183 3218 3216 619 3128 
1184 70 3218 3128 71 
1185 2236 3219 3223 3222 
1186 3219 2250 3220 3223 
1187 3223 3220 2251 3221 
1188 3222 3223 3221 2237 
1189 1707 3224 3228 3227 
1190 3224 1721 3225 3228 
1191 3228 3225 1722 3226 
1192 3227 3228 3226 1708 
1193 1274 3229 3232 3231 
1194 3229 52 53 3232 
1195 3232 53 54 3230 
1196 3231 3232 3230 1275 
1197 2448 3233 3237 3236 
1198 3233 2462 3234 3237 
1199 3237 3234 2463 3235 
1200 3236 3237 3235 2449 
1201 1528 3238 3242 3241 
1202 3238 1556 3239 3242 
1203 3242 3239 1557 3240 
1204 3241 3242 3240 1529 
1205 1899 3243 3247 3246 
1206 3243 1913 3244 3247 
1207 3247 3244 1914 3245 
1208 3246 3247 3245 1900 
1209 1361 3248 3252 3251 
1210 3248 1389 3249 3252 
1211 3252 3249 1390 3250 
1212 3251 3252 3250 1362 
1213 2138 3253 3257 3256 
1214 3253 2152 3254 3257 
1215 3257 3254 2153 3255 
1216 3256 3257 3255 2139 
1217 388 3205 3260 387 
1218 3205 623 3258 3260 
1219 3260 3258 629 3259 
1220 387 3260 3259 386 
1221 623 3202 3263 3258 
1222 3202 572 3261 3263 
1223 3263 3261 627 3262 
1224 3258 3263 3262 629 
1225 629 3262 3267 3266 
1226 3262 627 3264 3267 
1227 3267 3264 571 3265 
1228 3266 3267 3265 628 
1229 386 3259 3269 385 
1230 3259 629 3266 3269 
1231 3269 3266 628 3268 
1232 385 3269 3268 384 
1233 901 3270 3274 3273 
1234 3270 903 3271 3274 
1235 3274 3271 904 3272 
1236 3273 3274 3272 902 
1237 1014 3275 3279 3278 
1238 3275 1015 3276 3279 
1239 3279 3276 1990 3277 
1240 3278 3279 3277 1976 
1241 458 459 3283 3282 
1242 459 460 3280 3283 
1243 3283 3280 883 3281 
1244 3282 3283 3281 881 
1245 1793 3284 3287 3286 
1246 3284 1807 3285 3287 
1247 3287 3285 220 221 
1248 3286 3287 221 222 
1249 1521 3288 3292 3291 
1250 3288 1549 3289 3292 
1251 3292 3289 1550 3290 
1252 3291 3292 3290 1522 
1253 1137 3293 3297 3296 
1254 3293 1145 3294 3297 
1255 3297 3294 1146 3295 
1256 3296 3297 3295 1138 
1257 2442 3298 3302 3301 
1258 3298 2456 3299 3302 
1259 3302 3299 2457 3300 
1260 3301 3302 3300 2443 
1261 2392 3303 3307 3306 
1262 3303 2406 3304 3307 
1263 3307 3304 2407 3305 
1264 3306 3307 3305 2393 
1265 1385 3308 3312 3311 
1266 3308 1413 3309 3312 
1267 3312 3309 1414 3310 
1268 3311 3312 3310 1386 
1269 1583 3313 3316 3315 
1270 3313 1611 3314 3316 
1271 3316 3314 14 15 
1272 3315 3316 15 16 
1273 1668 3317 3321 3320 
1274 3317 1682 3318 3321 
1275 3321 3318 1683 3319 
1276 3320 3321 3319 1669 
1277 2018 3322 3326 3325 
1278 3322 2032 3323 3326 
1279 3326 3323 2033 3324 
1280 3325 3326 3324 2019 
1281 1499 3327 3330 3329 
1282 3327 1527 3328 3330 
1283 3330 3328 20 21 
1284 3329 3330 21 22 
1285 2449 3235 3333 2638 
1286 3235 2463 3331 3333 
1287 3333 3331 2464 3332 
1288 2638 3333 3332 2450 
1289 2320 3334 3338 3337 
1290 3334 2334 3335 3338 
1291 3338 3335 2335 3336 
1292 3337 3338 3336 2321 
1293 2037 3339 3343 3342 
1294 3339 2051 3340 3343 
1295 3343 3340 2052 3341 
1296 3342 3343 3341 2038 
1297 973 3344 3348 3347 
1298 3344 974 3345 3348 
1299 3348 3345 533 3346 
1300 3347 3348 3346 939 
1301 1498 3349 3352 3351 
1302 3349 1526 3350 3352 
1303 3352 3350 1527 3327 
1304 3351 3352 3327 1499 
1305 2027 3353 3357 3356 
1306 3353 2041 3354 3357 
1307 3357 3354 2042 3355 
1308 3356 3357 3355 2028 
1309 2388 3358 3362 3361 
1310 3358 2402 3359 3362 
1311 3362 3359 2403 3360 
1312 3361 3362 3360 2389 
1313 1711 3363 3367 3366 
1314 3363 1725 3364 3367 
1315 3367 3364 1726 3365 
1316 3366 3367 3365 1712 
1317 1617 3368 3372 3371 
1318 3368 1645 3369 3372 
1319 3372 3369 1646 3370 
1320 3371 3372 3370 1618 
1321 1709 3373 3376 3375 
1322 3373 1723 3374 3376 
1323 3376 3374 232 233 
1324 3375 3376 233 234 
1325 2476 3377 3381 3380 
1326 3377 2490 3378 3381 
1327 3381 3378 2491 3379 
1328 3380 3381 3379 2477 
1329 943 3382 3385 3384 
1330 3382 1277 2673 3385 
1331 3385 2673 1278 3383 
1332 3384 3385 3383 944 
1333 1025 3386 3389 3388 
1334 3386 1026 3387 3389 
1335 3389 3387 2144 2705 
1336 3388 3389 2705 2130 
1337 1706 3390 3393 3392 
1338 3390 1720 3391 3393 
1339 3393 3391 1721 3224 
1340 3392 3393 3224 1707 
1341 2000 3394 3398 3397 
1342 3394 2014 3395 3398 
1343 3398 3395 2015 3396 
1344 3397 3398 3396 2001 
1345 1644 3399 3402 3401 
1346 3399 250 251 3402 
1347 3402 251 252 3400 
1348 3401 3402 3400 1645 
1349 1382 3403 3406 3405 
1350 3403 1410 3404 3406 
1351 3406 3404 1411 2748 
1352 3405 3406 2748 1383 
1353 1413 3407 3410 3309 
1354 3407 1441 3408 3410 
1355 3410 3408 1442 3409 
1356 3309 3410 3409 1414 
1357 2155 3411 3414 2652 
1358 3411 2169 3412 3414 
1359 3414 3412 2170 3413 
1360 2652 3414 3413 2156 
1361 531 3415 3418 2567 
1362 3415 630 3416 3418 
1363 3418 3416 632 3417 
1364 2567 3418 3417 585 
1365 630 3419 3422 3416 
1366 3419 578 3420 3422 
1367 3422 3420 631 3421 
1368 3416 3422 3421 632 
1369 632 3421 3425 3424 
1370 3421 631 3423 3425 
1371 3425 3423 408 409 
1372 3424 3425 409 410 
1373 585 3417 3426 2572 
1374 3417 632 3424 3426 
1375 3426 3424 410 411 
1376 2572 3426 411 412 
1377 1036 3427 3431 3430 
1378 3427 842 3428 3431 
1379 3431 3428 850 3429 
1380 3430 3431 3429 1037 
1381 913 3432 3436 3435 
1382 3432 915 3433 3436 
1383 3436 3433 916 3434 
1384 3435 3436 3434 914 
1385 1373 3437 3441 3440 
1386 3437 1401 3438 3441 
1387 3441 3438 1402 3439 
1388 3440 3441 3439 1374 
1389 1889 3442 3446 3445 
1390 3442 1903 3443 3446 
1391 3446 3443 1904 3444 
1392 3445 3446 3444 1890 
1393 991 3447 3450 3449 
1394 3447 240 241 3450 
1395 3450 241 242 3448 
1396 3449 3450 3448 1640 
1397 1654 3451 3454 3453 
1398 3451 270 271 3454 
1399 3454 271 272 3452 
1400 3453 3454 3452 1655 
1401 1426 3455 3459 3458 
1402 3455 1454 3456 3459 
1403 3459 3456 1455 3457 
1404 3458 3459 3457 1427 
1405 1245 3460 3464 3463 
1406 3460 1253 3461 3464 
1407 3464 3461 1254 3462 
1408 3463 3464 3462 1246 
1409 1699 3465 3469 3468 
1410 3465 1713 3466 3469 
1411 3469 3466 1714 3467 
1412 3468 3469 3467 1700 
1413 1940 3470 3474 3473 
1414 3470 1954 3471 3474 
1415 3474 3471 1955 3472 
1416 3473 3474 3472 1941 
1417 2380 3475 3478 3477 
1418 3475 2394 2933 3478 
1419 3478 2933 2395 3476 
1420 3477 3478 3476 2381 
1421 2183 3479 3483 3482 
1422 3479 2197 3480 3483 
1423 3483 3480 2198 3481 
1424 3482 3483 3481 2184 
1425 578 3484 3487 3420 
1426 3484 633 3485 3487 
1427 3487 3485 635 3486 
1428 3420 3487 3486 631 
1429 633 3488 3491 3485 
1430 3488 577 3489 3491 
1431 3491 3489 634 3490 
1432 3485 3491 3490 635 
1433 635 3490 3494 3493 
1434 3490 634 3492 3494 
1435 3494 3492 404 405 
1436 3493 3494 405 406 
1437 631 3486 3495 3423 
1438 3486 635 3493 3495 
1439 3495 3493 406 407 
1440 3423 3495 407 408 
1441 1563 3496 3500 3499 
1442 3496 1591 3497 3500 
1443 3500 3497 1592 3498 
1444 3499 3500 3498 1564 
1445 1048 2712 3504 3503 
1446 2712 547 3501 3504 
1447 3504 3501 772 3502 
1448 3503 3504 3502 1049 
1449 1252 3505 3508 3507 
1450 3505 1260 2723 3508 
1451 3508 2723 1261 3506 
1452 3507 3508 3506 1253 
1453 2110 3509 3513 3512 
1454 3509 2124 3510 3513 
1455 3513 3510 2125 3511 
1456 3512 3513 3511 2111 
1457 527 3514 3517 2585 
1458 3514 636 3515 3517 
1459 3517 3515 638 3516 
1460 2585 3517 3516 589 
1461 636 3518 3521 3515 
1462 3518 532 3519 3521 
1463 3521 3519 637 3520 
1464 3515 3521 3520 638 
1465 638 3520 3524 3523 
1466 3520 637 3522 3524 
1467 3524 3522 99 98 
1468 3523 3524 98 97 
1469 589 3516 3525 2588 
1470 3516 638 3523 3525 
1471 3525 3523 97 96 
1472 2588 3525 96 95 
1473 2315 3526 3530 3529 
1474 3526 2329 3527 3530 
1475 3530 3527 2330 3528 
1476 3529 3530 3528 2316 
1477 1951 3531 3534 2657 
1478 3531 1965 3532 3534 
1479 3534 3532 1966 3533 
1480 2657 3534 3533 1952 
1481 2118 3535 3539 3538 
1482 3535 2132 3536 3539 
1483 3539 3536 2133 3537 
1484 3538 3539 3537 2119 
1485 2505 3540 3544 3543 
1486 3540 747 3541 3544 
1487 3544 3541 523 3542 
1488 3543 3544 3542 2506 
1489 546 3545 3549 3548 
1490 3545 639 3546 3549 
1491 3549 3546 643 3547 
1492 3548 3549 3547 642 
1493 639 3550 3553 3546 
1494 3550 545 3551 3553 
1495 3553 3551 640 3552 
1496 3546 3553 3552 643 
1497 643 3552 3557 3556 
1498 3552 640 3554 3557 
1499 3557 3554 563 3555 
1500 3556 3557 3555 641 
1501 642 3547 3560 3559 
1502 3547 643 3556 3560 
1503 3560 3556 641 3558 
1504 3559 3560 3558 564 
1505 87 2968 3563 88 
1506 2968 602 3561 3563 
1507 3563 3561 645 3562 
1508 88 3563 3562 89 
1509 602 2965 3566 3561 
1510 2965 529 3564 3566 
1511 3566 3564 644 3565 
1512 3561 3566 3565 645 
1513 645 3565 3569 3568 
1514 3565 644 3567 3569 
1515 3569 3567 528 2582 
1516 3568 3569 2582 590 
1517 89 3562 3570 90 
1518 3562 645 3568 3570 
1519 3570 3568 590 2591 
1520 90 3570 2591 91 
1521 1655 3452 3573 3572 
1522 3452 272 273 3573 
1523 3573 273 274 3571 
1524 3572 3573 3571 1656 
1525 1233 2842 3577 3576 
1526 2842 1241 3574 3577 
1527 3577 3574 1242 3575 
1528 3576 3577 3575 1234 
1529 2308 3578 3582 3581 
1530 3578 2322 3579 3582 
1531 3582 3579 2323 3580 
1532 3581 3582 3580 2309 
1533 1720 3583 3586 3391 
1534 3583 1734 3584 3586 
1535 3586 3584 1735 3585 
1536 3391 3586 3585 1721 
1537 1354 3587 3590 3589 
1538 3587 1382 3405 3590 
1539 3590 3405 1383 3588 
1540 3589 3590 3588 1355 
1541 2054 3591 3595 3594 
1542 3591 2068 3592 3595 
1543 3595 3592 2069 3593 
1544 3594 3595 3593 2055 
1545 1963 3596 3600 3599 
1546 3596 1977 3597 3600 
1547 3600 3597 1978 3598 
1548 3599 3600 3598 1964 
1549 1036 3430 3603 3602 
1550 3430 1037 2785 3603 
1551 3603 2785 2298 3601 
1552 3602 3603 3601 2284 
1553 2084 3604 3608 3607 
1554 3604 2098 3605 3608 
1555 3608 3605 2099 3606 
1556 3607 3608 3606 2085 
1557 1984 3076 3612 3611 
1558 3076 1998 3609 3612 
1559 3612 3609 1999 3610 
1560 3611 3612 3610 1985 
1561 1727 3613 3617 3616 
1562 3613 1741 3614 3617 
1563 3617 3614 1742 3615 
1564 3616 3617 3615 1728 
1565 1272 3618 3621 3620 
1566 3618 48 49 3621 
1567 3621 49 50 3619 
1568 3620 3621 3619 1273 
1569 571 3622 3625 3265 
1570 3622 646 3623 3625 
1571 3625 3623 647 3624 
1572 3265 3625 3624 628 
1573 646 3626 3628 3623 
1574 3626 573 3009 3628 
1575 3628 3009 610 3627 
1576 3623 3628 3627 647 
1577 647 3627 3630 3629 
1578 3627 610 3005 3630 
1579 3630 3005 380 381 
1580 3629 3630 381 382 
1581 628 3624 3631 3268 
1582 3624 647 3629 3631 
1583 3631 3629 382 383 
1584 3268 3631 383 384 
1585 941 3632 3636 3635 
1586 3632 970 3633 3636 
1587 3636 3633 937 3634 
1588 3635 3636 3634 936 
1589 1559 3637 3641 3640 
1590 3637 1587 3638 3641 
1591 3641 3638 1588 3639 
1592 3640 3641 3639 1560 
1593 2046 3642 3645 3644 
1594 3642 2060 3643 3645 
1595 3645 3643 2061 3102 
1596 3644 3645 3102 2047 
1597 1635 3646 3650 3649 
1598 3646 1663 3647 3650 
1599 3650 3647 1664 3648 
1600 3649 3650 3648 1636 
1601 1421 3651 3655 3654 
1602 3651 1449 3652 3655 
1603 3655 3652 1450 3653 
1604 3654 3655 3653 1422 
1605 2385 3656 3660 3659 
1606 3656 2399 3657 3660 
1607 3660 3657 2400 3658 
1608 3659 3660 3658 2386 
1609 1841 3661 3665 3664 
1610 3661 1855 3662 3665 
1611 3665 3662 1856 3663 
1612 3664 3665 3663 1842 
1613 1017 3666 3670 3669 
1614 3666 908 3667 3670 
1615 3670 3667 910 3668 
1616 3669 3670 3668 1018 
1617 2102 3671 3675 3674 
1618 3671 2116 3672 3675 
1619 3675 3672 2117 3673 
1620 3674 3675 3673 2103 
1621 1676 3676 3680 3679 
1622 3676 1690 3677 3680 
1623 3680 3677 1691 3678 
1624 3679 3680 3678 1677 
1625 2172 3681 3685 3684 
1626 3681 2186 3682 3685 
1627 3685 3682 2187 3683 
1628 3684 3685 3683 2173 
1629 2362 3686 3690 3689 
1630 3686 2376 3687 3690 
1631 3690 3687 2377 3688 
1632 3689 3690 3688 2363 
1633 951 3691 3694 3693 
1634 3691 1285 3692 3694 
1635 3694 3692 1286 2835 
1636 3693 3694 2835 952 
1637 925 3695 3699 3698 
1638 3695 927 3696 3699 
1639 3699 3696 928 3697 
1640 3698 3699 3697 926 
1641 1829 3700 3704 3703 
1642 3700 1843 3701 3704 
1643 3704 3701 1844 3702 
1644 3703 3704 3702 1830 
1645 2128 3705 3708 3180 
1646 3705 2142 3706 3708 
1647 3708 3706 2143 3707 
1648 3180 3708 3707 2129 
1649 965 3709 3713 3712 
1650 3709 1299 3710 3713 
1651 3713 3710 1300 3711 
1652 3712 3713 3711 966 
1653 963 3714 3717 2895 
1654 3714 964 3715 3717 
1655 3717 3715 1228 3716 
1656 2895 3717 3716 1220 
1657 1324 3718 3722 3721 
1658 3718 1352 3719 3722 
1659 3722 3719 1353 3720 
1660 3721 3722 3720 1325 
1661 577 3723 3726 3489 
1662 3723 648 3724 3726 
1663 3726 3724 650 3725 
1664 3489 3726 3725 634 
1665 648 3727 3730 3724 
1666 3727 574 3728 3730 
1667 3730 3728 649 3729 
1668 3724 3730 3729 650 
1669 650 3729 3733 3732 
1670 3729 649 3731 3733 
1671 3733 3731 400 401 
1672 3732 3733 401 402 
1673 634 3725 3734 3492 
1674 3725 650 3732 3734 
1675 3734 3732 402 403 
1676 3492 3734 403 404 
1677 1436 3735 3739 3738 
1678 3735 1464 3736 3739 
1679 3739 3736 1465 3737 
1680 3738 3739 3737 1437 
1681 2117 3740 3742 3741 
1682 3740 2131 3058 3742 
1683 3742 3058 2132 3535 
1684 3741 3742 3535 2118 
1685 2184 3481 3744 2875 
1686 3481 2198 2693 3744 
1687 3744 2693 2199 3743 
1688 2875 3744 3743 2185 
1689 2177 3745 3749 3748 
1690 3745 2191 3746 3749 
1691 3749 3746 2192 3747 
1692 3748 3749 3747 2178 
1693 2488 3750 3754 3753 
1694 3750 2502 3751 3754 
1695 3754 3751 2503 3752 
1696 3753 3754 3752 2489 
1697 1000 3755 3758 3150 
1698 3755 874 3756 3758 
1699 3758 3756 876 3757 
1700 3150 3758 3757 1001 
1701 2120 3759 3762 3761 
1702 3759 2134 3760 3762 
1703 3762 3760 2135 2695 
1704 3761 3762 2695 2121 
1705 1419 3763 3766 3765 
1706 3763 1447 2951 3766 
1707 3766 2951 1448 3764 
1708 3765 3766 3764 1420 
1709 454 455 3770 3769 
1710 455 456 3767 3770 
1711 3770 3767 879 3768 
1712 3769 3770 3768 877 
1713 2002 3771 3774 3773 
1714 3771 2016 3772 3774 
1715 3774 3772 2017 2730 
1716 3773 3774 2730 2003 
1717 2188 3775 3779 3778 
1718 3775 2202 3776 3779 
1719 3779 3776 2203 3777 
1720 3778 3779 3777 2189 
1721 992 3780 3783 3782 
1722 3780 993 3781 3783 
1723 3783 3781 1682 3317 
1724 3782 3783 3317 1668 
1725 1396 3784 3788 3787 
1726 3784 1424 3785 3788 
1727 3788 3785 1425 3786 
1728 3787 3788 3786 1397 
1729 1484 3789 3793 3792 
1730 3789 1512 3790 3793 
1731 3793 3790 1513 3791 
1732 3792 3793 3791 1485 
1733 1619 3794 3798 3797 
1734 3794 1647 3795 3798 
1735 3798 3795 1648 3796 
1736 3797 3798 3796 1620 
1737 824 3799 3803 3802 
1738 3799 832 3800 3803 
1739 3803 3800 833 3801 
1740 3802 3803 3801 825 
1741 782 3804 3808 3807 
1742 3804 790 3805 3808 
1743 3808 3805 791 3806 
1744 3807 3808 3806 783 
1745 779 3809 3813 3812 
1746 3809 787 3810 3813 
1747 3813 3810 788 3811 
1748 3812 3813 3811 780 
1749 2470 3814 3818 3817 
1750 3814 2484 3815 3818 
1751 3818 3815 2485 3816 
1752 3817 3818 3816 2471 
1753 1858 3819 3822 3821 
1754 3819 1872 2824 3822 
1755 3822 2824 1873 3820 
1756 3821 3822 3820 1859 
1757 1230 3823 3826 3825 
1758 3823 1238 2810 3826 
1759 3826 2810 1239 3824 
1760 3825 3826 3824 1231 
1761 2266 2871 3830 3829 
1762 2871 2280 3827 3830 
1763 3830 3827 2281 3828 
1764 3829 3830 3828 2267 
1765 118 3831 3834 117 
1766 3831 652 3832 3834 
1767 3834 3832 655 3833 
1768 117 3834 3833 116 
1769 652 3835 3838 3832 
1770 3835 523 3836 3838 
1771 3838 3836 653 3837 
1772 3832 3838 3837 655 
1773 655 3837 3842 3841 
1774 3837 653 3839 3842 
1775 3842 3839 522 3840 
1776 3841 3842 3840 654 
1777 116 3833 3844 115 
1778 3833 655 3841 3844 
1779 3844 3841 654 3843 
1780 115 3844 3843 114 
1781 851 3845 3848 3847 
1782 3845 612 3008 3848 
1783 3848 3008 611 3846 
1784 3847 3848 3846 852 
1785 787 3849 3852 3810 
1786 3849 795 3850 3852 
1787 3852 3850 796 3851 
1788 3810 3852 3851 788 
1789 823 3853 3856 3855 
1790 3853 831 3854 3856 
1791 3856 3854 832 3799 
1792 3855 3856 3799 824 
1793 358 359 3859 3858 
1794 359 360 3857 3859 
1795 3859 3857 787 3809 
1796 3858 3859 3809 779 
1797 957 3860 3862 2744 
1798 3860 958 3861 3862 
1799 3862 3861 1180 2899 
1800 2744 3862 2899 1172 
1801 2222 3863 3866 3865 
1802 3863 2236 3222 3866 
1803 3866 3222 2237 3864 
1804 3865 3866 3864 2223 
1805 2277 3867 3870 3869 
1806 3867 2291 2560 3870 
1807 3870 2560 2292 3868 
1808 3869 3870 3868 2278 
1809 1219 3871 3874 3873 
1810 3871 1227 3872 3874 
1811 3874 3872 311 312 
1812 3873 3874 312 313 
1813 1662 3875 3878 3877 
1814 3875 286 287 3878 
1815 3878 287 288 3876 
1816 3877 3878 3876 1663 
1817 1788 3879 3883 3882 
1818 3879 1802 3880 3883 
1819 3883 3880 1803 3881 
1820 3882 3883 3881 1789 
1821 1243 3884 3886 3885 
1822 3884 1251 3109 3886 
1823 3886 3109 305 306 
1824 3885 3886 306 307 
1825 997 3887 3891 3890 
1826 3887 998 3888 3891 
1827 3891 3888 1752 3889 
1828 3890 3891 3889 1738 
1829 960 2819 3895 3894 
1830 2819 961 3892 3895 
1831 3895 3892 1204 3893 
1832 3894 3895 3893 1196 
1833 490 491 3898 3897 
1834 491 492 3896 3898 
1835 3898 3896 915 3432 
1836 3897 3898 3432 913 
1837 1677 3678 3902 3901 
1838 3678 1691 3899 3902 
1839 3902 3899 1692 3900 
1840 3901 3902 3900 1678 
1841 1675 3903 3906 3905 
1842 3903 1689 3904 3906 
1843 3906 3904 1690 3676 
1844 3905 3906 3676 1676 
1845 783 3806 3910 3909 
1846 3806 791 3907 3910 
1847 3910 3907 792 3908 
1848 3909 3910 3908 784 
1849 789 3911 3915 3914 
1850 3911 797 3912 3915 
1851 3915 3912 798 3913 
1852 3914 3915 3913 790 
1853 812 3916 3920 3919 
1854 3916 820 3917 3920 
1855 3920 3917 821 3918 
1856 3919 3920 3918 813 
1857 7 3921 3925 3924 
1858 3921 784 3922 3925 
1859 3925 3922 785 3923 
1860 3924 3925 3923 651 
1861 2405 3926 3930 3929 
1862 3926 2419 3927 3930 
1863 3930 3927 2420 3928 
1864 3929 3930 3928 2406 
1865 2450 3332 3933 3932 
1866 3332 2464 2678 3933 
1867 3933 2678 2465 3931 
1868 3932 3933 3931 2451 
1869 1795 3934 3938 3937 
1870 3934 1809 3935 3938 
1871 3938 3935 1810 3936 
1872 3937 3938 3936 1796 
1873 1523 3939 3943 3942 
1874 3939 1551 3940 3943 
1875 3943 3940 1552 3941 
1876 3942 3943 3941 1524 
1877 1611 3081 3945 3314 
1878 3081 1639 3944 3945 
1879 3945 3944 12 13 
1880 3314 3945 13 14 
1881 837 3946 3950 3949 
1882 3946 845 3947 3950 
1883 3950 3947 846 3948 
1884 3949 3950 3948 838 
1885 1210 3951 3955 3954 
1886 3951 1218 3952 3955 
1887 3955 3952 1219 3953 
1888 3954 3955 3953 1211 
1889 2185 3743 3958 3957 
1890 3743 2199 3956 3958 
1891 3958 3956 164 165 
1892 3957 3958 165 166 
1893 975 3959 3963 3962 
1894 3959 976 3960 3963 
1895 3963 3960 517 3961 
1896 3962 3963 3961 687 
1897 1874 3964 3968 3967 
1898 3964 1888 3965 3968 
1899 3968 3965 1889 3966 
1900 3967 3968 3966 1875 
1901 1864 3969 3973 3972 
1902 3969 1878 3970 3973 
1903 3973 3970 1879 3971 
1904 3972 3973 3971 1865 
1905 2107 3974 3977 3976 
1906 3974 2121 2698 3977 
1907 3977 2698 2122 3975 
1908 3976 3977 3975 2108 
1909 1749 3978 3982 3981 
1910 3978 1763 3979 3982 
1911 3982 3979 1764 3980 
1912 3981 3982 3980 1750 
1913 1191 3983 3986 3985 
1914 3983 1199 3984 3986 
1915 3986 3984 1200 2787 
1916 3985 3986 2787 1192 
1917 1751 3987 3990 3989 
1918 3987 1765 3988 3990 
1919 3990 3988 226 227 
1920 3989 3990 227 228 
1921 1664 3991 3994 3993 
1922 3991 290 291 3994 
1923 3994 291 292 3992 
1924 3993 3994 3992 1665 
1925 2358 3995 3998 3997 
1926 3995 2372 3040 3998 
1927 3998 3040 2373 3996 
1928 3997 3998 3996 2359 
1929 1428 3999 4002 4001 
1930 3999 1456 4000 4002 
1931 4002 4000 1457 2612 
1932 4001 4002 2612 1429 
1933 1186 4003 4007 4006 
1934 4003 1194 4004 4007 
1935 4007 4004 1195 4005 
1936 4006 4007 4005 1187 
1937 2248 3091 4011 4010 
1938 3091 2262 4008 4011 
1939 4011 4008 2263 4009 
1940 4010 4011 4009 2249 
1941 553 4012 4016 4015 
1942 4012 656 4013 4016 
1943 4016 4013 660 4014 
1944 4015 4016 4014 659 
1945 656 4017 4020 4013 
1946 4017 552 4018 4020 
1947 4020 4018 657 4019 
1948 4013 4020 4019 660 
1949 660 4019 4024 4023 
1950 4019 657 4021 4024 
1951 4024 4021 551 4022 
1952 4023 4024 4022 658 
1953 659 4014 4026 4025 
1954 4014 660 4023 4026 
1955 4026 4023 658 2846 
1956 4025 4026 2846 554 
1957 1660 4027 4030 4029 
1958 4027 282 283 4030 
1959 4030 283 284 4028 
1960 4029 4030 4028 1661 
1961 2139 3255 4034 4033 
1962 3255 2153 4031 4034 
1963 4034 4031 2154 4032 
1964 4033 4034 4032 2140 
1965 2063 4035 4039 4038 
1966 4035 2077 4036 4039 
1967 4039 4036 2078 4037 
1968 4038 4039 4037 2064 
1969 2323 4040 4044 4043 
1970 4040 2337 4041 4044 
1971 4044 4041 2338 4042 
1972 4043 4044 4042 2324 
1973 1300 4045 4049 4048 
1974 4045 1328 4046 4049 
1975 4049 4046 1329 4047 
1976 4048 4049 4047 1301 
1977 1883 2599 4052 2618 
1978 2599 1897 4050 4052 
1979 4052 4050 1898 4051 
1980 2618 4052 4051 1884 
1981 1555 4053 4055 4054 
1982 4053 1583 3315 4055 
1983 4055 3315 16 17 
1984 4054 4055 17 18 
1985 953 2837 4059 4058 
1986 2837 1287 4056 4059 
1987 4059 4056 1288 4057 
1988 4058 4059 4057 954 
1989 1592 4060 4064 4063 
1990 4060 1620 4061 4064 
1991 4064 4061 1621 4062 
1992 4063 4064 4062 1593 
1993 2278 3868 4066 2936 
1994 3868 2292 4065 4066 
1995 4066 4065 2293 2642 
1996 2936 4066 2642 2279 
1997 1157 4067 4071 4070 
1998 4067 1165 4068 4071 
1999 4071 4068 1166 4069 
2000 4070 4071 4069 1158 
2001 1491 4072 4076 4075 
2002 4072 1519 4073 4076 
2003 4076 4073 1520 4074 
2004 4075 4076 4074 1492 
2005 1786 4077 4080 3141 
2006 4077 1800 4078 4080 
2007 4080 4078 1801 4079 
2008 3141 4080 4079 1787 
2009 2243 4081 4085 4084 
2010 4081 2257 4082 4085 
2011 4085 4082 2258 4083 
2012 4084 4085 4083 2244 
2013 2196 2702 4089 4088 
2014 2702 2210 4086 4089 
2015 4089 4086 2211 4087 
2016 4088 4089 4087 2197 
2017 1575 4090 4094 4093 
2018 4090 1603 4091 4094 
2019 4094 4091 1604 4092 
2020 4093 4094 4092 1576 
2021 2053 4095 4098 4097 
2022 4095 2067 4096 4098 
2023 4098 4096 2068 3591 
2024 4097 4098 3591 2054 
2025 1228 4099 4103 4102 
2026 4099 1236 4100 4103 
2027 4103 4100 1237 4101 
2028 4102 4103 4101 1229 
2029 2246 4104 4107 4106 
2030 4104 2260 4105 4107 
2031 4107 4105 2261 3089 
2032 4106 4107 3089 2247 
2033 1026 4108 4111 4110 
2034 4108 926 3697 4111 
2035 4111 3697 928 4109 
2036 4110 4111 4109 1027 
2037 1487 4112 4116 4115 
2038 4112 1515 4113 4116 
2039 4116 4113 1516 4114 
2040 4115 4116 4114 1488 
2041 2101 4117 4120 4119 
2042 4117 2115 4118 4120 
2043 4120 4118 176 177 
2044 4119 4120 177 178 
2045 1881 2760 4123 4122 
2046 2760 1895 4121 4123 
2047 4123 4121 1896 2597 
2048 4122 4123 2597 1882 
2049 1364 4124 4128 4127 
2050 4124 1392 4125 4128 
2051 4128 4125 1393 4126 
2052 4127 4128 4126 1365 
2053 2353 4129 4132 4131 
2054 4129 2367 4130 4132 
2055 4132 4130 140 141 
2056 4131 4132 141 142 
2057 1802 4133 4136 3880 
2058 4133 1816 4134 4136 
2059 4136 4134 1817 4135 
2060 3880 4136 4135 1803 
2061 1943 4137 4141 4140 
2062 4137 1957 4138 4141 
2063 4141 4138 1958 4139 
2064 4140 4141 4139 1944 
2065 2136 4142 4146 4145 
2066 4142 2150 4143 4146 
2067 4146 4143 2151 4144 
2068 4145 4146 4144 2137 
2069 2322 4147 4149 3579 
2070 4147 2336 4148 4149 
2071 4149 4148 2337 4040 
2072 3579 4149 4040 2323 
2073 2186 4150 4152 3682 
2074 4150 2200 2728 4152 
2075 4152 2728 2201 4151 
2076 3682 4152 4151 2187 
2077 990 4153 4157 4156 
2078 4153 1680 4154 4157 
2079 4157 4154 1681 4155 
2080 4156 4157 4155 991 
2081 1945 4158 4162 4161 
2082 4158 1959 4159 4162 
2083 4162 4159 1960 4160 
2084 4161 4162 4160 1946 
2085 1928 4163 4167 4166 
2086 4163 1942 4164 4167 
2087 4167 4164 1943 4165 
2088 4166 4167 4165 1929 
2089 1823 4168 4172 4171 
2090 4168 1837 4169 4172 
2091 4172 4169 1838 4170 
2092 4171 4172 4170 1824 
2093 2173 3683 4176 4175 
2094 3683 2187 4173 4176 
2095 4176 4173 2188 4174 
2096 4175 4176 4174 2174 
2097 1736 4177 4181 4180 
2098 4177 1750 4178 4181 
2099 4181 4178 1751 4179 
2100 4180 4181 4179 1737 
2101 1631 4182 4186 4185 
2102 4182 1659 4183 4186 
2103 4186 4183 1660 4184 
2104 4185 4186 4184 1632 
2105 2451 3931 4189 4188 
2106 3931 2465 4187 4189 
2107 4189 4187 126 127 
2108 4188 4189 127 128 
2109 1488 4114 4193 4192 
2110 4114 1516 4190 4193 
2111 4193 4190 1517 4191 
2112 4192 4193 4191 1489 
2113 2235 4194 4197 4196 
2114 4194 2249 4195 4197 
2115 4197 4195 2250 3219 
2116 4196 4197 3219 2236 
2117 1507 4198 4202 4201 
2118 4198 1535 4199 4202 
2119 4202 4199 1536 4200 
2120 4201 4202 4200 1508 
2121 1586 4203 4207 4206 
2122 4203 1614 4204 4207 
2123 4207 4204 1615 4205 
2124 4206 4207 4205 1587 
2125 1557 4208 4212 4211 
2126 4208 1585 4209 4212 
2127 4212 4209 1586 4210 
2128 4211 4212 4210 1558 
2129 2437 4213 4215 4214 
2130 4213 2451 4188 4215 
2131 4215 4188 128 129 
2132 4214 4215 129 130 
2133 965 3712 4219 4218 
2134 3712 966 4216 4219 
2135 4219 4216 1244 4217 
2136 4218 4219 4217 1236 
2137 1388 4220 4224 4223 
2138 4220 1416 4221 4224 
2139 4224 4221 1417 4222 
2140 4223 4224 4222 1389 
2141 954 4225 4229 4228 
2142 4225 955 4226 4229 
2143 4229 4226 1156 4227 
2144 4228 4229 4227 1148 
2145 1982 4230 4233 4232 
2146 4230 1996 4231 4233 
2147 4233 4231 1997 3074 
2148 4232 4233 3074 1983 
2149 1019 4234 4238 4237 
2150 4234 912 4235 4238 
2151 4238 4235 914 4236 
2152 4237 4238 4236 1020 
2153 2295 4239 4242 3061 
2154 4239 2309 4240 4242 
2155 4242 4240 2310 4241 
2156 3061 4242 4241 2296 
2157 1001 4243 4246 3151 
2158 4243 1002 4244 4246 
2159 4246 4244 1808 4245 
2160 3151 4246 4245 1794 
2161 1836 4247 4251 4250 
2162 4247 1850 4248 4251 
2163 4251 4248 1851 4249 
2164 4250 4251 4249 1837 
2165 1443 4252 4255 4254 
2166 4252 1471 4253 4255 
2167 4255 4253 24 25 
2168 4254 4255 25 26 
2169 1599 4256 4260 4259 
2170 4256 1627 4257 4260 
2171 4260 4257 1628 4258 
2172 4259 4260 4258 1600 
2173 2187 4151 4262 4173 
2174 4151 2201 4261 4262 
2175 4262 4261 2202 3775 
2176 4173 4262 3775 2188 
2177 1423 4263 4267 4266 
2178 4263 1451 4264 4267 
2179 4267 4264 1452 4265 
2180 4266 4267 4265 1424 
2181 978 4268 4271 4270 
2182 4268 1668 3320 4271 
2183 4271 3320 1669 4269 
2184 4270 4271 4269 979 
2185 1409 4272 4276 4275 
2186 4272 1437 4273 4276 
2187 4276 4273 1438 4274 
2188 4275 4276 4274 1410 
2189 1716 4277 4280 4279 
2190 4277 1730 4278 4280 
2191 4280 4278 1731 2562 
2192 4279 4280 2562 1717 
2193 2123 4281 4285 4284 
2194 4281 2137 4282 4285 
2195 4285 4282 2138 4283 
2196 4284 4285 4283 2124 
2197 1747 4286 4290 4289 
2198 4286 1761 4287 4290 
2199 4290 4287 1762 4288 
2200 4289 4290 4288 1748 
2201 1576 4092 4293 4292 
2202 4092 1604 4291 4293 
2203 4293 4291 1605 3024 
2204 4292 4293 3024 1577 
2205 2319 3186 4296 4295 
2206 3186 2333 4294 4296 
2207 4296 4294 2334 3334 
2208 4295 4296 3334 2320 
2209 1292 4297 4301 4300 
2210 4297 1320 4298 4301 
2211 4301 4298 1321 4299 
2212 4300 4301 4299 1293 
2213 532 4302 4305 3519 
2214 4302 661 4303 4305 
2215 4305 4303 662 4304 
2216 3519 4305 4304 637 
2217 661 4306 4308 4303 
2218 4306 531 2570 4308 
2219 4308 2570 586 4307 
2220 4303 4308 4307 662 
2221 662 4307 4310 4309 
2222 4307 586 2577 4310 
2223 4310 2577 103 102 
2224 4309 4310 102 101 
2225 637 4304 4311 3522 
2226 4304 662 4309 4311 
2227 4311 4309 101 100 
2228 3522 4311 100 99 
2229 1323 4312 4315 4314 
2230 4312 1351 4313 4315 
2231 4315 4313 1352 3718 
2232 4314 4315 3718 1324 
2233 1506 4316 4319 4318 
2234 4316 1534 4317 4319 
2235 4319 4317 1535 4198 
2236 4318 4319 4198 1507 
2237 1008 4320 4324 4323 
2238 4320 890 4321 4324 
2239 4324 4321 892 4322 
2240 4323 4324 4322 1009 
2241 1873 2823 4326 4325 
2242 2823 1887 2947 4326 
2243 4326 2947 1888 3964 
2244 4325 4326 3964 1874 
2245 114 3843 4329 113 
2246 3843 654 4327 4329 
2247 4329 4327 664 4328 
2248 113 4329 4328 112 
2249 654 3840 4332 4327 
2250 3840 522 4330 4332 
2251 4332 4330 663 4331 
2252 4327 4332 4331 664 
2253 664 4331 4335 4334 
2254 4331 663 4333 4335 
2255 4335 4333 521 2978 
2256 4334 4335 2978 604 
2257 112 4328 4336 111 
2258 4328 664 4334 4336 
2259 4336 4334 604 2975 
2260 111 4336 2975 110 
2261 1225 2735 4339 4338 
2262 2735 1233 3576 4339 
2263 4339 3576 1234 4337 
2264 4338 4339 4337 1226 
2265 1281 4340 4344 4343 
2266 4340 1309 4341 4344 
2267 4344 4341 1310 4342 
2268 4343 4344 4342 1282 
2269 859 2859 4348 4347 
2270 2859 861 4345 4348 
2271 4348 4345 862 4346 
2272 4347 4348 4346 860 
2273 861 4349 4352 4345 
2274 4349 863 4350 4352 
2275 4352 4350 864 4351 
2276 4345 4352 4351 862 
2277 2077 4353 4356 4036 
2278 4353 2091 4354 4356 
2279 4356 4354 2092 4355 
2280 4036 4356 4355 2078 
2281 1589 2634 4359 4358 
2282 2634 1617 3371 4359 
2283 4359 3371 1618 4357 
2284 4358 4359 4357 1590 
2285 1018 3668 4362 4361 
2286 3668 910 4360 4362 
2287 4362 4360 912 4234 
2288 4361 4362 4234 1019 
2289 1264 4363 4366 4365 
2290 4363 1272 3620 4366 
2291 4366 3620 1273 4364 
2292 4365 4366 4364 1265 
2293 1410 4274 4369 3404 
2294 4274 1438 4367 4369 
2295 4369 4367 1439 4368 
2296 3404 4369 4368 1411 
2297 1180 4370 4373 2900 
2298 4370 1188 4371 4373 
2299 4373 4371 1189 4372 
2300 2900 4373 4372 1181 
2301 1030 4374 4377 4376 
2302 4374 1031 4375 4377 
2303 4377 4375 2214 2725 
2304 4376 4377 2725 2200 
2305 2082 4378 4382 4381 
2306 4378 2096 4379 4382 
2307 4382 4379 2097 4380 
2308 4381 4382 4380 2083 
2309 2302 4383 4387 4386 
2310 4383 2316 4384 4387 
2311 4387 4384 2317 4385 
2312 4386 4387 4385 2303 
2313 1633 4388 4391 2954 
2314 4388 1661 4389 4391 
2315 4391 4389 1662 4390 
2316 2954 4391 4390 1634 
2317 1522 3290 4394 4393 
2318 3290 1550 4392 4394 
2319 4394 4392 1551 3939 
2320 4393 4394 3939 1523 
2321 2306 4395 4398 4397 
2322 4395 2320 3337 4398 
2323 4398 3337 2321 4396 
2324 4397 4398 4396 2307 
2325 2381 3476 4401 4400 
2326 3476 2395 4399 4401 
2327 4401 4399 136 137 
2328 4400 4401 137 138 
2329 1685 4402 4404 2793 
2330 4402 1699 3468 4404 
2331 4404 3468 1700 4403 
2332 2793 4404 4403 1686 
2333 2342 4405 4409 4408 
2334 4405 2356 4406 4409 
2335 4409 4406 2357 4407 
2336 4408 4409 4407 2343 
2337 1503 4410 4413 2529 
2338 4410 1531 4411 4413 
2339 4413 4411 1532 4412 
2340 2529 4413 4412 1504 
2341 2116 4414 4415 3672 
2342 4414 2130 2708 4415 
2343 4415 2708 2131 3740 
2344 3672 4415 3740 2117 
2345 2328 4416 4419 4418 
2346 4416 2342 4408 4419 
2347 4419 4408 2343 4417 
2348 4418 4419 4417 2329 
2349 1203 4420 4423 4422 
2350 4420 1211 4421 4423 
2351 4423 4421 315 316 
2352 4422 4423 316 317 
2353 2043 4424 4428 4427 
2354 4424 2057 4425 4428 
2355 4428 4425 2058 4426 
2356 4427 4428 4426 2044 
2357 795 4429 4432 3850 
2358 4429 803 4430 4432 
2359 4432 4430 804 4431 
2360 3850 4432 4431 796 
2361 368 369 4436 4435 
2362 369 370 4433 4436 
2363 4436 4433 827 4434 
2364 4435 4436 4434 819 
2365 813 3918 4440 4439 
2366 3918 821 4437 4440 
2367 4440 4437 822 4438 
2368 4439 4440 4438 814 
2369 1885 4441 4444 4443 
2370 4441 1899 3246 4444 
2371 4444 3246 1900 4442 
2372 4443 4444 4442 1886 
2373 1529 3240 4447 4446 
2374 3240 1557 4211 4447 
2375 4447 4211 1558 4445 
2376 4446 4447 4445 1530 
2377 1991 4448 4452 4451 
2378 4448 2005 4449 4452 
2379 4452 4449 2006 4450 
2380 4451 4452 4450 1992 
2381 1626 4453 4456 4455 
2382 4453 1654 3453 4456 
2383 4456 3453 1655 4454 
2384 4455 4456 4454 1627 
2385 1807 2828 4458 3285 
2386 2828 1821 4457 4458 
2387 4458 4457 218 219 
2388 3285 4458 219 220 
2389 1653 4459 4461 4460 
2390 4459 268 269 4461 
2391 4461 269 270 3451 
2392 4460 4461 3451 1654 
2393 790 3913 4464 3805 
2394 3913 798 4462 4464 
2395 4464 4462 799 4463 
2396 3805 4464 4463 791 
2397 817 4465 4469 4468 
2398 4465 825 4466 4469 
2399 4469 4466 826 4467 
2400 4468 4469 4467 818 
2401 1282 4342 4472 4471 
2402 4342 1310 2610 4472 
2403 4472 2610 1311 4470 
2404 4471 4472 4470 1283 
2405 1206 4473 4476 4475 
2406 4473 1214 3031 4476 
2407 4476 3031 1215 4474 
2408 4475 4476 4474 1207 
2409 1016 4477 4480 4479 
2410 4477 906 4478 4480 
2411 4480 4478 908 3666 
2412 4479 4480 3666 1017 
2413 1550 4481 4484 4392 
2414 4481 1578 4482 4484 
2415 4484 4482 1579 4483 
2416 4392 4484 4483 1551 
2417 1780 3152 4488 4487 
2418 3152 1794 4485 4488 
2419 4488 4485 1795 4486 
2420 4487 4488 4486 1781 
2421 1432 4489 4493 4492 
2422 4489 1460 4490 4493 
2423 4493 4490 1461 4491 
2424 4492 4493 4491 1433 
2425 857 4494 4498 4497 
2426 4494 750 4495 4498 
2427 4498 4495 749 4496 
2428 4497 4498 4496 858 
2429 846 4499 4503 4502 
2430 4499 854 4500 4503 
2431 4503 4500 855 4501 
2432 4502 4503 4501 847 
2433 1625 4504 4505 2603 
2434 4504 1653 4460 4505 
2435 4505 4460 1654 4453 
2436 2603 4505 4453 1626 
2437 1349 4506 4510 4509 
2438 4506 1377 4507 4510 
2439 4510 4507 1378 4508 
2440 4509 4510 4508 1350 
2441 1791 4511 4515 4514 
2442 4511 1805 4512 4515 
2443 4515 4512 1806 4513 
2444 4514 4515 4513 1792 
2445 984 4516 4520 4519 
2446 4516 1674 4517 4520 
2447 4520 4517 1675 4518 
2448 4519 4520 4518 985 
2449 1379 4521 4525 4524 
2450 4521 1407 4522 4525 
2451 4525 4522 1408 4523 
2452 4524 4525 4523 1380 
2453 2436 2639 4527 4526 
2454 2639 2450 3932 4527 
2455 4527 3932 2451 4213 
2456 4526 4527 4213 2437 
2457 2074 4528 4532 4531 
2458 4528 2088 4529 4532 
2459 4532 4529 2089 4530 
2460 4531 4532 4530 2075 
2461 2472 4533 4537 4536 
2462 4533 2486 4534 4537 
2463 4537 4534 2487 4535 
2464 4536 4537 4535 2473 
2465 1946 4160 4541 4540 
2466 4160 1960 4538 4541 
2467 4541 4538 1961 4539 
2468 4540 4541 4539 1947 
2469 1050 4542 4546 4545 
2470 4542 1051 4543 4546 
2471 4546 4543 2494 4544 
2472 4545 4546 4544 2480 
2473 1338 4547 4550 2608 
2474 4547 1366 4548 4550 
2475 4550 4548 1367 4549 
2476 2608 4550 4549 1339 
2477 2109 4551 4553 4552 
2478 4551 2123 4284 4553 
2479 4553 4284 2124 3509 
2480 4552 4553 3509 2110 
2481 1959 4554 4557 4159 
2482 4554 1973 4555 4557 
2483 4557 4555 1974 4556 
2484 4159 4557 4556 1960 
2485 2455 4558 4562 4561 
2486 4558 2469 4559 4562 
2487 4562 4559 2470 4560 
2488 4561 4562 4560 2456 
2489 1405 4563 4567 4566 
2490 4563 1433 4564 4567 
2491 4567 4564 1434 4565 
2492 4566 4567 4565 1406 
2493 1674 4568 4570 4517 
2494 4568 1688 4569 4570 
2495 4570 4569 1689 3903 
2496 4517 4570 3903 1675 
2497 1517 4571 4575 4574 
2498 4571 1545 4572 4575 
2499 4575 4572 1546 4573 
2500 4574 4575 4573 1518 
2501 1311 2609 4579 4578 
2502 2609 1339 4576 4579 
2503 4579 4576 1340 4577 
2504 4578 4579 4577 1312 
2505 2067 4580 4583 4096 
2506 4580 2081 4581 4583 
2507 4583 4581 2082 4582 
2508 4096 4583 4582 2068 
2509 2228 4584 4588 4587 
2510 4584 2242 4585 4588 
2511 4588 4585 2243 4586 
2512 4587 4588 4586 2229 
2513 2422 4589 4592 4591 
2514 4589 2436 4526 4592 
2515 4592 4526 2437 4590 
2516 4591 4592 4590 2423 
2517 1152 2667 4596 4595 
2518 2667 1160 4593 4596 
2519 4596 4593 1161 4594 
2520 4595 4596 4594 1153 
2521 1175 4597 4601 4600 
2522 4597 1183 4598 4601 
2523 4601 4598 1184 4599 
2524 4600 4601 4599 1176 
2525 1898 4602 4605 4604 
2526 4602 1912 4603 4605 
2527 4605 4603 1913 3243 
2528 4604 4605 3243 1899 
2529 2078 4355 4609 4608 
2530 4355 2092 4606 4609 
2531 4609 4606 2093 4607 
2532 4608 4609 4607 2079 
2533 1641 4610 4613 4612 
2534 4610 244 245 4613 
2535 4613 245 246 4611 
2536 4612 4613 4611 1642 
2537 2206 4614 4618 4617 
2538 4614 2220 4615 4618 
2539 4618 4615 2221 4616 
2540 4617 4618 4616 2207 
2541 927 4619 4622 3696 
2542 4619 651 4620 4622 
2543 4622 4620 518 4621 
2544 3696 4622 4621 928 
2545 1016 4479 4626 4625 
2546 4479 1017 4623 4626 
2547 4626 4623 2018 4624 
2548 4625 4626 4624 2004 
2549 1291 4627 4630 4629 
2550 4627 1319 4628 4630 
2551 4630 4628 1320 4297 
2552 4629 4630 4297 1292 
2553 2411 4631 4635 4634 
2554 4631 2425 4632 4635 
2555 4635 4632 2426 4633 
2556 4634 4635 4633 2412 
2557 1038 4636 4639 2783 
2558 4636 1039 4637 4639 
2559 4639 4637 2326 4638 
2560 2783 4639 4638 2312 
2561 1312 4577 4643 4642 
2562 4577 1340 4640 4643 
2563 4643 4640 1341 4641 
2564 4642 4643 4641 1313 
2565 1002 4644 4648 4647 
2566 4644 878 4645 4648 
2567 4648 4645 880 4646 
2568 4647 4648 4646 1003 
2569 1964 3598 4652 4651 
2570 3598 1978 4649 4652 
2571 4652 4649 1979 4650 
2572 4651 4652 4650 1965 
2573 1155 4653 4656 4655 
2574 4653 1163 4654 4656 
2575 4656 4654 327 328 
2576 4655 4656 328 329 
2577 2163 2540 4659 4658 
2578 2540 2177 3748 4659 
2579 4659 3748 2178 4657 
2580 4658 4659 4657 2164 
2581 2049 4660 4663 4662 
2582 4660 2063 4038 4663 
2583 4663 4038 2064 4661 
2584 4662 4663 4661 2050 
2585 847 4501 4667 4666 
2586 4501 855 4664 4667 
2587 4667 4664 856 4665 
2588 4666 4667 4665 848 
2589 2242 4668 4670 4585 
2590 4668 2256 4669 4670 
2591 4670 4669 2257 4081 
2592 4585 4670 4081 2243 
2593 1215 3030 4673 4672 
2594 3030 1223 2546 4673 
2595 4673 2546 1224 4671 
2596 4672 4673 4671 1216 
2597 1297 4674 4678 4677 
2598 4674 1325 4675 4678 
2599 4678 4675 1326 4676 
2600 4677 4678 4676 1298 
2601 1527 4679 4680 3328 
2602 4679 1555 4054 4680 
2603 4680 4054 18 19 
2604 3328 4680 19 20 
2605 553 4681 4684 4012 
2606 4681 666 4682 4684 
2607 4684 4682 668 4683 
2608 4012 4684 4683 656 
2609 666 4685 4687 4682 
2610 4685 529 2964 4687 
2611 4687 2964 601 4686 
2612 4682 4687 4686 668 
2613 668 4686 4690 4689 
2614 4686 601 2961 4690 
2615 4690 2961 530 4688 
2616 4689 4690 4688 667 
2617 656 4683 4692 4017 
2618 4683 668 4689 4692 
2619 4692 4689 667 4691 
2620 4017 4692 4691 552 
2621 564 3558 4696 4695 
2622 3558 641 4693 4696 
2623 4696 4693 671 4694 
2624 4695 4696 4694 670 
2625 641 3555 4699 4693 
2626 3555 563 4697 4699 
2627 4699 4697 669 4698 
2628 4693 4699 4698 671 
2629 671 4698 4702 4701 
2630 4698 669 4700 4702 
2631 4702 4700 576 2985 
2632 4701 4702 2985 606 
2633 670 4694 4704 4703 
2634 4694 671 4701 4704 
2635 4704 4701 606 2980 
2636 4703 4704 2980 575 
2637 400 3731 4707 399 
2638 3731 649 4705 4707 
2639 4707 4705 673 4706 
2640 399 4707 4706 398 
2641 649 3728 4710 4705 
2642 3728 574 4708 4710 
2643 4710 4708 672 4709 
2644 4705 4710 4709 673 
2645 673 4709 4713 4712 
2646 4709 672 4711 4713 
2647 4713 4711 575 2983 
2648 4712 4713 2983 608 
2649 398 4706 4714 397 
2650 4706 673 4712 4714 
2651 4714 4712 608 2992 
2652 397 4714 2992 396 
2653 573 4715 4718 3010 
2654 4715 674 4716 4718 
2655 4718 4716 676 4717 
2656 3010 4718 4717 611 
2657 674 4719 4722 4716 
2658 4719 570 4720 4722 
2659 4722 4720 675 4721 
2660 4716 4722 4721 676 
2661 808 4723 4727 4726 
2662 4723 816 4724 4727 
2663 4727 4724 817 4725 
2664 4726 4727 4725 809 
2665 1618 3370 4730 4729 
2666 3370 1646 4728 4730 
2667 4730 4728 1647 3794 
2668 4729 4730 3794 1619 
2669 1547 4731 4734 4733 
2670 4731 1575 4093 4734 
2671 4734 4093 1576 4732 
2672 4733 4734 4732 1548 
2673 1046 4735 4739 4738 
2674 4735 1047 4736 4739 
2675 4739 4736 2438 4737 
2676 4738 4739 4737 2424 
2677 2179 4740 4744 4743 
2678 4740 2193 4741 4744 
2679 4744 4741 2194 4742 
2680 4743 4744 4742 2180 
2681 2207 4616 4748 4747 
2682 4616 2221 4745 4748 
2683 4748 4745 2222 4746 
2684 4747 4748 4746 2208 
2685 1743 4749 4752 2628 
2686 4749 1757 4750 4752 
2687 4752 4750 1758 4751 
2688 2628 4752 4751 1744 
2689 1444 4753 4757 4756 
2690 4753 1472 4754 4757 
2691 4757 4754 1473 4755 
2692 4756 4757 4755 1445 
2693 2219 4758 4762 4761 
2694 4758 2233 4759 4762 
2695 4762 4759 2234 4760 
2696 4761 4762 4760 2220 
2697 2161 4763 4765 4764 
2698 4763 2175 3068 4765 
2699 4765 3068 2176 2538 
2700 4764 4765 2538 2162 
2701 1129 4766 4768 4767 
2702 4766 1137 3296 4768 
2703 4768 3296 1138 2797 
2704 4767 4768 2797 1130 
2705 1195 4769 4771 4770 
2706 4769 1203 4422 4771 
2707 4771 4422 317 318 
2708 4770 4771 318 319 
2709 2500 4772 4776 4775 
2710 4772 538 4773 4776 
2711 4776 4773 579 4774 
2712 4775 4776 4774 2501 
2713 528 4777 4780 2579 
2714 4777 677 4778 4780 
2715 4780 4778 680 4779 
2716 2579 4780 4779 588 
2717 677 4781 4784 4778 
2718 4781 550 4782 4784 
2719 4784 4782 678 4783 
2720 4778 4784 4783 680 
2721 680 4783 4788 4787 
2722 4783 678 4785 4788 
2723 4788 4785 544 4786 
2724 4787 4788 4786 679 
2725 588 4779 4790 2584 
2726 4779 680 4787 4790 
2727 4790 4787 679 4789 
2728 2584 4790 4789 527 
2729 1437 3737 4793 4273 
2730 3737 1465 4791 4793 
2731 4793 4791 1466 4792 
2732 4273 4793 4792 1438 
2733 1919 4794 4797 4796 
2734 4794 1933 4795 4797 
2735 4797 4795 202 203 
2736 4796 4797 203 204 
2737 1032 4798 4802 4801 
2738 4798 810 4799 4802 
2739 4802 4799 818 4800 
2740 4801 4802 4800 1033 
2741 1562 4803 4806 4805 
2742 4803 1590 4804 4806 
2743 4806 4804 1591 3496 
2744 4805 4806 3496 1563 
2745 1569 4807 4810 4809 
2746 4807 1597 2605 4810 
2747 4810 2605 1598 4808 
2748 4809 4810 4808 1570 
2749 1136 4811 4814 4813 
2750 4811 1144 4812 4814 
2751 4814 4812 1145 3293 
2752 4813 4814 3293 1137 
2753 1351 4815 4817 4313 
2754 4815 1379 4524 4817 
2755 4817 4524 1380 4816 
2756 4313 4817 4816 1352 
2757 1805 4818 4820 4512 
2758 4818 1819 4819 4820 
2759 4820 4819 1820 2826 
2760 4512 4820 2826 1806 
2761 1345 4821 4823 4822 
2762 4821 1373 3440 4823 
2763 4823 3440 1374 3169 
2764 4822 4823 3169 1346 
2765 1226 4337 4827 4826 
2766 4337 1234 4824 4827 
2767 4827 4824 1235 4825 
2768 4826 4827 4825 1227 
2769 1147 4828 4830 4829 
2770 4828 1155 4655 4830 
2771 4830 4655 329 330 
2772 4829 4830 330 331 
2773 1350 4508 4833 4832 
2774 4508 1378 4831 4833 
2775 4833 4831 1379 4815 
2776 4832 4833 4815 1351 
2777 1451 4834 4837 4264 
2778 4834 1479 4835 4837 
2779 4837 4835 1480 4836 
2780 4264 4837 4836 1452 
2781 1046 4838 4840 4735 
2782 4838 555 4839 4840 
2783 4840 4839 741 2710 
2784 4735 4840 2710 1047 
2785 1029 4841 4845 4844 
2786 4841 786 4842 4845 
2787 4845 4842 794 4843 
2788 4844 4845 4843 1030 
2789 1253 3506 4848 3461 
2790 3506 1261 4846 4848 
2791 4848 4846 1262 4847 
2792 3461 4848 4847 1254 
2793 2033 4849 4852 4851 
2794 4849 2047 3105 4852 
2795 4852 3105 2048 4850 
2796 4851 4852 4850 2034 
2797 1041 4853 4857 4856 
2798 4853 1042 4854 4857 
2799 4857 4854 2368 4855 
2800 4856 4857 4855 2354 
2801 2333 4858 4861 4294 
2802 4858 2347 4859 4861 
2803 4861 4859 2348 4860 
2804 4294 4861 4860 2334 
2805 2478 4862 4865 2676 
2806 4862 2492 4863 4865 
2807 4865 4863 2493 4864 
2808 2676 4865 4864 2479 
2809 1254 4847 4868 4867 
2810 4847 1262 4866 4868 
2811 4868 4866 1263 3042 
2812 4867 4868 3042 1255 
2813 1931 4869 4872 4871 
2814 4869 1945 4161 4872 
2815 4872 4161 1946 4870 
2816 4871 4872 4870 1932 
2817 959 4873 4876 4875 
2818 4873 960 3894 4876 
2819 4876 3894 1196 4874 
2820 4875 4876 4874 1188 
2821 1427 3457 4878 4877 
2822 3457 1455 2521 4878 
2823 4878 2521 1456 3999 
2824 4877 4878 3999 1428 
2825 2431 4879 4883 4882 
2826 4879 2445 4880 4883 
2827 4883 4880 2446 4881 
2828 4882 4883 4881 2432 
2829 1970 4884 4887 4886 
2830 4884 1984 3611 4887 
2831 4887 3611 1985 4885 
2832 4886 4887 4885 1971 
2833 1145 4888 4891 3294 
2834 4888 1153 4889 4891 
2835 4891 4889 1154 4890 
2836 3294 4891 4890 1146 
2837 999 4892 4895 4894 
2838 4892 1000 3153 4895 
2839 4895 3153 1780 4893 
2840 4894 4895 4893 1766 
2841 526 4896 4899 2911 
2842 4896 681 4897 4899 
2843 4899 4897 683 4898 
2844 2911 4899 4898 598 
2845 681 4900 4903 4897 
2846 4900 542 4901 4903 
2847 4903 4901 682 4902 
2848 4897 4903 4902 683 
2849 683 4902 4906 4905 
2850 4902 682 4904 4906 
2851 4906 4904 552 4691 
2852 4905 4906 4691 667 
2853 598 4898 4907 2914 
2854 4898 683 4905 4907 
2855 4907 4905 667 4688 
2856 2914 4907 4688 530 
2857 1127 4908 4912 4911 
2858 4908 1135 4909 4912 
2859 4912 4909 1136 4910 
2860 4911 4912 4910 1128 
2861 500 501 4916 4915 
2862 501 502 4913 4916 
2863 4916 4913 925 4914 
2864 4915 4916 4914 923 
2865 1004 4917 4920 4919 
2866 4917 1005 4918 4920 
2867 4920 4918 1850 4247 
2868 4919 4920 4247 1836 
2869 891 4921 4925 4924 
2870 4921 893 4922 4925 
2871 4925 4922 894 4923 
2872 4924 4925 4923 892 
2873 964 4926 4929 4928 
2874 4926 1298 4927 4929 
2875 4929 4927 1299 3709 
2876 4928 4929 3709 965 
2877 1049 4930 4933 4932 
2878 4930 1050 4545 4933 
2879 4933 4545 2480 4931 
2880 4932 4933 4931 2466 
2881 1013 4934 4938 4937 
2882 4934 900 4935 4938 
2883 4938 4935 902 4936 
2884 4937 4938 4936 1014 
2885 986 4939 4942 4941 
2886 4939 1676 3679 4942 
2887 4942 3679 1677 4940 
2888 4941 4942 4940 987 
2889 1244 4943 4945 4944 
2890 4943 1252 3507 4945 
2891 4945 3507 1253 3460 
2892 4944 4945 3460 1245 
2893 1735 4946 4948 4947 
2894 4946 1749 3981 4948 
2895 4948 3981 1750 4177 
2896 4947 4948 4177 1736 
2897 2254 4949 4953 4952 
2898 4949 2268 4950 4953 
2899 4953 4950 2269 4951 
2900 4952 4953 4951 2255 
2901 1870 2619 4957 4956 
2902 2619 1884 4954 4957 
2903 4957 4954 1885 4955 
2904 4956 4957 4955 1871 
2905 2249 4009 4960 4195 
2906 4009 2263 4958 4960 
2907 4960 4958 2264 4959 
2908 4195 4960 4959 2250 
2909 1448 2950 4963 4962 
2910 2950 1476 3100 4963 
2911 4963 3100 1477 4961 
2912 4962 4963 4961 1449 
2913 2011 4964 4968 4967 
2914 4964 2025 4965 4968 
2915 4968 4965 2026 4966 
2916 4967 4968 4966 2012 
2917 1796 3936 4972 4971 
2918 3936 1810 4969 4972 
2919 4972 4969 1811 4970 
2920 4971 4972 4970 1797 
2921 563 4973 4976 4697 
2922 4973 684 4974 4976 
2923 4976 4974 686 4975 
2924 4697 4976 4975 669 
2925 684 4977 4980 4974 
2926 4977 569 4978 4980 
2927 4980 4978 685 4979 
2928 4974 4980 4979 686 
2929 686 4979 4983 4982 
2930 4979 685 4981 4983 
2931 4983 4981 572 3201 
2932 4982 4983 3201 622 
2933 669 4975 4984 4700 
2934 4975 686 4982 4984 
2935 4984 4982 622 3197 
2936 4700 4984 3197 576 
2937 1640 3448 4986 4985 
2938 3448 242 243 4986 
2939 4986 243 244 4610 
2940 4985 4986 4610 1641 
2941 1037 3429 4989 2782 
2942 3429 850 4987 4989 
2943 4989 4987 858 4988 
2944 2782 4989 4988 1038 
2945 1710 4990 4993 4992 
2946 4990 1724 4991 4993 
2947 4993 4991 1725 3363 
2948 4992 4993 3363 1711 
2949 1524 3941 4997 4996 
2950 3941 1552 4994 4997 
2951 4997 4994 1553 4995 
2952 4996 4997 4995 1525 
2953 423 4998 5001 422 
2954 4998 592 4999 5001 
2955 5001 4999 688 5000 
2956 422 5001 5000 421 
2957 592 5002 5005 4999 
2958 5002 533 5003 5005 
2959 5005 5003 687 5004 
2960 4999 5005 5004 688 
2961 688 5004 5008 5007 
2962 5004 687 3961 5008 
2963 5008 3961 517 5006 
2964 5007 5008 5006 580 
2965 421 5000 5010 420 
2966 5000 688 5007 5010 
2967 5010 5007 580 5009 
2968 420 5010 5009 419 
2969 939 5011 5015 5014 
2970 5011 940 5012 5015 
2971 5015 5012 931 5013 
2972 5014 5015 5013 932 
2973 1698 5016 5019 5018 
2974 5016 1712 5017 5019 
2975 5019 5017 1713 3465 
2976 5018 5019 3465 1699 
2977 929 5020 5023 5022 
2978 5020 930 5021 5023 
2979 5023 5021 859 4347 
2980 5022 5023 4347 860 
2981 1718 2564 5027 5026 
2982 2564 1732 5024 5027 
2983 5027 5024 1733 5025 
2984 5026 5027 5025 1719 
2985 969 5028 5031 5030 
2986 5028 1303 5029 5031 
2987 5031 5029 36 37 
2988 5030 5031 37 38 
2989 885 5032 5036 5035 
2990 5032 887 5033 5036 
2991 5036 5033 888 5034 
2992 5035 5036 5034 886 
2993 955 5037 5041 5040 
2994 5037 1289 5038 5041 
2995 5041 5038 1290 5039 
2996 5040 5041 5039 956 
2997 1221 5042 5046 5045 
2998 5042 1229 5043 5046 
2999 5046 5043 1230 5044 
3000 5045 5046 5044 1222 
3001 1741 5047 5050 3614 
3002 5047 1755 5048 5050 
3003 5050 5048 1756 5049 
3004 3614 5050 5049 1742 
3005 2055 3593 5054 5053 
3006 3593 2069 5051 5054 
3007 5054 5051 2070 5052 
3008 5053 5054 5052 2056 
3009 1492 4074 5058 5057 
3010 4074 1520 5055 5058 
3011 5058 5055 1521 5056 
3012 5057 5058 5056 1493 
3013 1012 5059 5063 5062 
3014 5059 1013 5060 5063 
3015 5063 5060 1962 5061 
3016 5062 5063 5061 1948 
3017 1824 4170 5066 5065 
3018 4170 1838 5064 5066 
3019 5066 5064 1839 3094 
3020 5065 5066 3094 1825 
3021 1401 5067 5069 3438 
3022 5067 1429 2615 5069 
3023 5069 2615 1430 5068 
3024 3438 5069 5068 1402 
3025 2036 5070 5073 5072 
3026 5070 2050 5071 5073 
3027 5073 5071 2051 3339 
3028 5072 5073 3339 2037 
3029 1812 5074 5077 5076 
3030 5074 1826 2741 5077 
3031 5077 2741 1827 5075 
3032 5076 5077 5075 1813 
3033 1039 5078 5081 4637 
3034 5078 1040 5079 5081 
3035 5081 5079 2340 5080 
3036 4637 5081 5080 2326 
3037 2453 5082 5086 5085 
3038 5082 2467 5083 5086 
3039 5086 5083 2468 5084 
3040 5085 5086 5084 2454 
3041 1023 5087 5090 5089 
3042 5087 1024 5088 5090 
3043 5090 5088 2116 3671 
3044 5089 5090 3671 2102 
3045 2398 5091 5095 5094 
3046 5091 2412 5092 5095 
3047 5095 5092 2413 5093 
3048 5094 5095 5093 2399 
3049 2371 5096 5098 5097 
3050 5096 2385 3659 5098 
3051 5098 3659 2386 3037 
3052 5097 5098 3037 2372 
3053 1608 5099 5103 5102 
3054 5099 1636 5100 5103 
3055 5103 5100 1637 5101 
3056 5102 5103 5101 1609 
3057 572 4981 5106 3261 
3058 4981 685 5104 5106 
3059 5106 5104 691 5105 
3060 3261 5106 5105 627 
3061 685 4978 5109 5104 
3062 4978 569 5107 5109 
3063 5109 5107 689 5108 
3064 5104 5109 5108 691 
3065 691 5108 5113 5112 
3066 5108 689 5110 5113 
3067 5113 5110 568 5111 
3068 5112 5113 5111 690 
3069 627 5105 5115 3264 
3070 5105 691 5112 5115 
3071 5115 5112 690 5114 
3072 3264 5115 5114 571 
3073 1767 5116 5120 5119 
3074 5116 1781 5117 5120 
3075 5120 5117 1782 5118 
3076 5119 5120 5118 1768 
3077 845 3001 5122 3947 
3078 3001 853 5121 5122 
3079 5122 5121 854 4499 
3080 3947 5122 4499 846 
3081 1288 5123 5127 5126 
3082 5123 1316 5124 5127 
3083 5127 5124 1317 5125 
3084 5126 5127 5125 1289 
3085 1871 4955 5129 5128 
3086 4955 1885 4443 5129 
3087 5129 4443 1886 2821 
3088 5128 5129 2821 1872 
3089 2258 5130 5134 5133 
3090 5130 2272 5131 5134 
3091 5134 5131 2273 5132 
3092 5133 5134 5132 2259 
3093 1955 5135 5139 5138 
3094 5135 1969 5136 5139 
3095 5139 5136 1970 5137 
3096 5138 5139 5137 1956 
3097 998 5140 5142 3888 
3098 5140 999 4894 5142 
3099 5142 4894 1766 5141 
3100 3888 5142 5141 1752 
3101 1285 5143 5146 3692 
3102 5143 1313 5144 5146 
3103 5146 5144 1314 5145 
3104 3692 5146 5145 1286 
3105 554 5147 5150 4025 
3106 5147 692 5148 5150 
3107 5150 5148 695 5149 
3108 4025 5150 5149 659 
3109 692 5151 5154 5148 
3110 5151 549 5152 5154 
3111 5154 5152 693 5153 
3112 5148 5154 5153 695 
3113 695 5153 5158 5157 
3114 5153 693 5155 5158 
3115 5158 5155 550 5156 
3116 5157 5158 5156 694 
3117 659 5149 5160 4015 
3118 5149 695 5157 5160 
3119 5160 5157 694 5159 
3120 4015 5160 5159 553 
3121 1832 5161 5165 5164 
3122 5161 1846 5162 5165 
3123 5165 5162 1847 5163 
3124 5164 5165 5163 1833 
3125 1357 5166 5169 5168 
3126 5166 1385 3311 5169 
3127 5169 3311 1386 5167 
3128 5168 5169 5167 1358 
3129 1348 5170 5173 5172 
3130 5170 1376 5171 5173 
3131 5173 5171 1377 4506 
3132 5172 5173 4506 1349 
3133 2356 5174 5177 4406 
3134 5174 2370 5175 5177 
3135 5177 5175 2371 5176 
3136 4406 5177 5176 2357 
3137 525 5178 5181 3017 
3138 5178 696 5179 5181 
3139 5181 5179 698 5180 
3140 3017 5181 5180 614 
3141 696 5182 5185 5179 
3142 5182 540 5183 5185 
3143 5185 5183 697 5184 
3144 5179 5185 5184 698 
3145 698 5184 5188 5187 
3146 5184 697 5186 5188 
3147 5188 5186 542 4900 
3148 5187 5188 4900 681 
3149 614 5180 5189 3020 
3150 5180 698 5187 5189 
3151 5189 5187 681 4896 
3152 3020 5189 4896 526 
3153 557 5190 5194 5193 
3154 5190 699 5191 5194 
3155 5194 5191 703 5192 
3156 5193 5194 5192 702 
3157 699 5195 5198 5191 
3158 5195 558 5196 5198 
3159 5198 5196 700 5197 
3160 5191 5198 5197 703 
3161 703 5197 5202 5201 
3162 5197 700 5199 5202 
3163 5202 5199 562 5200 
3164 5201 5202 5200 701 
3165 702 5192 5205 5204 
3166 5192 703 5201 5205 
3167 5205 5201 701 5203 
3168 5204 5205 5203 561 
3169 568 5206 5210 5209 
3170 5206 704 5207 5210 
3171 5210 5207 708 5208 
3172 5209 5210 5208 707 
3173 704 5211 5214 5207 
3174 5211 557 5212 5214 
3175 5214 5212 705 5213 
3176 5207 5214 5213 708 
3177 708 5213 5218 5217 
3178 5213 705 5215 5218 
3179 5218 5215 559 5216 
3180 5217 5218 5216 706 
3181 707 5208 5221 5220 
3182 5208 708 5217 5221 
3183 5221 5217 706 5219 
3184 5220 5221 5219 570 
3185 2343 4407 5225 5224 
3186 4407 2357 5222 5225 
3187 5225 5222 2358 5223 
3188 5224 5225 5223 2344 
3189 2167 3147 5228 5227 
3190 3147 2181 2864 5228 
3191 5228 2864 2182 5226 
3192 5227 5228 5226 2168 
3193 1905 5229 5231 5230 
3194 5229 1919 4796 5231 
3195 5231 4796 204 205 
3196 5230 5231 205 206 
3197 1261 2722 5234 4846 
3198 2722 1269 5232 5234 
3199 5234 5232 1270 5233 
3200 4846 5234 5233 1262 
3201 569 5235 5238 5107 
3202 5235 709 5236 5238 
3203 5238 5236 710 5237 
3204 5107 5238 5237 689 
3205 709 5239 5241 5236 
3206 5239 558 5195 5241 
3207 5241 5195 699 5240 
3208 5236 5241 5240 710 
3209 710 5240 5243 5242 
3210 5240 699 5190 5243 
3211 5243 5190 557 5211 
3212 5242 5243 5211 704 
3213 689 5237 5244 5110 
3214 5237 710 5242 5244 
3215 5244 5242 704 5206 
3216 5110 5244 5206 568 
3217 1169 5245 5249 5248 
3218 5245 1177 5246 5249 
3219 5249 5246 1178 5247 
3220 5248 5249 5247 1170 
3221 990 4156 5252 5251 
3222 4156 991 3449 5252 
3223 5252 3449 1640 5250 
3224 5251 5252 5250 1612 
3225 1994 5253 5257 5256 
3226 5253 2008 5254 5257 
3227 5257 5254 2009 5255 
3228 5256 5257 5255 1995 
3229 2430 3053 5259 2926 
3230 3053 2444 5258 5259 
3231 5259 5258 2445 4879 
3232 2926 5259 4879 2431 
3233 1678 3900 5263 5262 
3234 3900 1692 5260 5263 
3235 5263 5260 1693 5261 
3236 5262 5263 5261 1679 
3237 1624 5264 5267 5266 
3238 5264 1652 5265 5267 
3239 5267 5265 1653 4504 
3240 5266 5267 4504 1625 
3241 1918 5268 5271 5270 
3242 5268 1932 5269 5271 
3243 5271 5269 1933 4794 
3244 5270 5271 4794 1919 
3245 1259 5272 5274 3108 
3246 5272 1267 5273 5274 
3247 5274 5273 301 302 
3248 3108 5274 302 303 
3249 2497 5275 5279 5278 
3250 5275 730 5276 5279 
3251 5279 5276 541 5277 
3252 5278 5279 5277 2498 
3253 905 5280 5283 5282 
3254 5280 907 5281 5283 
3255 5283 5281 908 4478 
3256 5282 5283 4478 906 
3257 1390 5284 5288 5287 
3258 5284 1418 5285 5288 
3259 5288 5285 1419 5286 
3260 5287 5288 5286 1391 
3261 1794 4245 5290 4485 
3262 4245 1808 5289 5290 
3263 5290 5289 1809 3934 
3264 4485 5290 3934 1795 
3265 2089 5291 5295 5294 
3266 5291 2103 5292 5295 
3267 5295 5292 2104 5293 
3268 5294 5295 5293 2090 
3269 976 5296 5299 3960 
3270 5296 977 5297 5299 
3271 5299 5297 581 5298 
3272 3960 5299 5298 517 
3273 2473 4535 5303 5302 
3274 4535 2487 5300 5303 
3275 5303 5300 2488 5301 
3276 5302 5303 5301 2474 
3277 1187 4005 5305 5304 
3278 4005 1195 4770 5305 
3279 5305 4770 319 320 
3280 5304 5305 320 321 
3281 2493 5306 5309 5308 
3282 5306 2507 5307 5309 
3283 5309 5307 120 121 
3284 5308 5309 121 122 
3285 1163 5310 5312 4654 
3286 5310 1171 5311 5312 
3287 5312 5311 325 326 
3288 4654 5312 326 327 
3289 1048 3503 5315 5314 
3290 3503 1049 4932 5315 
3291 5315 4932 2466 5313 
3292 5314 5315 5313 2452 
3293 1650 5316 5319 5318 
3294 5316 262 263 5319 
3295 5319 263 264 5317 
3296 5318 5319 5317 1651 
3297 544 5320 5323 4786 
3298 5320 582 5321 5323 
3299 5323 5321 712 5322 
3300 4786 5323 5322 679 
3301 582 5324 5327 5321 
3302 5324 565 5325 5327 
3303 5327 5325 711 5326 
3304 5321 5327 5326 712 
3305 712 5326 5330 5329 
3306 5326 711 5328 5330 
3307 5330 5328 532 3518 
3308 5329 5330 3518 636 
3309 679 5322 5331 4789 
3310 5322 712 5329 5331 
3311 5331 5329 636 3514 
3312 4789 5331 3514 527 
3313 2296 4241 5334 5333 
3314 4241 2310 5332 5334 
3315 5334 5332 2311 3160 
3316 5333 5334 3160 2297 
3317 2379 5335 5338 5337 
3318 5335 2393 5336 5338 
3319 5338 5336 2394 3475 
3320 5337 5338 3475 2380 
3321 1930 5339 5341 2803 
3322 5339 1944 5340 5341 
3323 5341 5340 1945 4869 
3324 2803 5341 4869 1931 
3325 2214 5342 5343 2726 
3326 5342 2228 4587 5343 
3327 5343 4587 2229 3174 
3328 2726 5343 3174 2215 
3329 1915 5344 5347 5346 
3330 5344 1929 5345 5347 
3331 5347 5345 1930 2802 
3332 5346 5347 2802 1916 
3333 2164 4657 5351 5350 
3334 4657 2178 5348 5351 
3335 5351 5348 2179 5349 
3336 5350 5351 5349 2165 
3337 1636 3648 5353 5100 
3338 3648 1664 3993 5353 
3339 5353 3993 1665 5352 
3340 5100 5353 5352 1637 
3341 921 5354 5358 5357 
3342 5354 923 5355 5358 
3343 5358 5355 924 5356 
3344 5357 5358 5356 922 
3345 1042 5359 5362 4854 
3346 5359 1043 5360 5362 
3347 5362 5360 2382 5361 
3348 4854 5362 5361 2368 
3349 1246 3462 5364 2808 
3350 3462 1254 4867 5364 
3351 5364 4867 1255 5363 
3352 2808 5364 5363 1247 
3353 2065 5365 5369 5368 
3354 5365 2079 5366 5369 
3355 5369 5366 2080 5367 
3356 5368 5369 5367 2066 
3357 1914 5370 5372 5371 
3358 5370 1928 4166 5372 
3359 5372 4166 1929 5344 
3360 5371 5372 5344 1915 
3361 1033 5373 5376 5375 
3362 5373 1034 5374 5376 
3363 5376 5374 2256 4668 
3364 5375 5376 4668 2242 
3365 2113 5377 5380 5379 
3366 5377 2127 5378 5380 
3367 5380 5378 2128 3179 
3368 5379 5380 3179 2114 
3369 1774 5381 5384 5383 
3370 5381 1788 3882 5384 
3371 5384 3882 1789 5382 
3372 5383 5384 5382 1775 
3373 1211 3953 5385 4421 
3374 3953 1219 3873 5385 
3375 5385 3873 313 314 
3376 4421 5385 314 315 
3377 1768 5118 5389 5388 
3378 5118 1782 5386 5389 
3379 5389 5386 1783 5387 
3380 5388 5389 5387 1769 
3381 1368 5390 5393 5392 
3382 5390 1396 3787 5393 
3383 5393 3787 1397 5391 
3384 5392 5393 5391 1369 
3385 1452 4836 5397 5396 
3386 4836 1480 5394 5397 
3387 5397 5394 1481 5395 
3388 5396 5397 5395 1453 
3389 513 5398 5401 512 
3390 5398 780 5399 5401 
3391 5401 5399 781 5400 
3392 512 5401 5400 511 
3393 827 5402 5405 5404 
3394 5402 835 5403 5405 
3395 5405 5403 836 2994 
3396 5404 5405 2994 828 
3397 511 5400 5408 510 
3398 5400 781 5406 5408 
3399 5408 5406 782 5407 
3400 510 5408 5407 509 
3401 2171 2876 5410 5409 
3402 2876 2185 3957 5410 
3403 5410 3957 166 167 
3404 5409 5410 167 168 
3405 1958 5411 5413 5412 
3406 5411 1972 3192 5413 
3407 5413 3192 1973 4554 
3408 5412 5413 4554 1959 
3409 2023 5414 5417 5416 
3410 5414 2037 3342 5417 
3411 5417 3342 2038 5415 
3412 5416 5417 5415 2024 
3413 2259 5132 5421 5420 
3414 5132 2273 5418 5421 
3415 5421 5418 2274 5419 
3416 5420 5421 5419 2260 
3417 1602 5422 5426 5425 
3418 5422 1630 5423 5426 
3419 5426 5423 1631 5424 
3420 5425 5426 5424 1603 
3421 2413 5427 5431 5430 
3422 5427 2427 5428 5431 
3423 5431 5428 2428 5429 
3424 5430 5431 5429 2414 
3425 2501 4774 5435 5434 
3426 4774 579 5432 5435 
3427 5435 5432 535 5433 
3428 5434 5435 5433 2502 
3429 2368 5361 5438 5437 
3430 5361 2382 2526 5438 
3431 5438 2526 2383 5436 
3432 5437 5438 5436 2369 
3433 1009 4322 5441 5440 
3434 4322 892 4923 5441 
3435 5441 4923 894 5439 
3436 5440 5441 5439 1010 
3437 550 4781 5444 5156 
3438 4781 677 5442 5444 
3439 5444 5442 713 5443 
3440 5156 5444 5443 694 
3441 677 4777 5446 5442 
3442 4777 528 3567 5446 
3443 5446 3567 644 5445 
3444 5442 5446 5445 713 
3445 713 5445 5448 5447 
3446 5445 644 3564 5448 
3447 5448 3564 529 4685 
3448 5447 5448 4685 666 
3449 694 5443 5449 5159 
3450 5443 713 5447 5449 
3451 5449 5447 666 4681 
3452 5159 5449 4681 553 
3453 542 5450 5453 4901 
3454 5450 714 5451 5453 
3455 5453 5451 716 5452 
3456 4901 5453 5452 682 
3457 714 5454 5457 5451 
3458 5454 543 5455 5457 
3459 5457 5455 715 5456 
3460 5451 5457 5456 716 
3461 716 5456 5460 5459 
3462 5456 715 5458 5460 
3463 5460 5458 551 4021 
3464 5459 5460 4021 657 
3465 682 5452 5461 4904 
3466 5452 716 5459 5461 
3467 5461 5459 657 4018 
3468 4904 5461 4018 552 
3469 1665 3992 5464 5463 
3470 3992 292 293 5464 
3471 5464 293 294 5462 
3472 5463 5464 5462 1666 
3473 1038 4988 5466 4636 
3474 4988 858 4496 5466 
3475 5466 4496 749 5465 
3476 4636 5466 5465 1039 
3477 958 5467 5470 5469 
3478 5467 1292 4300 5470 
3479 5470 4300 1293 5468 
3480 5469 5470 5468 959 
3481 1402 5068 5474 5473 
3482 5068 1430 5471 5474 
3483 5474 5471 1431 5472 
3484 5473 5474 5472 1403 
3485 568 5209 5477 5111 
3486 5209 707 5475 5477 
3487 5477 5475 717 5476 
3488 5111 5477 5476 690 
3489 707 5220 5479 5475 
3490 5220 570 4719 5479 
3491 5479 4719 674 5478 
3492 5475 5479 5478 717 
3493 717 5478 5481 5480 
3494 5478 674 4715 5481 
3495 5481 4715 573 3626 
3496 5480 5481 3626 646 
3497 690 5476 5482 5114 
3498 5476 717 5480 5482 
3499 5482 5480 646 3622 
3500 5114 5482 3622 571 
3501 800 5483 5486 5485 
3502 5483 808 4726 5486 
3503 5486 4726 809 5484 
3504 5485 5486 5484 801 
3505 781 5487 5488 5406 
3506 5487 789 3914 5488 
3507 5488 3914 790 3804 
3508 5406 5488 3804 782 
3509 853 5489 5491 5121 
3510 5489 676 4721 5491 
3511 5491 4721 675 5490 
3512 5121 5491 5490 854 
3513 1389 4222 5493 3249 
3514 4222 1417 5492 5493 
3515 5493 5492 1418 5284 
3516 3249 5493 5284 1390 
3517 2044 4426 5497 5496 
3518 4426 2058 5494 5497 
3519 5497 5494 2059 5495 
3520 5496 5497 5495 2045 
3521 1334 5498 5502 5501 
3522 5498 1362 5499 5502 
3523 5502 5499 1363 5500 
3524 5501 5502 5500 1335 
3525 1938 2658 5506 5505 
3526 2658 1952 5503 5506 
3527 5506 5503 1953 5504 
3528 5505 5506 5504 1939 
3529 524 5507 5510 3133 
3530 5507 718 5508 5510 
3531 5510 5508 720 5509 
3532 3133 5510 5509 620 
3533 718 5511 5514 5508 
3534 5511 539 5512 5514 
3535 5514 5512 719 5513 
3536 5508 5514 5513 720 
3537 720 5513 5517 5516 
3538 5513 719 5515 5517 
3539 5517 5515 540 5182 
3540 5516 5517 5182 696 
3541 620 5509 5518 3136 
3542 5509 720 5516 5518 
3543 5518 5516 696 5178 
3544 3136 5518 5178 525 
3545 1690 5519 5522 3677 
3546 5519 1704 5520 5522 
3547 5522 5520 1705 5521 
3548 3677 5522 5521 1691 
3549 1289 5125 5525 5038 
3550 5125 1317 5523 5525 
3551 5525 5523 1318 5524 
3552 5038 5525 5524 1290 
3553 1014 4936 5527 3275 
3554 4936 902 3272 5527 
3555 5527 3272 904 5526 
3556 3275 5527 5526 1015 
3557 1374 3439 5529 3170 
3558 3439 1402 5473 5529 
3559 5529 5473 1403 5528 
3560 3170 5529 5528 1375 
3561 1609 5101 5532 5531 
3562 5101 1637 5530 5532 
3563 5532 5530 1638 3079 
3564 5531 5532 3079 1610 
3565 881 3281 5536 5535 
3566 3281 883 5533 5536 
3567 5536 5533 884 5534 
3568 5535 5536 5534 882 
3569 2404 5537 5540 5539 
3570 5537 2418 5538 5540 
3571 5540 5538 2419 3926 
3572 5539 5540 3926 2405 
3573 2348 5541 5544 5543 
3574 5541 2362 3689 5544 
3575 5544 3689 2363 5542 
3576 5543 5544 5542 2349 
3577 2397 5545 5547 5546 
3578 5545 2411 4634 5547 
3579 5547 4634 2412 5091 
3580 5546 5547 5091 2398 
3581 1176 4599 5551 5550 
3582 4599 1184 5548 5551 
3583 5551 5548 1185 5549 
3584 5550 5551 5549 1177 
3585 2384 5552 5554 5553 
3586 5552 2398 5094 5554 
3587 5554 5094 2399 3656 
3588 5553 5554 3656 2385 
3589 1171 5555 5557 5311 
3590 5555 1179 5556 5557 
3591 5557 5556 323 324 
3592 5311 5557 324 325 
3593 1978 5558 5561 4649 
3594 5558 1992 5559 5561 
3595 5561 5559 1993 5560 
3596 4649 5561 5560 1979 
3597 2350 5562 5566 5565 
3598 5562 2364 5563 5566 
3599 5566 5563 2365 5564 
3600 5565 5566 5564 2351 
3601 1142 2941 5570 5569 
3602 2941 1150 5567 5570 
3603 5570 5567 1151 5568 
3604 5569 5570 5568 1143 
3605 1965 4650 5573 3532 
3606 4650 1979 5571 5573 
3607 5573 5571 1980 5572 
3608 3532 5573 5572 1966 
3609 2292 2559 5575 4065 
3610 2559 2306 4397 5575 
3611 5575 4397 2307 5574 
3612 4065 5575 5574 2293 
3613 1750 3980 5577 4178 
3614 3980 1764 5576 5577 
3615 5577 5576 1765 3987 
3616 4178 5577 3987 1751 
3617 1988 5578 5581 5580 
3618 5578 2002 3773 5581 
3619 5581 3773 2003 5579 
3620 5580 5581 5579 1989 
3621 935 5582 5585 5584 
3622 5582 938 5583 5585 
3623 5585 5583 932 5013 
3624 5584 5585 5013 931 
3625 362 363 5588 5587 
3626 363 364 5586 5588 
3627 5588 5586 803 4429 
3628 5587 5588 4429 795 
3629 803 5589 5592 4430 
3630 5589 811 5590 5592 
3631 5592 5590 812 5591 
3632 4430 5592 5591 804 
3633 798 5593 5596 4462 
3634 5593 806 5594 5596 
3635 5596 5594 807 5595 
3636 4462 5596 5595 799 
3637 830 5597 5601 5600 
3638 5597 838 5598 5601 
3639 5601 5598 839 5599 
3640 5600 5601 5599 831 
3641 570 5219 5604 4720 
3642 5219 706 5602 5604 
3643 5604 5602 722 5603 
3644 4720 5604 5603 675 
3645 706 5216 5607 5602 
3646 5216 559 5605 5607 
3647 5607 5605 721 5606 
3648 5602 5607 5606 722 
3649 1459 5608 5611 5610 
3650 5608 1487 4115 5611 
3651 5611 4115 1488 5609 
3652 5610 5611 5609 1460 
3653 1614 5612 5615 4204 
3654 5612 1642 5613 5615 
3655 5615 5613 1643 5614 
3656 4204 5615 5614 1615 
3657 1425 5616 5619 5618 
3658 5616 1453 5617 5619 
3659 5619 5617 1454 3455 
3660 5618 5619 3455 1426 
3661 2326 5080 5622 5621 
3662 5080 2340 2756 5622 
3663 5622 2756 2341 5620 
3664 5621 5622 5620 2327 
3665 1416 5623 5625 4221 
3666 5623 1444 4756 5625 
3667 5625 4756 1445 5624 
3668 4221 5625 5624 1417 
3669 1638 5626 5629 3080 
3670 5626 1666 5627 5629 
3671 5629 5627 1667 5628 
3672 3080 5629 5628 1639 
3673 1284 5630 5632 5631 
3674 5630 1312 4642 5632 
3675 5632 4642 1313 5143 
3676 5631 5632 5143 1285 
3677 2316 3528 5635 4384 
3678 3528 2330 5633 5635 
3679 5635 5633 2331 5634 
3680 4384 5635 5634 2317 
3681 2244 4083 5638 5637 
3682 4083 2258 5133 5638 
3683 5638 5133 2259 5636 
3684 5637 5638 5636 2245 
3685 520 5639 5642 3119 
3686 5639 723 5640 5642 
3687 5642 5640 726 5641 
3688 3119 5642 5641 616 
3689 723 5643 5646 5640 
3690 5643 537 5644 5646 
3691 5646 5644 724 5645 
3692 5640 5646 5645 726 
3693 726 5645 5650 5649 
3694 5645 724 5647 5650 
3695 5650 5647 534 5648 
3696 5649 5650 5648 725 
3697 616 5641 5652 3122 
3698 5641 726 5649 5652 
3699 5652 5649 725 5651 
3700 3122 5652 5651 519 
3701 814 4438 5656 5655 
3702 4438 822 5653 5656 
3703 5656 5653 823 5654 
3704 5655 5656 5654 815 
3705 796 4431 5660 5659 
3706 4431 804 5657 5660 
3707 5660 5657 805 5658 
3708 5659 5660 5658 797 
3709 2325 5661 5664 5663 
3710 5661 2339 5662 5664 
3711 5664 5662 144 145 
3712 5663 5664 145 146 
3713 820 5665 5667 3917 
3714 5665 828 2997 5667 
3715 5667 2997 829 5666 
3716 3917 5667 5666 821 
3717 2349 5542 5670 5669 
3718 5542 2363 5668 5670 
3719 5670 5668 2364 5562 
3720 5669 5670 5562 2350 
3721 2022 5671 5673 5672 
3722 5671 2036 5072 5673 
3723 5673 5072 2037 5414 
3724 5672 5673 5414 2023 
3725 946 5674 5678 5677 
3726 5674 1280 5675 5678 
3727 5678 5675 1281 5676 
3728 5677 5678 5676 947 
3729 2072 5679 5683 5682 
3730 5679 2086 5680 5683 
3731 5683 5680 2087 5681 
3732 5682 5683 5681 2073 
3733 1485 3791 5687 5686 
3734 3791 1513 5684 5687 
3735 5687 5684 1514 5685 
3736 5686 5687 5685 1486 
3737 1777 5688 5690 5689 
3738 5688 1791 4514 5690 
3739 5690 4514 1792 2533 
3740 5689 5690 2533 1778 
3741 2060 5691 5693 3643 
3742 5691 2074 4531 5693 
3743 5693 4531 2075 5692 
3744 3643 5693 5692 2061 
3745 2359 3996 5697 5696 
3746 3996 2373 5694 5697 
3747 5697 5694 2374 5695 
3748 5696 5697 5695 2360 
3749 997 5698 5701 3887 
3750 5698 868 5699 5701 
3751 5701 5699 870 5700 
3752 3887 5701 5700 998 
3753 1146 4890 5704 5703 
3754 4890 1154 5702 5704 
3755 5704 5702 1155 4828 
3756 5703 5704 4828 1147 
3757 2309 3580 5706 4240 
3758 3580 2323 4043 5706 
3759 5706 4043 2324 5705 
3760 4240 5706 5705 2310 
3761 956 5039 5709 2743 
3762 5039 1290 5707 5709 
3763 5709 5707 1291 5708 
3764 2743 5709 5708 957 
3765 2503 5710 5714 5713 
3766 5710 770 5711 5714 
3767 5714 5711 536 5712 
3768 5713 5714 5712 2504 
3769 806 5715 5717 5594 
3770 5715 814 5655 5717 
3771 5717 5655 815 5716 
3772 5594 5717 5716 807 
3773 822 5718 5719 5653 
3774 5718 830 5600 5719 
3775 5719 5600 831 3853 
3776 5653 5719 3853 823 
3777 364 365 5721 5586 
3778 365 366 5720 5721 
3779 5721 5720 811 5589 
3780 5586 5721 5589 803 
3781 1181 4372 5724 2514 
3782 4372 1189 5722 5724 
3783 5724 5722 1190 5723 
3784 2514 5724 5723 1182 
3785 838 3948 5726 5598 
3786 3948 846 4502 5726 
3787 5726 4502 847 5725 
3788 5598 5726 5725 839 
3789 1344 5727 5730 5729 
3790 5727 1372 5728 5730 
3791 5730 5728 1373 4821 
3792 5729 5730 4821 1345 
3793 819 4434 5732 5731 
3794 4434 827 5404 5732 
3795 5732 5404 828 5665 
3796 5731 5732 5665 820 
3797 957 5708 5733 3860 
3798 5708 1291 4629 5733 
3799 5733 4629 1292 5467 
3800 3860 5733 5467 958 
3801 873 5734 5736 5735 
3802 5734 875 3158 5736 
3803 5736 3158 876 3756 
3804 5735 5736 3756 874 
3805 1182 5723 5740 5739 
3806 5723 1190 5737 5740 
3807 5740 5737 1191 5738 
3808 5739 5740 5738 1183 
3809 2432 4881 5744 5743 
3810 4881 2446 5741 5744 
3811 5744 5741 2447 5742 
3812 5743 5744 5742 2433 
3813 1652 5745 5746 5265 
3814 5745 266 267 5746 
3815 5746 267 268 4459 
3816 5265 5746 4459 1653 
3817 1481 5747 5751 5750 
3818 5747 1509 5748 5751 
3819 5751 5748 1510 5749 
3820 5750 5751 5749 1482 
3821 2158 5752 5754 2850 
3822 5752 2172 3684 5754 
3823 5754 3684 2173 5753 
3824 2850 5754 5753 2159 
3825 1376 5755 5758 5171 
3826 5755 1404 5756 5758 
3827 5758 5756 1405 5757 
3828 5171 5758 5757 1377 
3829 1996 5759 5762 4231 
3830 5759 2010 5760 5762 
3831 5762 5760 2011 5761 
3832 4231 5762 5761 1997 
3833 1932 4870 5764 5269 
3834 4870 1946 4540 5764 
3835 5764 4540 1947 5763 
3836 5269 5764 5763 1933 
3837 1552 5765 5768 4994 
3838 5765 1580 5766 5768 
3839 5768 5766 1581 5767 
3840 4994 5768 5767 1553 
3841 1980 5769 5772 5771 
3842 5769 1994 5256 5772 
3843 5772 5256 1995 5770 
3844 5771 5772 5770 1981 
3845 2396 2550 5774 2524 
3846 2550 2410 5773 5774 
3847 5774 5773 2411 5545 
3848 2524 5774 5545 2397 
3849 988 5775 5779 5778 
3850 5775 989 5776 5779 
3851 5779 5776 1584 5777 
3852 5778 5779 5777 1556 
3853 964 4928 5780 3715 
3854 4928 965 4218 5780 
3855 5780 4218 1236 4099 
3856 3715 5780 4099 1228 
3857 2357 5176 5781 5222 
3858 5176 2371 5097 5781 
3859 5781 5097 2372 3995 
3860 5222 5781 3995 2358 
3861 2330 5782 5785 5633 
3862 5782 2344 5783 5785 
3863 5785 5783 2345 5784 
3864 5633 5785 5784 2331 
3865 2221 5786 5787 4745 
3866 5786 2235 4196 5787 
3867 5787 4196 2236 3863 
3868 4745 5787 3863 2222 
3869 1798 5788 5791 5790 
3870 5788 1812 5076 5791 
3871 5791 5076 1813 5789 
3872 5790 5791 5789 1799 
3873 2412 4633 5793 5092 
3874 4633 2426 5792 5793 
3875 5793 5792 2427 5427 
3876 5092 5793 5427 2413 
3877 2421 5794 5796 5795 
3878 5794 2435 2640 5796 
3879 5796 2640 2436 4589 
3880 5795 5796 4589 2422 
3881 1971 4885 5799 5798 
3882 4885 1985 5797 5799 
3883 5799 5797 1986 3189 
3884 5798 5799 3189 1972 
3885 1467 5800 5804 5803 
3886 5800 1495 5801 5804 
3887 5804 5801 1496 5802 
3888 5803 5804 5802 1468 
3889 1335 5500 5808 5807 
3890 5500 1363 5805 5808 
3891 5808 5805 1364 5806 
3892 5807 5808 5806 1336 
3893 519 5651 5811 3212 
3894 5651 725 5809 5811 
3895 5811 5809 728 5810 
3896 3212 5811 5810 625 
3897 725 5648 5814 5809 
3898 5648 534 5812 5814 
3899 5814 5812 727 5813 
3900 5809 5814 5813 728 
3901 728 5813 5817 5816 
3902 5813 727 5815 5817 
3903 5817 5815 539 5511 
3904 5816 5817 5511 718 
3905 625 5810 5818 3215 
3906 5810 728 5816 5818 
3907 5818 5816 718 5507 
3908 3215 5818 5507 524 
3909 1712 3365 5821 5017 
3910 3365 1726 5819 5821 
3911 5821 5819 1727 5820 
3912 5017 5821 5820 1713 
3913 2094 5822 5826 5825 
3914 5822 2108 5823 5826 
3915 5826 5823 2109 5824 
3916 5825 5826 5824 2095 
3917 2263 5827 5828 4958 
3918 5827 2277 3869 5828 
3919 5828 3869 2278 2935 
3920 4958 5828 2935 2264 
3921 1656 3571 5831 5830 
3922 3571 274 275 5831 
3923 5831 275 276 5829 
3924 5830 5831 5829 1657 
3925 1515 5832 5835 4113 
3926 5832 1543 5833 5835 
3927 5835 5833 1544 5834 
3928 4113 5835 5834 1516 
3929 1518 4573 5839 5838 
3930 4573 1546 5836 5839 
3931 5839 5836 1547 5837 
3932 5838 5839 5837 1519 
3933 1568 5840 5843 5842 
3934 5840 1596 5841 5843 
3935 5843 5841 1597 4807 
3936 5842 5843 4807 1569 
3937 1804 5844 5847 5846 
3938 5844 1818 5845 5847 
3939 5847 5845 1819 4818 
3940 5846 5847 4818 1805 
3941 2035 5848 5850 5849 
3942 5848 2049 4662 5850 
3943 5850 4662 2050 5070 
3944 5849 5850 5070 2036 
3945 2071 5851 5854 5853 
3946 5851 2085 5852 5854 
3947 5854 5852 2086 5679 
3948 5853 5854 5679 2072 
3949 897 5855 5859 5858 
3950 5855 899 5856 5859 
3951 5859 5856 900 5857 
3952 5858 5859 5857 898 
3953 1844 5860 5863 5862 
3954 5860 1858 3821 5863 
3955 5863 3821 1859 5861 
3956 5862 5863 5861 1845 
3957 1505 5864 5867 5866 
3958 5864 1533 5865 5867 
3959 5867 5865 1534 4316 
3960 5866 5867 4316 1506 
3961 2231 5868 5872 5871 
3962 5868 2245 5869 5872 
3963 5872 5869 2246 5870 
3964 5871 5872 5870 2232 
3965 1686 4403 5875 5874 
3966 4403 1700 5873 5875 
3967 5875 5873 1701 2853 
3968 5874 5875 2853 1687 
3969 2443 3300 5878 3052 
3970 3300 2457 5876 5878 
3971 5878 5876 2458 5877 
3972 3052 5878 5877 2444 
3973 1356 5879 5882 5881 
3974 5879 1384 5880 5882 
3975 5882 5880 1385 5166 
3976 5881 5882 5166 1357 
3977 984 4519 5885 5884 
3978 4519 985 5883 5885 
3979 5885 5883 1472 4753 
3980 5884 5885 4753 1444 
3981 1495 5886 5888 5801 
3982 5886 1523 3942 5888 
3983 5888 3942 1524 5887 
3984 5801 5888 5887 1496 
3985 958 5469 5889 3861 
3986 5469 959 4875 5889 
3987 5889 4875 1188 4370 
3988 3861 5889 4370 1180 
3989 1713 5820 5891 3466 
3990 5820 1727 3616 5891 
3991 5891 3616 1728 5890 
3992 3466 5891 5890 1714 
3993 1308 5892 5896 5895 
3994 5892 1336 5893 5896 
3995 5896 5893 1337 5894 
3996 5895 5896 5894 1309 
3997 1162 5897 5900 5899 
3998 5897 1170 5898 5900 
3999 5900 5898 1171 5310 
4000 5899 5900 5310 1163 
4001 2134 5901 5904 3760 
4002 5901 2148 5902 5904 
4003 5904 5902 2149 5903 
4004 3760 5904 5903 2135 
4005 2257 5905 5907 4082 
4006 5905 2271 5906 5907 
4007 5907 5906 2272 5130 
4008 4082 5907 5130 2258 
4009 1694 5908 5912 5911 
4010 5908 1708 5909 5912 
4011 5912 5909 1709 5910 
4012 5911 5912 5910 1695 
4013 2147 5913 5916 5915 
4014 5913 2161 4764 5916 
4015 5916 4764 2162 5914 
4016 5915 5916 5914 2148 
4017 1179 5917 5918 5556 
4018 5917 1187 5304 5918 
4019 5918 5304 321 322 
4020 5556 5918 322 323 
4021 482 483 5921 5920 
4022 483 484 5919 5921 
4023 5921 5919 907 5280 
4024 5920 5921 5280 905 
4025 1039 5465 5924 5078 
4026 5465 749 5922 5924 
4027 5924 5922 560 5923 
4028 5078 5924 5923 1040 
4029 1620 3796 5927 4061 
4030 3796 1648 5925 5927 
4031 5927 5925 1649 5926 
4032 4061 5927 5926 1621 
4033 1845 5861 5931 5930 
4034 5861 1859 5928 5931 
4035 5931 5928 1860 5929 
4036 5930 5931 5929 1846 
4037 1738 3889 5935 5934 
4038 3889 1752 5932 5935 
4039 5935 5932 1753 5933 
4040 5934 5935 5933 1739 
4041 972 5936 5938 5937 
4042 5936 973 3347 5938 
4043 5938 3347 939 5014 
4044 5937 5938 5014 932 
4045 1043 5939 5940 5360 
4046 5939 1044 2551 5940 
4047 5940 2551 2396 2523 
4048 5360 5940 2523 2382 
4049 2234 5941 5943 5942 
4050 5941 2248 4010 5943 
4051 5943 4010 2249 4194 
4052 5942 5943 4194 2235 
4053 533 5002 5945 3346 
4054 5002 592 5944 5945 
4055 5945 5944 940 5011 
4056 3346 5945 5011 939 
4057 982 5946 5949 5948 
4058 5946 983 5947 5949 
4059 5949 5947 1416 4220 
4060 5948 5949 4220 1388 
4061 999 5950 5952 4892 
4062 5950 872 5951 5952 
4063 5952 5951 874 3755 
4064 4892 5952 3755 1000 
4065 2332 5953 5955 3185 
4066 5953 2346 5954 5955 
4067 5955 5954 2347 4858 
4068 3185 5955 4858 2333 
4069 2270 5956 5960 5959 
4070 5956 2284 5957 5960 
4071 5960 5957 2285 5958 
4072 5959 5960 5958 2271 
4073 2434 5961 5963 5962 
4074 5961 2448 3236 5963 
4075 5963 3236 2449 2637 
4076 5962 5963 2637 2435 
4077 1593 4062 5967 5966 
4078 4062 1621 5964 5967 
4079 5967 5964 1622 5965 
4080 5966 5967 5965 1594 
4081 2433 5742 5970 5969 
4082 5742 2447 5968 5970 
4083 5970 5968 2448 5961 
4084 5969 5970 5961 2434 
4085 1621 5926 5973 5964 
4086 5926 1649 5971 5973 
4087 5973 5971 1650 5972 
4088 5964 5973 5972 1622 
4089 1904 5974 5976 5975 
4090 5974 1918 5270 5976 
4091 5976 5270 1919 5229 
4092 5975 5976 5229 1905 
4093 1758 5977 5980 5979 
4094 5977 1772 3143 5980 
4095 5980 3143 1773 5978 
4096 5979 5980 5978 1759 
4097 1966 5572 5983 5982 
4098 5572 1980 5771 5983 
4099 5983 5771 1981 5981 
4100 5982 5983 5981 1967 
4101 1445 4755 5986 5985 
4102 4755 1473 2887 5986 
4103 5986 2887 1474 5984 
4104 5985 5986 5984 1446 
4105 1342 5987 5991 5990 
4106 5987 1370 5988 5991 
4107 5991 5988 1371 5989 
4108 5990 5991 5989 1343 
4109 1352 4816 5994 3719 
4110 4816 1380 5992 5994 
4111 5994 5992 1381 5993 
4112 3719 5994 5993 1353 
4113 1034 5995 5998 5374 
4114 5995 1035 5996 5998 
4115 5998 5996 2270 5997 
4116 5374 5998 5997 2256 
4117 1213 5999 6001 6000 
4118 5999 1221 5045 6001 
4119 6001 5045 1222 3028 
4120 6000 6001 3028 1214 
4121 877 3768 6003 3156 
4122 3768 879 6002 6003 
4123 6003 6002 880 4645 
4124 3156 6003 4645 878 
4125 2225 6004 6007 2764 
4126 6004 2239 6005 6007 
4127 6007 6005 2240 6006 
4128 2764 6007 6006 2226 
4129 2041 6008 6010 3354 
4130 6008 2055 5053 6010 
4131 6010 5053 2056 6009 
4132 3354 6010 6009 2042 
4133 883 6011 6013 5533 
4134 6011 885 5035 6013 
4135 6013 5035 886 6012 
4136 5533 6013 6012 884 
4137 444 445 6016 3033 
4138 445 446 6014 6016 
4139 6016 6014 869 6015 
4140 3033 6016 6015 867 
4141 1464 6017 6019 3736 
4142 6017 1492 5057 6019 
4143 6019 5057 1493 6018 
4144 3736 6019 6018 1465 
4145 1567 6020 6023 6022 
4146 6020 1595 6021 6023 
4147 6023 6021 1596 5840 
4148 6022 6023 5840 1568 
4149 1801 6024 6027 6026 
4150 6024 1815 6025 6027 
4151 6027 6025 1816 4133 
4152 6026 6027 4133 1802 
4153 2165 5349 6029 6028 
4154 5349 2179 4743 6029 
4155 6029 4743 2180 3145 
4156 6028 6029 3145 2166 
4157 478 479 6032 6031 
4158 479 480 6030 6032 
4159 6032 6030 903 3270 
4160 6031 6032 3270 901 
4161 1561 6033 6035 6034 
4162 6033 1589 4358 6035 
4163 6035 4358 1590 4803 
4164 6034 6035 4803 1562 
4165 2289 6036 6040 6039 
4166 6036 2303 6037 6040 
4167 6040 6037 2304 6038 
4168 6039 6040 6038 2290 
4169 1276 6041 6044 6043 
4170 6041 1304 6042 6044 
4171 6044 6042 1305 2670 
4172 6043 6044 2670 1277 
4173 1049 3502 6047 4930 
4174 3502 772 6045 6047 
4175 6047 6045 556 6046 
4176 4930 6047 6046 1050 
4177 1722 6048 6051 6050 
4178 6048 1736 4180 6051 
4179 6051 4180 1737 6049 
4180 6050 6051 6049 1723 
4181 1719 5025 6054 6053 
4182 5025 1733 6052 6054 
4183 6054 6052 1734 3583 
4184 6053 6054 3583 1720 
4185 1892 6055 6059 6058 
4186 6055 1906 6056 6059 
4187 6059 6056 1907 6057 
4188 6058 6059 6057 1893 
4189 2152 6060 6062 3254 
4190 6060 2166 3148 6062 
4191 6062 3148 2167 6061 
4192 3254 6062 6061 2153 
4193 2140 4032 6065 6064 
4194 4032 2154 6063 6065 
4195 6065 6063 2155 2651 
4196 6064 6065 2651 2141 
4197 969 5030 6068 6067 
4198 5030 38 39 6068 
4199 6068 39 40 6066 
4200 6067 6068 6066 1268 
4201 1483 6069 6071 2519 
4202 6069 1511 6070 6071 
4203 6071 6070 1512 3789 
4204 2519 6071 3789 1484 
4205 2402 2891 6073 3359 
4206 2891 2416 2928 6073 
4207 6073 2928 2417 6072 
4208 3359 6073 6072 2403 
4209 2285 6074 6077 6076 
4210 6074 2299 3087 6077 
4211 6077 3087 2300 6075 
4212 6076 6077 6075 2286 
4213 1005 6078 6081 4918 
4214 6078 1006 6079 6081 
4215 6081 6079 1864 6080 
4216 4918 6081 6080 1850 
4217 1198 6082 6085 6084 
4218 6082 1206 4475 6085 
4219 6085 4475 1207 6083 
4220 6084 6085 6083 1199 
4221 448 449 6089 6088 
4222 449 450 6086 6089 
4223 6089 6086 873 6087 
4224 6088 6089 6087 871 
4225 1316 6090 6092 5124 
4226 6090 1344 5729 6092 
4227 6092 5729 1345 6091 
4228 5124 6092 6091 1317 
4229 2218 6093 6096 6095 
4230 6093 2232 6094 6096 
4231 6096 6094 2233 4758 
4232 6095 6096 4758 2219 
4233 970 6097 6100 3633 
4234 6097 971 6098 6100 
4235 6100 6098 938 6099 
4236 3633 6100 6099 937 
4237 1875 3966 6103 6102 
4238 3966 1889 3445 6103 
4239 6103 3445 1890 6101 
4240 6102 6103 6101 1876 
4241 1265 4364 6107 6106 
4242 4364 1273 6104 6107 
4243 6107 6104 1274 6105 
4244 6106 6107 6105 1266 
4245 986 4941 6111 6110 
4246 4941 987 6108 6111 
4247 6111 6108 1528 6109 
4248 6110 6111 6109 1500 
4249 540 6112 6115 5183 
4250 6112 729 6113 6115 
4251 6115 6113 731 6114 
4252 5183 6115 6114 697 
4253 729 6116 6118 6113 
4254 6116 541 5276 6118 
4255 6118 5276 730 6117 
4256 6113 6118 6117 731 
4257 731 6117 6121 6120 
4258 6117 730 6119 6121 
4259 6121 6119 543 5454 
4260 6120 6121 5454 714 
4261 697 6114 6122 5186 
4262 6114 731 6120 6122 
4263 6122 6120 714 5450 
4264 5186 6122 5450 542 
4265 980 6123 6126 2920 
4266 6123 1670 6124 6126 
4267 6126 6124 1671 6125 
4268 2920 6126 6125 981 
4269 2029 6127 6130 6129 
4270 6127 2043 4427 6130 
4271 6130 4427 2044 6128 
4272 6129 6130 6128 2030 
4273 1239 2809 6133 6132 
4274 2809 1247 6131 6133 
4275 6133 6131 1248 2903 
4276 6132 6133 2903 1240 
4277 1197 6134 6137 6136 
4278 6134 1205 6135 6137 
4279 6137 6135 1206 6082 
4280 6136 6137 6082 1198 
4281 2093 6138 6140 6139 
4282 6138 2107 3976 6140 
4283 6140 3976 2108 5822 
4284 6139 6140 5822 2094 
4285 1299 6141 6143 3710 
4286 6141 1327 6142 6143 
4287 6143 6142 1328 4045 
4288 3710 6143 4045 1300 
4289 1977 6144 6145 3597 
4290 6144 1991 4451 6145 
4291 6145 4451 1992 5558 
4292 3597 6145 5558 1978 
4293 1629 6146 6150 6149 
4294 6146 1657 6147 6150 
4295 6150 6147 1658 6148 
4296 6149 6150 6148 1630 
4297 2016 6151 6154 3772 
4298 6151 2030 6152 6154 
4299 6154 6152 2031 6153 
4300 3772 6154 6153 2017 
4301 1446 5984 6157 6156 
4302 5984 1474 6155 6157 
4303 6157 6155 1475 2949 
4304 6156 6157 2949 1447 
4305 2346 6158 6161 5954 
4306 6158 2360 6159 6161 
4307 6161 6159 2361 6160 
4308 5954 6161 6160 2347 
4309 2383 2525 6163 6162 
4310 2525 2397 5546 6163 
4311 6163 5546 2398 5552 
4312 6162 6163 5552 2384 
4313 863 6164 6167 4350 
4314 6164 865 6165 6167 
4315 6167 6165 866 6166 
4316 4350 6167 6166 864 
4317 2327 5620 6170 6169 
4318 5620 2341 6168 6170 
4319 6170 6168 2342 4416 
4320 6169 6170 4416 2328 
4321 2338 6171 6175 6174 
4322 6171 2352 6172 6175 
4323 6175 6172 2353 6173 
4324 6174 6175 6173 2339 
4325 1612 5250 6178 6177 
4326 5250 1640 4985 6178 
4327 6178 4985 1641 6176 
4328 6177 6178 6176 1613 
4329 1371 6179 6183 6182 
4330 6179 1399 6180 6183 
4331 6183 6180 1400 6181 
4332 6182 6183 6181 1372 
4333 1591 6184 6185 3497 
4334 6184 1619 3797 6185 
4335 6185 3797 1620 4060 
4336 3497 6185 4060 1592 
4337 2039 6186 6189 6188 
4338 6186 2053 4097 6189 
4339 6189 4097 2054 6187 
4340 6188 6189 6187 2040 
4341 797 5658 6191 3912 
4342 5658 805 6190 6191 
4343 6191 6190 806 5593 
4344 3912 6191 5593 798 
4345 1689 6192 6194 3904 
4346 6192 1703 6193 6194 
4347 6194 6193 1704 5519 
4348 3904 6194 5519 1690 
4349 836 6195 6196 2995 
4350 6195 844 3002 6196 
4351 6196 3002 845 3946 
4352 2995 6196 3946 837 
4353 801 5484 6200 6199 
4354 5484 809 6197 6200 
4355 6200 6197 810 6198 
4356 6199 6200 6198 802 
4357 2341 2755 6202 6168 
4358 2755 2355 6201 6202 
4359 6202 6201 2356 4405 
4360 6168 6202 4405 2342 
4361 486 487 6206 6205 
4362 487 488 6203 6206 
4363 6206 6203 911 6204 
4364 6205 6206 6204 909 
4365 456 457 6208 3767 
4366 457 458 3282 6208 
4367 6208 3282 881 6207 
4368 3767 6208 6207 879 
4369 504 505 6210 6209 
4370 505 7 3924 6210 
4371 6210 3924 651 4619 
4372 6209 6210 4619 927 
4373 1216 4671 6213 6212 
4374 4671 1224 2736 6213 
4375 6213 2736 1225 6211 
4376 6212 6213 6211 1217 
4377 1358 5167 6217 6216 
4378 5167 1386 6214 6217 
4379 6217 6214 1387 6215 
4380 6216 6217 6215 1359 
4381 1986 6218 6220 3190 
4382 6218 2000 3397 6220 
4383 6220 3397 2001 6219 
4384 3190 6220 6219 1987 
4385 2157 6221 6223 6222 
4386 6221 2171 5409 6223 
4387 6223 5409 168 169 
4388 6222 6223 169 170 
4389 2203 6224 6228 6227 
4390 6224 2217 6225 6228 
4391 6228 6225 2218 6226 
4392 6227 6228 6226 2204 
4393 1185 6229 6232 6231 
4394 6229 1193 6230 6232 
4395 6232 6230 1194 4003 
4396 6231 6232 4003 1186 
4397 887 6233 6236 5033 
4398 6233 889 6234 6236 
4399 6236 6234 890 6235 
4400 5033 6236 6235 888 
4401 2462 6237 6239 3234 
4402 6237 2476 3380 6239 
4403 6239 3380 2477 6238 
4404 3234 6239 6238 2463 
4405 1009 5440 6243 6242 
4406 5440 1010 6240 6243 
4407 6243 6240 1920 6241 
4408 6242 6243 6241 1906 
4409 1585 6244 6246 4209 
4410 6244 1613 6245 6246 
4411 6246 6245 1614 4203 
4412 4209 6246 4203 1586 
4413 2361 6247 6250 6249 
4414 6247 2375 6248 6250 
4415 6250 6248 2376 3686 
4416 6249 6250 3686 2362 
4417 2143 6251 6253 6252 
4418 6251 2157 6222 6253 
4419 6253 6222 170 171 
4420 6252 6253 171 172 
4421 1558 4210 6255 6254 
4422 4210 1586 4206 6255 
4423 6255 4206 1587 3637 
4424 6254 6255 3637 1559 
4425 1968 6256 6259 6258 
4426 6256 1982 4232 6259 
4427 6259 4232 1983 6257 
4428 6258 6259 6257 1969 
4429 1317 6091 6261 5523 
4430 6091 1345 4822 6261 
4431 6261 4822 1346 6260 
4432 5523 6261 6260 1318 
4433 1907 6262 6266 6265 
4434 6262 1921 6263 6266 
4435 6266 6263 1922 6264 
4436 6265 6266 6264 1908 
4437 953 4058 6269 6268 
4438 4058 954 4228 6269 
4439 6269 4228 1148 6267 
4440 6268 6269 6267 1140 
4441 1584 6270 6272 6271 
4442 6270 1612 6177 6272 
4443 6272 6177 1613 6244 
4444 6271 6272 6244 1585 
4445 1023 6273 6276 5087 
4446 6273 920 6274 6276 
4447 6276 6274 922 6275 
4448 5087 6276 6275 1024 
4449 2374 6277 6280 6279 
4450 6277 2388 3361 6280 
4451 6280 3361 2389 6278 
4452 6279 6280 6278 2375 
4453 1207 4474 6283 6282 
4454 4474 1215 4672 6283 
4455 6283 4672 1216 6281 
4456 6282 6283 6281 1208 
4457 2051 6284 6286 3340 
4458 6284 2065 5368 6286 
4459 6286 5368 2066 6285 
4460 3340 6286 6285 2052 
4461 2132 3057 6289 3536 
4462 3057 2146 6287 6289 
4463 6289 6287 2147 6288 
4464 3536 6289 6288 2133 
4465 2045 5495 6291 6290 
4466 5495 2059 2555 6291 
4467 6291 2555 184 185 
4468 6290 6291 185 186 
4469 1051 2847 6293 4543 
4470 2847 658 4022 6293 
4471 6293 4022 551 6292 
4472 4543 6293 6292 2494 
4473 961 6294 6296 3892 
4474 6294 962 2897 6296 
4475 6296 2897 1212 6295 
4476 3892 6296 6295 1204 
4477 2271 5958 6298 5906 
4478 5958 2285 6076 6298 
4479 6298 6076 2286 6297 
4480 5906 6298 6297 2272 
4481 1237 6299 6301 6300 
4482 6299 1245 3463 6301 
4483 6301 3463 1246 2807 
4484 6300 6301 2807 1238 
4485 1153 4594 6304 4889 
4486 4594 1161 6302 6304 
4487 6304 6302 1162 6303 
4488 4889 6304 6303 1154 
4489 1925 6305 6309 6308 
4490 6305 1939 6306 6309 
4491 6309 6306 1940 6307 
4492 6308 6309 6307 1926 
4493 1862 6310 6314 6313 
4494 6310 1876 6311 6314 
4495 6314 6311 1877 6312 
4496 6313 6314 6312 1863 
4497 2050 4661 6316 5071 
4498 4661 2064 6315 6316 
4499 6316 6315 2065 6284 
4500 5071 6316 6284 2051 
4501 865 3034 6319 6165 
4502 3034 867 6317 6319 
4503 6319 6317 868 6318 
4504 6165 6319 6318 866 
4505 1705 6320 6322 6321 
4506 6320 1719 6053 6322 
4507 6322 6053 1720 3390 
4508 6321 6322 3390 1706 
4509 539 6323 6326 5512 
4510 6323 732 6324 6326 
4511 6326 6324 734 6325 
4512 5512 6326 6325 719 
4513 732 6327 6330 6324 
4514 6327 538 6328 6330 
4515 6330 6328 733 6329 
4516 6324 6330 6329 734 
4517 734 6329 6333 6332 
4518 6329 733 6331 6333 
4519 6333 6331 541 6116 
4520 6332 6333 6116 729 
4521 719 6325 6334 5515 
4522 6325 734 6332 6334 
4523 6334 6332 729 6112 
4524 5515 6334 6112 540 
4525 1045 2663 6337 6336 
4526 2663 761 6335 6337 
4527 6337 6335 555 4838 
4528 6336 6337 4838 1046 
4529 2495 6338 6341 6340 
4530 6338 715 5455 6341 
4531 6341 5455 543 6339 
4532 6340 6341 6339 2496 
4533 1658 6342 6345 6344 
4534 6342 278 279 6345 
4535 6345 279 280 6343 
4536 6344 6345 6343 1659 
4537 1587 4205 6347 3638 
4538 4205 1615 6346 6347 
4539 6347 6346 1616 2632 
4540 3638 6347 2632 1588 
4541 2156 3413 6349 6348 
4542 3413 2170 2877 6349 
4543 6349 2877 2171 6221 
4544 6348 6349 6221 2157 
4545 1571 6350 6353 6352 
4546 6350 1599 4259 6353 
4547 6353 4259 1600 6351 
4548 6352 6353 6351 1572 
4549 1296 6354 6356 6355 
4550 6354 1324 3721 6356 
4551 6356 3721 1325 4674 
4552 6355 6356 4674 1297 
4553 2283 6357 6359 6358 
4554 6357 2297 3162 6359 
4555 6359 3162 150 151 
4556 6358 6359 151 152 
4557 987 4940 6362 6361 
4558 4940 1677 3901 6362 
4559 6362 3901 1678 6360 
4560 6361 6362 6360 988 
4561 2304 6363 6366 6365 
4562 6363 2318 3187 6366 
4563 6366 3187 2319 6364 
4564 6365 6366 6364 2305 
4565 1453 5395 6368 5617 
4566 5395 1481 5750 6368 
4567 6368 5750 1482 6367 
4568 5617 6368 6367 1454 
4569 2151 6369 6371 6370 
4570 6369 2165 6028 6371 
4571 6371 6028 2166 6060 
4572 6370 6371 6060 2152 
4573 1753 6372 6375 6374 
4574 6372 1767 5119 6375 
4575 6375 5119 1768 6373 
4576 6374 6375 6373 1754 
4577 982 6376 6379 5946 
4578 6376 1672 6377 6379 
4579 6379 6377 1673 6378 
4580 5946 6379 6378 983 
4581 2073 5681 6381 2554 
4582 5681 2087 6380 6381 
4583 6381 6380 180 181 
4584 2554 6381 181 182 
4585 1843 6382 6384 3701 
4586 6382 1857 6383 6384 
4587 6384 6383 1858 5860 
4588 3701 6384 5860 1844 
4589 963 6385 6386 3714 
4590 6385 1297 4677 6386 
4591 6386 4677 1298 4926 
4592 3714 6386 4926 964 
4593 1981 5770 6389 6388 
4594 5770 1995 6387 6389 
4595 6389 6387 1996 4230 
4596 6388 6389 4230 1982 
4597 1217 6211 6392 6391 
4598 6211 1225 4338 6392 
4599 6392 4338 1226 6390 
4600 6391 6392 6390 1218 
4601 1890 3444 6395 6394 
4602 3444 1904 5975 6395 
4603 6395 5975 1905 6393 
4604 6394 6395 6393 1891 
4605 566 6396 6400 6399 
4606 6396 735 6397 6400 
4607 6400 6397 738 6398 
4608 6399 6400 6398 737 
4609 735 6401 6404 6397 
4610 6401 567 6402 6404 
4611 6404 6402 736 6403 
4612 6397 6404 6403 738 
4613 738 6403 6407 6406 
4614 6403 736 6405 6407 
4615 6407 6405 574 3727 
4616 6406 6407 3727 648 
4617 737 6398 6409 6408 
4618 6398 738 6406 6409 
4619 6409 6406 648 3723 
4620 6408 6409 3723 577 
4621 1733 6410 6412 6052 
4622 6410 1747 4289 6412 
4623 6412 4289 1748 6411 
4624 6052 6412 6411 1734 
4625 1431 6413 6415 6414 
4626 6413 1459 5610 6415 
4627 6415 5610 1460 4489 
4628 6414 6415 4489 1432 
4629 1598 2604 6417 6416 
4630 2604 1626 4455 6417 
4631 6417 4455 1627 4256 
4632 6416 6417 4256 1599 
4633 2216 3176 6421 6420 
4634 3176 2230 6418 6421 
4635 6421 6418 2231 6419 
4636 6420 6421 6419 2217 
4637 1301 4047 6425 6424 
4638 4047 1329 6422 6425 
4639 6425 6422 1330 6423 
4640 6424 6425 6423 1302 
4641 2504 5712 6428 6427 
4642 5712 536 6426 6428 
4643 6428 6426 747 3540 
4644 6427 6428 3540 2505 
4645 1378 6429 6431 4831 
4646 6429 1406 6430 6431 
4647 6431 6430 1407 4521 
4648 4831 6431 4521 1379 
4649 2290 6038 6433 6432 
4650 6038 2304 6365 6433 
4651 6433 6365 2305 2557 
4652 6432 6433 2557 2291 
4653 1442 6434 6437 6436 
4654 6434 1470 6435 6437 
4655 6437 6435 1471 4252 
4656 6436 6437 4252 1443 
4657 1956 5137 6440 6439 
4658 5137 1970 4886 6440 
4659 6440 4886 1971 6438 
4660 6439 6440 6438 1957 
4661 1642 4611 6442 5613 
4662 4611 246 247 6442 
4663 6442 247 248 6441 
4664 5613 6442 6441 1643 
4665 1606 2955 6446 6445 
4666 2955 1634 6443 6446 
4667 6446 6443 1635 6444 
4668 6445 6446 6444 1607 
4669 1822 6447 6449 6448 
4670 6447 1836 4250 6449 
4671 6449 4250 1837 4168 
4672 6448 6449 4168 1823 
4673 2012 4966 6453 6452 
4674 4966 2026 6450 6453 
4675 6453 6450 2027 6451 
4676 6452 6453 6451 2013 
4677 1985 3610 6455 5797 
4678 3610 1999 6454 6455 
4679 6455 6454 2000 6218 
4680 5797 6455 6218 1986 
4681 2087 6456 6457 6380 
4682 6456 2101 4119 6457 
4683 6457 4119 178 179 
4684 6380 6457 179 180 
4685 2378 6458 6460 6459 
4686 6458 2392 3306 6460 
4687 6460 3306 2393 5335 
4688 6459 6460 5335 2379 
4689 1526 6461 6463 3350 
4690 6461 1554 6462 6463 
4691 6463 6462 1555 4679 
4692 3350 6463 4679 1527 
4693 2095 5824 6466 6465 
4694 5824 2109 4552 6466 
4695 6466 4552 2110 6464 
4696 6465 6466 6464 2096 
4697 1810 6467 6469 4969 
4698 6467 1824 5065 6469 
4699 6469 5065 1825 6468 
4700 4969 6469 6468 1811 
4701 2052 6285 6472 6471 
4702 6285 2066 6470 6472 
4703 6472 6470 2067 4095 
4704 6471 6472 4095 2053 
4705 1884 4051 6473 4954 
4706 4051 1898 4604 6473 
4707 6473 4604 1899 4441 
4708 4954 6473 4441 1885 
4709 1657 5829 6474 6147 
4710 5829 276 277 6474 
4711 6474 277 278 6342 
4712 6147 6474 6342 1658 
4713 1799 5789 6478 6477 
4714 5789 1813 6475 6478 
4715 6478 6475 1814 6476 
4716 6477 6478 6476 1800 
4717 985 4518 6480 6479 
4718 4518 1675 3905 6480 
4719 6480 3905 1676 4939 
4720 6479 6480 4939 986 
4721 1936 6481 6484 6483 
4722 6481 1950 6482 6484 
4723 6484 6482 1951 2656 
4724 6483 6484 2656 1937 
4725 1969 6257 6485 5136 
4726 6257 1983 3077 6485 
4727 6485 3077 1984 4884 
4728 5136 6485 4884 1970 
4729 2202 6486 6487 3776 
4730 6486 2216 6420 6487 
4731 6487 6420 2217 6224 
4732 3776 6487 6224 2203 
4733 1372 6181 6489 5728 
4734 6181 1400 6488 6489 
4735 6489 6488 1401 3437 
4736 5728 6489 3437 1373 
4737 1672 2794 6491 6377 
4738 2794 1686 5874 6491 
4739 6491 5874 1687 6490 
4740 6377 6491 6490 1673 
4741 1026 4110 6493 3387 
4742 4110 1027 6492 6493 
4743 6493 6492 2158 2849 
4744 3387 6493 2849 2144 
4745 2013 6451 6496 6495 
4746 6451 2027 3356 6496 
4747 6496 3356 2028 6494 
4748 6495 6496 6494 2014 
4749 565 6497 6500 5325 
4750 6497 739 6498 6500 
4751 6500 6498 740 6499 
4752 5325 6500 6499 711 
4753 739 6501 6503 6498 
4754 6501 578 3419 6503 
4755 6503 3419 630 6502 
4756 6498 6503 6502 740 
4757 740 6502 6505 6504 
4758 6502 630 3415 6505 
4759 6505 3415 531 4306 
4760 6504 6505 4306 661 
4761 711 6499 6506 5328 
4762 6499 740 6504 6506 
4763 6506 6504 661 4302 
4764 5328 6506 4302 532 
4765 1006 6507 6509 6079 
4766 6507 1007 6508 6509 
4767 6509 6508 1878 3969 
4768 6079 6509 3969 1864 
4769 1341 6510 6513 6512 
4770 6510 1369 6511 6513 
4771 6513 6511 1370 5987 
4772 6512 6513 5987 1342 
4773 1287 6514 6516 4056 
4774 6514 1315 6515 6516 
4775 6516 6515 1316 5123 
4776 4056 6516 5123 1288 
4777 1697 6517 6519 6518 
4778 6517 1711 3366 6519 
4779 6519 3366 1712 5016 
4780 6518 6519 5016 1698 
4781 1465 6018 6522 4791 
4782 6018 1493 6520 6522 
4783 6522 6520 1494 6521 
4784 4791 6522 6521 1466 
4785 2440 6523 6527 6526 
4786 6523 2454 6524 6527 
4787 6527 6524 2455 6525 
4788 6526 6527 6525 2441 
4789 1391 5286 6530 6529 
4790 5286 1419 3765 6530 
4791 6530 3765 1420 6528 
4792 6529 6530 6528 1392 
4793 1482 5749 6533 6532 
4794 5749 1510 6531 6533 
4795 6533 6531 1511 6069 
4796 6532 6533 6069 1483 
4797 1821 6534 6536 4457 
4798 6534 1835 6535 6536 
4799 6536 6535 216 217 
4800 4457 6536 217 218 
4801 1293 4299 6540 6539 
4802 4299 1321 6537 6540 
4803 6540 6537 1322 6538 
4804 6539 6540 6538 1294 
4805 2441 6525 6542 6541 
4806 6525 2455 4561 6542 
4807 6542 4561 2456 3298 
4808 6541 6542 3298 2442 
4809 1752 5141 6544 5932 
4810 5141 1766 6543 6544 
4811 6544 6543 1767 6372 
4812 5932 6544 6372 1753 
4813 1659 6343 6545 4183 
4814 6343 280 281 6545 
4815 6545 281 282 4027 
4816 4183 6545 4027 1660 
4817 2366 6546 6549 6548 
4818 6546 2380 3477 6549 
4819 6549 3477 2381 6547 
4820 6548 6549 6547 2367 
4821 1732 6550 6552 5024 
4822 6550 1746 6551 6552 
4823 6552 6551 1747 6410 
4824 5024 6552 6410 1733 
4825 1472 6553 6555 4754 
4826 6553 1500 6554 6555 
4827 6555 6554 1501 2884 
4828 4754 6555 2884 1473 
4829 991 4155 6557 3447 
4830 4155 1681 6556 6557 
4831 6557 6556 238 239 
4832 3447 6557 239 240 
4833 2122 2697 6559 6558 
4834 2697 2136 4145 6559 
4835 6559 4145 2137 4281 
4836 6558 6559 4281 2123 
4837 2031 6560 6562 6561 
4838 6560 2045 6290 6562 
4839 6562 6290 186 187 
4840 6561 6562 187 188 
4841 1684 6563 6565 6564 
4842 6563 1698 5018 6565 
4843 6565 5018 1699 4402 
4844 6564 6565 4402 1685 
4845 2496 6339 6566 2623 
4846 6339 543 6119 6566 
4847 6566 6119 730 5275 
4848 2623 6566 5275 2497 
4849 2017 6153 6567 2731 
4850 6153 2031 6561 6567 
4851 6567 6561 188 189 
4852 2731 6567 189 190 
4853 1714 5890 6571 6570 
4854 5890 1728 6568 6571 
4855 6571 6568 1729 6569 
4856 6570 6571 6569 1715 
4857 1387 6572 6575 6574 
4858 6572 1415 6573 6575 
4859 6575 6573 28 29 
4860 6574 6575 29 30 
4861 547 2711 6579 6578 
4862 2711 741 6576 6579 
4863 6579 6576 744 6577 
4864 6578 6579 6577 743 
4865 741 4839 6582 6576 
4866 4839 555 6580 6582 
4867 6582 6580 742 6581 
4868 6576 6582 6581 744 
4869 744 6581 6585 6584 
4870 6581 742 6583 6585 
4871 6585 6583 545 3550 
4872 6584 6585 3550 639 
4873 743 6577 6587 6586 
4874 6577 744 6584 6587 
4875 6587 6584 639 3545 
4876 6586 6587 3545 546 
4877 2360 5695 6588 6159 
4878 5695 2374 6279 6588 
4879 6588 6279 2375 6247 
4880 6159 6588 6247 2361 
4881 1681 6589 6591 6556 
4882 6589 1695 6590 6591 
4883 6591 6590 236 237 
4884 6556 6591 237 238 
4885 1773 3142 6594 6593 
4886 3142 1787 6592 6594 
4887 6594 6592 1788 5381 
4888 6593 6594 5381 1774 
4889 1319 6595 6598 4628 
4890 6595 1347 6596 6598 
4891 6598 6596 1348 6597 
4892 4628 6598 6597 1320 
4893 2465 2677 6600 4187 
4894 2677 2479 6599 6600 
4895 6600 6599 124 125 
4896 4187 6600 125 126 
4897 1834 6601 6605 6604 
4898 6601 1848 6602 6605 
4899 6605 6602 1849 6603 
4900 6604 6605 6603 1835 
4901 1632 4184 6607 6606 
4902 4184 1660 4029 6607 
4903 6607 4029 1661 4388 
4904 6606 6607 4388 1633 
4905 1027 6608 6610 6492 
4906 6608 1028 6609 6610 
4907 6610 6609 2172 5752 
4908 6492 6610 5752 2158 
4909 1565 6611 6614 6613 
4910 6611 1593 5966 6614 
4911 6614 5966 1594 6612 
4912 6613 6614 6612 1566 
4913 2233 6615 6616 4759 
4914 6615 2247 3092 6616 
4915 6616 3092 2248 5941 
4916 4759 6616 5941 2234 
4917 1397 3786 6619 6618 
4918 3786 1425 5618 6619 
4919 6619 5618 1426 6617 
4920 6618 6619 6617 1398 
4921 534 6620 6623 5812 
4922 6620 745 6621 6623 
4923 6623 6621 746 6622 
4924 5812 6623 6622 727 
4925 745 6624 6626 6621 
4926 6624 535 5432 6626 
4927 6626 5432 579 6625 
4928 6621 6626 6625 746 
4929 746 6625 6628 6627 
4930 6625 579 4773 6628 
4931 6628 4773 538 6327 
4932 6627 6628 6327 732 
4933 727 6622 6629 5815 
4934 6622 746 6627 6629 
4935 6629 6627 732 6323 
4936 5815 6629 6323 539 
4937 1534 6630 6632 4317 
4938 6630 1562 4805 6632 
4939 6632 4805 1563 6631 
4940 4317 6632 6631 1535 
4941 2148 5914 6634 5902 
4942 5914 2162 2541 6634 
4943 6634 2541 2163 6633 
4944 5902 6634 6633 2149 
4945 2491 6635 6638 6637 
4946 6635 2505 3543 6638 
4947 6638 3543 2506 6636 
4948 6637 6638 6636 2492 
4949 1627 4454 6640 4257 
4950 4454 1655 3572 6640 
4951 6640 3572 1656 6639 
4952 4257 6640 6639 1628 
4953 1222 5044 6641 3029 
4954 5044 1230 3825 6641 
4955 6641 3825 1231 2543 
4956 3029 6641 2543 1223 
4957 1438 4792 6644 4367 
4958 4792 1466 6642 6644 
4959 6644 6642 1467 6643 
4960 4367 6644 6643 1439 
4961 1737 4179 6646 6645 
4962 4179 1751 3989 6646 
4963 6646 3989 228 229 
4964 6645 6646 229 230 
4965 1779 2535 6648 6647 
4966 2535 1793 3286 6648 
4967 6648 3286 222 223 
4968 6647 6648 223 224 
4969 1326 6649 6652 6651 
4970 6649 1354 3589 6652 
4971 6652 3589 1355 6650 
4972 6651 6652 6650 1327 
4973 1404 6653 6654 5756 
4974 6653 1432 4492 6654 
4975 6654 4492 1433 4563 
4976 5756 6654 4563 1405 
4977 2048 3104 6657 6656 
4978 3104 2062 6655 6657 
4979 6657 6655 2063 4660 
4980 6656 6657 4660 2049 
4981 989 6658 6659 5776 
4982 6658 990 5251 6659 
4983 6659 5251 1612 6270 
4984 5776 6659 6270 1584 
4985 952 2838 6662 6661 
4986 2838 953 6268 6662 
4987 6662 6268 1140 6660 
4988 6661 6662 6660 1132 
4989 1040 6663 6664 5079 
4990 6663 1041 4856 6664 
4991 6664 4856 2354 2753 
4992 5079 6664 2753 2340 
4993 2232 5870 6665 6094 
4994 5870 2246 4106 6665 
4995 6665 4106 2247 6615 
4996 6094 6665 6615 2233 
4997 1028 6666 6668 6609 
4998 6666 1029 6667 6668 
4999 6668 6667 2186 3681 
5000 6609 6668 3681 2172 
5001 1854 6669 6673 6672 
5002 6669 1868 6670 6673 
5003 6673 6670 1869 6671 
5004 6672 6673 6671 1855 
5005 1242 6674 6677 6676 
5006 6674 1250 6675 6677 
5007 6677 6675 1251 3884 
5008 6676 6677 3884 1243 
5009 2255 4951 6679 2832 
5010 4951 2269 6678 6679 
5011 6679 6678 154 155 
5012 2832 6679 155 156 
5013 1512 6680 6683 3790 
5014 6680 1540 6681 6683 
5015 6683 6681 1541 6682 
5016 3790 6683 6682 1513 
5017 1953 6684 6688 6687 
5018 6684 1967 6685 6688 
5019 6688 6685 1968 6686 
5020 6687 6688 6686 1954 
5021 1033 4800 6690 5373 
5022 4800 818 4467 6690 
5023 6690 4467 826 6689 
5024 5373 6690 6689 1034 
5025 1833 5163 6693 6692 
5026 5163 1847 6691 6693 
5027 6693 6691 1848 6601 
5028 6692 6693 6601 1834 
5029 1595 6694 6697 6021 
5030 6694 1623 6695 6697 
5031 6697 6695 1624 6696 
5032 6021 6697 6696 1596 
5033 2150 6698 6699 4143 
5034 6698 2164 5350 6699 
5035 6699 5350 2165 6369 
5036 4143 6699 6369 2151 
5037 915 6700 6701 3433 
5038 6700 917 3114 6701 
5039 6701 3114 918 3165 
5040 3433 6701 3165 916 
5041 438 439 6703 2858 
5042 439 440 6702 6703 
5043 6703 6702 863 4349 
5044 2858 6703 4349 861 
5045 1031 6704 6706 6705 
5046 6704 802 6198 6706 
5047 6706 6198 810 4798 
5048 6705 6706 4798 1032 
5049 2419 6707 6709 3927 
5050 6707 2433 5969 6709 
5051 6709 5969 2434 6708 
5052 3927 6709 6708 2420 
5053 1001 3757 6710 4243 
5054 3757 876 3157 6710 
5055 6710 3157 878 4644 
5056 4243 6710 4644 1002 
5057 1478 6711 6714 6713 
5058 6711 1506 4318 6714 
5059 6714 4318 1507 6712 
5060 6713 6714 6712 1479 
5061 1380 4523 6717 5992 
5062 4523 1408 6715 6717 
5063 6717 6715 1409 6716 
5064 5992 6717 6716 1381 
5065 1279 6718 6722 6721 
5066 6718 1307 6719 6722 
5067 6722 6719 1308 6720 
5068 6721 6722 6720 1280 
5069 1509 6723 6726 5748 
5070 6723 1537 6724 6726 
5071 6726 6724 1538 6725 
5072 5748 6726 6725 1510 
5073 1775 5382 6730 6729 
5074 5382 1789 6727 6730 
5075 6730 6727 1790 6728 
5076 6729 6730 6728 1776 
5077 2142 2653 6731 3706 
5078 2653 2156 6348 6731 
5079 6731 6348 2157 6251 
5080 3706 6731 6251 2143 
5081 1789 3881 6734 6727 
5082 3881 1803 6732 6734 
5083 6734 6732 1804 6733 
5084 6727 6734 6733 1790 
5085 2081 6735 6736 4581 
5086 6735 2095 6465 6736 
5087 6736 6465 2096 4378 
5088 4581 6736 4378 2082 
5089 1740 6737 6740 6739 
5090 6737 1754 6738 6740 
5091 6740 6738 1755 5047 
5092 6739 6740 5047 1741 
5093 2395 2932 6742 4399 
5094 2932 2409 6741 6742 
5095 6742 6741 134 135 
5096 4399 6742 135 136 
5097 2075 4530 6745 6744 
5098 4530 2089 5294 6745 
5099 6745 5294 2090 6743 
5100 6744 6745 6743 2076 
5101 1381 6716 6747 6746 
5102 6716 1409 4275 6747 
5103 6747 4275 1410 3403 
5104 6746 6747 3403 1382 
5105 1278 2672 6750 6749 
5106 2672 1306 6748 6750 
5107 6750 6748 1307 6718 
5108 6749 6750 6718 1279 
5109 1286 5145 6752 2836 
5110 5145 1314 6751 6752 
5111 6752 6751 1315 6514 
5112 2836 6752 6514 1287 
5113 1800 6476 6754 4078 
5114 6476 1814 6753 6754 
5115 6754 6753 1815 6024 
5116 4078 6754 6024 1801 
5117 1247 5363 6755 6131 
5118 5363 1255 3045 6755 
5119 6755 3045 1256 2715 
5120 6131 6755 2715 1248 
5121 484 485 6757 5919 
5122 485 486 6205 6757 
5123 6757 6205 909 6756 
5124 5919 6757 6756 907 
5125 1755 6758 6761 5048 
5126 6758 1769 6759 6761 
5127 6761 6759 1770 6760 
5128 5048 6761 6760 1756 
5129 879 6207 6763 6002 
5130 6207 881 5535 6763 
5131 6763 5535 882 6762 
5132 6002 6763 6762 880 
5133 460 461 6765 3280 
5134 461 462 6764 6765 
5135 6765 6764 885 6011 
5136 3280 6765 6011 883 
5137 1542 6766 6770 6769 
5138 6766 1570 6767 6770 
5139 6770 6767 1571 6768 
5140 6769 6770 6768 1543 
5141 1329 6771 6773 6422 
5142 6771 1357 5168 6773 
5143 6773 5168 1358 6772 
5144 6422 6773 6772 1330 
5145 2484 6774 6777 3815 
5146 6774 2498 6775 6777 
5147 6777 6775 2499 6776 
5148 3815 6777 6776 2485 
5149 1268 6066 6779 2721 
5150 6066 40 41 6779 
5151 6779 41 42 6778 
5152 2721 6779 6778 1269 
5153 2377 6780 6783 6782 
5154 6780 2391 6781 6783 
5155 6783 6781 2392 6458 
5156 6782 6783 6458 2378 
5157 923 4914 6785 5355 
5158 4914 925 3698 6785 
5159 6785 3698 926 6784 
5160 5355 6785 6784 924 
5161 1989 5579 6787 6786 
5162 5579 2003 2732 6787 
5163 6787 2732 192 193 
5164 6786 6787 193 194 
5165 1649 6788 6789 5971 
5166 6788 260 261 6789 
5167 6789 261 262 5316 
5168 5971 6789 5316 1650 
5169 983 6790 6791 5947 
5170 6790 984 5884 6791 
5171 6791 5884 1444 5623 
5172 5947 6791 5623 1416 
5173 1556 5777 6792 3239 
5174 5777 1584 6271 6792 
5175 6792 6271 1585 4208 
5176 3239 6792 4208 1557 
5177 472 473 6796 6795 
5178 473 474 6793 6796 
5179 6796 6793 897 6794 
5180 6795 6796 6794 895 
5181 1519 5837 6798 4073 
5182 5837 1547 4733 6798 
5183 6798 4733 1548 6797 
5184 4073 6798 6797 1520 
5185 2373 3039 6800 5694 
5186 3039 2387 6799 6800 
5187 6800 6799 2388 6277 
5188 5694 6800 6277 2374 
5189 1766 4893 6801 6543 
5190 4893 1780 4487 6801 
5191 6801 4487 1781 5116 
5192 6543 6801 5116 1767 
5193 1683 6802 6804 6803 
5194 6802 1697 6518 6804 
5195 6804 6518 1698 6563 
5196 6803 6804 6563 1684 
5197 1194 6805 6807 4004 
5198 6805 1202 6806 6807 
5199 6807 6806 1203 4769 
5200 4004 6807 4769 1195 
5201 966 3711 6810 6809 
5202 3711 1300 4048 6810 
5203 6810 4048 1301 6808 
5204 6809 6810 6808 967 
5205 988 6360 6812 5775 
5206 6360 1678 5262 6812 
5207 6812 5262 1679 6811 
5208 5775 6812 6811 989 
5209 1343 5989 6814 6813 
5210 5989 1371 6182 6814 
5211 6814 6182 1372 5727 
5212 6813 6814 5727 1344 
5213 1530 4445 6817 6816 
5214 4445 1558 6254 6817 
5215 6817 6254 1559 6815 
5216 6816 6817 6815 1531 
5217 1474 2886 6819 6155 
5218 2886 1502 6818 6819 
5219 6819 6818 1503 2528 
5220 6155 6819 2528 1475 
5221 1762 6820 6824 6823 
5222 6820 1776 6821 6824 
5223 6824 6821 1777 6822 
5224 6823 6824 6822 1763 
5225 1199 6083 6826 3984 
5226 6083 1207 6282 6826 
5227 6826 6282 1208 6825 
5228 3984 6826 6825 1200 
5229 1189 6827 6829 5722 
5230 6827 1197 6136 6829 
5231 6829 6136 1198 6828 
5232 5722 6829 6828 1190 
5233 1266 6105 6832 6831 
5234 6105 1274 3231 6832 
5235 6832 3231 1275 6830 
5236 6831 6832 6830 1267 
5237 2365 6833 6835 6834 
5238 6833 2379 5337 6835 
5239 6835 5337 2380 6546 
5240 6834 6835 6546 2366 
5241 2100 6836 6838 6837 
5242 6836 2114 3182 6838 
5243 6838 3182 2115 4117 
5244 6837 6838 4117 2101 
5245 2483 2624 6840 6839 
5246 2624 2497 5278 6840 
5247 6840 5278 2498 6774 
5248 6839 6840 6774 2484 
5249 1639 5628 6841 3944 
5250 5628 1667 3195 6841 
5251 6841 3195 10 11 
5252 3944 6841 11 12 
5253 2237 3221 6845 6844 
5254 3221 2251 6842 6845 
5255 6845 6842 2252 6843 
5256 6844 6845 6843 2238 
5257 1337 6846 6849 6848 
5258 6846 1365 6847 6849 
5259 6849 6847 1366 4547 
5260 6848 6849 4547 1338 
5261 1359 6215 6850 2594 
5262 6215 1387 6574 6850 
5263 6850 6574 30 31 
5264 2594 6850 31 32 
5265 1695 5910 6851 6590 
5266 5910 1709 3375 6851 
5267 6851 3375 234 235 
5268 6590 6851 235 236 
5269 2354 4855 6853 2754 
5270 4855 2368 5437 6853 
5271 6853 5437 2369 6852 
5272 2754 6853 6852 2355 
5273 1159 6854 6857 2666 
5274 6854 1167 6855 6857 
5275 6857 6855 1168 6856 
5276 2666 6857 6856 1160 
5277 466 467 6861 6860 
5278 467 468 6858 6861 
5279 6861 6858 891 6859 
5280 6860 6861 6859 889 
5281 1995 5255 6863 6387 
5282 5255 2009 6862 6863 
5283 6863 6862 2010 5759 
5284 6387 6863 5759 1996 
5285 1170 5247 6865 5898 
5286 5247 1178 6864 6865 
5287 6865 6864 1179 5555 
5288 5898 6865 5555 1171 
5289 2447 6866 6868 5968 
5290 6866 2461 6867 6868 
5291 6868 6867 2462 3233 
5292 5968 6868 3233 2448 
5293 470 471 6871 6870 
5294 471 472 6795 6871 
5295 6871 6795 895 6869 
5296 6870 6871 6869 893 
5297 2268 6872 6875 4950 
5298 6872 2282 6873 6875 
5299 6875 6873 2283 6874 
5300 4950 6875 6874 2269 
5301 1785 6876 6878 6877 
5302 6876 1799 6477 6878 
5303 6878 6477 1800 4077 
5304 6877 6878 4077 1786 
5305 2417 2927 6881 6880 
5306 2927 2431 4882 6881 
5307 6881 4882 2432 6879 
5308 6880 6881 6879 2418 
5309 1462 6882 6886 6885 
5310 6882 1490 6883 6886 
5311 6886 6883 1491 6884 
5312 6885 6886 6884 1463 
5313 2267 3828 6888 6887 
5314 3828 2281 3063 6888 
5315 6888 3063 2282 6872 
5316 6887 6888 6872 2268 
5317 2487 6889 6890 5300 
5318 6889 2501 5434 6890 
5319 6890 5434 2502 3750 
5320 5300 6890 3750 2488 
5321 2030 6128 6891 6152 
5322 6128 2044 5496 6891 
5323 6891 5496 2045 6560 
5324 6152 6891 6560 2031 
5325 2230 6892 6893 6418 
5326 6892 2244 5637 6893 
5327 6893 5637 2245 5868 
5328 6418 6893 5868 2231 
5329 1502 6894 6895 6818 
5330 6894 1530 6816 6895 
5331 6895 6816 1531 4410 
5332 6818 6895 4410 1503 
5333 1903 3071 6897 3443 
5334 3071 1917 6896 6897 
5335 6897 6896 1918 5974 
5336 3443 6897 5974 1904 
5337 2494 6292 6899 6898 
5338 6292 551 5458 6899 
5339 6899 5458 715 6338 
5340 6898 6899 6338 2495 
5341 1295 6900 6902 6901 
5342 6900 1323 4314 6902 
5343 6902 4314 1324 6354 
5344 6901 6902 6354 1296 
5345 1838 6903 6906 5064 
5346 6903 1852 6904 6906 
5347 6906 6904 1853 6905 
5348 5064 6906 6905 1839 
5349 1696 6907 6909 6908 
5350 6907 1710 4992 6909 
5351 6909 4992 1711 6517 
5352 6908 6909 6517 1697 
5353 2390 6910 6913 6912 
5354 6910 2404 5539 6913 
5355 6913 5539 2405 6911 
5356 6912 6913 6911 2391 
5357 2108 3975 6914 5823 
5358 3975 2122 6558 6914 
5359 6914 6558 2123 4551 
5360 5823 6914 4551 2109 
5361 2212 2765 6916 2691 
5362 2765 2226 6915 6916 
5363 6916 6915 2227 2647 
5364 2691 6916 2647 2213 
5365 1666 5462 6917 5627 
5366 5462 294 295 6917 
5367 6917 295 296 3194 
5368 5627 6917 3194 1667 
5369 1328 6918 6919 4046 
5370 6918 1356 5881 6919 
5371 6919 5881 1357 6771 
5372 4046 6919 6771 1329 
5373 1560 3639 6921 6920 
5374 3639 1588 2635 6921 
5375 6921 2635 1589 6033 
5376 6920 6921 6033 1561 
5377 1877 6922 6925 6924 
5378 6922 1891 6923 6925 
5379 6925 6923 208 209 
5380 6924 6925 209 210 
5381 1888 2946 6926 3965 
5382 2946 1902 3072 6926 
5383 6926 3072 1903 3442 
5384 3965 6926 3442 1889 
5385 835 6927 6929 5403 
5386 6927 843 6928 6929 
5387 6929 6928 844 6195 
5388 5403 6929 6195 836 
5389 360 361 6930 3857 
5390 361 362 5587 6930 
5391 6930 5587 795 3849 
5392 3857 6930 3849 787 
5393 2034 4850 6932 6931 
5394 4850 2048 6656 6932 
5395 6932 6656 2049 5848 
5396 6931 6932 5848 2035 
5397 2474 5301 6935 6934 
5398 5301 2488 3753 6935 
5399 6935 3753 2489 6933 
5400 6934 6935 6933 2475 
5401 971 6936 6937 6098 
5402 6936 972 5937 6937 
5403 6937 5937 932 5583 
5404 6098 6937 5583 938 
5405 2014 6494 6940 3395 
5406 6494 2028 6938 6940 
5407 6940 6938 2029 6939 
5408 3395 6940 6939 2015 
5409 1384 2750 6942 5880 
5410 2750 1412 6941 6942 
5411 6942 6941 1413 3308 
5412 5880 6942 3308 1385 
5413 1976 3277 6945 6944 
5414 3277 1990 6943 6945 
5415 6945 6943 1991 6144 
5416 6944 6945 6144 1977 
5417 1860 6946 6949 6948 
5418 6946 1874 3967 6949 
5419 6949 3967 1875 6947 
5420 6948 6949 6947 1861 
5421 1952 3533 6950 5503 
5422 3533 1966 5982 6950 
5423 6950 5982 1967 6684 
5424 5503 6950 6684 1953 
5425 1470 6951 6953 6435 
5426 6951 1498 3351 6953 
5427 6953 3351 1499 6952 
5428 6435 6953 6952 1471 
5429 1623 6954 6956 6695 
5430 6954 1651 6955 6956 
5431 6956 6955 1652 5264 
5432 6695 6956 5264 1624 
5433 1581 6957 6960 6959 
5434 6957 1609 5531 6960 
5435 6960 5531 1610 6958 
5436 6959 6960 6958 1582 
5437 1375 5528 6963 6962 
5438 5528 1403 6961 6963 
5439 6963 6961 1404 5755 
5440 6962 6963 5755 1376 
5441 1962 6964 6966 6965 
5442 6964 1976 6944 6966 
5443 6966 6944 1977 3596 
5444 6965 6966 3596 1963 
5445 1002 4647 6969 4244 
5446 4647 1003 6967 6969 
5447 6969 6967 1822 6968 
5448 4244 6969 6968 1808 
5449 2091 6970 6973 4354 
5450 6970 2105 6971 6973 
5451 6973 6971 2106 6972 
5452 4354 6973 6972 2092 
5453 1548 4732 6976 6975 
5454 4732 1576 4292 6976 
5455 6976 4292 1577 6974 
5456 6975 6976 6974 1549 
5457 2301 6977 6979 6978 
5458 6977 2315 3529 6979 
5459 6979 3529 2316 4383 
5460 6978 6979 4383 2302 
5461 1670 6980 6981 6124 
5462 6980 1684 6564 6981 
5463 6981 6564 1685 2792 
5464 6124 6981 2792 1671 
5465 2083 4380 6984 6983 
5466 4380 2097 6982 6984 
5467 6984 6982 2098 3604 
5468 6983 6984 3604 2084 
5469 1456 2520 6986 4000 
5470 2520 1484 3792 6986 
5471 6986 3792 1485 6985 
5472 4000 6986 6985 1457 
5473 2335 6987 6990 6989 
5474 6987 2349 5669 6990 
5475 6990 5669 2350 6988 
5476 6989 6990 6988 2336 
5477 1290 5524 6992 5707 
5478 5524 1318 6991 6992 
5479 6992 6991 1319 4627 
5480 5707 6992 4627 1291 
5481 1497 6993 6996 6995 
5482 6993 1525 6994 6996 
5483 6996 6994 1526 3349 
5484 6995 6996 3349 1498 
5485 2364 6997 6998 5563 
5486 6997 2378 6459 6998 
5487 6998 6459 2379 6833 
5488 5563 6998 6833 2365 
5489 1140 6267 7001 7000 
5490 6267 1148 6999 7001 
5491 7001 6999 1149 2939 
5492 7000 7001 2939 1141 
5493 559 7002 7005 5605 
5494 7002 748 7003 7005 
5495 7005 7003 750 7004 
5496 5605 7005 7004 721 
5497 748 7006 7007 7003 
5498 7006 560 5922 7007 
5499 7007 5922 749 4495 
5500 7003 7007 4495 750 
5501 1876 6101 7008 6311 
5502 6101 1890 6394 7008 
5503 7008 6394 1891 6922 
5504 6311 7008 6922 1877 
5505 374 375 7012 7011 
5506 375 376 7009 7012 
5507 7012 7009 851 7010 
5508 7011 7012 7010 843 
5509 1332 2922 7016 7015 
5510 2922 1360 7013 7016 
5511 7016 7013 1361 7014 
5512 7015 7016 7014 1333 
5513 1408 7017 7018 6715 
5514 7017 1436 3738 7018 
5515 7018 3738 1437 4272 
5516 6715 7018 4272 1409 
5517 1024 6275 7021 7020 
5518 6275 922 5356 7021 
5519 7021 5356 924 7019 
5520 7020 7021 7019 1025 
5521 1819 7022 7024 4819 
5522 7022 1833 6692 7024 
5523 7024 6692 1834 7023 
5524 4819 7024 7023 1820 
5525 1691 5521 7026 3899 
5526 5521 1705 6321 7026 
5527 7026 6321 1706 7025 
5528 3899 7026 7025 1692 
5529 2210 7027 7029 4086 
5530 7027 2224 7028 7029 
5531 7029 7028 2225 2763 
5532 4086 7029 2763 2211 
5533 1514 7030 7032 7031 
5534 7030 1542 6769 7032 
5535 7032 6769 1543 5832 
5536 7031 7032 5832 1515 
5537 2275 7033 7036 7035 
5538 7033 2289 6039 7036 
5539 7036 6039 2290 7034 
5540 7035 7036 7034 2276 
5541 919 7037 7038 3112 
5542 7037 921 5357 7038 
5543 7038 5357 922 6274 
5544 3112 7038 6274 920 
5545 1415 7039 7040 6573 
5546 7039 1443 4254 7040 
5547 7040 4254 26 27 
5548 6573 7040 27 28 
5549 2061 5692 7042 3103 
5550 5692 2075 6744 7042 
5551 7042 6744 2076 7041 
5552 3103 7042 7041 2062 
5553 488 489 7044 6203 
5554 489 490 3897 7044 
5555 7044 3897 913 7043 
5556 6203 7044 7043 911 
5557 2355 6852 7046 6201 
5558 6852 2369 7045 7046 
5559 7046 7045 2370 5174 
5560 6201 7046 5174 2356 
5561 1399 7047 7049 6180 
5562 7047 1427 4877 7049 
5563 7049 4877 1428 7048 
5564 6180 7049 7048 1400 
5565 792 7050 7053 7052 
5566 7050 800 5485 7053 
5567 7053 5485 801 7051 
5568 7052 7053 7051 793 
5569 1906 6241 7055 6056 
5570 6241 1920 7054 7055 
5571 7055 7054 1921 6262 
5572 6056 7055 6262 1907 
5573 1543 6768 7057 5833 
5574 6768 1571 6352 7057 
5575 7057 6352 1572 7056 
5576 5833 7057 7056 1544 
5577 1721 3585 7058 3225 
5578 3585 1735 4947 7058 
5579 7058 4947 1736 6048 
5580 3225 7058 6048 1722 
5581 1020 7059 7062 7061 
5582 7059 1021 7060 7062 
5583 7062 7060 2074 5691 
5584 7061 7062 5691 2060 
5585 1850 6080 7064 4248 
5586 6080 1864 3972 7064 
5587 7064 3972 1865 7063 
5588 4248 7064 7063 1851 
5589 1669 3319 7066 7065 
5590 3319 1683 6803 7066 
5591 7066 6803 1684 6980 
5592 7065 7066 6980 1670 
5593 1314 7067 7069 6751 
5594 7067 1342 5990 7069 
5595 7069 5990 1343 7068 
5596 6751 7069 7068 1315 
5597 1540 7070 7072 6681 
5598 7070 1568 5842 7072 
5599 7072 5842 1569 7071 
5600 6681 7072 7071 1541 
5601 889 6859 7073 6234 
5602 6859 891 4924 7073 
5603 7073 4924 892 4321 
5604 6234 7073 4321 890 
5605 2042 6009 7076 7075 
5606 6009 2056 7074 7076 
5607 7076 7074 2057 4424 
5608 7075 7076 4424 2043 
5609 930 7077 7078 5021 
5610 7077 6 435 7078 
5611 7078 435 436 2860 
5612 5021 7078 2860 859 
5613 1034 6689 7081 5995 
5614 6689 826 7079 7081 
5615 7081 7079 834 7080 
5616 5995 7081 7080 1035 
5617 996 7082 7085 7084 
5618 7082 997 3890 7085 
5619 7085 3890 1738 7083 
5620 7084 7085 7083 1724 
5621 370 371 7087 4433 
5622 371 372 7086 7087 
5623 7087 7086 835 5402 
5624 4433 7087 5402 827 
5625 2321 3336 7089 7088 
5626 3336 2335 6989 7089 
5627 7089 6989 2336 4147 
5628 7088 7089 4147 2322 
5629 1578 3025 7091 4482 
5630 3025 1606 6445 7091 
5631 7091 6445 1607 7090 
5632 4482 7091 7090 1579 
5633 2477 3379 7093 7092 
5634 3379 2491 6637 7093 
5635 7093 6637 2492 4862 
5636 7092 7093 4862 2478 
5637 1231 3824 7094 2544 
5638 3824 1239 6132 7094 
5639 7094 6132 1240 2840 
5640 2544 7094 2840 1232 
5641 833 7095 7099 7098 
5642 7095 841 7096 7099 
5643 7099 7096 842 7097 
5644 7098 7099 7097 834 
5645 2314 7100 7102 7101 
5646 7100 2328 4418 7102 
5647 7102 4418 2329 3526 
5648 7101 7102 3526 2315 
5649 1549 6974 7103 3289 
5650 6974 1577 3026 7103 
5651 7103 3026 1578 4481 
5652 3289 7103 4481 1550 
5653 1764 7104 7106 5576 
5654 7104 1778 2536 7106 
5655 7106 2536 1779 7105 
5656 5576 7106 7105 1765 
5657 2006 7107 7110 7109 
5658 7107 2020 7108 7110 
5659 7110 7108 2021 2879 
5660 7109 7110 2879 2007 
5661 1021 3167 7112 7060 
5662 3167 1022 7111 7112 
5663 7112 7111 2088 4528 
5664 7060 7112 4528 2074 
5665 1935 2687 7115 7114 
5666 2687 1949 7113 7115 
5667 7115 7113 1950 6481 
5668 7114 7115 6481 1936 
5669 2415 7116 7117 2890 
5670 7116 2429 3054 7117 
5671 7117 3054 2430 2925 
5672 2890 7117 2925 2416 
5673 2324 4042 7119 7118 
5674 4042 2338 6174 7119 
5675 7119 6174 2339 5661 
5676 7118 7119 5661 2325 
5677 2391 6911 7120 6781 
5678 6911 2405 3929 7120 
5679 7120 3929 2406 3303 
5680 6781 7120 3303 2392 
5681 1538 7121 7125 7124 
5682 7121 1566 7122 7125 
5683 7125 7122 1567 7123 
5684 7124 7125 7123 1539 
5685 560 7006 7129 7128 
5686 7006 748 7126 7129 
5687 7129 7126 752 7127 
5688 7128 7129 7127 751 
5689 748 7002 7131 7126 
5690 7002 559 5215 7131 
5691 7131 5215 705 7130 
5692 7126 7131 7130 752 
5693 752 7130 7133 7132 
5694 7130 705 5212 7133 
5695 7133 5212 557 5193 
5696 7132 7133 5193 702 
5697 751 7127 7135 7134 
5698 7127 752 7132 7135 
5699 7135 7132 702 5204 
5700 7134 7135 5204 561 
5701 1861 6947 7137 7136 
5702 6947 1875 6102 7137 
5703 7137 6102 1876 6310 
5704 7136 7137 6310 1862 
5705 2502 5433 7139 3751 
5706 5433 535 7138 7139 
5707 7139 7138 770 5710 
5708 3751 7139 5710 2503 
5709 1486 5685 7141 7140 
5710 5685 1514 7031 7141 
5711 7141 7031 1515 4112 
5712 7140 7141 4112 1487 
5713 1347 3171 7142 6596 
5714 3171 1375 6962 7142 
5715 7142 6962 1376 5170 
5716 6596 7142 5170 1348 
5717 2367 6547 7143 4130 
5718 6547 2381 4400 7143 
5719 7143 4400 138 139 
5720 4130 7143 139 140 
5721 1879 7144 7147 7146 
5722 7144 1893 7145 7147 
5723 7147 7145 1894 2758 
5724 7146 7147 2758 1880 
5725 1042 7148 7150 5359 
5726 7148 561 5203 7150 
5727 7150 5203 701 7149 
5728 5359 7150 7149 1043 
5729 1302 6423 7154 7153 
5730 6423 1330 7151 7154 
5731 7154 7151 1331 7152 
5732 7153 7154 7152 1303 
5733 1615 5614 7157 6346 
5734 5614 1643 7155 7157 
5735 7157 7155 1644 7156 
5736 6346 7157 7156 1616 
5737 1156 7158 7161 7160 
5738 7158 1164 7159 7161 
5739 7161 7159 1165 4067 
5740 7160 7161 4067 1157 
5741 1590 4357 7162 4804 
5742 4357 1618 4729 7162 
5743 7162 4729 1619 6184 
5744 4804 7162 6184 1591 
5745 1236 4217 7163 4100 
5746 4217 1244 4944 7163 
5747 7163 4944 1245 6299 
5748 4100 7163 6299 1237 
5749 2149 6633 7165 7164 
5750 6633 2163 4658 7165 
5751 7165 4658 2164 6698 
5752 7164 7165 6698 2150 
5753 1680 7166 7167 4154 
5754 7166 1694 5911 7167 
5755 7167 5911 1695 6589 
5756 4154 7167 6589 1681 
5757 2135 5903 7168 2696 
5758 5903 2149 7164 7168 
5759 7168 7164 2150 4142 
5760 2696 7168 4142 2136 
5761 1149 7169 7171 2940 
5762 7169 1157 4070 7171 
5763 7171 4070 1158 7170 
5764 2940 7171 7170 1150 
5765 1420 3764 7173 7172 
5766 3764 1448 4962 7173 
5767 7173 4962 1449 3651 
5768 7172 7173 3651 1421 
5769 895 6794 7176 7175 
5770 6794 897 5858 7176 
5771 7176 5858 898 7174 
5772 7175 7176 7174 896 
5773 1724 7083 7178 4991 
5774 7083 1738 5934 7178 
5775 7178 5934 1739 7177 
5776 4991 7178 7177 1725 
5777 2458 7179 7182 7181 
5778 7179 2472 4536 7182 
5779 7182 4536 2473 7180 
5780 7181 7182 7180 2459 
5781 2262 7183 7185 4008 
5782 7183 2276 7184 7185 
5783 7185 7184 2277 5827 
5784 4008 7185 5827 2263 
5785 2252 7186 7189 7188 
5786 7186 2266 3829 7189 
5787 7189 3829 2267 7187 
5788 7188 7189 7187 2253 
5789 1305 7190 7193 2671 
5790 7190 1333 7191 7193 
5791 7193 7191 1334 7192 
5792 2671 7193 7192 1306 
5793 967 7194 7197 7196 
5794 7194 968 7195 7197 
5795 7197 7195 1260 3505 
5796 7196 7197 3505 1252 
5797 1929 4165 7198 5345 
5798 4165 1943 4140 7198 
5799 7198 4140 1944 5339 
5800 5345 7198 5339 1930 
5801 2406 3928 7201 3304 
5802 3928 2420 7199 7201 
5803 7201 7199 2421 7200 
5804 3304 7201 7200 2407 
5805 1993 7202 7204 7203 
5806 7202 2007 2882 7204 
5807 7204 2882 2008 5253 
5808 7203 7204 5253 1994 
5809 979 4269 7206 7205 
5810 4269 1669 7065 7206 
5811 7206 7065 1670 6123 
5812 7205 7206 6123 980 
5813 2339 6173 7207 5662 
5814 6173 2353 4131 7207 
5815 7207 4131 142 143 
5816 5662 7207 143 144 
5817 1008 4323 7209 7208 
5818 4323 1009 6242 7209 
5819 7209 6242 1906 6055 
5820 7208 7209 6055 1892 
5821 995 7210 7212 7211 
5822 7210 996 7084 7212 
5823 7212 7084 1724 4990 
5824 7211 7212 4990 1710 
5825 907 6756 7214 5281 
5826 6756 909 7213 7214 
5827 7214 7213 910 3667 
5828 5281 7214 3667 908 
5829 1043 7149 7215 5939 
5830 7149 701 5200 7215 
5831 7215 5200 562 2661 
5832 5939 7215 2661 1044 
5833 1830 3702 7218 7217 
5834 3702 1844 5862 7218 
5835 7218 5862 1845 7216 
5836 7217 7218 7216 1831 
5837 1227 4825 7220 3872 
5838 4825 1235 7219 7220 
5839 7220 7219 309 310 
5840 3872 7220 310 311 
5841 2005 7221 7223 4449 
5842 7221 2019 7222 7223 
5843 7223 7222 2020 7107 
5844 4449 7223 7107 2006 
5845 1910 7224 7227 2813 
5846 7224 1924 7225 7227 
5847 7227 7225 1925 7226 
5848 2813 7227 7226 1911 
5849 785 7228 7231 7230 
5850 7228 793 7229 7231 
5851 7231 7229 794 4842 
5852 7230 7231 4842 786 
5853 855 7232 7234 4664 
5854 7232 722 5606 7234 
5855 7234 5606 721 7233 
5856 4664 7234 7233 856 
5857 2466 4931 7238 7237 
5858 4931 2480 7235 7238 
5859 7238 7235 2481 7236 
5860 7237 7238 7236 2467 
5861 1262 5233 7241 4866 
5862 5233 1270 7239 7241 
5863 7241 7239 1271 7240 
5864 4866 7241 7240 1263 
5865 2439 7242 7244 7243 
5866 7242 2453 5085 7244 
5867 7244 5085 2454 6523 
5868 7243 7244 6523 2440 
5869 1202 7245 7246 6806 
5870 7245 1210 3954 7246 
5871 7246 3954 1211 4420 
5872 6806 7246 4420 1203 
5873 1742 5049 7249 7248 
5874 5049 1756 7247 7249 
5875 7249 7247 1757 4749 
5876 7248 7249 4749 1743 
5877 1628 6639 7251 7250 
5878 6639 1656 5830 7251 
5879 7251 5830 1657 6146 
5880 7250 7251 6146 1629 
5881 2199 2692 7252 3956 
5882 2692 2213 2649 7252 
5883 7252 2649 162 163 
5884 3956 7252 163 164 
5885 1433 4491 7255 4564 
5886 4491 1461 7253 7255 
5887 7255 7253 1462 7254 
5888 4564 7255 7254 1434 
5889 2197 4087 7256 3480 
5890 4087 2211 2766 7256 
5891 7256 2766 2212 2690 
5892 3480 7256 2690 2198 
5893 2475 6933 7259 7258 
5894 6933 2489 7257 7259 
5895 7259 7257 2490 3377 
5896 7258 7259 3377 2476 
5897 1321 7260 7262 6537 
5898 7260 1349 4509 7262 
5899 7262 4509 1350 7261 
5900 6537 7262 7261 1322 
5901 2409 7263 7265 6741 
5902 7263 2423 7264 7265 
5903 7265 7264 132 133 
5904 6741 7265 133 134 
5905 1835 6603 7267 6535 
5906 6603 1849 7266 7267 
5907 7267 7266 214 215 
5908 6535 7267 215 216 
5909 1847 7268 7270 6691 
5910 7268 1861 7136 7270 
5911 7270 7136 1862 7269 
5912 6691 7270 7269 1848 
5913 1355 3588 7272 7271 
5914 3588 1383 2751 7272 
5915 7272 2751 1384 5879 
5916 7271 7272 5879 1356 
5917 1212 2896 7275 7274 
5918 2896 1220 7273 7275 
5919 7275 7273 1221 5999 
5920 7274 7275 5999 1213 
5921 2176 3067 7277 2539 
5922 3067 2190 7276 7277 
5923 7277 7276 2191 3745 
5924 2539 7277 3745 2177 
5925 1024 7020 7278 5088 
5926 7020 1025 3388 7278 
5927 7278 3388 2130 4414 
5928 5088 7278 4414 2116 
5929 2069 7279 7281 5051 
5930 7279 2083 6983 7281 
5931 7281 6983 2084 7280 
5932 5051 7281 7280 2070 
5933 1440 7282 7286 7285 
5934 7282 1468 7283 7286 
5935 7286 7283 1469 7284 
5936 7285 7286 7284 1441 
5937 494 495 7289 7288 
5938 495 496 7287 7289 
5939 7289 7287 919 3111 
5940 7288 7289 3111 917 
5941 2311 7290 7291 3161 
5942 7290 2325 5663 7291 
5943 7291 5663 146 147 
5944 3161 7291 147 148 
5945 1828 7292 7295 7294 
5946 7292 1842 7293 7295 
5947 7295 7293 1843 3700 
5948 7294 7295 3700 1829 
5949 2269 6874 7296 6678 
5950 6874 2283 6358 7296 
5951 7296 6358 152 153 
5952 6678 7296 153 154 
5953 1400 7048 7297 6488 
5954 7048 1428 4001 7297 
5955 7297 4001 1429 5067 
5956 6488 7297 5067 1401 
5957 2146 7298 7300 6287 
5958 7298 2160 7299 7300 
5959 7300 7299 2161 5913 
5960 6287 7300 5913 2147 
5961 1407 7301 7303 4522 
5962 7301 1435 7302 7303 
5963 7303 7302 1436 7017 
5964 4522 7303 7017 1408 
5965 949 7304 7308 7307 
5966 7304 1283 7305 7308 
5967 7308 7305 1284 7306 
5968 7307 7308 7306 950 
5969 852 3846 7309 3000 
5970 3846 611 4717 7309 
5971 7309 4717 676 5489 
5972 3000 7309 5489 853 
5973 515 7310 7311 514 
5974 7310 779 3812 7311 
5975 7311 3812 780 5398 
5976 514 7311 5398 513 
5977 1731 7312 7314 2563 
5978 7312 1745 7313 7314 
5979 7314 7313 1746 6550 
5980 2563 7314 6550 1732 
5981 2426 7315 7317 5792 
5982 7315 2440 6526 7317 
5983 7317 6526 2441 7316 
5984 5792 7317 7316 2427 
5985 2376 7318 7319 3687 
5986 7318 2390 6912 7319 
5987 7319 6912 2391 6780 
5988 3687 7319 6780 2377 
5989 1003 7320 7321 6967 
5990 7320 1004 4919 7321 
5991 7321 4919 1836 6447 
5992 6967 7321 6447 1822 
5993 1545 7322 7325 4572 
5994 7322 1573 7323 7325 
5995 7325 7323 1574 7324 
5996 4572 7325 7324 1546 
5997 545 7326 7329 3551 
5998 7326 753 7327 7329 
5999 7329 7327 754 7328 
6000 3551 7329 7328 640 
6001 753 7330 7332 7327 
6002 7330 558 5239 7332 
6003 7332 5239 709 7331 
6004 7327 7332 7331 754 
6005 754 7331 7334 7333 
6006 7331 709 5235 7334 
6007 7334 5235 569 4977 
6008 7333 7334 4977 684 
6009 640 7328 7335 3554 
6010 7328 754 7333 7335 
6011 7335 7333 684 4973 
6012 3554 7335 4973 563 
6013 522 7336 7339 4330 
6014 7336 755 7337 7339 
6015 7339 7337 756 7338 
6016 4330 7339 7338 663 
6017 755 7340 7342 7337 
6018 7340 537 5643 7342 
6019 7342 5643 723 7341 
6020 7337 7342 7341 756 
6021 756 7341 7344 7343 
6022 7341 723 5639 7344 
6023 7344 5639 520 2773 
6024 7343 7344 2773 593 
6025 663 7338 7345 4333 
6026 7338 756 7343 7345 
6027 7345 7343 593 2768 
6028 4333 7345 2768 521 
6029 2004 4624 7347 7346 
6030 4624 2018 3325 7347 
6031 7347 3325 2019 7221 
6032 7346 7347 7221 2005 
6033 502 503 7348 4913 
6034 503 504 6209 7348 
6035 7348 6209 927 3695 
6036 4913 7348 3695 925 
6037 1177 5549 7350 5246 
6038 5549 1185 6231 7350 
6039 7350 6231 1186 7349 
6040 5246 7350 7349 1178 
6041 1477 3099 7352 7351 
6042 3099 1505 5866 7352 
6043 7352 5866 1506 6711 
6044 7351 7352 6711 1478 
6045 2080 7353 7355 7354 
6046 7353 2094 5825 7355 
6047 7355 5825 2095 6735 
6048 7354 7355 6735 2081 
6049 2489 3752 7357 7257 
6050 3752 2503 5713 7357 
6051 7357 5713 2504 7356 
6052 7257 7357 7356 2490 
6053 1441 7284 7359 3408 
6054 7284 1469 7358 7359 
6055 7359 7358 1470 6434 
6056 3408 7359 6434 1442 
6057 2019 3324 7361 7222 
6058 3324 2033 4851 7361 
6059 7361 4851 2034 7360 
6060 7222 7361 7360 2020 
6061 1320 6597 7362 4298 
6062 6597 1348 5172 7362 
6063 7362 5172 1349 7260 
6064 4298 7362 7260 1321 
6065 1600 4258 7365 7364 
6066 4258 1628 7250 7365 
6067 7365 7250 1629 7363 
6068 7364 7365 7363 1601 
6069 1842 3663 7367 7293 
6070 3663 1856 7366 7367 
6071 7367 7366 1857 6382 
6072 7293 7367 6382 1843 
6073 1634 4390 7368 6443 
6074 4390 1662 3877 7368 
6075 7368 3877 1663 3646 
6076 6443 7368 3646 1635 
6077 1814 7369 7371 6753 
6078 7369 1828 7294 7371 
6079 7371 7294 1829 7370 
6080 6753 7371 7370 1815 
6081 1418 7372 7373 5285 
6082 7372 1446 6156 7373 
6083 7373 6156 1447 3763 
6084 5285 7373 3763 1419 
6085 1645 3400 7375 3369 
6086 3400 252 253 7375 
6087 7375 253 254 7374 
6088 3369 7375 7374 1646 
6089 2460 7376 7379 7378 
6090 7376 2474 6934 7379 
6091 7379 6934 2475 7377 
6092 7378 7379 7377 2461 
6093 1630 6148 7380 5423 
6094 6148 1658 6344 7380 
6095 7380 6344 1659 4182 
6096 5423 7380 4182 1631 
6097 1294 6538 7382 2817 
6098 6538 1322 7381 7382 
6099 7382 7381 1323 6900 
6100 2817 7382 6900 1295 
6101 1439 6643 7384 7383 
6102 6643 1467 5803 7384 
6103 7384 5803 1468 7282 
6104 7383 7384 7282 1440 
6105 983 6378 7386 6790 
6106 6378 1673 7385 7386 
6107 7386 7385 1674 4516 
6108 6790 7386 4516 984 
6109 1868 7387 7388 6670 
6110 7387 1882 2600 7388 
6111 7388 2600 1883 2617 
6112 6670 7388 2617 1869 
6113 1369 5391 7390 6511 
6114 5391 1397 6618 7390 
6115 7390 6618 1398 7389 
6116 6511 7390 7389 1370 
6117 2209 7391 7393 2701 
6118 7391 2223 7392 7393 
6119 7393 7392 2224 7027 
6120 2701 7393 7027 2210 
6121 2086 7394 7395 5680 
6122 7394 2100 6837 7395 
6123 7395 6837 2101 6456 
6124 5680 7395 6456 2087 
6125 825 3801 7396 4466 
6126 3801 833 7098 7396 
6127 7396 7098 834 7079 
6128 4466 7396 7079 826 
6129 1570 4808 7397 6767 
6130 4808 1598 6416 7397 
6131 7397 6416 1599 6350 
6132 6767 7397 6350 1571 
6133 1859 3820 7398 5928 
6134 3820 1873 4325 7398 
6135 7398 4325 1874 6946 
6136 5928 7398 6946 1860 
6137 1158 4069 7401 7400 
6138 4069 1166 7399 7401 
6139 7401 7399 1167 6854 
6140 7400 7401 6854 1159 
6141 1273 3619 7402 6104 
6142 3619 50 51 7402 
6143 7402 51 52 3229 
6144 6104 7402 3229 1274 
6145 1030 4843 7404 4374 
6146 4843 794 7403 7404 
6147 7404 7403 802 6704 
6148 4374 7404 6704 1031 
6149 1757 7405 7407 4750 
6150 7405 1771 7406 7407 
6151 7407 7406 1772 5977 
6152 4750 7407 5977 1758 
6153 2370 7408 7409 5175 
6154 7408 2384 5553 7409 
6155 7409 5553 2385 5096 
6156 5175 7409 5096 2371 
6157 2180 4742 7411 3146 
6158 4742 2194 7410 7411 
6159 7411 7410 2195 2862 
6160 3146 7411 2862 2181 
6161 1992 4450 7412 5559 
6162 4450 2006 7109 7412 
6163 7412 7109 2007 7202 
6164 5559 7412 7202 1993 
6165 476 477 7415 7414 
6166 477 478 6031 7415 
6167 7415 6031 901 7413 
6168 7414 7415 7413 899 
6169 462 463 7417 6764 
6170 463 464 7416 7417 
6171 7417 7416 887 5032 
6172 6764 7417 5032 885 
6173 2192 7418 7421 7420 
6174 7418 2206 4617 7421 
6175 7421 4617 2207 7419 
6176 7420 7421 7419 2193 
6177 2062 7041 7423 6655 
6178 7041 2076 7422 7423 
6179 7423 7422 2077 4035 
6180 6655 7423 4035 2063 
6181 981 7424 7426 2921 
6182 7424 982 5948 7426 
6183 7426 5948 1388 7425 
6184 2921 7426 7425 1360 
6185 1939 5504 7427 6306 
6186 5504 1953 6687 7427 
6187 7427 6687 1954 3470 
6188 6306 7427 3470 1940 
6189 1574 7428 7430 7429 
6190 7428 1602 5425 7430 
6191 7430 5425 1603 4090 
6192 7429 7430 4090 1575 
6193 2461 7377 7431 6867 
6194 7377 2475 7258 7431 
6195 7431 7258 2476 6237 
6196 6867 7431 6237 2462 
6197 1270 7432 7434 7239 
6198 7432 44 45 7434 
6199 7434 45 46 7433 
6200 7239 7434 7433 1271 
6201 1551 4483 7436 3940 
6202 4483 1579 7435 7436 
6203 7436 7435 1580 5765 
6204 3940 7436 5765 1552 
6205 1900 3245 7439 7438 
6206 3245 1914 5371 7439 
6207 7439 5371 1915 7437 
6208 7438 7439 7437 1901 
6209 1893 6057 7441 7145 
6210 6057 1907 6265 7441 
6211 7441 6265 1908 7440 
6212 7145 7441 7440 1894 
6213 1663 3876 7442 3647 
6214 3876 288 289 7442 
6215 7442 289 290 3991 
6216 3647 7442 3991 1664 
6217 2112 7443 7446 7445 
6218 7443 2126 7444 7446 
6219 7446 7444 2127 5377 
6220 7445 7446 5377 2113 
6221 2445 7447 7450 4880 
6222 7447 2459 7448 7450 
6223 7450 7448 2460 7449 
6224 4880 7450 7449 2446 
6225 1193 2789 7452 6230 
6226 2789 1201 7451 7452 
6227 7452 7451 1202 6805 
6228 6230 7452 6805 1194 
6229 1366 7453 7456 4548 
6230 7453 1394 7454 7456 
6231 7456 7454 1395 7455 
6232 4548 7456 7455 1367 
6233 1204 6295 7459 7458 
6234 6295 1212 7274 7459 
6235 7459 7274 1213 7457 
6236 7458 7459 7457 1205 
6237 941 7460 7462 7461 
6238 7460 992 3782 7462 
6239 7462 3782 1668 4268 
6240 7461 7462 4268 978 
6241 1679 5261 7465 7464 
6242 5261 1693 7463 7465 
6243 7465 7463 1694 7166 
6244 7464 7465 7166 1680 
6245 2088 7466 7467 4529 
6246 7466 2102 3674 7467 
6247 7467 3674 2103 5291 
6248 4529 7467 5291 2089 
6249 1045 6336 7469 2549 
6250 6336 1046 4738 7469 
6251 7469 4738 2424 7468 
6252 2549 7469 7468 2410 
6253 2288 7470 7472 7471 
6254 7470 2302 4386 7472 
6255 7472 4386 2303 6036 
6256 7471 7472 6036 2289 
6257 1133 7473 7475 2509 
6258 7473 1141 2942 7475 
6259 7475 2942 1142 7474 
6260 2509 7475 7474 1134 
6261 1853 7476 7479 7478 
6262 7476 1867 7477 7479 
6263 7479 7477 1868 6669 
6264 7478 7479 6669 1854 
6265 945 7480 7482 7481 
6266 7480 1279 6721 7482 
6267 7482 6721 1280 5674 
6268 7481 7482 5674 946 
6269 2446 7449 7483 5741 
6270 7449 2460 7378 7483 
6271 7483 7378 2461 6866 
6272 5741 7483 6866 2447 
6273 1998 7484 7486 3609 
6274 7484 2012 6452 7486 
6275 7486 6452 2013 7485 
6276 3609 7486 7485 1999 
6277 2393 3305 7488 5336 
6278 3305 2407 7487 7488 
6279 7488 7487 2408 2930 
6280 5336 7488 2930 2394 
6281 1040 5923 7490 6663 
6282 5923 560 7128 7490 
6283 7490 7128 751 7489 
6284 6663 7490 7489 1041 
6285 1987 6219 7493 7492 
6286 6219 2001 7491 7493 
6287 7493 7491 2002 5578 
6288 7492 7493 5578 1988 
6289 1018 4361 7497 7496 
6290 4361 1019 7494 7497 
6291 7497 7494 2046 7495 
6292 7496 7497 7495 2032 
6293 1258 7498 7500 7499 
6294 7498 1266 6831 7500 
6295 7500 6831 1267 5272 
6296 7499 7500 5272 1259 
6297 1200 6825 7503 2788 
6298 6825 1208 7501 7503 
6299 7503 7501 1209 7502 
6300 2788 7503 7502 1201 
6301 2272 6297 7506 5131 
6302 6297 2286 7504 7506 
6303 7506 7504 2287 7505 
6304 5131 7506 7505 2273 
6305 2189 3777 7508 3066 
6306 3777 2203 6227 7508 
6307 7508 6227 2204 7507 
6308 3066 7508 7507 2190 
6309 1909 7509 7511 7510 
6310 7509 1923 3049 7511 
6311 7511 3049 1924 7224 
6312 7510 7511 7224 1910 
6313 994 7512 7515 7514 
6314 7512 862 4351 7515 
6315 7515 4351 864 7513 
6316 7514 7515 7513 995 
6317 2191 7516 7518 3746 
6318 7516 2205 7517 7518 
6319 7518 7517 2206 7418 
6320 3746 7518 7418 2192 
6321 2468 7519 7522 7521 
6322 7519 2482 2625 7522 
6323 7522 2625 2483 7520 
6324 7521 7522 7520 2469 
6325 1573 7523 7525 7323 
6326 7523 1601 7524 7525 
6327 7525 7524 1602 7428 
6328 7323 7525 7428 1574 
6329 1769 5387 7528 6759 
6330 5387 1783 7526 7528 
6331 7528 7526 1784 7527 
6332 6759 7528 7527 1770 
6333 2427 7316 7530 5428 
6334 7316 2441 6541 7530 
6335 7530 6541 2442 7529 
6336 5428 7530 7529 2428 
6337 1702 7531 7534 7533 
6338 7531 1716 4279 7534 
6339 7534 4279 1717 7532 
6340 7533 7534 7532 1703 
6341 2194 7535 7537 7410 
6342 7535 2208 7536 7537 
6343 7537 7536 2209 2700 
6344 7410 7537 2700 2195 
6345 1394 7538 7541 7454 
6346 7538 1422 7539 7541 
6347 7541 7539 1423 7540 
6348 7454 7541 7540 1395 
6349 2481 7542 7544 7543 
6350 7542 2495 6340 7544 
6351 7544 6340 2496 2622 
6352 7543 7544 2622 2482 
6353 1340 7545 7546 4640 
6354 7545 1368 5392 7546 
6355 7546 5392 1369 6510 
6356 4640 7546 6510 1341 
6357 1790 6733 7548 7547 
6358 6733 1804 5846 7548 
6359 7548 5846 1805 4511 
6360 7547 7548 4511 1791 
6361 1269 6778 7549 5232 
6362 6778 42 43 7549 
6363 7549 43 44 7432 
6364 5232 7549 7432 1270 
6365 1386 3310 7551 6214 
6366 3310 1414 7550 7551 
6367 7551 7550 1415 6572 
6368 6214 7551 6572 1387 
6369 1496 5887 7553 7552 
6370 5887 1524 4996 7553 
6371 7553 4996 1525 6993 
6372 7552 7553 6993 1497 
6373 1637 5352 7554 5530 
6374 5352 1665 5463 7554 
6375 7554 5463 1666 5626 
6376 5530 7554 5626 1638 
6377 2223 3864 7556 7392 
6378 3864 2237 6844 7556 
6379 7556 6844 2238 7555 
6380 7392 7556 7555 2224 
6381 867 6015 7558 6317 
6382 6015 869 7557 7558 
6383 7558 7557 870 5699 
6384 6317 7558 5699 868 
6385 2305 6364 7559 2558 
6386 6364 2319 4295 7559 
6387 7559 4295 2320 4395 
6388 2558 7559 4395 2306 
6389 2025 7560 7562 4965 
6390 7560 2039 6188 7562 
6391 7562 6188 2040 7561 
6392 4965 7562 7561 2026 
6393 1020 4236 7563 7059 
6394 4236 914 3434 7563 
6395 7563 3434 916 3164 
6396 7059 7563 3164 1021 
6397 1501 7564 7565 2885 
6398 7564 1529 4446 7565 
6399 7565 4446 1530 6894 
6400 2885 7565 6894 1502 
6401 2098 7566 7568 3605 
6402 7566 2112 7445 7568 
6403 7568 7445 2113 7567 
6404 3605 7568 7567 2099 
6405 1831 7216 7570 7569 
6406 7216 1845 5930 7570 
6407 7570 5930 1846 5161 
6408 7569 7570 5161 1832 
6409 1330 6772 7571 7151 
6410 6772 1358 6216 7571 
6411 7571 6216 1359 2593 
6412 7151 7571 2593 1331 
6413 1489 4191 7574 7573 
6414 4191 1517 4574 7574 
6415 7574 4574 1518 7572 
6416 7573 7574 7572 1490 
6417 1616 7156 7575 2633 
6418 7156 1644 3401 7575 
6419 7575 3401 1645 3368 
6420 2633 7575 3368 1617 
6421 2217 6419 7576 6225 
6422 6419 2231 5871 7576 
6423 7576 5871 2232 6093 
6424 6225 7576 6093 2218 
6425 1241 2904 7578 3574 
6426 2904 1249 7577 7578 
6427 7578 7577 1250 6674 
6428 3574 7578 6674 1242 
6429 1012 7579 7580 5059 
6430 7579 898 5857 7580 
6431 7580 5857 900 4934 
6432 5059 7580 4934 1013 
6433 2387 7581 7582 6799 
6434 7581 2401 2892 7582 
6435 7582 2892 2402 3358 
6436 6799 7582 3358 2388 
6437 1461 7583 7584 7253 
6438 7583 1489 7573 7584 
6439 7584 7573 1490 6882 
6440 7253 7584 6882 1462 
6441 2313 7585 7586 3085 
6442 7585 2327 6169 7586 
6443 7586 6169 2328 7100 
6444 3085 7586 7100 2314 
6445 2486 7587 7588 4534 
6446 7587 2500 4775 7588 
6447 7588 4775 2501 6889 
6448 4534 7588 6889 2487 
6449 1007 7589 7591 7590 
6450 7589 888 6235 7591 
6451 7591 6235 890 4320 
6452 7590 7591 4320 1008 
6453 1275 3230 7593 7592 
6454 3230 54 55 7593 
6455 7593 55 1 298 
6456 7592 7593 298 299 
6457 2097 7594 7596 6982 
6458 7594 2111 7595 7596 
6459 7596 7595 2112 7566 
6460 6982 7596 7566 2098 
6461 1920 7597 7599 7054 
6462 7597 1934 2688 7599 
6463 7599 2688 1935 7598 
6464 7054 7599 7598 1921 
6465 1531 6815 7601 4411 
6466 6815 1559 3640 7601 
6467 7601 3640 1560 7600 
6468 4411 7601 7600 1532 
6469 1479 6712 7603 4835 
6470 6712 1507 4201 7603 
6471 7603 4201 1508 7602 
6472 4835 7603 7602 1480 
6473 2317 5634 7606 7605 
6474 5634 2331 7604 7606 
6475 7606 7604 2332 3184 
6476 7605 7606 3184 2318 
6477 2125 7607 7610 7609 
6478 7607 2139 4033 7610 
6479 7610 4033 2140 7608 
6480 7609 7610 7608 2126 
6481 2129 3707 7612 7611 
6482 3707 2143 6252 7612 
6483 7612 6252 172 173 
6484 7611 7612 173 174 
6485 1811 6468 7614 7613 
6486 6468 1825 3096 7614 
6487 7614 3096 1826 5074 
6488 7613 7614 5074 1812 
6489 2454 5084 7615 6524 
6490 5084 2468 7521 7615 
6491 7615 7521 2469 4558 
6492 6524 7615 4558 2455 
6493 2133 6288 7617 7616 
6494 6288 2147 5915 7617 
6495 7617 5915 2148 5901 
6496 7616 7617 5901 2134 
6497 2363 3688 7618 5668 
6498 3688 2377 6782 7618 
6499 7618 6782 2378 6997 
6500 5668 7618 6997 2364 
6501 1572 6351 7620 7619 
6502 6351 1600 7364 7620 
6503 7620 7364 1601 7523 
6504 7619 7620 7523 1573 
6505 1306 7192 7622 6748 
6506 7192 1334 5501 7622 
6507 7622 5501 1335 7621 
6508 6748 7622 7621 1307 
6509 2414 5429 7625 7624 
6510 5429 2428 7623 7625 
6511 7625 7623 2429 7116 
6512 7624 7625 7116 2415 
6513 548 7626 7630 7629 
6514 7626 757 7627 7630 
6515 7630 7627 760 7628 
6516 7629 7630 7628 759 
6517 757 7631 7633 7627 
6518 7631 567 6401 7633 
6519 7633 6401 735 7632 
6520 7627 7633 7632 760 
6521 760 7632 7636 7635 
6522 7632 735 6396 7636 
6523 7636 6396 566 7634 
6524 7635 7636 7634 758 
6525 759 7628 7639 7638 
6526 7628 760 7635 7639 
6527 7639 7635 758 7637 
6528 7638 7639 7637 549 
6529 1579 7090 7642 7435 
6530 7090 1607 7640 7642 
6531 7642 7640 1608 7641 
6532 7435 7642 7641 1580 
6533 1856 7643 7645 7366 
6534 7643 1870 4956 7645 
6535 7645 4956 1871 7644 
6536 7366 7645 7644 1857 
6537 1701 7646 7648 2854 
6538 7646 1715 7647 7648 
6539 7648 7647 1716 7531 
6540 2854 7648 7531 1702 
6541 1990 7649 7650 6943 
6542 7649 2004 7346 7650 
6543 7650 7346 2005 4448 
6544 6943 7650 4448 1991 
6545 2294 7651 7653 7652 
6546 7651 2308 3581 7653 
6547 7653 3581 2309 4239 
6548 7652 7653 4239 2295 
6549 2506 3542 7656 7655 
6550 3542 523 3835 7656 
6551 7656 3835 652 7654 
6552 7655 7656 7654 2507 
6553 1878 7657 7658 3970 
6554 7657 1892 6058 7658 
6555 7658 6058 1893 7144 
6556 3970 7658 7144 1879 
6557 1154 6303 7659 5702 
6558 6303 1162 5899 7659 
6559 7659 5899 1163 4653 
6560 5702 7659 4653 1155 
6561 2352 7660 7661 6172 
6562 7660 2366 6548 7661 
6563 7661 6548 2367 4129 
6564 6172 7661 4129 2353 
6565 942 7662 7664 7663 
6566 7662 1276 6043 7664 
6567 7664 6043 1277 3382 
6568 7663 7664 3382 943 
6569 1781 4486 7666 5117 
6570 4486 1795 3937 7666 
6571 7666 3937 1796 7665 
6572 5117 7666 7665 1782 
6573 1927 7667 7670 7669 
6574 7667 1941 7668 7670 
6575 7670 7668 1942 4163 
6576 7669 7670 4163 1928 
6577 1028 7671 7673 6666 
6578 7671 518 7672 7673 
6579 7673 7672 786 4841 
6580 6666 7673 4841 1029 
6581 1974 7674 7677 7676 
6582 7674 1988 5580 7677 
6583 7677 5580 1989 7675 
6584 7676 7677 7675 1975 
6585 1190 6828 7678 5737 
6586 6828 1198 6084 7678 
6587 7678 6084 1199 3983 
6588 5737 7678 3983 1191 
6589 2099 7567 7680 7679 
6590 7567 2113 5379 7680 
6591 7680 5379 2114 6836 
6592 7679 7680 6836 2100 
6593 1539 7123 7682 7681 
6594 7123 1567 6022 7682 
6595 7682 6022 1568 7070 
6596 7681 7682 7070 1540 
6597 811 7683 7684 5590 
6598 7683 819 5731 7684 
6599 7684 5731 820 3916 
6600 5590 7684 3916 812 
6601 788 3851 7686 7685 
6602 3851 796 5659 7686 
6603 7686 5659 797 3911 
6604 7685 7686 3911 789 
6605 1208 6281 7688 7501 
6606 6281 1216 6212 7688 
6607 7688 6212 1217 7687 
6608 7501 7688 7687 1209 
6609 2280 2644 7689 3827 
6610 2644 2294 7652 7689 
6611 7689 7652 2295 3060 
6612 3827 7689 3060 2281 
6613 1220 3716 7690 7273 
6614 3716 1228 4102 7690 
6615 7690 4102 1229 5042 
6616 7273 7690 5042 1221 
6617 1165 7691 7693 4068 
6618 7691 1173 2516 7693 
6619 7693 2516 1174 7692 
6620 4068 7693 7692 1166 
6621 1449 4961 7695 3652 
6622 4961 1477 7351 7695 
6623 7695 7351 1478 7694 
6624 3652 7695 7694 1450 
6625 2331 5784 7697 7604 
6626 5784 2345 7696 7697 
6627 7697 7696 2346 5953 
6628 7604 7697 5953 2332 
6629 2253 7187 7699 7698 
6630 7187 2267 6887 7699 
6631 7699 6887 2268 4949 
6632 7698 7699 4949 2254 
6633 1003 4646 7701 7320 
6634 4646 880 6762 7701 
6635 7701 6762 882 7700 
6636 7320 7701 7700 1004 
6637 1763 6822 7702 3979 
6638 6822 1777 5689 7702 
6639 7702 5689 1778 7104 
6640 3979 7702 7104 1764 
6641 1500 6109 7703 6554 
6642 6109 1528 3241 7703 
6643 7703 3241 1529 7564 
6644 6554 7703 7564 1501 
6645 2038 3341 7705 7704 
6646 3341 2052 6471 7705 
6647 7705 6471 2053 6186 
6648 7704 7705 6186 2039 
6649 2226 6006 7708 6915 
6650 6006 2240 7706 7708 
6651 7708 7706 2241 7707 
6652 6915 7708 7707 2227 
6653 1015 7709 7710 3276 
6654 7709 1016 4625 7710 
6655 7710 4625 2004 7649 
6656 3276 7710 7649 1990 
6657 592 4998 7712 5944 
6658 4998 423 424 7712 
6659 7712 424 425 7711 
6660 5944 7712 7711 940 
6661 1728 3615 7713 6568 
6662 3615 1742 7248 7713 
6663 7713 7248 1743 2627 
6664 6568 7713 2627 1729 
6665 2457 7714 7716 5876 
6666 7714 2471 7715 7716 
6667 7716 7715 2472 7179 
6668 5876 7716 7179 2458 
6669 780 3811 7717 5399 
6670 3811 788 7685 7717 
6671 7717 7685 789 5487 
6672 5399 7717 5487 781 
6673 2287 7718 7720 7719 
6674 7718 2301 6978 7720 
6675 7720 6978 2302 7470 
6676 7719 7720 7470 2288 
6677 840 7721 7725 7724 
6678 7721 848 7722 7725 
6679 7725 7722 849 7723 
6680 7724 7725 7723 841 
6681 829 2996 7727 7726 
6682 2996 837 3949 7727 
6683 7727 3949 838 5597 
6684 7726 7727 5597 830 
6685 1756 6760 7729 7247 
6686 6760 1770 7728 7729 
6687 7729 7728 1771 7405 
6688 7247 7729 7405 1757 
6689 1493 5056 7731 6520 
6690 5056 1521 3291 7731 
6691 7731 3291 1522 7730 
6692 6520 7731 7730 1494 
6693 1761 7732 7733 4287 
6694 7732 1775 6729 7733 
6695 7733 6729 1776 6820 
6696 4287 7733 6820 1762 
6697 1148 4227 7734 6999 
6698 4227 1156 7160 7734 
6699 7734 7160 1157 7169 
6700 6999 7734 7169 1149 
6701 948 7735 7737 7736 
6702 7735 1282 4471 7737 
6703 7737 4471 1283 7304 
6704 7736 7737 7304 949 
6705 2273 7505 7739 5418 
6706 7505 2287 7719 7739 
6707 7739 7719 2288 7738 
6708 5418 7739 7738 2274 
6709 1855 6671 7740 3662 
6710 6671 1869 2620 7740 
6711 7740 2620 1870 7643 
6712 3662 7740 7643 1856 
6713 1715 6569 7741 7647 
6714 6569 1729 2630 7741 
6715 7741 2630 1730 4277 
6716 7647 7741 4277 1716 
6717 1283 4470 7742 7305 
6718 4470 1311 4578 7742 
6719 7742 4578 1312 5630 
6720 7305 7742 5630 1284 
6721 1138 3295 7744 2798 
6722 3295 1146 5703 7744 
6723 7744 5703 1147 7743 
6724 2798 7744 7743 1139 
6725 2251 7745 7746 6842 
6726 7745 2265 2872 7746 
6727 7746 2872 2266 7186 
6728 6842 7746 7186 2252 
6729 1480 7602 7748 5394 
6730 7602 1508 7747 7748 
6731 7748 7747 1509 5747 
6732 5394 7748 5747 1481 
6733 2471 3816 7750 7715 
6734 3816 2485 7749 7750 
6735 7750 7749 2486 4533 
6736 7715 7750 4533 2472 
6737 1025 7019 7751 3386 
6738 7019 924 6784 7751 
6739 7751 6784 926 4108 
6740 3386 7751 4108 1026 
6741 1128 4910 7753 7752 
6742 4910 1136 4813 7753 
6743 7753 4813 1137 4766 
6744 7752 7753 4766 1129 
6745 2452 5313 7755 7754 
6746 5313 2466 7237 7755 
6747 7755 7237 2467 5082 
6748 7754 7755 5082 2453 
6749 2344 5223 7757 5783 
6750 5223 2358 3997 7757 
6751 7757 3997 2359 7756 
6752 5783 7757 7756 2345 
6753 995 7513 7759 7210 
6754 7513 864 6166 7759 
6755 7759 6166 866 7758 
6756 7210 7759 7758 996 
6757 2456 4560 7760 3299 
6758 4560 2470 3817 7760 
6759 7760 3817 2471 7714 
6760 3299 7760 7714 2457 
6761 1846 5929 7761 5162 
6762 5929 1860 6948 7761 
6763 7761 6948 1861 7268 
6764 5162 7761 7268 1847 
6765 498 499 7763 7762 
6766 499 500 4915 7763 
6767 7763 4915 923 5354 
6768 7762 7763 5354 921 
6769 979 7205 7766 7765 
6770 7205 980 2923 7766 
6771 7766 2923 1332 7764 
6772 7765 7766 7764 1304 
6773 1746 7767 7769 6551 
6774 7767 1760 7768 7769 
6775 7769 7768 1761 4286 
6776 6551 7769 4286 1747 
6777 869 7770 7773 7557 
6778 7770 871 7771 7773 
6779 7773 7771 872 7772 
6780 7557 7773 7772 870 
6781 849 7774 7776 7775 
6782 7774 857 4497 7776 
6783 7776 4497 858 4987 
6784 7775 7776 4987 850 
6785 8 357 7777 516 
6786 357 358 3858 7777 
6787 7777 3858 779 7310 
6788 516 7777 7310 515 
6789 509 5407 7779 508 
6790 5407 782 3807 7779 
6791 7779 3807 783 7778 
6792 508 7779 7778 507 
6793 804 5591 7781 5657 
6794 5591 812 3919 7781 
6795 7781 3919 813 7780 
6796 5657 7781 7780 805 
6797 1353 5993 7783 7782 
6798 5993 1381 6746 7783 
6799 7783 6746 1382 3587 
6800 7782 7783 3587 1354 
6801 1886 4442 7784 2822 
6802 4442 1900 7438 7784 
6803 7784 7438 1901 2944 
6804 2822 7784 2944 1887 
6805 1827 2740 7786 7785 
6806 2740 1841 3664 7786 
6807 7786 3664 1842 7292 
6808 7785 7786 7292 1828 
6809 1815 7370 7788 6025 
6810 7370 1829 3703 7788 
6811 7788 3703 1830 7787 
6812 6025 7788 7787 1816 
6813 1469 7789 7790 7358 
6814 7789 1497 6995 7790 
6815 7790 6995 1498 6951 
6816 7358 7790 6951 1470 
6817 2408 7791 7792 2931 
6818 7791 2422 4591 7792 
6819 7792 4591 2423 7263 
6820 2931 7792 7263 2409 
6821 1730 2629 7794 4278 
6822 2629 1744 7793 7794 
6823 7794 7793 1745 7312 
6824 4278 7794 7312 1731 
6825 1723 6049 7795 3374 
6826 6049 1737 6645 7795 
6827 7795 6645 230 231 
6828 3374 7795 231 232 
6829 1257 7796 7798 7797 
6830 7796 1265 6106 7798 
6831 7798 6106 1266 7498 
6832 7797 7798 7498 1258 
6833 856 7233 7800 7799 
6834 7233 721 7004 7800 
6835 7800 7004 750 4494 
6836 7799 7800 4494 857 
6837 1760 7801 7802 7768 
6838 7801 1774 5383 7802 
6839 7802 5383 1775 7732 
6840 7768 7802 7732 1761 
6841 1820 7023 7803 2827 
6842 7023 1834 6604 7803 
6843 7803 6604 1835 6534 
6844 2827 7803 6534 1821 
6845 2347 6160 7804 4859 
6846 6160 2361 6249 7804 
6847 7804 6249 2362 5541 
6848 4859 7804 5541 2348 
6849 1304 7764 7805 6042 
6850 7764 1332 7015 7805 
6851 7805 7015 1333 7190 
6852 6042 7805 7190 1305 
6853 2106 7806 7808 7807 
6854 7806 2120 3761 7808 
6855 7808 3761 2121 3974 
6856 7807 7808 3974 2107 
6857 1901 7437 7809 2945 
6858 7437 1915 5346 7809 
6859 7809 5346 1916 3070 
6860 2945 7809 3070 1902 
6861 1897 2814 7811 4050 
6862 2814 1911 7810 7811 
6863 7811 7810 1912 4602 
6864 4050 7811 4602 1898 
6865 1336 5806 7812 5893 
6866 5806 1364 4127 7812 
6867 7812 4127 1365 6846 
6868 5893 7812 6846 1337 
6869 2224 7555 7814 7028 
6870 7555 2238 7813 7814 
6871 7814 7813 2239 6004 
6872 7028 7814 6004 2225 
6873 1604 7815 7816 4291 
6874 7815 1632 6606 7816 
6875 7816 6606 1633 2953 
6876 4291 7816 2953 1605 
6877 1922 7817 7819 7818 
6878 7817 1936 6483 7819 
6879 7819 6483 1937 3047 
6880 7818 7819 3047 1923 
6881 2410 7468 7821 5773 
6882 7468 2424 7820 7821 
6883 7821 7820 2425 4631 
6884 5773 7821 4631 2411 
6885 1792 4513 7822 2534 
6886 4513 1806 2829 7822 
6887 7822 2829 1807 3284 
6888 2534 7822 3284 1793 
6889 1818 7823 7824 5845 
6890 7823 1832 5164 7824 
6891 7824 5164 1833 7022 
6892 5845 7824 7022 1819 
6893 848 4665 7825 7722 
6894 4665 856 7799 7825 
6895 7825 7799 857 7774 
6896 7722 7825 7774 849 
6897 839 5725 7827 7826 
6898 5725 847 4666 7827 
6899 7827 4666 848 7721 
6900 7826 7827 7721 840 
6901 805 7780 7828 6190 
6902 7780 813 4439 7828 
6903 7828 4439 814 5715 
6904 6190 7828 5715 806 
6905 821 5666 7829 4437 
6906 5666 829 7726 7829 
6907 7829 7726 830 5718 
6908 4437 7829 5718 822 
6909 981 6125 7830 7424 
6910 6125 1671 2795 7830 
6911 7830 2795 1672 6376 
6912 7424 7830 6376 982 
6913 799 5595 7833 7832 
6914 5595 807 7831 7833 
6915 7833 7831 808 5483 
6916 7832 7833 5483 800 
6917 793 7051 7834 7229 
6918 7051 801 6199 7834 
6919 7834 6199 802 7403 
6920 7229 7834 7403 794 
6921 1398 6617 7836 7835 
6922 6617 1426 3458 7836 
6923 7836 3458 1427 7047 
6924 7835 7836 7047 1399 
6925 909 6204 7838 7213 
6926 6204 911 7837 7838 
6927 7838 7837 912 4360 
6928 7213 7838 4360 910 
6929 2485 6776 7840 7749 
6930 6776 2499 7839 7840 
6931 7840 7839 2500 7587 
6932 7749 7840 7587 2486 
6933 1803 4135 7842 6732 
6934 4135 1817 7841 7842 
6935 7842 7841 1818 5844 
6936 6732 7842 5844 1804 
6937 899 7413 7843 5856 
6938 7413 901 3273 7843 
6939 7843 3273 902 4935 
6940 5856 7843 4935 900 
6941 1745 7844 7846 7313 
6942 7844 1759 7845 7846 
6943 7846 7845 1760 7767 
6944 7313 7846 7767 1746 
6945 2386 3658 7848 3038 
6946 3658 2400 7847 7848 
6947 7848 7847 2401 7581 
6948 3038 7848 7581 2387 
6949 1005 7849 7851 6078 
6950 7849 884 6012 7851 
6951 7851 6012 886 7850 
6952 6078 7851 7850 1006 
6953 1047 2713 7853 4736 
6954 2713 1048 5314 7853 
6955 7853 5314 2452 7852 
6956 4736 7853 7852 2438 
6957 911 7043 7854 7837 
6958 7043 913 3435 7854 
6959 7854 3435 914 4235 
6960 7837 7854 4235 912 
6961 2021 7855 7856 2880 
6962 7855 2035 5849 7856 
6963 7856 5849 2036 5671 
6964 2880 7856 5671 2022 
6965 480 481 7858 6030 
6966 481 482 5920 7858 
6967 7858 5920 905 7857 
6968 6030 7858 7857 903 
6969 1817 7859 7860 7841 
6970 7859 1831 7569 7860 
6971 7860 7569 1832 7823 
6972 7841 7860 7823 1818 
6973 1011 7861 7863 7862 
6974 7861 896 7174 7863 
6975 7863 7174 898 7579 
6976 7862 7863 7579 1012 
6977 452 453 7865 7864 
6978 453 454 3769 7865 
6979 7865 3769 877 3155 
6980 7864 7865 3155 875 
6981 2286 6075 7867 7504 
6982 6075 2300 7866 7867 
6983 7867 7866 2301 7718 
6984 7504 7867 7718 2287 
6985 565 7868 7871 6497 
6986 7868 584 7869 7871 
6987 7871 7869 762 7870 
6988 6497 7871 7870 739 
6989 584 7872 7874 7869 
6990 7872 566 6399 7874 
6991 7874 6399 737 7873 
6992 7869 7874 7873 762 
6993 762 7873 7876 7875 
6994 7873 737 6408 7876 
6995 7876 6408 577 3488 
6996 7875 7876 3488 633 
6997 739 7870 7877 6501 
6998 7870 762 7875 7877 
6999 7877 7875 633 3484 
7000 6501 7877 3484 578 
7001 791 4463 7878 3907 
7002 4463 799 7832 7878 
7003 7878 7832 800 7050 
7004 3907 7878 7050 792 
7005 376 377 7879 7009 
7006 377 378 3004 7879 
7007 7879 3004 612 3845 
7008 7009 7879 3845 851 
7009 815 5654 7882 7881 
7010 5654 823 3855 7882 
7011 7882 3855 824 7880 
7012 7881 7882 7880 816 
7013 841 7723 7883 7096 
7014 7723 849 7775 7883 
7015 7883 7775 850 3428 
7016 7096 7883 3428 842 
7017 558 7330 7886 5196 
7018 7330 753 7884 7886 
7019 7886 7884 763 7885 
7020 5196 7886 7885 700 
7021 753 7326 7888 7884 
7022 7326 545 6583 7888 
7023 7888 6583 742 7887 
7024 7884 7888 7887 763 
7025 763 7887 7890 7889 
7026 7887 742 6580 7890 
7027 7890 6580 555 6335 
7028 7889 7890 6335 761 
7029 700 7885 7891 5199 
7030 7885 763 7889 7891 
7031 7891 7889 761 2662 
7032 5199 7891 2662 562 
7033 2407 7200 7892 7487 
7034 7200 2421 5795 7892 
7035 7892 5795 2422 7791 
7036 7487 7892 7791 2408 
7037 1580 7641 7893 5766 
7038 7641 1608 5102 7893 
7039 7893 5102 1609 6957 
7040 5766 7893 6957 1581 
7041 1770 7527 7896 7728 
7042 7527 1784 7894 7896 
7043 7896 7894 1785 7895 
7044 7728 7896 7895 1771 
7045 985 6479 7897 5883 
7046 6479 986 6110 7897 
7047 7897 6110 1500 6553 
7048 5883 7897 6553 1472 
7049 978 4270 7899 7898 
7050 4270 979 7765 7899 
7051 7899 7765 1304 6041 
7052 7898 7899 6041 1276 
7053 2201 2727 7900 4261 
7054 2727 2215 3177 7900 
7055 7900 3177 2216 6486 
7056 4261 7900 6486 2202 
7057 2032 7495 7901 3323 
7058 7495 2046 3644 7901 
7059 7901 3644 2047 4849 
7060 3323 7901 4849 2033 
7061 1839 6905 7903 3095 
7062 6905 1853 7478 7903 
7063 7903 7478 1854 7902 
7064 3095 7903 7902 1840 
7065 1218 6390 7904 3952 
7066 6390 1226 4826 7904 
7067 7904 4826 1227 3871 
7068 3952 7904 3871 1219 
7069 2145 2851 7906 3056 
7070 2851 2159 7905 7906 
7071 7906 7905 2160 7298 
7072 3056 7906 7298 2146 
7073 1997 5761 7907 3075 
7074 5761 2011 4967 7907 
7075 7907 4967 2012 7484 
7076 3075 7907 7484 1998 
7077 2438 7852 7909 7908 
7078 7852 2452 7754 7909 
7079 7909 7754 2453 7242 
7080 7908 7909 7242 2439 
7081 2079 4607 7910 5366 
7082 4607 2093 6139 7910 
7083 7910 6139 2094 7353 
7084 5366 7910 7353 2080 
7085 2310 5705 7911 5332 
7086 5705 2324 7118 7911 
7087 7911 7118 2325 7290 
7088 5332 7911 7290 2311 
7089 962 7912 7913 2894 
7090 7912 1296 6355 7913 
7091 7913 6355 1297 6385 
7092 2894 7913 6385 963 
7093 1004 7700 7914 4917 
7094 7700 882 5534 7914 
7095 7914 5534 884 7849 
7096 4917 7914 7849 1005 
7097 1267 6830 7915 5273 
7098 6830 1275 7592 7915 
7099 7915 7592 299 300 
7100 5273 7915 300 301 
7101 1022 3166 7917 7916 
7102 3166 918 3113 7917 
7103 7917 3113 920 6273 
7104 7916 7917 6273 1023 
7105 1622 5972 7919 7918 
7106 5972 1650 5318 7919 
7107 7919 5318 1651 6954 
7108 7918 7919 6954 1623 
7109 1603 5424 7920 4091 
7110 5424 1631 4185 7920 
7111 7920 4185 1632 7815 
7112 4091 7920 7815 1604 
7113 2056 5052 7923 7074 
7114 5052 2070 7921 7923 
7115 7923 7921 2071 7922 
7116 7074 7923 7922 2057 
7117 1525 4995 7925 6994 
7118 4995 1553 7924 7925 
7119 7925 7924 1554 6461 
7120 6994 7925 6461 1526 
7121 950 7306 7927 7926 
7122 7306 1284 5631 7927 
7123 7927 5631 1285 3691 
7124 7926 7927 3691 951 
7125 1967 5981 7928 6685 
7126 5981 1981 6388 7928 
7127 7928 6388 1982 6256 
7128 6685 7928 6256 1968 
7129 1511 7929 7930 6070 
7130 7929 1539 7681 7930 
7131 7930 7681 1540 6680 
7132 6070 7930 6680 1512 
7133 2009 7931 7933 6862 
7134 7931 2023 5416 7933 
7135 7933 5416 2024 7932 
7136 6862 7933 7932 2010 
7137 1947 4539 7936 7935 
7138 4539 1961 7934 7936 
7139 7936 7934 198 199 
7140 7935 7936 199 200 
7141 1006 7850 7937 6507 
7142 7850 886 5034 7937 
7143 7937 5034 888 7589 
7144 6507 7937 7589 1007 
7145 1759 5978 7938 7845 
7146 5978 1773 6593 7938 
7147 7938 6593 1774 7801 
7148 7845 7938 7801 1760 
7149 1979 5560 7939 5571 
7150 5560 1993 7203 7939 
7151 7939 7203 1994 5769 
7152 5571 7939 5769 1980 
7153 1852 7940 7941 6904 
7154 7940 1866 2868 7941 
7155 7941 2868 1867 7476 
7156 6904 7941 7476 1853 
7157 1417 5624 7942 5492 
7158 5624 1445 5985 7942 
7159 7942 5985 1446 7372 
7160 5492 7942 7372 1418 
7161 1209 7687 7944 7943 
7162 7687 1217 6391 7944 
7163 7944 6391 1218 3951 
7164 7943 7944 3951 1210 
7165 1837 4249 7946 4169 
7166 4249 1851 7945 7946 
7167 7946 7945 1852 6903 
7168 4169 7946 6903 1838 
7169 2159 5753 7948 7905 
7170 5753 2173 4175 7948 
7171 7948 4175 2174 7947 
7172 7905 7948 7947 2160 
7173 1166 7692 7951 7399 
7174 7692 1174 7949 7951 
7175 7951 7949 1175 7950 
7176 7399 7951 7950 1167 
7177 2008 2881 7952 5254 
7178 2881 2022 5672 7952 
7179 7952 5672 2023 7931 
7180 5254 7952 7931 2009 
7181 843 7010 7953 6928 
7182 7010 851 3847 7953 
7183 7953 3847 852 2999 
7184 6928 7953 2999 844 
7185 1726 7954 7955 5819 
7186 7954 1740 6739 7955 
7187 7955 6739 1741 3613 
7188 5819 7955 3613 1727 
7189 1537 2682 7956 6724 
7190 2682 1565 6613 7956 
7191 7956 6613 1566 7121 
7192 6724 7956 7121 1538 
7193 1754 6373 7957 6738 
7194 6373 1768 5388 7957 
7195 7957 5388 1769 6758 
7196 6738 7957 6758 1755 
7197 996 7758 7958 7082 
7198 7758 866 6318 7958 
7199 7958 6318 868 5698 
7200 7082 7958 5698 997 
7201 1941 3472 7960 7668 
7202 3472 1955 5138 7960 
7203 7960 5138 1956 7959 
7204 7668 7960 7959 1942 
7205 1765 7105 7961 3988 
7206 7105 1779 6647 7961 
7207 7961 6647 224 225 
7208 3988 7961 225 226 
7209 2284 3601 7963 5957 
7210 3601 2298 7962 7963 
7211 7963 7962 2299 6074 
7212 5957 7963 6074 2285 
7213 2428 7529 7964 7623 
7214 7529 2442 3301 7964 
7215 7964 3301 2443 3051 
7216 7623 7964 3051 2429 
7217 1377 5757 7965 4507 
7218 5757 1405 4566 7965 
7219 7965 4566 1406 6429 
7220 4507 7965 6429 1378 
7221 1017 3669 7966 4623 
7222 3669 1018 7496 7966 
7223 7966 7496 2032 3322 
7224 4623 7966 3322 2018 
7225 2425 7967 7968 4632 
7226 7967 2439 7243 7968 
7227 7968 7243 2440 7315 
7228 4632 7968 7315 2426 
7229 1661 4028 7969 4389 
7230 4028 284 285 7969 
7231 7969 285 286 3875 
7232 4389 7969 3875 1662 
7233 2336 6988 7971 4148 
7234 6988 2350 5565 7971 
7235 7971 5565 2351 7970 
7236 4148 7971 7970 2337 
7237 1944 4139 7972 5340 
7238 4139 1958 5412 7972 
7239 7972 5412 1959 4158 
7240 5340 7972 4158 1945 
7241 1250 7973 7974 6675 
7242 7973 1258 7499 7974 
7243 7974 7499 1259 3107 
7244 6675 7974 3107 1251 
7245 2469 7520 7975 4559 
7246 7520 2483 6839 7975 
7247 7975 6839 2484 3814 
7248 4559 7975 3814 2470 
7249 941 7461 7977 7976 
7250 7461 978 7898 7977 
7251 7977 7898 1276 7662 
7252 7976 7977 7662 942 
7253 1908 6264 7979 7978 
7254 6264 1922 7818 7979 
7255 7979 7818 1923 7509 
7256 7978 7979 7509 1909 
7257 2096 6464 7980 4379 
7258 6464 2110 3512 7980 
7259 7980 3512 2111 7594 
7260 4379 7980 7594 2097 
7261 1050 6046 7982 4542 
7262 6046 556 7981 7982 
7263 7982 7981 665 2844 
7264 4542 7982 2844 1051 
7265 1917 2804 7983 6896 
7266 2804 1931 4871 7983 
7267 7983 4871 1932 5268 
7268 6896 7983 5268 1918 
7269 1682 7984 7985 3318 
7270 7984 1696 6908 7985 
7271 7985 6908 1697 6802 
7272 3318 7985 6802 1683 
7273 2001 3396 7987 7491 
7274 3396 2015 7986 7987 
7275 7987 7986 2016 3771 
7276 7491 7987 3771 2002 
7277 1744 4751 7988 7793 
7278 4751 1758 5979 7988 
7279 7988 5979 1759 7844 
7280 7793 7988 7844 1745 
7281 1201 7502 7989 7451 
7282 7502 1209 7943 7989 
7283 7989 7943 1210 7245 
7284 7451 7989 7245 1202 
7285 440 441 7990 6702 
7286 441 442 3035 7990 
7287 7990 3035 865 6164 
7288 6702 7990 6164 863 
7289 574 6405 7993 4708 
7290 6405 736 7991 7993 
7291 7993 7991 765 7992 
7292 4708 7993 7992 672 
7293 736 6402 7996 7991 
7294 6402 567 7994 7996 
7295 7996 7994 764 7995 
7296 7991 7996 7995 765 
7297 765 7995 7999 7998 
7298 7995 764 7997 7999 
7299 7999 7997 564 4695 
7300 7998 7999 4695 670 
7301 672 7992 8000 4711 
7302 7992 765 7998 8000 
7303 8000 7998 670 4703 
7304 4711 8000 4703 575 
7305 1160 6856 8003 4593 
7306 6856 1168 8001 8003 
7307 8003 8001 1169 8002 
7308 4593 8003 8002 1161 
7309 2111 3511 8004 7595 
7310 3511 2125 7609 8004 
7311 8004 7609 2126 7443 
7312 7595 8004 7443 2112 
7313 2154 8005 8007 6063 
7314 8005 2168 8006 8007 
7315 8007 8006 2169 3411 
7316 6063 8007 3411 2155 
7317 1458 8008 8010 8009 
7318 8008 1486 7140 8010 
7319 8010 7140 1487 5608 
7320 8009 8010 5608 1459 
7321 2334 4860 8011 3335 
7322 4860 2348 5543 8011 
7323 8011 5543 2349 6987 
7324 3335 8011 6987 2335 
7325 2345 7756 8012 7696 
7326 7756 2359 5696 8012 
7327 8012 5696 2360 6158 
7328 7696 8012 6158 2346 
7329 1949 8013 8015 7113 
7330 8013 1963 3599 8015 
7331 8015 3599 1964 8014 
7332 7113 8015 8014 1950 
7333 1508 4200 8016 7747 
7334 4200 1536 2683 8016 
7335 8016 2683 1537 6723 
7336 7747 8016 6723 1509 
7337 947 5676 8018 8017 
7338 5676 1281 4343 8018 
7339 8018 4343 1282 7735 
7340 8017 8018 7735 948 
7341 1339 4549 8020 4576 
7342 4549 1367 8019 8020 
7343 8020 8019 1368 7545 
7344 4576 8020 7545 1340 
7345 1546 7324 8021 5836 
7346 7324 1574 7429 8021 
7347 8021 7429 1575 4731 
7348 5836 8021 4731 1547 
7349 1144 8022 8023 4812 
7350 8022 1152 4595 8023 
7351 8023 4595 1153 4888 
7352 4812 8023 4888 1145 
7353 1164 2745 8024 7159 
7354 2745 1172 2901 8024 
7355 8024 2901 1173 7691 
7356 7159 8024 7691 1165 
7357 2126 7608 8026 7444 
7358 7608 2140 6064 8026 
7359 8026 6064 2141 8025 
7360 7444 8026 8025 2127 
7361 1126 2510 8029 8028 
7362 2510 1134 8027 8029 
7363 8029 8027 1135 4908 
7364 8028 8029 4908 1127 
7365 1313 4641 8030 5144 
7366 4641 1341 6512 8030 
7367 8030 6512 1342 7067 
7368 5144 8030 7067 1314 
7369 537 7340 8034 8033 
7370 7340 755 8031 8034 
7371 8034 8031 767 8032 
7372 8033 8034 8032 766 
7373 755 7336 8036 8031 
7374 7336 522 3839 8036 
7375 8036 3839 653 8035 
7376 8031 8036 8035 767 
7377 767 8035 8038 8037 
7378 8035 653 3836 8038 
7379 8038 3836 523 3541 
7380 8037 8038 3541 747 
7381 766 8032 8040 8039 
7382 8032 767 8037 8040 
7383 8040 8037 747 6426 
7384 8039 8040 6426 536 
7385 1454 6367 8041 3456 
7386 6367 1482 6532 8041 
7387 8041 6532 1483 2518 
7388 3456 8041 2518 1455 
7389 1035 8042 8043 5996 
7390 8042 1036 3602 8043 
7391 8043 3602 2284 5956 
7392 5996 8043 5956 2270 
7393 1184 8044 8045 5548 
7394 8044 1192 2790 8045 
7395 8045 2790 1193 6229 
7396 5548 8045 6229 1185 
7397 1032 4801 8047 8046 
7398 4801 1033 5375 8047 
7399 8047 5375 2242 4584 
7400 8046 8047 4584 2228 
7401 1848 7269 8049 6602 
7402 7269 1862 6313 8049 
7403 8049 6313 1863 8048 
7404 6602 8049 8048 1849 
7405 1315 7068 8050 6515 
7406 7068 1343 6813 8050 
7407 8050 6813 1344 6090 
7408 6515 8050 6090 1316 
7409 2169 8051 8052 3412 
7410 8051 2183 3482 8052 
7411 8052 3482 2184 2874 
7412 3412 8052 2874 2170 
7413 1392 6528 8054 4125 
7414 6528 1420 7172 8054 
7415 8054 7172 1421 8053 
7416 4125 8054 8053 1393 
7417 549 5151 8057 7638 
7418 5151 692 8055 8057 
7419 8057 8055 769 8056 
7420 7638 8057 8056 759 
7421 692 5147 8059 8055 
7422 5147 554 2845 8059 
7423 8059 2845 665 8058 
7424 8055 8059 8058 769 
7425 769 8058 8062 8061 
7426 8058 665 7981 8062 
7427 8062 7981 556 8060 
7428 8061 8062 8060 768 
7429 759 8056 8064 7629 
7430 8056 769 8061 8064 
7431 8064 8061 768 8063 
7432 7629 8064 8063 548 
7433 1412 8065 8066 6941 
7434 8065 1440 7285 8066 
7435 8066 7285 1441 3407 
7436 6941 8066 3407 1413 
7437 2024 5415 8068 8067 
7438 5415 2038 7704 8068 
7439 8068 7704 2039 7560 
7440 8067 8068 7560 2025 
7441 1504 4412 8070 3098 
7442 4412 1532 8069 8070 
7443 8070 8069 1533 5864 
7444 3098 8070 5864 1505 
7445 1704 8071 8072 5520 
7446 8071 1718 5026 8072 
7447 8072 5026 1719 6320 
7448 5520 8072 6320 1705 
7449 2329 4417 8073 3527 
7450 4417 2343 5224 8073 
7451 8073 5224 2344 5782 
7452 3527 8073 5782 2330 
7453 1693 8074 8075 7463 
7454 8074 1707 3227 8075 
7455 8075 3227 1708 5908 
7456 7463 8075 5908 1694 
7457 2178 3747 8076 5348 
7458 3747 2192 7420 8076 
7459 8076 7420 2193 4740 
7460 5348 8076 4740 2179 
7461 967 6808 8078 7194 
7462 6808 1301 6424 8078 
7463 8078 6424 1302 8077 
7464 7194 8078 8077 968 
7465 1894 7440 8080 2759 
7466 7440 1908 7978 8080 
7467 8080 7978 1909 8079 
7468 2759 8080 8079 1895 
7469 2168 5226 8082 8006 
7470 5226 2182 8081 8082 
7471 8082 8081 2183 8051 
7472 8006 8082 8051 2169 
7473 2399 5093 8084 3657 
7474 5093 2413 5430 8084 
7475 8084 5430 2414 8083 
7476 3657 8084 8083 2400 
7477 2028 3355 8085 6938 
7478 3355 2042 7075 8085 
7479 8085 7075 2043 6127 
7480 6938 8085 6127 2029 
7481 1370 7389 8086 5988 
7482 7389 1398 7835 8086 
7483 8086 7835 1399 6179 
7484 5988 8086 6179 1371 
7485 2240 8087 8088 7706 
7486 8087 2254 4952 8088 
7487 8088 4952 2255 2831 
7488 7706 8088 2831 2241 
7489 1434 7254 8091 8090 
7490 7254 1462 6885 8091 
7491 8091 6885 1463 8089 
7492 8090 8091 8089 1435 
7493 2403 6072 8093 8092 
7494 6072 2417 6880 8093 
7495 8093 6880 2418 5537 
7496 8092 8093 5537 2404 
7497 1950 8014 8094 6482 
7498 8014 1964 4651 8094 
7499 8094 4651 1965 3531 
7500 6482 8094 3531 1951 
7501 2026 7561 8096 6450 
7502 7561 2040 8095 8096 
7503 8096 8095 2041 3353 
7504 6450 8096 3353 2027 
7505 1840 7902 8097 2739 
7506 7902 1854 6672 8097 
7507 8097 6672 1855 3661 
7508 2739 8097 3661 1841 
7509 893 6869 8099 4922 
7510 6869 895 7175 8099 
7511 8099 7175 896 8098 
7512 4922 8099 8098 894 
7513 1424 4265 8100 3785 
7514 4265 1452 5396 8100 
7515 8100 5396 1453 5616 
7516 3785 8100 5616 1425 
7517 2418 6879 8101 5538 
7518 6879 2432 5743 8101 
7519 8101 5743 2433 6707 
7520 5538 8101 6707 2419 
7521 1926 6307 8103 8102 
7522 6307 1940 3473 8103 
7523 8103 3473 1941 7667 
7524 8102 8103 7667 1927 
7525 2389 3360 8105 8104 
7526 3360 2403 8092 8105 
7527 8105 8092 2404 6910 
7528 8104 8105 6910 2390 
7529 1249 2717 8106 7577 
7530 2717 1257 7797 8106 
7531 8106 7797 1258 7973 
7532 7577 8106 7973 1250 
7533 1234 3575 8108 4824 
7534 3575 1242 6676 8108 
7535 8108 6676 1243 8107 
7536 4824 8108 8107 1235 
7537 1516 5834 8110 4190 
7538 5834 1544 8109 8110 
7539 8110 8109 1545 4571 
7540 4190 8110 4571 1517 
7541 2090 5293 8113 8112 
7542 5293 2104 8111 8113 
7543 8113 8111 2105 6970 
7544 8112 8113 6970 2091 
7545 1450 7694 8115 8114 
7546 7694 1478 6713 8115 
7547 8115 6713 1479 4834 
7548 8114 8115 4834 1451 
7549 2160 7947 8117 7299 
7550 7947 2174 8116 8117 
7551 8117 8116 2175 4763 
7552 7299 8117 4763 2161 
7553 2057 7922 8119 4425 
7554 7922 2071 5853 8119 
7555 8119 5853 2072 8118 
7556 4425 8119 8118 2058 
7557 1863 6312 8121 8120 
7558 6312 1877 6924 8121 
7559 8121 6924 210 211 
7560 8120 8121 211 212 
7561 1912 8122 8124 4603 
7562 8122 1926 8102 8124 
7563 8124 8102 1927 8123 
7564 4603 8124 8123 1913 
7565 2303 4385 8125 6037 
7566 4385 2317 7605 8125 
7567 8125 7605 2318 6363 
7568 6037 8125 6363 2304 
7569 1403 5472 8126 6961 
7570 5472 1431 6414 8126 
7571 8126 6414 1432 6653 
7572 6961 8126 6653 1404 
7573 993 8127 8129 3781 
7574 8127 994 8128 8129 
7575 8129 8128 1696 7984 
7576 3781 8129 7984 1682 
7577 1646 7374 8131 4728 
7578 7374 254 255 8131 
7579 8131 255 256 8130 
7580 4728 8131 8130 1647 
7581 1333 7014 8132 7191 
7582 7014 1361 3251 8132 
7583 8132 3251 1362 5498 
7584 7191 8132 5498 1334 
7585 2492 6636 8133 4863 
7586 6636 2506 7655 8133 
7587 8133 7655 2507 5306 
7588 4863 8133 5306 2493 
7589 2300 3086 8134 7866 
7590 3086 2314 7101 8134 
7591 8134 7101 2315 6977 
7592 7866 8134 6977 2301 
7593 934 8135 8137 8136 
7594 8135 937 6099 8137 
7595 8137 6099 938 5582 
7596 8136 8137 5582 935 
7597 534 5647 8140 6620 
7598 5647 724 8138 8140 
7599 8140 8138 771 8139 
7600 6620 8140 8139 745 
7601 724 5644 8142 8138 
7602 5644 537 8033 8142 
7603 8142 8033 766 8141 
7604 8138 8142 8141 771 
7605 771 8141 8144 8143 
7606 8141 766 8039 8144 
7607 8144 8039 536 5711 
7608 8143 8144 5711 770 
7609 745 8139 8145 6624 
7610 8139 771 8143 8145 
7611 8145 8143 770 7138 
7612 6624 8145 7138 535 
7613 994 7514 8146 8128 
7614 7514 995 7211 8146 
7615 8146 7211 1710 6907 
7616 8128 8146 6907 1696 
7617 2245 5636 8147 5869 
7618 5636 2259 5420 8147 
7619 8147 5420 2260 4104 
7620 5869 8147 4104 2246 
7621 1808 6968 8149 5289 
7622 6968 1822 6448 8149 
7623 8149 6448 1823 8148 
7624 5289 8149 8148 1809 
7625 1205 7457 8150 6135 
7626 7457 1213 6000 8150 
7627 8150 6000 1214 4473 
7628 6135 8150 4473 1206 
7629 1564 3498 8151 2681 
7630 3498 1592 4063 8151 
7631 8151 4063 1593 6611 
7632 2681 8151 6611 1565 
7633 474 475 8152 6793 
7634 475 476 7414 8152 
7635 8152 7414 899 5855 
7636 6793 8152 5855 897 
7637 446 447 8153 6014 
7638 447 448 6088 8153 
7639 8153 6088 871 7770 
7640 6014 8153 7770 869 
7641 968 8077 8155 8154 
7642 8077 1302 7153 8155 
7643 8155 7153 1303 5028 
7644 8154 8155 5028 969 
7645 1566 6612 8157 7122 
7646 6612 1594 8156 8157 
7647 8157 8156 1595 6020 
7648 7122 8157 6020 1567 
7649 1325 3720 8158 4675 
7650 3720 1353 7782 8158 
7651 8158 7782 1354 6649 
7652 4675 8158 6649 1326 
7653 1135 8159 8161 4909 
7654 8159 1143 8160 8161 
7655 8161 8160 1144 4811 
7656 4909 8161 4811 1136 
7657 2312 4638 8163 8162 
7658 4638 2326 5621 8163 
7659 8163 5621 2327 7585 
7660 8162 8163 7585 2313 
7661 1544 7056 8164 8109 
7662 7056 1572 7619 8164 
7663 8164 7619 1573 7322 
7664 8109 8164 7322 1545 
7665 1318 6260 8165 6991 
7666 6260 1346 3172 8165 
7667 8165 3172 1347 6595 
7668 6991 8165 6595 1319 
7669 1921 7598 8166 6263 
7670 7598 1935 7114 8166 
7671 8166 7114 1936 7817 
7672 6263 8166 7817 1922 
7673 496 497 8167 7287 
7674 497 498 7762 8167 
7675 8167 7762 921 7037 
7676 7287 8167 7037 919 
7677 2239 8168 8169 6005 
7678 8168 2253 7698 8169 
7679 8169 7698 2254 8087 
7680 6005 8169 8087 2240 
7681 2375 6278 8170 6248 
7682 6278 2389 8104 8170 
7683 8170 8104 2390 7318 
7684 6248 8170 7318 2376 
7685 1865 3971 8172 8171 
7686 3971 1879 7146 8172 
7687 8172 7146 1880 2866 
7688 8171 8172 2866 1866 
7689 2182 2863 8173 8081 
7690 2863 2196 4088 8173 
7691 8173 4088 2197 3479 
7692 8081 8173 3479 2183 
7693 1131 2799 8176 8175 
7694 2799 1139 8174 8176 
7695 8176 8174 333 334 
7696 8175 8176 334 335 
7697 1013 4937 8177 5060 
7698 4937 1014 3278 8177 
7699 8177 3278 1976 6964 
7700 5060 8177 6964 1962 
7701 2499 8178 8179 7839 
7702 8178 733 6328 8179 
7703 8179 6328 538 4772 
7704 7839 8179 4772 2500 
7705 1703 7532 8180 6193 
7706 7532 1717 2565 8180 
7707 8180 2565 1718 8071 
7708 6193 8180 8071 1704 
7709 1813 5075 8181 6475 
7710 5075 1827 7785 8181 
7711 8181 7785 1828 7369 
7712 6475 8181 7369 1814 
7713 2256 5997 8182 4669 
7714 5997 2270 5959 8182 
7715 8182 5959 2271 5905 
7716 4669 8182 5905 2257 
7717 1948 5061 8183 2686 
7718 5061 1962 6965 8183 
7719 8183 6965 1963 8013 
7720 2686 8183 8013 1949 
7721 2274 7738 8185 8184 
7722 7738 2288 7471 8185 
7723 8185 7471 2289 7033 
7724 8184 8185 7033 2275 
7725 1430 2614 8186 5471 
7726 2614 1458 8009 8186 
7727 8186 8009 1459 6413 
7728 5471 8186 6413 1431 
7729 2480 4544 8187 7235 
7730 4544 2494 6898 8187 
7731 8187 6898 2495 7542 
7732 7235 8187 7542 2481 
7733 2307 4396 8189 8188 
7734 4396 2321 7088 8189 
7735 8189 7088 2322 3578 
7736 8188 8189 3578 2308 
7737 1435 8089 8191 7302 
7738 8089 1463 8190 8191 
7739 8191 8190 1464 3735 
7740 7302 8191 3735 1436 
7741 1041 7489 8192 4853 
7742 7489 751 7134 8192 
7743 8192 7134 561 7148 
7744 4853 8192 7148 1042 
7745 2076 6743 8193 7422 
7746 6743 2090 8112 8193 
7747 8193 8112 2091 4353 
7748 7422 8193 4353 2077 
7749 2010 7932 8194 5760 
7750 7932 2024 8067 8194 
7751 8194 8067 2025 4964 
7752 5760 8194 4964 2011 
7753 1178 7349 8195 6864 
7754 7349 1186 4006 8195 
7755 8195 4006 1187 5917 
7756 6864 8195 5917 1179 
7757 1651 5317 8196 6955 
7758 5317 264 265 8196 
7759 8196 265 266 5745 
7760 6955 8196 5745 1652 
7761 1406 4565 8197 6430 
7762 4565 1434 8090 8197 
7763 8197 8090 1435 7301 
7764 6430 8197 7301 1407 
7765 1973 3191 8198 4555 
7766 3191 1987 7492 8198 
7767 8198 7492 1988 7674 
7768 4555 8198 7674 1974 
7769 1975 7675 8200 8199 
7770 7675 1989 6786 8200 
7771 8200 6786 194 195 
7772 8199 8200 195 196 
7773 941 3635 8203 7460 
7774 3635 936 8201 8203 
7775 8203 8201 929 8202 
7776 7460 8203 8202 992 
7777 1851 7063 8204 7945 
7778 7063 1865 8171 8204 
7779 8204 8171 1866 7940 
7780 7945 8204 7940 1852 
7781 2459 7180 8205 7448 
7782 7180 2473 5302 8205 
7783 8205 5302 2474 7376 
7784 7448 8205 7376 2460 
7785 1776 6728 8206 6821 
7786 6728 1790 7547 8206 
7787 8206 7547 1791 5688 
7788 6821 8206 5688 1777 
7789 1457 6985 8207 2613 
7790 6985 1485 5686 8207 
7791 8207 5686 1486 8008 
7792 2613 8207 8008 1458 
7793 1849 8048 8208 7266 
7794 8048 1863 8120 8208 
7795 8208 8120 212 213 
7796 7266 8208 213 214 
7797 1673 6490 8209 7385 
7798 6490 1687 2856 8209 
7799 8209 2856 1688 4568 
7800 7385 8209 4568 1674 
7801 546 3548 8213 8212 
7802 3548 642 8210 8213 
7803 8213 8210 774 8211 
7804 8212 8213 8211 773 
7805 642 3559 8215 8210 
7806 3559 564 7997 8215 
7807 8215 7997 764 8214 
7808 8210 8215 8214 774 
7809 774 8214 8217 8216 
7810 8214 764 7994 8217 
7811 8217 7994 567 7631 
7812 8216 8217 7631 757 
7813 773 8211 8219 8218 
7814 8211 774 8216 8219 
7815 8219 8216 757 7626 
7816 8218 8219 7626 548 
7817 784 3908 8220 3922 
7818 3908 792 7052 8220 
7819 8220 7052 793 7228 
7820 3922 8220 7228 785 
7821 2190 7507 8222 7276 
7822 7507 2204 8221 8222 
7823 8222 8221 2205 7516 
7824 7276 8222 7516 2191 
7825 1134 7474 8223 8027 
7826 7474 1142 5569 8223 
7827 8223 5569 1143 8159 
7828 8027 8223 8159 1135 
7829 2337 7970 8225 4041 
7830 7970 2351 8224 8225 
7831 8225 8224 2352 6171 
7832 4041 8225 6171 2338 
7833 2400 8083 8226 7847 
7834 8083 2414 7624 8226 
7835 8226 7624 2415 2889 
7836 7847 8226 2889 2401 
7837 977 8227 8229 5297 
7838 8227 355 356 8229 
7839 8229 356 5 8228 
7840 5297 8229 8228 581 
7841 372 373 8230 7086 
7842 373 374 7011 8230 
7843 8230 7011 843 6927 
7844 7086 8230 6927 835 
7845 816 7880 8231 4724 
7846 7880 824 3802 8231 
7847 8231 3802 825 4465 
7848 4724 8231 4465 817 
7849 1510 6725 8232 6531 
7850 6725 1538 7124 8232 
7851 8232 7124 1539 7929 
7852 6531 8232 7929 1511 
7853 2070 7280 8233 7921 
7854 7280 2084 3607 8233 
7855 8233 3607 2085 5851 
7856 7921 8233 5851 2071 
7857 2444 5877 8234 5258 
7858 5877 2458 7181 8234 
7859 8234 7181 2459 7447 
7860 5258 8234 7447 2445 
7861 1010 8235 8237 6240 
7862 8235 1011 8236 8237 
7863 8237 8236 1934 7597 
7864 6240 8237 7597 1920 
7865 2193 7419 8238 4741 
7866 7419 2207 4747 8238 
7867 8238 4747 2208 7535 
7868 4741 8238 7535 2194 
7869 1007 7590 8239 6508 
7870 7590 1008 7208 8239 
7871 8239 7208 1892 7657 
7872 6508 8239 7657 1878 
7873 1256 3044 8240 2716 
7874 3044 1264 4365 8240 
7875 8240 4365 1265 7796 
7876 2716 8240 7796 1257 
7877 989 6811 8241 6658 
7878 6811 1679 7464 8241 
7879 8241 7464 1680 4153 
7880 6658 8241 4153 990 
7881 1533 8242 8243 5865 
7882 8242 1561 6034 8243 
7883 8243 6034 1562 6630 
7884 5865 8243 6630 1534 
7885 1596 6696 8244 5841 
7886 6696 1624 5266 8244 
7887 8244 5266 1625 2602 
7888 5841 8244 2602 1597 
7889 1954 6686 8245 3471 
7890 6686 1968 6258 8245 
7891 8245 6258 1969 5135 
7892 3471 8245 5135 1955 
7893 854 5490 8246 4500 
7894 5490 675 5603 8246 
7895 8246 5603 722 7232 
7896 4500 8246 7232 855 
7897 809 4725 8247 6197 
7898 4725 817 4468 8247 
7899 8247 4468 818 4799 
7900 6197 8247 4799 810 
7901 1365 4126 8249 6847 
7902 4126 1393 8248 8249 
7903 8249 8248 1394 7453 
7904 6847 8249 7453 1366 
7905 1393 8053 8250 8248 
7906 8053 1421 3654 8250 
7907 8250 3654 1422 7538 
7908 8248 8250 7538 1394 
7909 2153 6061 8251 4031 
7910 6061 2167 5227 8251 
7911 8251 5227 2168 8005 
7912 4031 8251 8005 2154 
7913 2104 8252 8254 8111 
7914 8252 2118 3538 8254 
7915 8254 3538 2119 8253 
7916 8111 8254 8253 2105 
7917 2064 4037 8255 6315 
7918 4037 2078 4608 8255 
7919 8255 4608 2079 5365 
7920 6315 8255 5365 2065 
7921 2105 8253 8257 6971 
7922 8253 2119 8256 8257 
7923 8257 8256 2120 7806 
7924 6971 8257 7806 2106 
7925 831 5599 8259 3854 
7926 5599 839 7826 8259 
7927 8259 7826 840 8258 
7928 3854 8259 8258 832 
7929 807 5716 8260 7831 
7930 5716 815 7881 8260 
7931 8260 7881 816 4723 
7932 7831 8260 4723 808 
7933 651 3923 8261 4620 
7934 3923 785 7230 8261 
7935 8261 7230 786 7672 
7936 4620 8261 7672 518 
7937 1271 7433 8263 8262 
7938 7433 46 47 8263 
7939 8263 47 48 3618 
7940 8262 8263 3618 1272 
7941 974 8264 8265 3345 
7942 8264 975 3962 8265 
7943 8265 3962 687 5003 
7944 3345 8265 5003 533 
7945 2127 8025 8266 5378 
7946 8025 2141 2654 8266 
7947 8266 2654 2142 3705 
7948 5378 8266 3705 2128 
7949 1857 7644 8267 6383 
7950 7644 1871 5128 8267 
7951 8267 5128 1872 3819 
7952 6383 8267 3819 1858 
7953 968 8154 8268 7195 
7954 8154 969 6067 8268 
7955 8268 6067 1268 2720 
7956 7195 8268 2720 1260 
7957 1782 7665 8270 5386 
7958 7665 1796 4971 8270 
7959 8270 4971 1797 8269 
7960 5386 8270 8269 1783 
7961 1734 6411 8272 3584 
7962 6411 1748 8271 8272 
7963 8272 8271 1749 4946 
7964 3584 8272 4946 1735 
7965 544 4785 8276 8275 
7966 4785 678 8273 8276 
7967 8276 8273 775 8274 
7968 8275 8276 8274 583 
7969 678 4782 8278 8273 
7970 4782 550 5155 8278 
7971 8278 5155 693 8277 
7972 8273 8278 8277 775 
7973 775 8277 8280 8279 
7974 8277 693 5152 8280 
7975 8280 5152 549 7637 
7976 8279 8280 7637 758 
7977 583 8274 8282 8281 
7978 8274 775 8279 8282 
7979 8282 8279 758 7634 
7980 8281 8282 7634 566 
7981 1582 6958 8284 8283 
7982 6958 1610 3082 8284 
7983 8284 3082 1611 3313 
7984 8283 8284 3313 1583 
7985 1933 5763 8285 4795 
7986 5763 1947 7935 8285 
7987 8285 7935 200 201 
7988 4795 8285 201 202 
7989 1613 6176 8286 6245 
7990 6176 1641 4612 8286 
7991 8286 4612 1642 5612 
7992 6245 8286 5612 1614 
7993 1466 6521 8288 6642 
7994 6521 1494 8287 8288 
7995 8288 8287 1495 5800 
7996 6642 8288 5800 1467 
7997 998 5700 8289 5140 
7998 5700 870 7772 8289 
7999 8289 7772 872 5950 
8000 5140 8289 5950 999 
8001 1787 4079 8290 6592 
8002 4079 1801 6026 8290 
8003 8290 6026 1802 3879 
8004 6592 8290 3879 1788 
8005 1411 4368 8291 2749 
8006 4368 1439 7383 8291 
8007 8291 7383 1440 8065 
8008 2749 8291 8065 1412 
8009 2423 4590 8292 7264 
8010 4590 2437 4214 8292 
8011 8292 4214 130 131 
8012 7264 8292 131 132 
8013 1307 7621 8293 6719 
8014 7621 1335 5807 8293 
8015 8293 5807 1336 5892 
8016 6719 8293 5892 1308 
8017 1867 2867 8294 7477 
8018 2867 1881 4122 8294 
8019 8294 4122 1882 7387 
8020 7477 8294 7387 1868 
8021 1688 2855 8295 4569 
8022 2855 1702 7533 8295 
8023 8295 7533 1703 6192 
8024 4569 8295 6192 1689 
8025 468 469 8296 6858 
8026 469 470 6870 8296 
8027 8296 6870 893 4921 
8028 6858 8296 4921 891 
8029 1535 6631 8297 4199 
8030 6631 1563 3499 8297 
8031 8297 3499 1564 2680 
8032 4199 8297 2680 1536 
8033 464 465 8298 7416 
8034 465 466 6860 8298 
8035 8298 6860 889 6233 
8036 7416 8298 6233 887 
8037 1196 3893 8300 8299 
8038 3893 1204 7458 8300 
8039 8300 7458 1205 6134 
8040 8299 8300 6134 1197 
8041 1019 4237 8301 7494 
8042 4237 1020 7061 8301 
8043 8301 7061 2060 3642 
8044 7494 8301 3642 2046 
8045 1322 7261 8302 7381 
8046 7261 1350 4832 8302 
8047 8302 4832 1351 4312 
8048 7381 8302 4312 1323 
8049 1280 6720 8303 5675 
8050 6720 1308 5895 8303 
8051 8303 5895 1309 4340 
8052 5675 8303 4340 1281 
8053 2220 4760 8304 4615 
8054 4760 2234 5942 8304 
8055 8304 5942 2235 5786 
8056 4615 8304 5786 2221 
8057 2467 7236 8305 5083 
8058 7236 2481 7543 8305 
8059 8305 7543 2482 7519 
8060 5083 8305 7519 2468 
8061 1414 3409 8306 7550 
8062 3409 1442 6436 8306 
8063 8306 6436 1443 7039 
8064 7550 8306 7039 1415 
8065 1011 7862 8307 8236 
8066 7862 1012 5062 8307 
8067 8307 5062 1948 2685 
8068 8236 8307 2685 1934 
8069 1022 7916 8308 7111 
8070 7916 1023 5089 8308 
8071 8308 5089 2102 7466 
8072 7111 8308 7466 2088 
8073 2015 6939 8309 7986 
8074 6939 2029 6129 8309 
8075 8309 6129 2030 6151 
8076 7986 8309 6151 2016 
8077 2507 7654 8310 5307 
8078 7654 652 3831 8310 
8079 8310 3831 118 119 
8080 5307 8310 119 120 
8081 2260 5419 8312 4105 
8082 5419 2274 8184 8312 
8083 8312 8184 2275 8311 
8084 4105 8312 8311 2261 
8085 871 6087 8313 7771 
8086 6087 873 5735 8313 
8087 8313 5735 874 5951 
8088 7771 8313 5951 872 
8089 1913 8123 8314 3244 
8090 8123 1927 7669 8314 
8091 8314 7669 1928 5370 
8092 3244 8314 5370 1914 
8093 2124 4283 8315 3510 
8094 4283 2138 3256 8315 
8095 8315 3256 2139 7607 
8096 3510 8315 7607 2125 
8097 2293 5574 8316 2643 
8098 5574 2307 8188 8316 
8099 8316 8188 2308 7651 
8100 2643 8316 7651 2294 
8101 1031 6705 8317 4375 
8102 6705 1032 8046 8317 
8103 8317 8046 2228 5342 
8104 4375 8317 5342 2214 
8105 366 367 8318 5720 
8106 367 368 4435 8318 
8107 8318 4435 819 7683 
8108 5720 8318 7683 811 
8109 832 8258 8319 3800 
8110 8258 840 7724 8319 
8111 8319 7724 841 7095 
8112 3800 8319 7095 833 
8113 1150 7170 8320 5567 
8114 7170 1158 7400 8320 
8115 8320 7400 1159 2665 
8116 5567 8320 2665 1151 
8117 2066 5367 8321 6470 
8118 5367 2080 7354 8321 
8119 8321 7354 2081 4580 
8120 6470 8321 4580 2067 
8121 954 4057 8322 4225 
8122 4057 1288 5126 8322 
8123 8322 5126 1289 5037 
8124 4225 8322 5037 955 
8125 2092 6972 8323 4606 
8126 6972 2106 7807 8323 
8127 8323 7807 2107 6138 
8128 4606 8323 6138 2093 
8129 1648 8324 8325 5925 
8130 8324 258 259 8325 
8131 8325 259 260 6788 
8132 5925 8325 6788 1649 
8133 2119 3537 8326 8256 
8134 3537 2133 7616 8326 
8135 8326 7616 2134 3759 
8136 8256 8326 3759 2120 
8137 1911 7226 8327 7810 
8138 7226 1925 6308 8327 
8139 8327 6308 1926 8122 
8140 7810 8327 8122 1912 
8141 1647 8130 8328 3795 
8142 8130 256 257 8328 
8143 8328 257 258 8324 
8144 3795 8328 8324 1648 
8145 1298 4676 8329 4927 
8146 4676 1326 6651 8329 
8147 8329 6651 1327 6141 
8148 4927 8329 6141 1299 
8149 2085 3606 8330 5852 
8150 3606 2099 7679 8330 
8151 8330 7679 2100 7394 
8152 5852 8330 7394 2086 
8153 1594 5965 8331 8156 
8154 5965 1622 7918 8331 
8155 8331 7918 1623 6694 
8156 8156 8331 6694 1595 
8157 1520 6797 8332 5055 
8158 6797 1548 6975 8332 
8159 8332 6975 1549 3288 
8160 5055 8332 3288 1521 
8161 1035 7080 8333 8042 
8162 7080 834 7097 8333 
8163 8333 7097 842 3427 
8164 8042 8333 3427 1036 
8165 1601 7363 8334 7524 
8166 7363 1629 6149 8334 
8167 8334 6149 1630 5422 
8168 7524 8334 5422 1602 
8169 1143 5568 8335 8160 
8170 5568 1151 2668 8335 
8171 8335 2668 1152 8022 
8172 8160 8335 8022 1144 
8173 903 7857 8337 3271 
8174 7857 905 5282 8337 
8175 8337 5282 906 8336 
8176 3271 8337 8336 904 
8177 1463 6884 8338 8190 
8178 6884 1491 4075 8338 
8179 8338 4075 1492 6017 
8180 8190 8338 6017 1464 
8181 2463 6238 8339 3331 
8182 6238 2477 7092 8339 
8183 8339 7092 2478 2675 
8184 3331 8339 2675 2464 
8185 2369 5436 8340 7045 
8186 5436 2383 6162 8340 
8187 8340 6162 2384 7408 
8188 7045 8340 7408 2370 
8189 2420 6708 8341 7199 
8190 6708 2434 5962 8341 
8191 8341 5962 2435 5794 
8192 7199 8341 5794 2421 
8193 1327 6650 8342 6142 
8194 6650 1355 7271 8342 
8195 8342 7271 1356 6918 
8196 6142 8342 6918 1328 
8197 2103 3673 8343 5292 
8198 3673 2117 3741 8343 
8199 8343 3741 2118 8252 
8200 5292 8343 8252 2104 
8201 1643 6441 8344 7155 
8202 6441 248 249 8344 
8203 8344 249 250 3399 
8204 7155 8344 3399 1644 
8205 1783 8269 8347 7526 
8206 8269 1797 8345 8347 
8207 8347 8345 1798 8346 
8208 7526 8347 8346 1784 
8209 944 3383 8349 8348 
8210 3383 1278 6749 8349 
8211 8349 6749 1279 7480 
8212 8348 8349 7480 945 
8213 1490 7572 8350 6883 
8214 7572 1518 5838 8350 
8215 8350 5838 1519 4072 
8216 6883 8350 4072 1491 
8217 955 5040 8351 4226 
8218 5040 956 2746 8351 
8219 8351 2746 1164 7158 
8220 4226 8351 7158 1156 
8221 2250 4959 8352 3220 
8222 4959 2264 2937 8352 
8223 8352 2937 2265 7745 
8224 3220 8352 7745 2251 
8225 1139 7743 8353 8174 
8226 7743 1147 4829 8353 
8227 8353 4829 331 332 
8228 8174 8353 332 333 
8229 1360 7425 8354 7013 
8230 7425 1388 4223 8354 
8231 8354 4223 1389 3248 
8232 7013 8354 3248 1361 
8233 1422 3653 8355 7539 
8234 3653 1450 8114 8355 
8235 8355 8114 1451 4263 
8236 7539 8355 4263 1423 
8237 2298 2784 8356 7962 
8238 2784 2312 8162 8356 
8239 8356 8162 2313 3084 
8240 7962 8356 3084 2299 
8241 1891 6393 8357 6923 
8242 6393 1905 5230 8357 
8243 8357 5230 206 207 
8244 6923 8357 207 208 
8245 1363 8358 8359 5805 
8246 8358 1391 6529 8359 
8247 8359 6529 1392 4124 
8248 5805 8359 4124 1364 
8249 2282 3062 8360 6873 
8250 3062 2296 5333 8360 
8251 8360 5333 2297 6357 
8252 6873 8360 6357 2283 
8253 2351 5564 8361 8224 
8254 5564 2365 6834 8361 
8255 8361 6834 2366 7660 
8256 8224 8361 7660 2352 
8257 2498 5277 8362 6775 
8258 5277 541 6331 8362 
8259 8362 6331 733 8178 
8260 6775 8362 8178 2499 
8261 940 7711 8364 5012 
8262 7711 425 426 8364 
8263 8364 426 427 8363 
8264 5012 8364 8363 931 
8265 993 8365 8366 8127 
8266 8365 860 4346 8366 
8267 8366 4346 862 7512 
8268 8127 8366 7512 994 
8269 1816 7787 8367 4134 
8270 7787 1830 7217 8367 
8271 8367 7217 1831 7859 
8272 4134 8367 7859 1817 
8273 1999 7485 8368 6454 
8274 7485 2013 6495 8368 
8275 8368 6495 2014 3394 
8276 6454 8368 3394 2000 
8277 1460 5609 8369 4490 
8278 5609 1488 4192 8369 
8279 8369 4192 1489 7583 
8280 4490 8369 7583 1461 
8281 1029 4844 8370 6667 
8282 4844 1030 4376 8370 
8283 8370 4376 2200 4150 
8284 6667 8370 4150 2186 
8285 2020 7360 8371 7108 
8286 7360 2034 6931 8371 
8287 8371 6931 2035 7855 
8288 7108 8371 7855 2021 
8289 966 6809 8372 4216 
8290 6809 967 7196 8372 
8291 8372 7196 1252 4943 
8292 4216 8372 4943 1244 
8293 2479 4864 8373 6599 
8294 4864 2493 5308 8373 
8295 8373 5308 122 123 
8296 6599 8373 123 124 
8297 1010 5439 8374 8235 
8298 5439 894 8098 8374 
8299 8374 8098 896 7861 
8300 8235 8374 7861 1011 
8301 2137 4144 8375 4282 
8302 4144 2151 6370 8375 
8303 8375 6370 2152 3253 
8304 4282 8375 3253 2138 
8305 1700 3467 8376 5873 
8306 3467 1714 6570 8376 
8307 8376 6570 1715 7646 
8308 5873 8376 7646 1701 
8309 2174 4174 8377 8116 
8310 4174 2188 3778 8377 
8311 8377 3778 2189 3065 
8312 8116 8377 3065 2175 
8313 2227 7707 8378 2648 
8314 7707 2241 2833 8378 
8315 8378 2833 158 159 
8316 2648 8378 159 160 
8317 547 6578 8381 3501 
8318 6578 743 8379 8381 
8319 8381 8379 776 8380 
8320 3501 8381 8380 772 
8321 743 6586 8383 8379 
8322 6586 546 8212 8383 
8323 8383 8212 773 8382 
8324 8379 8383 8382 776 
8325 776 8382 8385 8384 
8326 8382 773 8218 8385 
8327 8385 8218 548 8063 
8328 8384 8385 8063 768 
8329 772 8380 8386 6045 
8330 8380 776 8384 8386 
8331 8386 8384 768 8060 
8332 6045 8386 8060 556 
8333 1395 7540 8388 8387 
8334 7540 1423 4266 8388 
8335 8388 4266 1424 3784 
8336 8387 8388 3784 1396 
8337 1188 4874 8389 4371 
8338 4874 1196 8299 8389 
8339 8389 8299 1197 6827 
8340 4371 8389 6827 1189 
8341 1553 5767 8391 7924 
8342 5767 1581 6959 8391 
8343 8391 6959 1582 8390 
8344 7924 8391 8390 1554 
8345 1532 7600 8392 8069 
8346 7600 1560 6920 8392 
8347 8392 6920 1561 8242 
8348 8069 8392 8242 1533 
8349 1263 7240 8393 3043 
8350 7240 1271 8262 8393 
8351 8393 8262 1272 4363 
8352 3043 8393 4363 1264 
8353 1797 4970 8394 8345 
8354 4970 1811 7613 8394 
8355 8394 7613 1812 5788 
8356 8345 8394 5788 1798 
8357 1161 8002 8395 6302 
8358 8002 1169 5248 8395 
8359 8395 5248 1170 5897 
8360 6302 8395 5897 1162 
8361 987 6361 8396 6108 
8362 6361 988 5778 8396 
8363 8396 5778 1556 3238 
8364 6108 8396 3238 1528 
8365 2058 8118 8397 5494 
8366 8118 2072 5682 8397 
8367 8397 5682 2073 2553 
8368 5494 8397 2553 2059 
8369 1960 4556 8399 4538 
8370 4556 1974 7676 8399 
8371 8399 7676 1975 8398 
8372 4538 8399 8398 1961 
8373 992 8202 8400 3780 
8374 8202 929 5022 8400 
8375 8400 5022 860 8365 
8376 3780 8400 8365 993 
8377 492 493 8401 3896 
8378 493 494 7288 8401 
8379 8401 7288 917 6700 
8380 3896 8401 6700 915 
8381 2204 6226 8403 8221 
8382 6226 2218 6095 8403 
8383 8403 6095 2219 8402 
8384 8221 8403 8402 2205 
8385 1471 6952 8404 4253 
8386 6952 1499 3329 8404 
8387 8404 3329 22 23 
8388 4253 8404 23 24 
8389 961 2818 8405 6294 
8390 2818 1295 6901 8405 
8391 8405 6901 1296 7912 
8392 6294 8405 7912 962 
8393 1494 7730 8406 8287 
8394 7730 1522 4393 8406 
8395 8406 4393 1523 5886 
8396 8287 8406 5886 1495 
8397 1554 8390 8407 6462 
8398 8390 1582 8283 8407 
8399 8407 8283 1583 4053 
8400 6462 8407 4053 1555 
8401 1309 5894 8408 4341 
8402 5894 1337 6848 8408 
8403 8408 6848 1338 2607 
8404 4341 8408 2607 1310 
8405 1708 3226 8409 5909 
8406 3226 1722 6050 8409 
8407 8409 6050 1723 3373 
8408 5909 8409 3373 1709 
8409 2115 3181 8410 4118 
8410 3181 2129 7611 8410 
8411 8410 7611 174 175 
8412 4118 8410 175 176 
8413 1541 7071 8412 8411 
8414 7071 1569 4809 8412 
8415 8412 4809 1570 6766 
8416 8411 8412 6766 1542 
8417 1895 8079 8413 4121 
8418 8079 1909 7510 8413 
8419 8413 7510 1910 2812 
8420 4121 8413 2812 1896 
8421 1809 8148 8414 3935 
8422 8148 1823 4171 8414 
8423 8414 4171 1824 6467 
8424 3935 8414 6467 1810 
8425 1924 3048 8415 7225 
8426 3048 1938 5505 8415 
8427 8415 5505 1939 6305 
8428 7225 8415 6305 1925 
8429 1167 7950 8417 6855 
8430 7950 1175 4600 8417 
8431 8417 4600 1176 8416 
8432 6855 8417 8416 1168 
8433 5 416 8420 8228 
8434 416 417 8418 8420 
8435 8420 8418 777 8419 
8436 8228 8420 8419 581 
8437 417 418 8422 8418 
8438 418 419 5009 8422 
8439 8422 5009 580 8421 
8440 8418 8422 8421 777 
8441 581 8419 8423 5298 
8442 8419 777 8421 8423 
8443 8423 8421 580 5006 
8444 5298 8423 5006 517 
8445 959 5468 8424 4873 
8446 5468 1293 6539 8424 
8447 8424 6539 1294 2816 
8448 4873 8424 2816 960 
8449 1739 5933 8426 8425 
8450 5933 1753 6374 8426 
8451 8426 6374 1754 6737 
8452 8425 8426 6737 1740 
8453 1132 6660 8428 8427 
8454 6660 1140 7000 8428 
8455 8428 7000 1141 7473 
8456 8427 8428 7473 1133 
8457 565 5324 8431 7868 
8458 5324 582 8429 8431 
8459 8431 8429 778 8430 
8460 7868 8431 8430 584 
8461 582 5320 8433 8429 
8462 5320 544 8275 8433 
8463 8433 8275 583 8432 
8464 8429 8433 8432 778 
8465 584 8430 8434 7872 
8466 8430 778 8432 8434 
8467 8434 8432 583 8281 
8468 7872 8434 8281 566 
8469 2490 7356 8435 3378 
8470 7356 2504 6427 8435 
8471 8435 6427 2505 6635 
8472 3378 8435 6635 2491 
8473 1303 7152 8436 5029 
8474 7152 1331 2595 8436 
8475 8436 2595 34 35 
8476 5029 8436 35 36 
8477 1015 5526 8437 7709 
8478 5526 904 8336 8437 
8479 8437 8336 906 4477 
8480 7709 8437 4477 1016 
8481 2208 4746 8438 7536 
8482 4746 2222 3865 8438 
8483 8438 3865 2223 7391 
8484 7536 8438 7391 2209 
8485 450 451 8439 6086 
8486 451 452 7864 8439 
8487 8439 7864 875 5734 
8488 6086 8439 5734 873 
8489 2229 4586 8440 3175 
8490 4586 2243 4084 8440 
8491 8440 4084 2244 6892 
8492 3175 8440 6892 2230 
8493 1725 7177 8441 3364 
8494 7177 1739 8425 8441 
8495 8441 8425 1740 7954 
8496 3364 8441 7954 1726 
8497 1957 6438 8442 4138 
8498 6438 1971 5798 8442 
8499 8442 5798 1972 5411 
8500 4138 8442 5411 1958 
8501 1771 7895 8443 7406 
8502 7895 1785 6877 8443 
8503 8443 6877 1786 3140 
8504 7406 8443 3140 1772 
8505 1235 8107 8444 7219 
8506 8107 1243 3885 8444 
8507 8444 3885 307 308 
8508 7219 8444 308 309 
8509 2276 7034 8445 7184 
8510 7034 2290 6432 8445 
8511 8445 6432 2291 3867 
8512 7184 8445 3867 2277 
8513 1174 2515 8446 7949 
8514 2515 1182 5739 8446 
8515 8446 5739 1183 4597 
8516 7949 8446 4597 1175 
8517 1362 3250 8447 5499 
8518 3250 1390 5287 8447 
8519 8447 5287 1391 8358 
8520 5499 8447 8358 1363 
8521 1229 4101 8448 5043 
8522 4101 1237 6300 8448 
8523 8448 6300 1238 3823 
8524 5043 8448 3823 1230 
8525 1468 5802 8449 7283 
8526 5802 1496 7552 8449 
8527 8449 7552 1497 7789 
8528 7283 8449 7789 1469 
8529 507 7778 8450 506 
8530 7778 783 3909 8450 
8531 8450 3909 784 3921 
8532 506 8450 3921 7 
8533 1027 4109 8451 6608 
8534 4109 928 4621 8451 
8535 8451 4621 518 7671 
8536 6608 8451 7671 1028 
8537 1607 6444 8452 7640 
8538 6444 1635 3649 8452 
8539 8452 3649 1636 5099 
8540 7640 8452 5099 1608 
8541 2424 4737 8453 7820 
8542 4737 2438 7908 8453 
8543 8453 7908 2439 7967 
8544 7820 8453 7967 2425 
8545 2261 8311 8454 3090 
8546 8311 2275 7035 8454 
8547 8454 7035 2276 7183 
8548 3090 8454 7183 2262 
8549 2205 8402 8455 7517 
8550 8402 2219 4761 8455 
8551 8455 4761 2220 4614 
8552 7517 8455 4614 2206 
8553 1784 8346 8456 7894 
8554 8346 1798 5790 8456 
8555 8456 5790 1799 6876 
8556 7894 8456 6876 1785 
8557 2068 4582 8457 3592 
8558 4582 2082 4381 8457 
8559 8457 4381 2083 7279 
8560 3592 8457 7279 2069 
8561 1183 5738 8458 4598 
8562 5738 1191 3985 8458 
8563 8458 3985 1192 8044 
8564 4598 8458 8044 1184 
8565 1748 4288 8459 8271 
8566 4288 1762 6823 8459 
8567 8459 6823 1763 3978 
8568 8271 8459 3978 1749 
8569 1367 7455 8460 8019 
8570 7455 1395 8387 8460 
8571 8460 8387 1396 5390 
8572 8019 8460 5390 1368 
8573 2040 6187 8461 8095 
8574 6187 2054 3594 8461 
8575 8461 3594 2055 6008 
8576 8095 8461 6008 2041 
8577 1942 7959 8462 4164 
8578 7959 1956 6439 8462 
8579 8462 6439 1957 4137 
8580 4164 8462 4137 1943 
8581 1513 6682 8463 5684 
8582 6682 1541 8411 8463 
8583 8463 8411 1542 7030 
8584 5684 8463 7030 1514 
8585 1168 8416 8464 8001 
8586 8416 1176 5550 8464 
8587 8464 5550 1177 5245 
8588 8001 8464 5245 1169 
8589 1961 8398 8465 7934 
8590 8398 1975 8199 8465 
8591 8465 8199 196 197 
8592 7934 8465 197 198 
8593 1692 7025 8466 5260 
8594 7025 1706 3392 8466 
8595 8466 3392 1707 8074 
8596 5260 8466 8074 1693 
8597 2238 6843 8467 7813 
8598 6843 2252 7188 8467 
8599 8467 7188 2253 8168 
8600 7813 8467 8168 2239 
8601 933 8468 8470 8469 
8602 8468 936 3634 8470 
8603 8470 3634 937 8135 
8604 8469 8470 8135 934 
8605 930 5020 8472 8471 
8606 5020 929 8201 8472 
8607 8472 8201 936 8468 
8608 8471 8472 8468 933 
8609 429 8473 8474 428 
8610 8473 935 5584 8474 
8611 8474 5584 931 8363 
8612 428 8474 8363 427 
8613 431 8475 8476 430 
8614 8475 934 8136 8476 
8615 8476 8136 935 8473 
8616 430 8476 8473 429 
8617 433 8477 8478 432 
8618 8477 933 8469 8478 
8619 8478 8469 934 8475 
8620 432 8478 8475 431 
8621 6 7077 8479 434 
8622 7077 930 8471 8479 
8623 8479 8471 933 8477 
8624 434 8479 8477 433 
8625 1124 8480 8482 8481 
8626 8480 1132 8427 8482 
8627 8482 8427 1133 2508 
8628 8481 8482 2508 1125 
8629 951 3693 8484 8483 
8630 3693 952 6661 8484 
8631 8484 6661 1132 8480 
8632 8483 8484 8480 1124 
8633 1123 8485 8487 8486 
8634 8485 1131 8175 8487 
8635 8487 8175 335 336 
8636 8486 8487 336 337 
8637 1122 8488 8490 8489 
8638 8488 1130 2800 8490 
8639 8490 2800 1131 8485 
8640 8489 8490 8485 1123 
8641 1121 8491 8493 8492 
8642 8491 1129 4767 8493 
8643 8493 4767 1130 8488 
8644 8492 8493 8488 1122 
8645 1120 8494 8496 8495 
8646 8494 1128 7752 8496 
8647 8496 7752 1129 8491 
8648 8495 8496 8491 1121 
8649 1119 8497 8499 8498 
8650 8497 1127 4911 8499 
8651 8499 4911 1128 8494 
8652 8498 8499 8494 1120 
8653 1118 8500 8502 8501 
8654 8500 1126 8028 8502 
8655 8502 8028 1127 8497 
8656 8501 8502 8497 1119 
8657 1117 8503 8505 8504 
8658 8503 1125 2511 8505 
8659 8505 2511 1126 8500 
8660 8504 8505 8500 1118 
8661 1116 8506 8508 8507 
8662 8506 1124 8481 8508 
8663 8508 8481 1125 8503 
8664 8507 8508 8503 1117 
8665 950 7926 8510 8509 
8666 7926 951 8483 8510 
8667 8510 8483 1124 8506 
8668 8509 8510 8506 1116 
8669 1115 8511 8513 8512 
8670 8511 1123 8486 8513 
8671 8513 8486 337 338 
8672 8512 8513 338 339 
8673 1114 8514 8516 8515 
8674 8514 1122 8489 8516 
8675 8516 8489 1123 8511 
8676 8515 8516 8511 1115 
8677 1113 8517 8519 8518 
8678 8517 1121 8492 8519 
8679 8519 8492 1122 8514 
8680 8518 8519 8514 1114 
8681 1112 8520 8522 8521 
8682 8520 1120 8495 8522 
8683 8522 8495 1121 8517 
8684 8521 8522 8517 1113 
8685 1111 8523 8525 8524 
8686 8523 1119 8498 8525 
8687 8525 8498 1120 8520 
8688 8524 8525 8520 1112 
8689 1110 8526 8528 8527 
8690 8526 1118 8501 8528 
8691 8528 8501 1119 8523 
8692 8527 8528 8523 1111 
8693 1109 8529 8531 8530 
8694 8529 1117 8504 8531 
8695 8531 8504 1118 8526 
8696 8530 8531 8526 1110 
8697 1108 8532 8534 8533 
8698 8532 1116 8507 8534 
8699 8534 8507 1117 8529 
8700 8533 8534 8529 1109 
8701 949 7307 8536 8535 
8702 7307 950 8509 8536 
8703 8536 8509 1116 8532 
8704 8535 8536 8532 1108 
8705 1107 8537 8539 8538 
8706 8537 1115 8512 8539 
8707 8539 8512 339 340 
8708 8538 8539 340 341 
8709 1106 8540 8542 8541 
8710 8540 1114 8515 8542 
8711 8542 8515 1115 8537 
8712 8541 8542 8537 1107 
8713 1105 8543 8545 8544 
8714 8543 1113 8518 8545 
8715 8545 8518 1114 8540 
8716 8544 8545 8540 1106 
8717 1104 8546 8548 8547 
8718 8546 1112 8521 8548 
8719 8548 8521 1113 8543 
8720 8547 8548 8543 1105 
8721 1103 8549 8551 8550 
8722 8549 1111 8524 8551 
8723 8551 8524 1112 8546 
8724 8550 8551 8546 1104 
8725 1102 8552 8554 8553 
8726 8552 1110 8527 8554 
8727 8554 8527 1111 8549 
8728 8553 8554 8549 1103 
8729 1101 8555 8557 8556 
8730 8555 1109 8530 8557 
8731 8557 8530 1110 8552 
8732 8556 8557 8552 1102 
8733 1100 8558 8560 8559 
8734 8558 1108 8533 8560 
8735 8560 8533 1109 8555 
8736 8559 8560 8555 1101 
8737 948 7736 8562 8561 
8738 7736 949 8535 8562 
8739 8562 8535 1108 8558 
8740 8561 8562 8558 1100 
8741 1099 8563 8565 8564 
8742 8563 1107 8538 8565 
8743 8565 8538 341 342 
8744 8564 8565 342 343 
8745 1098 8566 8568 8567 
8746 8566 1106 8541 8568 
8747 8568 8541 1107 8563 
8748 8567 8568 8563 1099 
8749 1097 8569 8571 8570 
8750 8569 1105 8544 8571 
8751 8571 8544 1106 8566 
8752 8570 8571 8566 1098 
8753 1096 8572 8574 8573 
8754 8572 1104 8547 8574 
8755 8574 8547 1105 8569 
8756 8573 8574 8569 1097 
8757 1095 8575 8577 8576 
8758 8575 1103 8550 8577 
8759 8577 8550 1104 8572 
8760 8576 8577 8572 1096 
8761 1094 8578 8580 8579 
8762 8578 1102 8553 8580 
8763 8580 8553 1103 8575 
8764 8579 8580 8575 1095 
8765 1093 8581 8583 8582 
8766 8581 1101 8556 8583 
8767 8583 8556 1102 8578 
8768 8582 8583 8578 1094 
8769 1092 8584 8586 8585 
8770 8584 1100 8559 8586 
8771 8586 8559 1101 8581 
8772 8585 8586 8581 1093 
8773 947 8017 8588 8587 
8774 8017 948 8561 8588 
8775 8588 8561 1100 8584 
8776 8587 8588 8584 1092 
8777 1091 8589 8591 8590 
8778 8589 1099 8564 8591 
8779 8591 8564 343 344 
8780 8590 8591 344 345 
8781 1090 8592 8594 8593 
8782 8592 1098 8567 8594 
8783 8594 8567 1099 8589 
8784 8593 8594 8589 1091 
8785 1089 8595 8597 8596 
8786 8595 1097 8570 8597 
8787 8597 8570 1098 8592 
8788 8596 8597 8592 1090 
8789 1088 8598 8600 8599 
8790 8598 1096 8573 8600 
8791 8600 8573 1097 8595 
8792 8599 8600 8595 1089 
8793 1087 8601 8603 8602 
8794 8601 1095 8576 8603 
8795 8603 8576 1096 8598 
8796 8602 8603 8598 1088 
8797 1086 8604 8606 8605 
8798 8604 1094 8579 8606 
8799 8606 8579 1095 8601 
8800 8605 8606 8601 1087 
8801 1085 8607 8609 8608 
8802 8607 1093 8582 8609 
8803 8609 8582 1094 8604 
8804 8608 8609 8604 1086 
8805 1084 8610 8612 8611 
8806 8610 1092 8585 8612 
8807 8612 8585 1093 8607 
8808 8611 8612 8607 1085 
8809 946 5677 8614 8613 
8810 5677 947 8587 8614 
8811 8614 8587 1092 8610 
8812 8613 8614 8610 1084 
8813 1083 8615 8617 8616 
8814 8615 1091 8590 8617 
8815 8617 8590 345 346 
8816 8616 8617 346 347 
8817 1082 8618 8620 8619 
8818 8618 1090 8593 8620 
8819 8620 8593 1091 8615 
8820 8619 8620 8615 1083 
8821 1081 8621 8623 8622 
8822 8621 1089 8596 8623 
8823 8623 8596 1090 8618 
8824 8622 8623 8618 1082 
8825 1080 8624 8626 8625 
8826 8624 1088 8599 8626 
8827 8626 8599 1089 8621 
8828 8625 8626 8621 1081 
8829 1079 8627 8629 8628 
8830 8627 1087 8602 8629 
8831 8629 8602 1088 8624 
8832 8628 8629 8624 1080 
8833 1078 8630 8632 8631 
8834 8630 1086 8605 8632 
8835 8632 8605 1087 8627 
8836 8631 8632 8627 1079 
8837 1077 8633 8635 8634 
8838 8633 1085 8608 8635 
8839 8635 8608 1086 8630 
8840 8634 8635 8630 1078 
8841 1076 8636 8638 8637 
8842 8636 1084 8611 8638 
8843 8638 8611 1085 8633 
8844 8637 8638 8633 1077 
8845 945 7481 8640 8639 
8846 7481 946 8613 8640 
8847 8640 8613 1084 8636 
8848 8639 8640 8636 1076 
8849 1075 8641 8643 8642 
8850 8641 1083 8616 8643 
8851 8643 8616 347 348 
8852 8642 8643 348 349 
8853 1074 8644 8646 8645 
8854 8644 1082 8619 8646 
8855 8646 8619 1083 8641 
8856 8645 8646 8641 1075 
8857 1073 8647 8649 8648 
8858 8647 1081 8622 8649 
8859 8649 8622 1082 8644 
8860 8648 8649 8644 1074 
8861 1072 8650 8652 8651 
8862 8650 1080 8625 8652 
8863 8652 8625 1081 8647 
8864 8651 8652 8647 1073 
8865 1071 8653 8655 8654 
8866 8653 1079 8628 8655 
8867 8655 8628 1080 8650 
8868 8654 8655 8650 1072 
8869 1070 8656 8658 8657 
8870 8656 1078 8631 8658 
8871 8658 8631 1079 8653 
8872 8657 8658 8653 1071 
8873 1069 8659 8661 8660 
8874 8659 1077 8634 8661 
8875 8661 8634 1078 8656 
8876 8660 8661 8656 1070 
8877 1068 8662 8664 8663 
8878 8662 1076 8637 8664 
8879 8664 8637 1077 8659 
8880 8663 8664 8659 1069 
8881 944 8348 8666 8665 
8882 8348 945 8639 8666 
8883 8666 8639 1076 8662 
8884 8665 8666 8662 1068 
8885 1067 8667 8669 8668 
8886 8667 1075 8642 8669 
8887 8669 8642 349 350 
8888 8668 8669 350 351 
8889 1066 8670 8672 8671 
8890 8670 1074 8645 8672 
8891 8672 8645 1075 8667 
8892 8671 8672 8667 1067 
8893 1065 8673 8675 8674 
8894 8673 1073 8648 8675 
8895 8675 8648 1074 8670 
8896 8674 8675 8670 1066 
8897 1064 8676 8678 8677 
8898 8676 1072 8651 8678 
8899 8678 8651 1073 8673 
8900 8677 8678 8673 1065 
8901 1063 8679 8681 8680 
8902 8679 1071 8654 8681 
8903 8681 8654 1072 8676 
8904 8680 8681 8676 1064 
8905 1062 8682 8684 8683 
8906 8682 1070 8657 8684 
8907 8684 8657 1071 8679 
8908 8683 8684 8679 1063 
8909 1061 8685 8687 8686 
8910 8685 1069 8660 8687 
8911 8687 8660 1070 8682 
8912 8686 8687 8682 1062 
8913 1060 8688 8690 8689 
8914 8688 1068 8663 8690 
8915 8690 8663 1069 8685 
8916 8689 8690 8685 1061 
8917 943 3384 8692 8691 
8918 3384 944 8665 8692 
8919 8692 8665 1068 8688 
8920 8691 8692 8688 1060 
8921 1059 8693 8695 8694 
8922 8693 1067 8668 8695 
8923 8695 8668 351 352 
8924 8694 8695 352 353 
8925 1058 8696 8698 8697 
8926 8696 1066 8671 8698 
8927 8698 8671 1067 8693 
8928 8697 8698 8693 1059 
8929 1057 8699 8701 8700 
8930 8699 1065 8674 8701 
8931 8701 8674 1066 8696 
8932 8700 8701 8696 1058 
8933 1056 8702 8704 8703 
8934 8702 1064 8677 8704 
8935 8704 8677 1065 8699 
8936 8703 8704 8699 1057 
8937 1055 8705 8707 8706 
8938 8705 1063 8680 8707 
8939 8707 8680 1064 8702 
8940 8706 8707 8702 1056 
8941 1054 8708 8710 8709 
8942 8708 1062 8683 8710 
8943 8710 8683 1063 8705 
8944 8709 8710 8705 1055 
8945 1053 8711 8713 8712 
8946 8711 1061 8686 8713 
8947 8713 8686 1062 8708 
8948 8712 8713 8708 1054 
8949 1052 8714 8716 8715 
8950 8714 1060 8689 8716 
8951 8716 8689 1061 8711 
8952 8715 8716 8711 1053 
8953 942 7663 8718 8717 
8954 7663 943 8691 8718 
8955 8718 8691 1060 8714 
8956 8717 8718 8714 1052 
8957 977 8719 8720 8227 
8958 8719 1059 8694 8720 
8959 8720 8694 353 354 
8960 8227 8720 354 355 
8961 976 8721 8722 5296 
8962 8721 1058 8697 8722 
8963 8722 8697 1059 8719 
8964 5296 8722 8719 977 
8965 975 8723 8724 3959 
8966 8723 1057 8700 8724 
8967 8724 8700 1058 8721 
8968 3959 8724 8721 976 
8969 974 8725 8726 8264 
8970 8725 1056 8703 8726 
8971 8726 8703 1057 8723 
8972 8264 8726 8723 975 
8973 973 8727 8728 3344 
8974 8727 1055 8706 8728 
8975 8728 8706 1056 8725 
8976 3344 8728 8725 974 
8977 972 8729 8730 5936 
8978 8729 1054 8709 8730 
8979 8730 8709 1055 8727 
8980 5936 8730 8727 973 
8981 971 8731 8732 6936 
8982 8731 1053 8712 8732 
8983 8732 8712 1054 8729 
8984 6936 8732 8729 972 
8985 970 8733 8734 6097 
8986 8733 1052 8715 8734 
8987 8734 8715 1053 8731 
8988 6097 8734 8731 971 
8989 941 7976 8735 3632 
8990 7976 942 8717 8735 
8991 8735 8717 1052 8733 
8992 3632 8735 8733 970 
$EndElements
