$MeshFormat
4.1 0 8
$EndMeshFormat
$PhysicalNames
5
1 1 "inlet"
1 2 "outlet"
1 3 "wall"
1 4 "slab"
2 5 "main"
$EndPhysicalNames
$Entities
5 5 1 0
1 0 0 0 0 
2 0 0.04 0 0 
3 0.06 0.04 0 0 
4 0.06 0.01 0 0 
5 0.05 0 0 0 
1 0 0 0 0 0.04 0 1 1 2 1 -2 
2 0 0.04 0 0.06 0.04 0 1 3 2 2 -3 
3 0.06 0.01 0 0.06 0.04 0 1 2 2 3 -4 
4 0.05 0 0 0.06 0.01 0 1 4 2 4 -5 
5 0 0 0 0.05 0 0 1 3 2 5 -1 
1 0 0 0 0.06 0.04 0 1 5 5 1 2 3 4 5 
$EndEntities
$Nodes
11 3489 1 3489
0 1 0 1
1
0 0 0
0 2 0 1
2
0 0.04 0
0 3 0 1
3
0.06 0.04 0
0 4 0 1
4
0.06 0.01 0
0 5 0 1
5
0.05 0 0
1 1 0 51
6
7
8
9
10
11
12
13
14
15
16
17
18
19
20
21
22
23
24
25
26
27
28
29
30
31
32
33
34
35
36
37
38
39
40
41
42
43
44
45
46
47
48
49
50
51
52
53
54
55
56
0 0.000808489447074316 0
0 0.001616978894083954 0
0 0.002425468340108137 0
0 0.003233957786646527 0
0 0.004005179026736447 0
0 0.004776400267029833 0
0 0.005547621508549234 0
0 0.006318842750193427 0
0 0.007065239786786514 0
0 0.007811636823555697 0
0 0.008558033857071476 0
0 0.009304430890589653 0
0 0.01005583325723858 0
0 0.01080723562370904 0
0 0.01155863799480913 0
0 0.01231004036554673 0
0 0.01305986801561264 0
0 0.01380969566600034 0
0 0.01455952331226525 0
0 0.01530935095865167 0
0 0.01603774026824457 0
0 0.01676612957832498 0
0 0.01749451888032788 0
0 0.01822290818198476 0
0 0.01895673701807073 0
0 0.01969056585424126 0
0 0.02042439468398357 0
0 0.02115822351217644 0
0 0.02191992012299642 0
0 0.02268161673309271 0
0 0.02344331334341614 0
0 0.02420500995373956 0
0 0.02503615384737228 0
0 0.02586729773998713 0
0 0.02669844163722589 0
0 0.02752958553494995 0
0 0.02838512783595183 0
0 0.02924067013709552 0
0 0.03009621243672399 0
0 0.03095175473725845 0
0 0.03172878533800351 0
0 0.03250581593874857 0
0 0.03328284653415004 0
0 0.03405987712781743 0
0 0.03479346815189795 0
0 0.03552705917597846 0
0 0.03626065020936874 0
0 0.03699424124323451 0
0 0.03774568093907757 0
0 0.03849712063492063 0
0 0.03924856031746032 0
1 2 0 67
57
58
59
60
61
62
63
64
65
66
67
68
69
70
71
72
73
74
75
76
77
78
79
80
81
82
83
84
85
86
87
88
89
90
91
92
93
94
95
96
97
98
99
100
101
102
103
104
105
106
107
108
109
110
111
112
113
114
115
116
117
118
119
120
121
122
123
0.0008338711461946803 0.04 0
0.0016677422922675 0.04 0
0.002501613438411515 0.04 0
0.003335484584620122 0.04 0
0.004251494165108008 0.04 0
0.005167503745831178 0.04 0
0.006083513326811201 0.04 0
0.00699952290793082 0.04 0
0.007883982031497533 0.04 0
0.008768441154972283 0.04 0
0.009652900278702135 0.04 0
0.01053735940206038 0.04 0
0.01144288904372497 0.04 0
0.01234841868519102 0.04 0
0.01325394832545912 0.04 0
0.01415947796554684 0.04 0
0.01502336131473247 0.04 0
0.01588724466353225 0.04 0
0.01675112801487316 0.04 0
0.01761501136532213 0.04 0
0.018459642943126 0.04 0
0.0193042745202439 0.04 0
0.02014890610498572 0.04 0
0.02099353768993016 0.04 0
0.02183179325302436 0.04 0
0.02267004881584124 0.04 0
0.02350830437377349 0.04 0
0.02434655993171522 0.04 0
0.02517171148712741 0.04 0
0.02599686304274918 0.04 0
0.02682201460948521 0.04 0
0.02764716617546449 0.04 0
0.02851699648045112 0.04 0
0.02938682678580936 0.04 0
0.03025665708380018 0.04 0
0.03112648737853295 0.04 0
0.03204609966123879 0.04 0
0.03296571194383457 0.04 0
0.03388532421492858 0.04 0
0.03480493648651952 0.04 0
0.03583034627310715 0.04 0
0.03685575606045547 0.04 0
0.03788116585358036 0.04 0
0.03890657564677618 0.04 0
0.03985214045884241 0.04 0
0.04079770527084496 0.04 0
0.04174327007757216 0.04 0
0.04268883488511538 0.04 0
0.04354340399478118 0.04 0
0.0443979731058425 0.04 0
0.04525254221900699 0.04 0
0.04610711133217148 0.04 0
0.0469707362383637 0.04 0
0.04783436114322016 0.04 0
0.04869798604399665 0.04 0
0.04956161094261034 0.04 0
0.05042850622915497 0.04 0
0.05129540151469899 0.04 0
0.05216229679528393 0.04 0
0.05302919207683542 0.04 0
0.05389756881745496 0.04 0
0.05476594555853154 0.04 0
0.05563432228662369 0.04 0
0.05650269901532597 0.04 0
0.05737702426369337 0.04 0
0.05825134951274148 0.04 0
0.05912567475571232 0.04 0
1 3 0 39
124
125
126
127
128
129
130
131
132
133
134
135
136
137
138
139
140
141
142
143
144
145
146
147
148
149
150
151
152
153
154
155
156
157
158
159
160
161
162
0.06 0.03921722973195091 0
0.06 0.03843445946489338 0
0.06 0.03765168919873312 0
0.06 0.036868918929818 0
0.06 0.03615395314263563 0
0.06 0.03543898735511101 0
0.06 0.03472402156918698 0
0.06 0.0340090557822609 0
0.06 0.03330548764460426 0
0.06 0.03260191950667638 0
0.06 0.03189835137107992 0
0.06 0.03119478323863225 0
0.06 0.03045186266275698 0
0.06 0.02970894208680935 0
0.06 0.02896602151194128 0
0.06 0.02822310093795892 0
0.06 0.02746005568495141 0
0.06 0.02669701043239086 0
0.06 0.02593396517542249 0
0.06 0.02517091991755936 0
0.06 0.02441182903804523 0
0.06 0.02365273815987183 0
0.06 0.02289364728074448 0
0.06 0.02213455640113628 0
0.06 0.02138893511424387 0
0.06 0.02064331382641953 0
0.06 0.01989769254133018 0
0.06 0.01915207125714343 0
0.06 0.01842855217747792 0
0.06 0.01770503309827064 0
0.06 0.01698151401730871 0
0.06 0.01625799493634677 0
0.06 0.01550972192909466 0
0.06 0.01476144892154035 0
0.06 0.01401317591232528 0
0.06 0.01326490290460599 0
0.06 0.01244867718002546 0
0.06 0.01163245145425332 0
0.06 0.01081622572764774 0
1 4 0 19
163
164
165
166
167
168
169
170
171
172
173
174
175
176
177
178
179
180
181
0.0595034159478953 0.009503415947895298 0
0.05900683189602433 0.009006831896024333 0
0.05851024784403836 0.008510247844038355 0
0.05801366379183703 0.008013663791837025 0
0.05748149471451008 0.007481494714510071 0
0.05694932563735992 0.006949325637359911 0
0.05641715655993312 0.006417156559933114 0
0.055884987481951 0.005884987481950996 0
0.0553995050763257 0.005399505076325697 0
0.05491402267086489 0.00491402267086489 0
0.05442854026489785 0.004428540264897845 0
0.0539430578589308 0.003943057858930798 0
0.05346015323322036 0.003460153233220361 0
0.05297724860731794 0.002977248607317933 0
0.05249434398291315 0.002494343982913145 0
0.05201143935850836 0.002011439358508359 0
0.0515085795176109 0.001508579517610895 0
0.051005719675698 0.001005719675697991 0
0.05050285983754046 0.0005028598375404619 0
1 5 0 59
182
183
184
185
186
187
188
189
190
191
192
193
194
195
196
197
198
199
200
201
202
203
204
205
206
207
208
209
210
211
212
213
214
215
216
217
218
219
220
221
222
223
224
225
226
227
228
229
230
231
232
233
234
235
236
237
238
239
240
0.04928245632179821 0 0
0.04856491264302668 0 0
0.04784736896459783 0 0
0.04712982528683932 0 0
0.04633068092657112 0 0
0.04553153656588855 0 0
0.04473239220532019 0 0
0.04393324784475182 0 0
0.04316322818862626 0 0
0.0423932085325007 0 0
0.04162318887840483 0 0
0.04085316922430895 0 0
0.04000899359984424 0 0
0.03916481797537952 0 0
0.03832064235072297 0 0
0.03747646672606643 0 0
0.03648337394748242 0 0
0.03549028116889841 0 0
0.03449718838686761 0 0
0.03350409560483681 0 0
0.03252668590814625 0 0
0.03154927621145569 0 0
0.03057186651025639 0 0
0.02959445680905709 0 0
0.02872504926285667 0 0
0.02785564171665625 0 0
0.02698623415980231 0 0
0.02611682660294836 0 0
0.02530757626706388 0 0
0.0244983259337164 0 0
0.02368907560687328 0 0
0.02287982528003017 0 0
0.02208256531741421 0 0
0.02128530535469664 0 0
0.02048804540100079 0 0
0.01969078544685581 0 0
0.01893540298095282 0 0
0.01818002051566281 0 0
0.01742463805150345 0 0
0.01666925558716937 0 0
0.01585692813054173 0 0
0.01504460067325013 0 0
0.01423227321830588 0 0
0.01341994576336163 0 0
0.01255832722045505 0 0
0.01169670867697063 0 0
0.01083509011586817 0 0
0.009973471554765724 0 0
0.00910011814704597 0 0
0.008226764738712387 0 0
0.00735341132778311 0 0
0.006480057917336232 0 0
0.005658376823070924 0 0
0.004836695729430171 0 0
0.004015014619716865 0 0
0.003193333508952872 0 0
0.002395000125767668 0 0
0.001596666745149869 0 0
0.0007983333716039959 0 0
2 1 0 3249
241
242
243
244
245
246
247
248
249
250
251
252
253
254
255
256
257
258
259
260
261
262
263
264
265
266
267
268
269
270
271
272
273
274
275
276
277
278
279
280
281
282
283
284
285
286
287
288
289
290
291
292
293
294
295
296
297
298
299
300
301
302
303
304
305
306
307
308
309
310
311
312
313
314
315
316
317
318
319
320
321
322
323
324
325
326
327
328
329
330
331
332
333
334
335
336
337
338
339
340
341
342
343
344
345
346
347
348
349
350
351
352
353
354
355
356
357
358
359
360
361
362
363
364
365
366
367
368
369
370
371
372
373
374
375
376
377
378
379
380
381
382
383
384
385
386
387
388
389
390
391
392
393
394
395
396
397
398
399
400
401
402
403
404
405
406
407
408
409
410
411
412
413
414
415
416
417
418
419
420
421
422
423
424
425
426
427
428
429
430
431
432
433
434
435
436
437
438
439
440
441
442
443
444
445
446
447
448
449
450
451
452
453
454
455
456
457
458
459
460
461
462
463
464
465
466
467
468
469
470
471
472
473
474
475
476
477
478
479
480
481
482
483
484
485
486
487
488
489
490
491
492
493
494
495
496
497
498
499
500
501
502
503
504
505
506
507
508
509
510
511
512
513
514
515
516
517
518
519
520
521
522
523
524
525
526
527
528
529
530
531
532
533
534
535
536
537
538
539
540
541
542
543
544
545
546
547
548
549
550
551
552
553
554
555
556
557
558
559
560
561
562
563
564
565
566
567
568
569
570
571
572
573
574
575
576
577
578
579
580
581
582
583
584
585
586
587
588
589
590
591
592
593
594
595
596
597
598
599
600
601
602
603
604
605
606
607
608
609
610
611
612
613
614
615
616
617
618
619
620
621
622
623
624
625
626
627
628
629
630
631
632
633
634
635
636
637
638
639
640
641
642
643
644
645
646
647
648
649
650
651
652
653
654
655
656
657
658
659
660
661
662
663
664
665
666
667
668
669
670
671
672
673
674
675
676
677
678
679
680
681
682
683
684
685
686
687
688
689
690
691
692
693
694
695
696
697
698
699
700
701
702
703
704
705
706
707
708
709
710
711
712
713
714
715
716
717
718
719
720
721
722
723
724
725
726
727
728
729
730
731
732
733
734
735
736
737
738
739
740
741
742
743
744
745
746
747
748
749
750
751
752
753
754
755
756
757
758
759
760
761
762
763
764
765
766
767
768
769
770
771
772
773
774
775
776
777
778
779
780
781
782
783
784
785
786
787
788
789
790
791
792
793
794
795
796
797
798
799
800
801
802
803
804
805
806
807
808
809
810
811
812
813
814
815
816
817
818
819
820
821
822
823
824
825
826
827
828
829
830
831
832
833
834
835
836
837
838
839
840
841
842
843
844
845
846
847
848
849
850
851
852
853
854
855
856
857
858
859
860
861
862
863
864
865
866
867
868
869
870
871
872
873
874
875
876
877
878
879
880
881
882
883
884
885
886
887
888
889
890
891
892
893
894
895
896
897
898
899
900
901
902
903
904
905
906
907
908
909
910
911
912
913
914
915
916
917
918
919
920
921
922
923
924
925
926
927
928
929
930
931
932
933
934
935
936
937
938
939
940
941
942
943
944
945
946
947
948
949
950
951
952
953
954
955
956
957
958
959
960
961
962
963
964
965
966
967
968
969
970
971
972
973
974
975
976
977
978
979
980
981
982
983
984
985
986
987
988
989
990
991
992
993
994
995
996
997
998
999
1000
1001
1002
1003
1004
1005
1006
1007
1008
1009
1010
1011
1012
1013
1014
1015
1016
1017
1018
1019
1020
1021
1022
1023
1024
1025
1026
1027
1028
1029
1030
1031
1032
1033
1034
1035
1036
1037
1038
1039
1040
1041
1042
1043
1044
1045
1046
1047
1048
1049
1050
1051
1052
1053
1054
1055
1056
1057
1058
1059
1060
1061
1062
1063
1064
1065
1066
1067
1068
1069
1070
1071
1072
1073
1074
1075
1076
1077
1078
1079
1080
1081
1082
1083
1084
1085
1086
1087
1088
1089
1090
1091
1092
1093
1094
1095
1096
1097
1098
1099
1100
1101
1102
1103
1104
1105
1106
1107
1108
1109
1110
1111
1112
1113
1114
1115
1116
1117
1118
1119
1120
1121
1122
1123
1124
1125
1126
1127
1128
1129
1130
1131
1132
1133
1134
1135
1136
1137
1138
1139
1140
1141
1142
1143
1144
1145
1146
1147
1148
1149
1150
1151
1152
1153
1154
1155
1156
1157
1158
1159
1160
1161
1162
1163
1164
1165
1166
1167
1168
1169
1170
1171
1172
1173
1174
1175
1176
1177
1178
1179
1180
1181
1182
1183
1184
1185
1186
1187
1188
1189
1190
1191
1192
1193
1194
1195
1196
1197
1198
1199
1200
1201
1202
1203
1204
1205
1206
1207
1208
1209
1210
1211
1212
1213
1214
1215
1216
1217
1218
1219
1220
1221
1222
1223
1224
1225
1226
1227
1228
1229
1230
1231
1232
1233
1234
1235
1236
1237
1238
1239
1240
1241
1242
1243
1244
1245
1246
1247
1248
1249
1250
1251
1252
1253
1254
1255
1256
1257
1258
1259
1260
1261
1262
1263
1264
1265
1266
1267
1268
1269
1270
1271
1272
1273
1274
1275
1276
1277
1278
1279
1280
1281
1282
1283
1284
1285
1286
1287
1288
1289
1290
1291
1292
1293
1294
1295
1296
1297
1298
1299
1300
1301
1302
1303
1304
1305
1306
1307
1308
1309
1310
1311
1312
1313
1314
1315
1316
1317
1318
1319
1320
1321
1322
1323
1324
1325
1326
1327
1328
1329
1330
1331
1332
1333
1334
1335
1336
1337
1338
1339
1340
1341
1342
1343
1344
1345
1346
1347
1348
1349
1350
1351
1352
1353
1354
1355
1356
1357
1358
1359
1360
1361
1362
1363
1364
1365
1366
1367
1368
1369
1370
1371
1372
1373
1374
1375
1376
1377
1378
1379
1380
1381
1382
1383
1384
1385
1386
1387
1388
1389
1390
1391
1392
1393
1394
1395
1396
1397
1398
1399
1400
1401
1402
1403
1404
1405
1406
1407
1408
1409
1410
1411
1412
1413
1414
1415
1416
1417
1418
1419
1420
1421
1422
1423
1424
1425
1426
1427
1428
1429
1430
1431
1432
1433
1434
1435
1436
1437
1438
1439
1440
1441
1442
1443
1444
1445
1446
1447
1448
1449
1450
1451
1452
1453
1454
1455
1456
1457
1458
1459
1460
1461
1462
1463
1464
1465
1466
1467
1468
1469
1470
1471
1472
1473
1474
1475
1476
1477
1478
1479
1480
1481
1482
1483
1484
1485
1486
1487
1488
1489
1490
1491
1492
1493
1494
1495
1496
1497
1498
1499
1500
1501
1502
1503
1504
1505
1506
1507
1508
1509
1510
1511
1512
1513
1514
1515
1516
1517
1518
1519
1520
1521
1522
1523
1524
1525
1526
1527
1528
1529
1530
1531
1532
1533
1534
1535
1536
1537
1538
1539
1540
1541
1542
1543
1544
1545
1546
1547
1548
1549
1550
1551
1552
1553
1554
1555
1556
1557
1558
1559
1560
1561
1562
1563
1564
1565
1566
1567
1568
1569
1570
1571
1572
1573
1574
1575
1576
1577
1578
1579
1580
1581
1582
1583
1584
1585
1586
1587
1588
1589
1590
1591
1592
1593
1594
1595
1596
1597
1598
1599
1600
1601
1602
1603
1604
1605
1606
1607
1608
1609
1610
1611
1612
1613
1614
1615
1616
1617
1618
1619
1620
1621
1622
1623
1624
1625
1626
1627
1628
1629
1630
1631
1632
1633
1634
1635
1636
1637
1638
1639
1640
1641
1642
1643
1644
1645
1646
1647
1648
1649
1650
1651
1652
1653
1654
1655
1656
1657
1658
1659
1660
1661
1662
1663
1664
1665
1666
1667
1668
1669
1670
1671
1672
1673
1674
1675
1676
1677
1678
1679
1680
1681
1682
1683
1684
1685
1686
1687
1688
1689
1690
1691
1692
1693
1694
1695
1696
1697
1698
1699
1700
1701
1702
1703
1704
1705
1706
1707
1708
1709
1710
1711
1712
1713
1714
1715
1716
1717
1718
1719
1720
1721
1722
1723
1724
1725
1726
1727
1728
1729
1730
1731
1732
1733
1734
1735
1736
1737
1738
1739
1740
1741
1742
1743
1744
1745
1746
1747
1748
1749
1750
1751
1752
1753
1754
1755
1756
1757
1758
1759
1760
1761
1762
1763
1764
1765
1766
1767
1768
1769
1770
1771
1772
1773
1774
1775
1776
1777
1778
1779
1780
1781
1782
1783
1784
1785
1786
1787
1788
1789
1790
1791
1792
1793
1794
1795
1796
1797
1798
1799
1800
1801
1802
1803
1804
1805
1806
1807
1808
1809
1810
1811
1812
1813
1814
1815
1816
1817
1818
1819
1820
1821
1822
1823
1824
1825
1826
1827
1828
1829
1830
1831
1832
1833
1834
1835
1836
1837
1838
1839
1840
1841
1842
1843
1844
1845
1846
1847
1848
1849
1850
1851
1852
1853
1854
1855
1856
1857
1858
1859
1860
1861
1862
1863
1864
1865
1866
1867
1868
1869
1870
1871
1872
1873
1874
1875
1876
1877
1878
1879
1880
1881
1882
1883
1884
1885
1886
1887
1888
1889
1890
1891
1892
1893
1894
1895
1896
1897
1898
1899
1900
1901
1902
1903
1904
1905
1906
1907
1908
1909
1910
1911
1912
1913
1914
1915
1916
1917
1918
1919
1920
1921
1922
1923
1924
1925
1926
1927
1928
1929
1930
1931
1932
1933
1934
1935
1936
1937
1938
1939
1940
1941
1942
1943
1944
1945
1946
1947
1948
1949
1950
1951
1952
1953
1954
1955
1956
1957
1958
1959
1960
1961
1962
1963
1964
1965
1966
1967
1968
1969
1970
1971
1972
1973
1974
1975
1976
1977
1978
1979
1980
1981
1982
1983
1984
1985
1986
1987
1988
1989
1990
1991
1992
1993
1994
1995
1996
1997
1998
1999
2000
2001
2002
2003
2004
2005
2006
2007
2008
2009
2010
2011
2012
2013
2014
2015
2016
2017
2018
2019
2020
2021
2022
2023
2024
2025
2026
2027
2028
2029
2030
2031
2032
2033
2034
2035
2036
2037
2038
2039
2040
2041
2042
2043
2044
2045
2046
2047
2048
2049
2050
2051
2052
2053
2054
2055
2056
2057
2058
2059
2060
2061
2062
2063
2064
2065
2066
2067
2068
2069
2070
2071
2072
2073
2074
2075
2076
2077
2078
2079
2080
2081
2082
2083
2084
2085
2086
2087
2088
2089
2090
2091
2092
2093
2094
2095
2096
2097
2098
2099
2100
2101
2102
2103
2104
2105
2106
2107
2108
2109
2110
2111
2112
2113
2114
2115
2116
2117
2118
2119
2120
2121
2122
2123
2124
2125
2126
2127
2128
2129
2130
2131
2132
2133
2134
2135
2136
2137
2138
2139
2140
2141
2142
2143
2144
2145
2146
2147
2148
2149
2150
2151
2152
2153
2154
2155
2156
2157
2158
2159
2160
2161
2162
2163
2164
2165
2166
2167
2168
2169
2170
2171
2172
2173
2174
2175
2176
2177
2178
2179
2180
2181
2182
2183
2184
2185
2186
2187
2188
2189
2190
2191
2192
2193
2194
2195
2196
2197
2198
2199
2200
2201
2202
2203
2204
2205
2206
2207
2208
2209
2210
2211
2212
2213
2214
2215
2216
2217
2218
2219
2220
2221
2222
2223
2224
2225
2226
2227
2228
2229
2230
2231
2232
2233
2234
2235
2236
2237
2238
2239
2240
2241
2242
2243
2244
2245
2246
2247
2248
2249
2250
2251
2252
2253
2254
2255
2256
2257
2258
2259
2260
2261
2262
2263
2264
2265
2266
2267
2268
2269
2270
2271
2272
2273
2274
2275
2276
2277
2278
2279
2280
2281
2282
2283
2284
2285
2286
2287
2288
2289
2290
2291
2292
2293
2294
2295
2296
2297
2298
2299
2300
2301
2302
2303
2304
2305
2306
2307
2308
2309
2310
2311
2312
2313
2314
2315
2316
2317
2318
2319
2320
2321
2322
2323
2324
2325
2326
2327
2328
2329
2330
2331
2332
2333
2334
2335
2336
2337
2338
2339
2340
2341
2342
2343
2344
2345
2346
2347
2348
2349
2350
2351
2352
2353
2354
2355
2356
2357
2358
2359
2360
2361
2362
2363
2364
2365
2366
2367
2368
2369
2370
2371
2372
2373
2374
2375
2376
2377
2378
2379
2380
2381
2382
2383
2384
2385
2386
2387
2388
2389
2390
2391
2392
2393
2394
2395
2396
2397
2398
2399
2400
2401
2402
2403
2404
2405
2406
2407
2408
2409
2410
2411
2412
2413
2414
2415
2416
2417
2418
2419
2420
2421
2422
2423
2424
2425
2426
2427
2428
2429
2430
2431
2432
2433
2434
2435
2436
2437
2438
2439
2440
2441
2442
2443
2444
2445
2446
2447
2448
2449
2450
2451
2452
2453
2454
2455
2456
2457
2458
2459
2460
2461
2462
2463
2464
2465
2466
2467
2468
2469
2470
2471
2472
2473
2474
2475
2476
2477
2478
2479
2480
2481
2482
2483
2484
2485
2486
2487
2488
2489
2490
2491
2492
2493
2494
2495
2496
2497
2498
2499
2500
2501
2502
2503
2504
2505
2506
2507
2508
2509
2510
2511
2512
2513
2514
2515
2516
2517
2518
2519
2520
2521
2522
2523
2524
2525
2526
2527
2528
2529
2530
2531
2532
2533
2534
2535
2536
2537
2538
2539
2540
2541
2542
2543
2544
2545
2546
2547
2548
2549
2550
2551
2552
2553
2554
2555
2556
2557
2558
2559
2560
2561
2562
2563
2564
2565
2566
2567
2568
2569
2570
2571
2572
2573
2574
2575
2576
2577
2578
2579
2580
2581
2582
2583
2584
2585
2586
2587
2588
2589
2590
2591
2592
2593
2594
2595
2596
2597
2598
2599
2600
2601
2602
2603
2604
2605
2606
2607
2608
2609
2610
2611
2612
2613
2614
2615
2616
2617
2618
2619
2620
2621
2622
2623
2624
2625
2626
2627
2628
2629
2630
2631
2632
2633
2634
2635
2636
2637
2638
2639
2640
2641
2642
2643
2644
2645
2646
2647
2648
2649
2650
2651
2652
2653
2654
2655
2656
2657
2658
2659
2660
2661
2662
2663
2664
2665
2666
2667
2668
2669
2670
2671
2672
2673
2674
2675
2676
2677
2678
2679
2680
2681
2682
2683
2684
2685
2686
2687
2688
2689
2690
2691
2692
2693
2694
2695
2696
2697
2698
2699
2700
2701
2702
2703
2704
2705
2706
2707
2708
2709
2710
2711
2712
2713
2714
2715
2716
2717
2718
2719
2720
2721
2722
2723
2724
2725
2726
2727
2728
2729
2730
2731
2732
2733
2734
2735
2736
2737
2738
2739
2740
2741
2742
2743
2744
2745
2746
2747
2748
2749
2750
2751
2752
2753
2754
2755
2756
2757
2758
2759
2760
2761
2762
2763
2764
2765
2766
2767
2768
2769
2770
2771
2772
2773
2774
2775
2776
2777
2778
2779
2780
2781
2782
2783
2784
2785
2786
2787
2788
2789
2790
2791
2792
2793
2794
2795
2796
2797
2798
2799
2800
2801
2802
2803
2804
2805
2806
2807
2808
2809
2810
2811
2812
2813
2814
2815
2816
2817
2818
2819
2820
2821
2822
2823
2824
2825
2826
2827
2828
2829
2830
2831
2832
2833
2834
2835
2836
2837
2838
2839
2840
2841
2842
2843
2844
2845
2846
2847
2848
2849
2850
2851
2852
2853
2854
2855
2856
2857
2858
2859
2860
2861
2862
2863
2864
2865
2866
2867
2868
2869
2870
2871
2872
2873
2874
2875
2876
2877
2878
2879
2880
2881
2882
2883
2884
2885
2886
2887
2888
2889
2890
2891
2892
2893
2894
2895
2896
2897
2898
2899
2900
2901
2902
2903
2904
2905
2906
2907
2908
2909
2910
2911
2912
2913
2914
2915
2916
2917
2918
2919
2920
2921
2922
2923
2924
2925
2926
2927
2928
2929
2930
2931
2932
2933
2934
2935
2936
2937
2938
2939
2940
2941
2942
2943
2944
2945
2946
2947
2948
2949
2950
2951
2952
2953
2954
2955
2956
2957
2958
2959
2960
2961
2962
2963
2964
2965
2966
2967
2968
2969
2970
2971
2972
2973
2974
2975
2976
2977
2978
2979
2980
2981
2982
2983
2984
2985
2986
2987
2988
2989
2990
2991
2992
2993
2994
2995
2996
2997
2998
2999
3000
3001
3002
3003
3004
3005
3006
3007
3008
3009
3010
3011
3012
3013
3014
3015
3016
3017
3018
3019
3020
3021
3022
3023
3024
3025
3026
3027
3028
3029
3030
3031
3032
3033
3034
3035
3036
3037
3038
3039
3040
3041
3042
3043
3044
3045
3046
3047
3048
3049
3050
3051
3052
3053
3054
3055
3056
3057
3058
3059
3060
3061
3062
3063
3064
3065
3066
3067
3068
3069
3070
3071
3072
3073
3074
3075
3076
3077
3078
3079
3080
3081
3082
3083
3084
3085
3086
3087
3088
3089
3090
3091
3092
3093
3094
3095
3096
3097
3098
3099
3100
3101
3102
3103
3104
3105
3106
3107
3108
3109
3110
3111
3112
3113
3114
3115
3116
3117
3118
3119
3120
3121
3122
3123
3124
3125
3126
3127
3128
3129
3130
3131
3132
3133
3134
3135
3136
3137
3138
3139
3140
3141
3142
3143
3144
3145
3146
3147
3148
3149
3150
3151
3152
3153
3154
3155
3156
3157
3158
3159
3160
3161
3162
3163
3164
3165
3166
3167
3168
3169
3170
3171
3172
3173
3174
3175
3176
3177
3178
3179
3180
3181
3182
3183
3184
3185
3186
3187
3188
3189
3190
3191
3192
3193
3194
3195
3196
3197
3198
3199
3200
3201
3202
3203
3204
3205
3206
3207
3208
3209
3210
3211
3212
3213
3214
3215
3216
3217
3218
3219
3220
3221
3222
3223
3224
3225
3226
3227
3228
3229
3230
3231
3232
3233
3234
3235
3236
3237
3238
3239
3240
3241
3242
3243
3244
3245
3246
3247
3248
3249
3250
3251
3252
3253
3254
3255
3256
3257
3258
3259
3260
3261
3262
3263
3264
3265
3266
3267
3268
3269
3270
3271
3272
3273
3274
3275
3276
3277
3278
3279
3280
3281
3282
3283
3284
3285
3286
3287
3288
3289
3290
3291
3292
3293
3294
3295
3296
3297
3298
3299
3300
3301
3302
3303
3304
3305
3306
3307
3308
3309
3310
3311
3312
3313
3314
3315
3316
3317
3318
3319
3320
3321
3322
3323
3324
3325
3326
3327
3328
3329
3330
3331
3332
3333
3334
3335
3336
3337
3338
3339
3340
3341
3342
3343
3344
3345
3346
3347
3348
3349
3350
3351
3352
3353
3354
3355
3356
3357
3358
3359
3360
3361
3362
3363
3364
3365
3366
3367
3368
3369
3370
3371
3372
3373
3374
3375
3376
3377
3378
3379
3380
3381
3382
3383
3384
3385
3386
3387
3388
3389
3390
3391
3392
3393
3394
3395
3396
3397
3398
3399
3400
3401
3402
3403
3404
3405
3406
3407
3408
3409
3410
3411
3412
3413
3414
3415
3416
3417
3418
3419
3420
3421
3422
3423
3424
3425
3426
3427
3428
3429
3430
3431
3432
3433
3434
3435
3436
3437
3438
3439
3440
3441
3442
3443
3444
3445
3446
3447
3448
3449
3450
3451
3452
3453
3454
3455
3456
3457
3458
3459
3460
3461
3462
3463
3464
3465
3466
3467
3468
3469
3470
3471
3472
3473
3474
3475
3476
3477
3478
3479
3480
3481
3482
3483
3484
3485
3486
3487
3488
3489
0.03012641873672628 0.0194313462117881 0
0.02442054665643272 0.0127660319206781 0
0.03275492967959769 0.019823031624693 0
0.0349008698602059 0.02016721026688702 0
0.03686145645355148 0.02049118256215531 0
0.0387205058168569 0.02080716066106019 0
0.04051158166338455 0.02112230975472917 0
0.04225186321057798 0.02144095923136361 0
0.04395199239439224 0.02176553969872957 0
0.04561961165556443 0.02209707162748253 0
0.04726084877742793 0.02243546355178016 0
0.04888100690896593 0.02277972958706537 0
0.05048490051762835 0.02312817615418648 0
0.0520770163548417 0.02347858278922294 0
0.05366158114823837 0.02382839428523652 0
0.05524257698337037 0.02417494043301616 0
0.05682372886926476 0.02451568813876741 0
0.05840848498482833 0.02484844394379793 0
0.03170640574715647 0.01686974722642006 0
0.03275043783889227 0.01487456340469381 0
0.03361032750108602 0.01303133493474903 0
0.03437826025891811 0.01124068201826798 0
0.03510023577229615 0.009461066903307353 0
0.03580881363079834 0.007668675671771902 0
0.0365336624457191 0.005845817016219479 0
0.03730810652431903 0.003975518133300322 0
0.03817388088175371 0.002036937711596493 0
0.03005708821392138 0.02229279529180125 0
0.03002466449543575 0.02458560755595742 0
0.02999145946724371 0.02668568604312774 0
0.02995059989683366 0.02869019376504659 0
0.02989989155286407 0.03063740364023943 0
0.02983717123114854 0.03254691041499855 0
0.02975919013149463 0.03443066273317717 0
0.02966125656828419 0.03629687131735313 0
0.02953773214777244 0.03815168047370977 0
0.02751214517344843 0.0206268215272507 0
0.02547062769286246 0.02133449096265068 0
0.02361253393588723 0.02185725830674141 0
0.02183987731187733 0.02227186086910127 0
0.02011320467605483 0.02261198758379628 0
0.01841272665158331 0.02289692038000307 0
0.0167273047941372 0.02313922566840464 0
0.01505028354389247 0.0233476537264906 0
0.01337758547566768 0.02352850701770055 0
0.01170672309389475 0.02368636682029253 0
0.01003623405192973 0.02382447830982666 0
0.008365329469472988 0.02394489864566002 0
0.006693658570766826 0.02404841077955729 0
0.005021144298270474 0.02413409540436538 0
0.003347870722809175 0.02419819395094315 0
0.001674028224096191 0.02423091093945554 0
0.02860888988428612 0.01755812807825307 0
0.02742689807736495 0.01616986035710056 0
0.02642960796061245 0.01502603732504132 0
0.02558364251788015 0.01406935728774778 0
0.02489758629035871 0.01330028596820431 0
0.00163068385413611 0.0151960495997364 0
0.003259388681242992 0.01509550929587572 0
0.004884656167926428 0.01499637647405277 0
0.006504731429517443 0.01489399112587666 0
0.00811749408592091 0.01478578455525279 0
0.00972036546474599 0.01466994841108261 0
0.01131019936849987 0.01454496611612215 0
0.01288313228461463 0.01440943693748167 0
0.01443434824330252 0.01426203214870259 0
0.01595769447872196 0.0141015439674962 0
0.01744506013256769 0.01392704786809308 0
0.01888538899364069 0.01373825127448801 0
0.02026309688620748 0.01353616434645414 0
0.0215553700088381 0.01332434109129131 0
0.02272687438069692 0.013111181695455 0
0.0237178189317156 0.01291431277845983 0
0.02464780708419188 0.01208845835408247 0
0.02495770143585524 0.0111364656701979 0
0.02530748222696684 0.01001014239385976 0
0.02567534074192731 0.008764225278164013 0
0.0260502313536587 0.007430888704263216 0
0.02642604783420465 0.006030919581832404 0
0.02679854959204836 0.004578617920268249 0
0.0271635228990181 0.003084307961365622 0
0.02751617241009689 0.00155591335123723 0
0.03363613469468382 0.01752259839555848 0
0.03447979283592494 0.01547038907570433 0
0.0352586544313655 0.01354749871846478 0
0.03599128086684072 0.01168403852671532 0
0.03670121816317846 0.009838956079107857 0
0.0374122009489832 0.007984714472157458 0
0.03814957526386293 0.006099062196503463 0
0.03894290444811828 0.004159750152530964 0
0.03982821247660569 0.002139551513089148 0
0.03554270120424331 0.01801107595803277 0
0.03623582969300996 0.01597032427973591 0
0.03692871232018577 0.01401501708325799 0
0.03761308480131673 0.01210659749645666 0
0.03829733537638882 0.01021294802244183 0
0.03899704566515086 0.008307456800835679 0
0.03973258266568305 0.006365352209007995 0
0.04052883396618631 0.004359405860439302 0
0.04141287939772365 0.002254369162300839 0
0.0373884818182153 0.01842320146747159 0
0.03797729134438295 0.01641106265551902 0
0.03859420675944981 0.01444887647656968 0
0.03922700207903719 0.01251611498194061 0
0.03987742628060319 0.01058901889009574 0
0.04055586520852815 0.008643207795070698 0
0.04127903220506482 0.006652189409726648 0
0.04206903981672772 0.004583311120853109 0
0.04295029350106649 0.002390399752128969 0
0.03917586764837677 0.01880068481522515 0
0.03968871204034464 0.01682002017531932 0
0.04024056152213405 0.01486455863033354 0
0.04082226779282397 0.01292223429179619 0
0.0414340378016903 0.01097480977038759 0
0.04208390375292616 0.008999756107371297 0
0.04278703537365396 0.006968833980679496 0
0.04356656046036431 0.004842962263836357 0
0.04445721245733591 0.002560333587656303 0
0.04091325583395761 0.01916422976460415 0
0.0413661244975602 0.01721516394225775 0
0.04186106616843138 0.01527458978851924 0
0.04239301171388536 0.01333387698514653 0
0.04296290027323701 0.01137785249391504 0
0.04357828898191319 0.009385066928333749 0
0.04425443044484791 0.007325317533588575 0
0.045017999928221 0.005152002471194906 0
0.04592125988578775 0.002781067567081995 0
0.04260844817252637 0.01952486688549156 0
0.04301029422661605 0.01760776080127385 0
0.04345369061597485 0.01568799640106398 0
0.04393692182430398 0.01375808568620246 0
0.04446232262204632 0.01180440612243387 0
0.04503781873368241 0.009806115996546051 0
0.04567923761683156 0.007731324137882009 0
0.04641621983610972 0.005525922821273196 0
0.04731203604260203 0.003076609301153053 0
0.04426803746291572 0.01988858508465596 0
0.04462396728075571 0.01800453600421226 0
0.04501914835700178 0.0161106056451909 0
0.0454542157699659 0.01419956583711222 0
0.04593279191259971 0.01225864928742794 0
0.04646327745364714 0.01026768508376106 0
0.04706173100510764 0.008194436162178097 0
0.04775895768635992 0.005981056503031813 0
0.04862651826272899 0.003489887317971017 0
0.04589774763300774 0.02025834381097942 0
0.04621079257020044 0.01840902128917711 0
0.04655981650957225 0.01654549199373489 0
0.04694692941436283 0.01466057553379104 0
0.04737664139679413 0.01274217157432556 0
0.04785755480775355 0.01077118276816552 0
0.04840518801040267 0.008717074518028002 0
0.04904840323300913 0.006526489783155318 0
0.04984906189899251 0.004086163687408654 0
0.04750277322282719 0.02063505279100109 0
0.04777488370784615 0.01882238884268229 0
0.04807912106655969 0.01699341645387648 0
0.04841839805191488 0.0151410685312303 0
0.04879767350085402 0.01325392343039667 0
0.04922540650052389 0.01131425541973724 0
0.04971600048389884 0.009294323992120476 0
0.05029503847635791 0.007148125654614151 0
0.05101381660029388 0.00478993078269696 0
0.04908799391619891 0.02101812392191723 0
0.04932061402643936 0.019244005952375 0
0.04958115501178052 0.01745324107459446 0
0.04987284471886773 0.01563903007971657 0
0.0502007202122467 0.01379067147079508 0
0.05057282592977621 0.01189186047222442 0
0.05100216276856533 0.009917718195962429 0
0.05151055216535504 0.007828886042810436 0
0.0521383152196693 0.005558775081270604 0
0.05065808637202257 0.0214058325380717 0
0.05085249524225489 0.01967183195007243 0
0.05107041877891766 0.01792229481412158 0
0.05131505206173855 0.01615086324680703 0
0.05159123088017332 0.01434757892365641 0
0.05190643141180523 0.01249743940319713 0
0.05227227307618174 0.01057802970940548 0
0.05270715195777977 0.00855495955951366 0
0.05324247199448665 0.006373448223826486 0
0.05221756774406906 0.02179558479478579 0
0.05237508712092719 0.0201027098251952 0
0.05255163538467023 0.01839665935344083 0
0.0527501183302165 0.01667169990160848 0
0.05297495127484721 0.01491862586316644 0
0.05323296559477991 0.01312354321658825 0
0.05353464354831781 0.01126610069851676 0
0.0538957504797345 0.009315516274951323 0
0.0543399834974411 0.007222616435673761 0
0.05377079419216031 0.02218413654251297 0
0.05389291631540687 0.02053257652955574 0
0.05402961402282132 0.01887135594842415 0
0.05418330020983474 0.01719557929124312 0
0.05435775210426333 0.01549681795359589 0
0.05455904100402176 0.01376197171383409 0
0.0547968120440556 0.01197252229562448 0
0.05508577396832955 0.01010125754530248 0
0.05544494922539746 0.008102811649215738 0
0.05532192569102658 0.02256779673180107 0
0.05541038586814245 0.02095660917262849 0
0.05550912814883257 0.01934042917997124 0
0.0556199157311929 0.0177154629537003 0
0.05574562775526262 0.01607426004782501 0
0.05589125674717366 0.01440376528488659 0
0.05606539986388533 0.01268685650513705 0
0.05628305892938932 0.01090063022043784 0
0.0565689874149733 0.009010056212644262 0
0.05687486251097323 0.02294266386122603 0
0.05693165413073172 0.02136932244990535 0
0.05699475112564303 0.01979695938338038 0
0.05706521010237819 0.01822296133763545 0
0.0571447602307812 0.01664212659344493 0
0.05723682410746288 0.01503947448266549 0
0.05734774159499277 0.0133979197068652 0
0.05749020315057083 0.01169847243894666 0
0.05769254914646874 0.009912094940635866 0
0.05843316506095393 0.02330503730880778 0
0.05846047340664408 0.02176456209905636 0
0.05849059262941536 0.02023329302630829 0
0.05852400576811329 0.01870730445773791 0
0.05856123855577323 0.01719024697278202 0
0.0586039043834204 0.01565978018828521 0
0.05865506897440562 0.0140947870737856 0
0.05872075217125723 0.01248557826005622 0
0.0588193202594243 0.01078903184242116 0
0.03233283669414642 0.02224039558311195 0
0.034456336327001 0.02237805219300112 0
0.03644625602453849 0.02258599632613685 0
0.0383414850187885 0.02282559988468569 0
0.04016802011568955 0.02308351563004156 0
0.04194223228772194 0.02335463316937333 0
0.0436750470356914 0.02363659312841677 0
0.04537441628875988 0.02392785212275262 0
0.04704664483724801 0.02422695859694492 0
0.04869709067367216 0.02453229449936929 0
0.05033053127067987 0.02484202445043739 0
0.05195135022349035 0.02515415961296202 0
0.05356362672051146 0.02546670898291613 0
0.05517117409842155 0.02577792161061305 0
0.05677755736596392 0.02608663094068523 0
0.0583861143440249 0.02639266268502843 0
0.03212232420337906 0.0244924974585846 0
0.03416740979188831 0.02453430360646799 0
0.03613792562393942 0.02465847706104369 0
0.03803950287133603 0.02483128220865048 0
0.03988337397209978 0.02503453811270249 0
0.04167975716251106 0.02525853918628804 0
0.04343691898216487 0.02549776358745684 0
0.04516157836162209 0.02574868015145824 0
0.04685941864683376 0.02600867248253075 0
0.04853544822262362 0.02627552788988288 0
0.05019421152439968 0.02654722606381801 0
0.05183990097990135 0.02682191158213957 0
0.05347641294662393 0.02709801425554312 0
0.05510737703486067 0.0273745392886307 0
0.05673618085040526 0.02765163130779321 0
0.05836601575655943 0.02793176580358754 0
0.03198920104484924 0.02660520728961212 0
0.03396814102017007 0.0266118770422192 0
0.03590735768503631 0.02668667178256953 0
0.03780095239555252 0.02680991323111266 0
0.03965047452098489 0.02696702334080239 0
0.04146009438444642 0.02714823336113826 0
0.04323460045014414 0.02734706672466526 0
0.04497876811773923 0.02755906477026128 0
0.04669721918705736 0.02778095192271376 0
0.04839438359953188 0.02801014212655524 0
0.05007446781027396 0.0282444828671719 0
0.05174142856758262 0.02848217768786082 0
0.05339895838073992 0.02872187217294844 0
0.05505048558978834 0.0289629325264325 0
0.05669919276844681 0.0292059749790356 0
0.05834806822879753 0.02945352989774038 0
0.03188598193605915 0.02862720504524814 0
0.03381678850280559 0.02862217342894631 0
0.03572757667891127 0.02866891467854629 0
0.03760971921188588 0.0287572773176335 0
0.03945975631813992 0.02887747498702542 0
0.04127741677516993 0.02902157500842996 0
0.04306434344675505 0.02918355898277253 0
0.04482335313519701 0.02935892595537489 0
0.04655800077482664 0.02954425812978254 0
0.04827218344645391 0.02973686896128867 0
0.04996982325009716 0.02993456913013079 0
0.0516546756329896 0.0301355619877792 0
0.05333023793575626 0.03033848416637931 0
0.05499972234250272 0.03054265782975999 0
0.05666606188814947 0.03074878939233307 0
0.05833194976109207 0.0309610288711618 0
0.0317929122455911 0.03058953566386367 0
0.03368968506680511 0.03058143456092246 0
0.0355790249929523 0.03061165475512386 0
0.03745201910308669 0.03067528441375342 0
0.03930228899911894 0.03076623144527486 0
0.04112616798088382 0.03087864099739333 0
0.04292265396486 0.03100751545848192 0
0.0446929189991131 0.03114882551729527 0
0.04643984861054114 0.03129939675901828 0
0.04816717703673233 0.03145668801634637 0
0.04987877982064785 0.03161858048366199 0
0.05157832457155554 0.03178323755943602 0
0.05326914326884933 0.03194904422626257 0
0.0549542224749045 0.03211463700832849 0
0.05663621855567971 0.03227904732030643 0
0.05831747133309538 0.03244187102954654 0
0.03169916297174967 0.03251137551107373 0
0.03357210853915187 0.03250334851368655 0
0.03544775977447878 0.03252311530844611 0
0.03731723000415394 0.03256850732018814 0
0.03917115524106252 0.03263587856415236 0
0.04100227652826614 0.03272108271679289 0
0.04280718868965436 0.03282021326877181 0
0.04458577311558972 0.03292992633174643 0
0.04634117180527923 0.03304754177285269 0
0.04807776260668489 0.03317086773746682 0
0.04979978223401671 0.03329797779358696 0
0.05151095365102491 0.03342703032503702 0
0.05321444302192842 0.03355608654392324 0
0.05491297423275802 0.03368286804622387 0
0.05660888451851276 0.03380433441682635 0
0.05830410902958637 0.033915842850603 0
0.0315963018656404 0.03440534416426515 0
0.03345269983486708 0.03439853524868398 0
0.0353224723776609 0.03441109686647857 0
0.03719721056380184 0.03444230842207915 0
0.03906208661575999 0.0344900677054294 0
0.04090410044278694 0.03455146933830819 0
0.04271770207124161 0.03462359313079984 0
0.04450139637385848 0.03470381647793232 0
0.04626075130169909 0.03479012852392177 0
0.04800231357869078 0.03488085902401879 0
0.04973111321696987 0.03497441009577398 0
0.05145097435964459 0.03506907207440828 0
0.0531647612137924 0.03516275184516163 0
0.05487484236402913 0.03525251434915216 0
0.05658319056799947 0.0353337274464889 0
0.05829138280291185 0.035398876567161 0
0.03147538092557533 0.03628041318118829 0
0.03332002585961349 0.0362753207392549 0
0.03519096926631333 0.03628251527628524 0
0.03708519444319122 0.03630206047977882 0
0.0389744250633705 0.03633283287211121 0
0.04083345470673466 0.03637278412414935 0
0.04265757774466198 0.03641992707760774 0
0.04444079487372928 0.03647229057185693 0
0.04619742091169688 0.03652869879241218 0
0.04793885530734125 0.03658813071906747 0
0.04967066983742494 0.03664943614464768 0
0.05139653721926644 0.0367112568605943 0
0.05311853976905119 0.03677172631448619 0
0.05483854881119002 0.0368279023397502 0
0.05655810299460375 0.03687432109819386 0
0.058278796422243 0.03689898382255428 0
0.03132491588774964 0.03814344253833152 0
0.03316083388997745 0.03814051670113894 0
0.03503367356476966 0.03814354311822641 0
0.03697439223079755 0.03815293825284113 0
0.03891431270556685 0.03816822958060152 0
0.04079629242955783 0.03818804296407363 0
0.04263759866481572 0.03821148906716982 0
0.04440629428483654 0.03823713703817067 0
0.04614876655841769 0.03826478818207188 0
0.04788441636523684 0.03829406196747739 0
0.04961558318978421 0.03832431260952404 0
0.05134545978500513 0.03835478559636255 0
0.05307400911012794 0.03838436283083643 0
0.05480266647997117 0.03841128755503408 0
0.05653212247561827 0.03843243804495223 0
0.05826556900233942 0.03844236876902216 0
0.02781459161485048 0.02276590993091103 0
0.02795147544641401 0.02484502539894091 0
0.02801161594792431 0.02685350219247189 0
0.02803024356713719 0.02880732940067708 0
0.02802186003929727 0.03072158903609539 0
0.0279924234234012 0.03260733734426611 0
0.02794361810491095 0.03447260007936779 0
0.02787427927153087 0.03632343340565487 0
0.02777996009906356 0.03816461557819296 0
0.02578197609537012 0.02322909185051989 0
0.02597063863533142 0.02515265014781953 0
0.02608105046059162 0.0270660355452364 0
0.02614142028802174 0.02895884781597875 0
0.0261678481607716 0.03083111303078085 0
0.02616925598847134 0.03268590703045755 0
0.02615046418565825 0.03452687306115548 0
0.02611400714808595 0.03635748964402569 0
0.02606157600144597 0.03818091026637573 0
0.02388371051456216 0.0236351572266625 0
0.02407533387585573 0.02545613470159662 0
0.02420511627678693 0.02729138809907257 0
0.02428957559513171 0.02912639128710789 0
0.02434101822630665 0.03095517701375547 0
0.02436799601067431 0.03277611285984329 0
0.02437651888858586 0.03458959239471814 0
0.02437137957100177 0.03639690867884125 0
0.02435798623639647 0.03819974136776749 0
0.02206797662897428 0.02398338602379384 0
0.0222450087486075 0.02573615903836061 0
0.02237702504779884 0.02751142509320906 0
0.02247264477190422 0.02929672049292336 0
0.02254009124237549 0.03108484935187925 0
0.02258633541861588 0.03287216094853953 0
0.0226172247082419 0.03465717867117368 0
0.02263799859756995 0.03643971115441482 0
0.02265388959726223 0.03822031969165526 0
0.02030352373146836 0.02428181205134098 0
0.02046090214226272 0.02598772556706573 0
0.02058667524095772 0.02771755791704158 0
0.02068506328917807 0.02946178438335221 0
0.02076130373768072 0.03121382158040688 0
0.02082073998227912 0.03296954010547003 0
0.0208685549143548 0.03472663335186976 0
0.02090982850267086 0.03648408467386841 0
0.0209496813831592 0.03824175476577005 0
0.01857136260682715 0.02453878389163433 0
0.01870874225510708 0.02621136723817909 0
0.01882442782570086 0.02790657408300878 0
0.0189203839730403 0.02961733449919727 0
0.01899995261653167 0.03133814690022817 0
0.01906720502052827 0.03306509799804855 0
0.01912663631517065 0.03479567083481605 0
0.01918303568129428 0.03652852090128673 0
0.01924118783247871 0.03826325790787813 0
0.01685957283606931 0.02476141797348799 0
0.01697822850781917 0.02640955328908687 0
0.01708227876561416 0.02807803933559632 0
0.01717258628387591 0.02976158396108707 0
0.01725135551307898 0.03145569943548566 0
0.01732176105347589 0.03315689863344635 0
0.01738777669799807 0.0348627284089129 0
0.01745420783080564 0.03657179029847125 0
0.01752702315281992 0.03828389446672656 0
0.01516047284117058 0.02495549456652188 0
0.0152620741922779 0.02658526024129822 0
0.01535401606773444 0.02823288219845766 0
0.01543662682378446 0.02989425925392489 0
0.01551140384843115 0.03156567986506423 0
0.01558083967602844 0.0332440540734948 0
0.01564837802955252 0.03492700861012052 0
0.01571850777752843 0.03661299598518555 0
0.01579671192535647 0.03830207882627006 0
0.01346905567080045 0.02512563176440026 0
0.01355521029398754 0.02674141292776164 0
0.01363505445098031 0.02837266232815589 0
0.01370863015565491 0.03001600320956165 0
0.01377692697384765 0.0316682437950613 0
0.01384182048358955 0.03332660228278194 0
0.0139061429562562 0.03498871009525823 0
0.01397411991698944 0.03665217220359281 0
0.01405294000187628 0.03831269179126476 0
0.01178207932722355 0.02527547085214863 0
0.01185419951593275 0.02688067770922618 0
0.0119221869220997 0.02849920777171251 0
0.01198588735773062 0.03012801619315406 0
0.01204584959747296 0.03176420097992255 0
0.01210326346079213 0.0334053071434804 0
0.01215989523087614 0.03504947975913391 0
0.01221801140616427 0.03669560529164113 0
0.01228016113153592 0.03834391588582375 0
0.01009750063289171 0.02540780658380306 0
0.01015680140107345 0.02700540257136287 0
0.01021331603420207 0.02861446788326233 0
0.010266731118721 0.03023187502923077 0
0.01031721756862344 0.03185471374738294 0
0.01036535291137807 0.03348071721547254 0
0.01041194972603957 0.03510838999919414 0
0.01045766809976003 0.03673714127359768 0
0.01050169742292508 0.03836732030230831 0
0.008414094548271243 0.02552463587903094 0
0.008461630641715488 0.02711762374937741 0
0.008507166559049949 0.02872054520117588 0
0.008550253895936808 0.03032963710117685 0
0.008590768084276846 0.03194157069443065 0
0.008628866681171873 0.03355416713519283 0
0.008664869533444449 0.03516614035477999 0
0.008699398078934502 0.03677732605642213 0
0.008733508044333919 0.03838833991359322 0
0.006731181790903523 0.02562708540904636 0
0.006767883745926832 0.02721908868723872 0
0.006803020606854272 0.02881987718164871 0
0.006836017684697725 0.03042414088708627 0
0.006866503746084151 0.03202744015744505 0
0.006894345140431521 0.03362803789473502 0
0.006919224288314895 0.03522459929517575 0
0.006941576055684213 0.03681775528793273 0
0.006964439578306853 0.03840903187111946 0
0.005048427085538057 0.02571514405015213 0
0.005075122925132729 0.02731124865885844 0
0.005100510283018576 0.02891564077871135 0
0.005123877682205712 0.03051969823355098 0
0.005144591577538294 0.03211602623208132 0
0.005162663469166931 0.03370603768317958 0
0.005176051391611736 0.03528650758067649 0
0.005182792263406368 0.03686012890758617 0
0.005180440223476343 0.03843040260476016 0
0.003365686644500382 0.02578710829986192 0
0.003383094359699902 0.02739508533896358 0
0.00339944400283139 0.02901258483352599 0
0.003413862710720403 0.03062409545437721 0
0.003424951692343799 0.03221133327937249 0
0.003435781218206665 0.03379436738415099 0
0.003440135173374792 0.03535543771426661 0
0.003434317718982407 0.03690552772907736 0
0.003408413734382475 0.03845310815623178 0
0.001682896314328993 0.02583899837101184 0
0.001691547810719847 0.02747012513726902 0
0.001699631900406427 0.02911840091223557 0
0.001706620918852347 0.03075720248896349 0
0.001711959956711466 0.03234449701231761 0
0.001715865023387926 0.03390748768270157 0
0.001716165741020295 0.03543592227641133 0
0.001710566899488569 0.03695311412640268 0
0.001695498178803828 0.03847602262915131 0
0.02678455829308169 0.01876122476836333 0
0.02498791067019419 0.01957608351130925 0
0.02325492384244999 0.02016858831981291 0
0.02156295854326939 0.02062565010232751 0
0.01989387534348831 0.02099239918578095 0
0.0182365807468805 0.02129479535274735 0
0.01658455628567518 0.02154910940666495 0
0.01493400659298261 0.02176616946471686 0
0.01328276962160235 0.02195345743619751 0
0.01162969203337024 0.02211621775981215 0
0.009974260570666332 0.0222580461658811 0
0.008316372248268597 0.0223811524481358 0
0.006656182662908723 0.02248636297030454 0
0.004994003806462875 0.02257285831285951 0
0.00333024201287604 0.02263765209931194 0
0.001665380399580035 0.02267528576258588 0
0.02597095847290212 0.01721774202058547 0
0.02442391215318662 0.0180032243027046 0
0.02284636048579359 0.01859728398342485 0
0.02125622020495474 0.01906003890437379 0
0.01965759458011201 0.01943142817052452 0
0.01805119974170913 0.01973706635723303 0
0.01643721204929812 0.01999368208509705 0
0.01481590633261388 0.02021252488390333 0
0.01318773800472114 0.02040135394144439 0
0.01155330929208758 0.02056558538047807 0
0.009913322397870437 0.02070893976507424 0
0.008268537972519254 0.02083377054360481 0
0.006619740770093335 0.02094115940656349 0
0.004967714293717561 0.02103080822882352 0
0.003313229093160829 0.02110071225256076 0
0.001657052626655599 0.0211464247939737 0
0.02521291877207504 0.01591103759639007 0
0.02386636667478243 0.01660337302525898 0
0.02243471079498658 0.0171461865174745 0
0.02094723537405959 0.01757921408052018 0
0.01942139601952642 0.01793212820786228 0
0.01786770672525069 0.0182256544209276 0
0.01629282897814668 0.01847408783635414 0
0.0147012624891821 0.01868737599876283 0
0.01309625392945243 0.01887254077282341 0
0.01148029490141896 0.01903458399209318 0
0.009855400650643468 0.01917704088181277 0
0.00822326749019479 0.01930229812982848 0
0.006585362290402129 0.01941175211014711 0
0.004942976049109524 0.01950586347444962 0
0.003297262441329787 0.01958418904724614 0
0.001649274695371837 0.01964566528596415 0
0.02455825525024592 0.01478283158201805 0
0.02337126776984741 0.01534565509864267 0
0.02206156254825651 0.01580084258814507 0
0.02066383053114189 0.01617612579958809 0
0.01920360118728561 0.01649067968012407 0
0.01769832026694229 0.01675823090748665 0
0.01615972880694455 0.01698874755321041 0
0.0145958624395781 0.01718954266531011 0
0.0130124114471969 0.01736603548442351 0
0.01141357759680334 0.01752227313208211 0
0.009802597522016813 0.01766128172577594 0
0.008182058065648524 0.01778530112867742 0
0.006554086231703965 0.01789595026310174 0
0.004920467055682798 0.01799436862713336 0
0.003282723166333032 0.01808137128914241 0
0.001642175870412947 0.01815756812062485 0
0.02404234130527758 0.01379812245096097 0
0.02297877729062837 0.01419631508030812 0
0.02175978600771448 0.01453767300205039 0
0.02042977196639765 0.01483573176366019 0
0.01902068455695182 0.01509759787046758 0
0.01755439547217265 0.01532868260922953 0
0.01604581334597718 0.01553356537271318 0
0.01450528128966389 0.01571613309907063 0
0.01294019107734476 0.01587964315243359 0
0.01135601731071554 0.01602680370878963 0
0.009756963823189897 0.01615986753473341 0
0.008146361149944995 0.01628073412972594 0
0.006526909946503479 0.01639107519553574 0
0.004900834462271372 0.01649252529289087 0
0.003269987711525999 0.0165870029851541 0
0.001635931320889698 0.01667715674895421 0
0.03004936088018864 0.01586983394657633 0
0.02866276685344206 0.01485121482767849 0
0.02746999075323785 0.01393034688317319 0
0.02642424229441199 0.01314199461909337 0
0.02549676589269947 0.01251348903363931 0
0.03113553871858073 0.0141562718688062 0
0.02967210074723351 0.01339630301872772 0
0.02834972317850157 0.01267146525027251 0
0.02714418451591587 0.01203045812758014 0
0.0260269489608206 0.01150825702965192 0
0.03202099081753127 0.012464151671233 0
0.03051816098019432 0.01187283612038166 0
0.02910856923903142 0.01129817541734614 0
0.02778405009821784 0.01077732271277258 0
0.02652632765134992 0.01034050538310234 0
0.03279459412809117 0.01077715403503882 0
0.03125998990076663 0.01030397874197934 0
0.02978486769298882 0.009842935694345311 0
0.02836961425549742 0.009418674452043979 0
0.02700536373891078 0.009053746018337257 0
0.03350806475157876 0.009078970481144031 0
0.03194038747577467 0.008696326198202396 0
0.03040886061829966 0.008324905084833798 0
0.02891896629196619 0.007980368753486086 0
0.02746892967032977 0.007678539717817479 0
0.0341970223469386 0.007357316928856364 0
0.03259085414733277 0.007050625469391014 0
0.0310038209302387 0.006754753113349994 0
0.02944569188956573 0.006479446889425767 0
0.02792052415825401 0.006235491447320677 0
0.0348919874691848 0.005601830825166041 0
0.03323781792119918 0.005364841465769366 0
0.03158904540105352 0.005137779766229789 0
0.02996056279442518 0.004926549444818939 0
0.02836253079988143 0.004738331820484614 0
0.03562702575487102 0.003801694309574318 0
0.03390867429491421 0.00363449763659037 0
0.03218342518982981 0.003475424119327719 0
0.03047299299944213 0.003327820897187313 0
0.02879520981727278 0.003196186098141035 0
0.03645334806225514 0.00194257423361866 0
0.03463958138076378 0.001851436225355426 0
0.03281034245059433 0.001765394826694949 0
0.03099408077248823 0.001685983149605876 0
0.02921344284258541 0.001615160652699558 0
0.001626548593075649 0.01370393110944775 0
0.001623633058014243 0.01220831093886773 0
0.001621915808770132 0.01071061985578457 0
0.001621229937354345 0.009212109340630655 0
0.001621213901755383 0.007713215308491776 0
0.001621243881321908 0.006207172420458277 0
0.001620304486530889 0.004681333700972378 0
0.001616778905801581 0.0031403682340855 0
0.001609418342677825 0.001574423639142038 0
0.003251195250212614 0.01360305916156599 0
0.003245577779589878 0.01210978159085681 0
0.003242506022993535 0.01061572005254082 0
0.003241680864706932 0.009120526352930996 0
0.003242443225406184 0.007622812164476278 0
0.003243637853905963 0.006118927571662793 0
0.003243376490615938 0.004604530731452945 0
0.003238644165265051 0.003079211859741908 0
0.003224643304822533 0.001541972150150412 0
0.004872382753454305 0.01350377162234677 0
0.004864298527277796 0.01201301024558083 0
0.004860415621585097 0.01052303754710891 0
0.00486038784614655 0.009032691558107944 0
0.004863397246591615 0.007540386755835803 0
0.004867980196764209 0.00604399518449697 0
0.004871743598047586 0.004541618953389765 0
0.004870984159818422 0.003032787972430923 0
0.004860614216527975 0.001518032325337272 0
0.006488235488944324 0.01340320841939589 0
0.006477894522154762 0.01191641699673802 0
0.006473839979365088 0.01043199307015488 0
0.006475791253179613 0.00894838545653648 0
0.006482953963609893 0.007464037498727353 0
0.006493847000587557 0.005977470216838041 0
0.006505951867427396 0.004487641303309944 0
0.006514923418744863 0.002994329775915382 0
0.00651252237904844 0.00149808238104502 0
0.008096444530130429 0.0132992778253658 0
0.008083949980921445 0.01181853109288835 0
0.008080333124564179 0.01034156410285502 0
0.008085481919836334 0.008866563853940249 0
0.008098816373436762 0.007391938929669832 0
0.008119236340901559 0.005916433178081578 0
0.008145017417361308 0.004439310080089569 0
0.008173653894311119 0.002960487361547949 0
0.008201843750989599 0.001480457142014483 0
0.009694169595688425 0.01319041719946328 0
0.009679439998462847 0.01171815818999468 0
0.009676719664783178 0.01025082425473866 0
0.009686092326555332 0.008786305019793121 0
0.009707253638853202 0.007322857989619229 0
0.009739622411541445 0.005859233059011817 0
0.009782496361046973 0.00439480415667222 0
0.009835309463099129 0.002929654363989566 0
0.009898193530878502 0.001464484945451727 0
0.011277953297313 0.01307544771959038 0
0.01126069794219548 0.0116145019912198 0
0.01125915128121897 0.01015927207507472 0
0.01127349903414075 0.008707227485081266 0
0.01130358756569373 0.007256344035828218 0
0.01134919518339803 0.005805233805140112 0
0.01141037650259738 0.004353283009853659 0
0.011487846632414 0.002900855973320014 0
0.0115831120372745 0.00144960054751494 0
0.01284362046188156 0.0129535467554605 0
0.01282341098535607 0.01150728857856564 0
0.01282325152103808 0.01006706063967272 0
0.01284319137414748 0.008629740214902235 0
0.01288291577322024 0.007192884223847869 0
0.01294218444370168 0.005754813925909891 0
0.0130214108220778 0.004314693464992935 0
0.01312256343293693 0.002872955132340266 0
0.01325105125032925 0.001435195520967782 0
0.01438611682838725 0.01282431843259945 0
0.0143625906139706 0.01139693368893073 0
0.01436426738071288 0.00997521403240488 0
0.01439065127943871 0.008555258777449852 0
0.01444075340648945 0.007134116713399187 0
0.01451364640279069 0.005709695333713544 0
0.01460904673549549 0.00428024589807257 0
0.01472787740619502 0.002842550318721675 0
0.01487340342182119 0.001421167576574891 0
0.01589923294713705 0.01268797418371405 0
0.01587247104737009 0.01128479595157825 0
0.01587717669904683 0.009885876247972691 0
0.01591170125177501 0.008486387142853309 0
0.01597372689423103 0.007083001930398166 0
0.01606095622721779 0.005673835814702123 0
0.0161717717110625 0.004258389214305981 0
0.0163061193059825 0.00283817240209833 0
0.01646747328991801 0.001419294809397305 0
0.01737515835044025 0.01254568059244726 0
0.01734630967613067 0.01117358823410298 0
0.01735671651448507 0.009802642850763623 0
0.0174026829808631 0.008426956454842264 0
0.0174797376342675 0.007042948072440292 0
0.01758338383821289 0.005649087196328033 0
0.01770947548826399 0.00424562116066566 0
0.0178542111813616 0.002834439398345335 0
0.01801346651093329 0.001418644040176084 0
0.01880382388918478 0.01240019376133019 0
0.01877613333044521 0.01106808612611258 0
0.01879743107219385 0.009731201050905598 0
0.01886067306131626 0.008382634061040799 0
0.01895834740954495 0.007018896989243764 0
0.0190832342036228 0.005639158578387974 0
0.01922842356371748 0.004244542135119229 0
0.01938653135200651 0.002837560174116186 0
0.0195473201396092 0.001421536577406768 0
0.02017201798026417 0.01225697120296237 0
0.02015257281805227 0.01097624583595605 0
0.0201938867411128 0.009680205463621118 0
0.02028370482220108 0.008361539339330044 0
0.02041062956035005 0.007017770613553218 0
0.02056466392089014 0.005649587499057931 0
0.02073695722108337 0.00425962066065327 0
0.02091925682755354 0.002851654943275456 0
0.02110369900572121 0.001430147354772352 0
0.02146237530117068 0.01212613011352254 0
0.02146517272106916 0.01091090804051538 0
0.0215414378876593 0.009662332001801499 0
0.0216713722565797 0.008374685649276735 0
0.02183916109252422 0.007048442196776409 0
0.02203236800731934 0.005687208493734573 0
0.02224092067026073 0.004296009576948602 0
0.02245627396692471 0.00288045458658174 0
0.02267113348248752 0.001446416111833188 0
0.02265279420436373 0.01202606066998365 0
0.02270403099942652 0.01089236673723467 0
0.02283811617694446 0.009695362600318612 0
0.02302623978947367 0.008436010790015455 0
0.02324891587171978 0.007121210803783086 0
0.02349249044544979 0.005759393832662903 0
0.02374671587281251 0.004358856790155633 0
0.02400321734358585 0.002927324306666258 0
0.02425500101468565 0.001472033726885024 0
0.02371871524262112 0.01199084136676907 0
0.02386445720378814 0.01095216438675594 0
0.02408816847195058 0.009802731400765628 0
0.02435592653994423 0.008561401418935672 0
0.02464837970797619 0.007246450993467063 0
0.02495343986549601 0.005872847690459376 0
0.02526241765371227 0.004452468531552799 0
0.02556743731489794 0.002994879016032195 0
0.02585855325267799 0.001508173245088999 0
0.04157763674644159 0.00399579355637387 0
0.04275983814386788 0.003061017524473387 0
0.04236285659269 0.002002985135014654 0
0.0411806551952637 0.002937761166915137 0
0.04197024666956579 0.002999389345694262 0
0.04354114111932755 0.001022555888611897 0
0.0419849436619887 0.000980429246402757 0
0.04276304239065813 0.001001492567507327 0
0.03801301926391834 0.02035295113201014 0
0.0391994093526606 0.01947953065212006 0
0.03851242505476488 0.01828383836928202 0
0.03732603496602262 0.01915725884917209 0
0.03826272215934161 0.01931839475064608 0
0.03970199172663277 0.01744391419301939 0
0.03908008263488753 0.01624108618406447 0
0.03789051596301964 0.0170810103603271 0
0.03879625384482621 0.01726246227667325 0
0.04025861187329946 0.01542312579384825 0
0.0396913007788439 0.01422529452946888 0
0.03851277154043198 0.01504325491968511 0
0.03938569170686572 0.01523319035676668 0
0.04085545222358962 0.01341435366396759 0
0.04033174056294221 0.01222727397385256 0
0.0391675891181965 0.01303821483935386 0
0.04001152067089306 0.01322628425166072 0
0.04148450932587458 0.0114088657881067 0
0.04099613511792276 0.01023429480290451 0
0.03984336635499039 0.01105270298865037 0
0.04066393784043248 0.01123078438837853 0
0.04214346431449927 0.009395297870669905 0
0.04168509387041956 0.008233542030696095 0
0.04053776467384305 0.009072538962930699 0
0.04134061449417116 0.009233918416800302 0
0.0428340154689294 0.007361990808684543 0
0.04240222815235037 0.006213965924102649 0
0.04125330655384054 0.0070855171461142 0
0.04204366101138497 0.007223753977399373 0
0.04355981557854563 0.005298978977208511 0
0.04315134005560786 0.004167947529575263 0
0.0419937526294126 0.005082934476469399 0
0.04277678410397912 0.005190956726838955 0
0.04432380363146769 0.003200818565897115 0
0.04393230171972771 0.002093888560795239 0
0.0435418208876678 0.003130918045185251 0
0.04512355280572034 0.001071332672183341 0
0.04433234696252396 0.001046944280397619 0
0.03987633989542438 0.02064740899625687 0
0.04100364894048344 0.01979320649381239 0
0.04032671839771966 0.01862532814967559 0
0.04010152914657202 0.01963636857296622 0
0.04145942971755137 0.01779198996578217 0
0.04083470304646449 0.01661057600912598 0
0.04058071072209207 0.01761795207940078 0
0.04196423200254347 0.0157909803987209 0
0.04138814082937844 0.01460353018344316 0
0.04111142193792146 0.01560705309628457 0
0.04251109857698795 0.01378720823456155 0
0.04197840997119913 0.01259803171508597 0
0.04168327540028879 0.01360078094926457 0
0.04309575441041906 0.01177310862913895 0
0.04260185376509451 0.01058394270215967 0
0.04229013186814681 0.01159098720862282 0
0.04371756778935008 0.009737795922957676 0
0.04325917833875485 0.008549151091467904 0
0.04293051605192467 0.00956654689681379 0
0.04437947542883218 0.007668169240745567 0
0.04395431255900673 0.006481008957962206 0
0.04360674544888079 0.007515080024715055 0
0.04508769058437286 0.005550172057782988 0
0.04469319360391176 0.004368142077029294 0
0.04432375308145924 0.005424575517495749 0
0.04585200799773682 0.003371945089723213 0
0.04548261802529274 0.002204621578591034 0
0.04508790581460226 0.003286381827810164 0
0.04668974614593634 0.001133288906407692 0
0.04590664947593194 0.001102310789295517 0
0.04167240775489107 0.02094274427102281 0
0.04275216440863253 0.02010902700124791 0
0.0420834055942249 0.01895948922403749 0
0.04187790667455799 0.01995111674753015 0
0.04316784620054583 0.01813985877757602 0
0.0425438703238723 0.0169723595193207 0
0.04231363795904859 0.01796592437167909 0
0.04362778784233509 0.01616159760069162 0
0.04304814952100625 0.01498021848009182 0
0.04279600992243929 0.01597628899970626 0
0.0441289556713997 0.01417039024641877 0
0.04359190472738139 0.0129773800008885 0
0.04332002712419383 0.01397879924049016 0
0.04466984194946365 0.01215856457092987 0
0.04417369163250132 0.01095429319918031 0
0.04388279817994135 0.01196583660003441 0
0.04525157700364983 0.01011460795127628 0
0.04479545316049861 0.008898110675053646 0
0.04448457239649996 0.00992620193711698 0
0.04587862787267636 0.008022718173557059 0
0.04546265014100993 0.006792776739248981 0
0.04512905165075427 0.007845443707151314 0
0.04655946333237677 0.005861594923454664 0
0.0461845037757397 0.004618990241988671 0
0.04582357695837481 0.005705883490618826 0
0.04730679162917041 0.003603500828805058 0
0.04697429585116753 0.0023564556765396 0
0.04657939981345362 0.003487722959264136 0
0.04813191867016419 0.001223166770131908 0
0.04741083240788268 0.0011782278382698 0
0.04341519067615765 0.02124519061750933 0
0.04445365216794168 0.0204336885723923 0
0.04379062590041655 0.01929752495613088 0
0.04360290828828711 0.02027135778682011 0
0.04483200283366432 0.01849682054258237 0
0.04420922313379359 0.01733915436402751 0
0.04399992451710507 0.0183183396600792 0
0.04525011749485138 0.0165451609800508 0
0.04466868220339287 0.01536760421671491 0
0.04443895266859324 0.01635337929037121 0
0.0457070943168121 0.01457419057949202 0
0.04516736778481892 0.01337697660919588 0
0.0449180249941059 0.01437229041295539 0
0.04620308071238601 0.01257615145688547 0
0.04570555487703074 0.01135773941861945 0
0.04543646133092483 0.01236735801390767 0
0.04674027040310926 0.01053935313766054 0
0.04628629252972835 0.009296221670317378 0
0.04599592370337954 0.01032698054446841 0
0.04732399572584666 0.008446500578751721 0
0.04691633106879467 0.007172997081991402 0
0.04660131179926151 0.008234609376154389 0
0.04796474324328747 0.006269988633673548 0
0.04760787550686957 0.00495858647513681 0
0.04726210328783213 0.006065791778564106 0
0.04868377651640386 0.003957296531910449 0
0.0483826926387047 0.002602210885578697 0
0.04799528407278714 0.003780398680357754 0
0.04953323029005385 0.001379044115446789 0
0.04883257448025145 0.001301105442789348 0
0.04511351390254525 0.02155873282867808 0
0.04611454593209366 0.02077130987523496 0
0.04545468419749009 0.01964626561894918 0
0.04528409905001768 0.02060249922381363 0
0.04645639547131841 0.01886857384031038 0
0.04583371410749264 0.01771912876394358 0
0.04564419915249136 0.01868269719144637 0
0.04683358498659401 0.01694803519743718 0
0.04624998837395275 0.01577406741354441 0
0.04604185124072269 0.01674659808874399 0
0.0472462233886113 0.01500505963461307 0
0.04670332933147066 0.01380518280056068 0
0.04647665885271171 0.01478962510705255 0
0.04769511618015903 0.01303249753945944 0
0.04719486756107438 0.01180346619578423 0
0.04694909844627252 0.01280432449817246 0
0.04818242817055453 0.0110201525637287 0
0.04772783101258941 0.009756039505605017 0
0.0474613492868319 0.01077975285069462 0
0.04871234138431358 0.00895394237011574 0
0.04830850609757083 0.007644403443262444 0
0.04801816855508012 0.008700221474433729 0
0.04929173739852263 0.006814562500577367 0
0.04894797454423926 0.005440147690988471 0
0.04862824032090505 0.006542275567125457 0
0.04993034090310373 0.0045766525497164 0
0.04966614287526834 0.003093801390638377 0
0.0493070587097538 0.004266974540813425 0
0.0506357724230635 0.002217617113040584 0
0.0500845013564044 0.001798330614089419 0
0.04677385060915014 0.02188576362938044 0
0.04774018755656241 0.02112412968118968 0
0.04708088287950593 0.02000967592704419 0
0.04692736674432803 0.02094771977821232 0
0.04804544813292166 0.01925812974598699 0
0.04742096072473415 0.01811702765925318 0
0.04725092180212004 0.01906335179314868 0
0.04838160359159493 0.0173733463347745 0
0.04779422785345479 0.0162043538729585 0
0.04760759428909447 0.01716069076610584 0
0.04874909807088007 0.01546551522206363 0
0.04820109360603658 0.0142662209837182 0
0.04799766072974569 0.01523528742833835 0
0.04914873244908428 0.01352862650261052 0
0.04864275502320674 0.01229490305835177 0
0.04842192431462165 0.01328056202103498 0
0.04958198471463625 0.01155481720767909 0
0.04912165786198405 0.01028006671305602 0
0.0488822064425954 0.01128748488570389 0
0.0500512042423305 0.009534553837405171 0
0.04964188776466004 0.008208429494464889 0
0.04938177281332205 0.009244248103760455 0
0.05055952406338574 0.007457666448803779 0
0.05020937369724833 0.006063799454916256 0
0.04992563073095418 0.007136114474690572 0
0.05111007727442494 0.0053171340533372 0
0.05083104448028036 0.003829987148137343 0
0.05052020908876434 0.004946893301526799 0
0.05170385157432004 0.003120949552199934 0
0.05116981199894563 0.002669283332874119 0
0.04840153285700368 0.02222743169516672 0
0.04933538128709058 0.02149294881457103 0
0.04867403598664931 0.02038964680059398 0
0.04853778442182649 0.02130853924788035 0
0.04960360591221089 0.01966646912767342 0
0.04897501805848323 0.01853495207306643 0
0.04882452702256627 0.01946229943683021 0
0.04989828317598397 0.01782170517361017 0
0.04930486870909567 0.01666009943531823 0
0.04913994338378945 0.01759752575419233 0
0.05021983285422976 0.01595502841625644 0
0.04966406221601416 0.01476044420300184 0
0.04948446546255492 0.01571027181916004 0
0.05056873083066182 0.01406167604123994 0
0.05005340106373193 0.01282985834084862 0
0.04985873163987305 0.01379515127192523 0
0.05094557399657573 0.01213593592697196 0
0.05047415764748005 0.01086089479380243 0
0.05026377935560598 0.01184537656732552 0
0.05135096680698648 0.01017178932302209 0
0.05092801340183693 0.00884544836662483 0
0.05070108552465849 0.009853171580213628 0
0.05178507733826487 0.008164415403895373 0
0.05141658799981368 0.006776633486074323 0
0.0511723007008253 0.007811040926349576 0
0.05224659255689029 0.006113267662628685 0
0.05194008183150155 0.004653768229891561 0
0.05167833491565761 0.005715200857982942 0
0.05273057424009465 0.004027162660604773 0
0.05221721290720735 0.003574056106402353 0
0.05000130013683183 0.02258389963047923 0
0.05090462900134568 0.02187747832300681 0
0.05023871015160443 0.0207865275070986 0
0.05012000514421813 0.02168521356878892 0
0.05113531105284733 0.0200930927765255 0
0.05050020681345378 0.01897303439710032 0
0.05036945848252911 0.01987978095209946 0
0.05138809034590033 0.01829197681573631 0
0.05078616670843052 0.01714064759224616 0
0.05064318676094216 0.01805684099467324 0
0.05166321933939323 0.01647121722811203 0
0.05109688548519249 0.01528559805212232 0
0.0509415260968115 0.01621312282218423 0
0.05196078402275745 0.01462711331912082 0
0.05143262936822678 0.01340319130823844 0
0.05126475742670963 0.01434439468018038 0
0.05228061363401836 0.01275546113594672 0
0.0517935582623673 0.01148820575468025 0
0.05161309381529704 0.01244569853145934 0
0.05262201165077478 0.01085225212381584 0
0.05217942019539394 0.009535835692157676 0
0.05198648922888063 0.01051202072341896 0
0.052983225925797 0.008914938181126947 0
0.05258888306866794 0.007543517892864645 0
0.05238415163203094 0.00853967679251116 0
0.05336064137477667 0.006944358532677394 0
0.05301835086299903 0.005514108302441433 0
0.05280361696583348 0.00652881309765304 0
0.05374792985602873 0.004947098874961026 0
0.0532392520481097 0.004487130767830897 0
0.05157753770831523 0.02295456726538472 0
0.05245220637645236 0.02227661814259878 0
0.0517792976694828 0.02119952920022087 0
0.05167841768889901 0.02207704823280279 0
0.05264491895193243 0.02053644683968545 0
0.05200093233529696 0.01943001041599008 0
0.05189011500238989 0.02031476980810547 0
0.05285554781537675 0.01878189208469752 0
0.05224270582598012 0.01764385848444374 0
0.05212181908063854 0.01853693445021691 0
0.05308417013468535 0.01701075036133456 0
0.05250468364809847 0.01583810910500285 0
0.0523736947370393 0.0167409837947233 0
0.0533305722869564 0.01522009887118458 0
0.05278667266161538 0.01400910308530255 0
0.05264567815485692 0.0149236060951527 0
0.05359408486596545 0.01340654317387827 0
0.05308802583836841 0.01215290122452244 0
0.0529373492499919 0.0130810021549125 0
0.05387324023629725 0.01156681985516759 0
0.05340722604870361 0.01026617075446099 0
0.05324762594353601 0.01120953598949171 0
0.05416517333937169 0.009698726664119188 0
0.05374117321646509 0.008347494090785147 0
0.05357419963258435 0.009306832422623068 0
0.05446481716039064 0.007802129411992915 0
0.05408428531870223 0.006398993853885163 0
0.05391272926758366 0.007373243972335155 0
0.05476489572757134 0.00588043524382198 0
0.05425641279180004 0.005413767059391504 0
0.05313436958177727 0.02333825769184061 0
0.05398217368803952 0.02268865116165191 0
0.05330001048271461 0.02162701161241008 0
0.05321719003224594 0.02248263465212535 0
0.05413661056305331 0.02099418435492001 0
0.05348151903227114 0.01990361958219539 0
0.05339076475749287 0.02076531559730273 0
0.0543050118289889 0.01928839432203375 0
0.05367904061209451 0.01816666682453588 0
0.05358027982218282 0.01903514320336563 0
0.05448734109701502 0.01756979326134411 0
0.05389247061960586 0.01641387679814279 0
0.05378575561585018 0.01729027181133933 0
0.05468325012441731 0.01583598863040468 0
0.05412135179176785 0.01464221070344647 0
0.05400691120568685 0.01552804375079463 0
0.05489191330658976 0.01408379283321418 0
0.05436464638078736 0.01284812530364597 0
0.05424299908627761 0.01374516800354622 0
0.0551116910890771 0.01230975745885707 0
0.054620284944587 0.01102845201037869 0
0.05449246566268717 0.01193828865701233 0
0.05533941003500189 0.0105110192081893 0
0.05488429842978658 0.009181293861929795 0
0.05475229168718679 0.01010487293615424 0
0.05556855819984292 0.008684997207353107 0
0.055149076930447 0.007305832757416227 0
0.05501668768011679 0.008243563309673012 0
0.0557836862792836 0.006824902590002189 0
0.05527429100338635 0.006352668916870962 0
0.05467569279663308 0.02373334620532567 0
0.05549837475592076 0.0231113350190572 0
0.05480485564732719 0.02206663997538345 0
0.05474027422198013 0.02289999309035456 0
0.05561433778325234 0.02146324509630893 0
0.05494609269897846 0.02039078947584549 0
0.05487547417315282 0.02122871472561447 0
0.05574054784051051 0.01980770758717336 0
0.05509946697052095 0.01870531243336161 0
0.05502277983474971 0.01954805095460355 0
0.05587693229996853 0.01814403973160346 0
0.0552648064264626 0.01700852055958595 0
0.05518213669849178 0.01785691649647378 0
0.05602317380710808 0.01647026955587585 0
0.0554416175050628 0.01529773762669458 0
0.05535321196576269 0.01615312909314027 0
0.05617862714689917 0.01478288206971669 0
0.05562892294842613 0.01356893727623629 0
0.05553527022674447 0.01443333745146544 0
0.0563422007784195 0.01307739793885721 0
0.05582496891907049 0.01181821812147799 0
0.05572694593374831 0.01269357769885714 0
0.05651221751171583 0.01135059550242782 0
0.05602665862764723 0.01004339658913912 0
0.05592581377335886 0.01093080735530856 0
0.05668631932469554 0.009601937619228021 0
0.05622821889689124 0.008243538237442005 0
0.05612743876226924 0.009143467413290564 0
0.0568616891772631 0.007835792207095269 0
0.05632268772841217 0.00733034739868756 0
0.05620519854958553 0.02413780044402598 0
0.05700445040464738 0.02354187803292131 0
0.05629762661098261 0.02251541260795254 0
0.05625141258028406 0.02332660652598926 0
0.05708181797352483 0.02193975342408515 0
0.05639852914579456 0.02088758591244154 0
0.05634807787838859 0.02170149926019704 0
0.0571659094498323 0.02033515119874731 0
0.05650792814454825 0.01925527287347913 0
0.0564532286451714 0.02007142939296034 0
0.05725666645524051 0.01872838852202051 0
0.05662567061066079 0.01761715538014483 0
0.05656679937760452 0.01843621412681198 0
0.05735388565714736 0.01711816779177859 0
0.05675138885359465 0.01597128196750961 0
0.05668852973212772 0.01679421867382722 0
0.05745722069547932 0.01550006795091953 0
0.05688445898878383 0.01431166805312661 0
0.05681792392118924 0.01514147501031811 0
0.05756626736598592 0.01386635672442727 0
0.0570240091556216 0.01263208661015787 0
0.05695423407220271 0.01347187733164224 0
0.05768093990874634 0.01221202724343674 0
0.05716914826484057 0.01093053613570669 0
0.05709657871023109 0.01178131137293228 0
0.05780281240996027 0.01053636556003589 0
0.05731998346981525 0.009207767043557222 0
0.0572445658673279 0.01006915158963195 0
0.05793978900715062 0.008853469551060419 0
0.05740073909216266 0.008344630879033647 0
0.05772640082531521 0.0245490554401149 0
0.05850387352189101 0.02397680150715278 0
0.05778192310122318 0.02296962409995919 0
0.05775416196326919 0.02375933977003705 0
0.05854257425636732 0.02241873936836306 0
0.05784246912866896 0.02138886869248901 0
0.05781219611494608 0.0221792463962241 0
0.05858460553005337 0.02086475526171024 0
0.05790804585121671 0.01981103776796854 0
0.05787525748994284 0.02059995323022877 0
0.05862993841401386 0.01931619536595267 0
0.05797855901803765 0.01823354612000464 0
0.05794330243462718 0.01902229194398659 0
0.05867848167076151 0.01777394513829847 0
0.05805380830987122 0.01665856681007241 0
0.05801618366395445 0.01744605646503853 0
0.05873010261188483 0.01623286521775557 0
0.05813351499749293 0.01507436635860269 0
0.05809366165368207 0.01586646658433755 0
0.05878470808129853 0.01467593376449559 0
0.05821746044979152 0.01346792413032017 0
0.05817548772364223 0.01427114524446143 0
0.05884246234732338 0.01309479118685597 0
0.0583059418062782 0.01183889429997253 0
0.05826170112803486 0.01265340921514635 0
0.0589042013992486 0.01147802782641838 0
0.05840107200293068 0.01017549908648173 0
0.05835350690460443 0.01100719669322713 0
0.05897153083971074 0.009832277379351988 0
0.05845565992348452 0.009342873465260042 0
0.05924267768196509 0.02496347088658804 0
0.05926119583992594 0.02342515965928034 0
0.05925193676094552 0.02419431527259901 0
0.05928137841644139 0.02188722698958677 0
0.05927128712818366 0.02265619332455377 0
0.05930322711361199 0.02036646338590136 0
0.05929230276502669 0.02112684518797705 0
0.05932671130040186 0.01884742452183279 0
0.05931496920700693 0.01960694395364142 0
0.05935177037035966 0.01735507279417272 0
0.05933924083538077 0.01810124865788819 0
0.05937833224152518 0.01585930644089156 0
0.05936505130594241 0.01660718961753214 0
0.05940637583977335 0.01432634925254759 0
0.05939235404064927 0.01509282784679512 0
0.05943608650755003 0.01278161784738155 0
0.05942123117366169 0.01355398354959063 0
0.05946811489169858 0.01114508715846648 0
0.0594521006996243 0.01196335250322192 0
0.05948576541979694 0.01032425155344143 0
0.03016511776112351 0.02049406929540923 0
0.03132695162830065 0.02192511288671294 0
0.03265866325967688 0.02074044577194195 0
0.03149682939249975 0.01930940218063824 0
0.03141189051040021 0.02061725753367559 0
0.03355377644866373 0.02202307476625895 0
0.03483906289325128 0.0209996176930034 0
0.03394394970426444 0.01971698869868641 0
0.03374886307646408 0.02087003173247267 0
0.03563733869319453 0.02221094599600109 0
0.03685432269592108 0.02126054676251656 0
0.03605604689597783 0.02004921845951887 0
0.03584669279458619 0.02113008222775998 0
0.0376072652095063 0.0224313387029828 0
0.03876596177750357 0.02152374307247638 0
0.03781014223671232 0.02139214491749647 0
0.03949321416516846 0.02266861243231892 0
0.04060359228308927 0.02179227835609941 0
0.03968477703029642 0.02165801071428789 0
0.04131469485375736 0.02291888824628754 0
0.04238351032555915 0.02206935416121093 0
0.04149355130432421 0.02193081625865517 0
0.04308421514677774 0.02318176041420557 0
0.04411589549737624 0.02235759687050397 0
0.04324970291146769 0.02221347551585745 0
0.04481033012738309 0.02345771144887335 0
0.04580794853255209 0.02265884740704746 0
0.04496192201496416 0.02250822213877571 0
0.04649947279754572 0.02374721406663276 0
0.04746537487414377 0.02297413028896574 0
0.04663666170334793 0.0228164888480066 0
0.04815694469538345 0.02405041672021324 0
0.04909310267824336 0.02330371812641422 0
0.04827923877619357 0.02313892420768998 0
0.04978741983040399 0.02436707205426691 0
0.05069561728899245 0.02364725355833193 0
0.04989435998361791 0.02347548584237308 0
0.05139518344516905 0.02469658253899815 0
0.05227710386449183 0.02400389624605094 0
0.05148636057674214 0.02382557490219143 0
0.05298423733944616 0.02503810568424197 0
0.05384150305673159 0.02437246713003164 0
0.05305930346061172 0.02418818168804129 0
0.05455834740784235 0.02539068671005265 0
0.05539253714774384 0.02475156578534668 0
0.05461702010223771 0.02456201645768916 0
0.05612107396541122 0.02575338752271082 0
0.05693373536725289 0.02513962218139011 0
0.05616313625749837 0.0249455939833684 0
0.05767580396848705 0.02612532632988638 0
0.05846846942654936 0.02553475958861116 0
0.05770110239690113 0.02533719088500064 0
0.05922579174458428 0.02650525387699823 0
0.05923423471327469 0.02573436238201682 0
0.03016440423752579 0.02308367978966457 0
0.03121472106186618 0.02423136253701546 0
0.03237726845264105 0.02307279563406384 0
0.03127083634508342 0.0230782377118642 0
0.0333068657688953 0.02423925148363534 0
0.03448337376491797 0.02318953061583045 0
0.03343032110877951 0.02313116312494715 0
0.03533226621863028 0.02434015205524375 0
0.03648623114690683 0.02336156743541439 0
0.03548480245591241 0.02327554902562242 0
0.03728548871574387 0.02449284525160106 0
0.03840652277834335 0.02356261651916947 0
0.03744637696262509 0.02346209197729193 0
0.0391745567019858 0.0246768137837485 0
0.04026124808881092 0.02378280969689795 0
0.03933388543357713 0.02367271310803371 0
0.04100894234819216 0.02488243586760285 0
0.0420623891131386 0.02401851441699244 0
0.04116181860097476 0.02390066205694519 0
0.04279664492981289 0.02510525134415207 0
0.04381847096345203 0.0242684973413652 0
0.04294043003829531 0.02414350587917882 0
0.04454411866266365 0.02534313848597702 0
0.0455359778265947 0.02453235259348517 0
0.04467722439502336 0.02440042496742519 0
0.04625676575826619 0.02559496446806401 0
0.04722026072921721 0.0248098259412116 0
0.04637811927790596 0.02467108926734839 0
0.04793935329658043 0.02585994906478656 0
0.04887603726274667 0.0251005398437882 0
0.04804814899598193 0.0249551828924999 0
0.04959625104423162 0.02613738932737703 0
0.05050763361188894 0.02540392153785575 0
0.04969183543731781 0.02525223069082198 0
0.05123153890251084 0.02642658515209902 0
0.05211908873579095 0.02571924615324142 0
0.05131336117383994 0.02556158384554858 0
0.05284904892299594 0.02672689579607648 0
0.05371419752665114 0.02604575532707704 0
0.05291664313122105 0.02588250074015923 0
0.05445238552987894 0.02703790742793216 0
0.05529653541107014 0.02638283881090778 0
0.05450536646886064 0.02621429706899241 0
0.05604494593572994 0.02735973660687826 0
0.05686948449007101 0.0267302853186813 0
0.05608300995057058 0.02655656206479454 0
0.0576299493386375 0.02769360847972159 0
0.05843626881705354 0.02708864949092667 0
0.05765287665356227 0.02690946740480398 0
0.05921047707246926 0.02804345129910333 0
0.05921813440852677 0.02727435258793903 0
0.03013338130943291 0.02533355158041135 0
0.03112129279601028 0.02637971540221428 0
0.03220263254844356 0.0252775263588184 0
0.03116800692893824 0.02530553896961487 0
0.033126699346421 0.02636241657602322 0
0.03423093256687273 0.02532414170084017 0
0.03321678255765816 0.02530083402982928 0
0.03509937169668742 0.0264175654897375 0
0.03620070534844496 0.02543357584414108 0
0.03521581895765885 0.02537885877249062 0
0.03702786673285315 0.0265230764644292 0
0.03811265010015206 0.02558234587188918 0
0.03715667772429851 0.02550796085801513 0
0.03891058157883871 0.02666336158347116 0
0.03997248818067245 0.02575782949533047 0
0.03904256914041225 0.02567008768360982 0
0.04074987290721261 0.0268287900962233 0
0.04178632707473232 0.02595339646849567 0
0.04087940762770239 0.02585561298191307 0
0.04254930356161801 0.02701367060882284 0
0.04355962141669859 0.02616552548447924 0
0.04267297424571545 0.02605946097648746 0
0.04431273383519243 0.02721462668281865 0
0.04529723108115749 0.02639223968431642 0
0.04442842624892804 0.02627888258439783 0
0.04604411827627498 0.02742955625485971 0
0.04700365295338368 0.0266322810386073 0
0.04615044201727058 0.02651226036146186 0
0.04774745168844047 0.02765702574349196 0
0.04868315203163721 0.02688469376967122 0
0.04784340249251046 0.02675848740413926 0
0.04942669214743124 0.02789595103835565 0
0.05033979116002564 0.02714864659606146 0
0.04951147159583143 0.02701667018286634 0
0.0510856721976467 0.02814547294594439 0
0.0519774199401319 0.02742341150198194 0
0.05115860555007877 0.0272860290490217 0
0.05272803392014781 0.02840498492003276 0
0.05359966290301186 0.02770846921412729 0
0.05278854142157187 0.02756594035805462 0
0.05435719985294751 0.02867431059872125 0
0.05520992247981459 0.02800374881252612 0
0.05440479269141323 0.0278561090133267 0
0.05597637490899209 0.02895404299714846 0
0.05681139836490744 0.0283100307915006 0
0.05601066042236101 0.02815688980201336 0
0.05758857037786372 0.02924591968301835 0
0.05840712135159377 0.02862949737123934 0
0.05760925985825061 0.02846976408136997 0
0.05919664427912451 0.02955206758452015 0
0.05920356067579689 0.02879775944159031 0
0.03008498932249136 0.02743526137130908 0
0.0310326443913086 0.02843516248905305 0
0.03206894786482753 0.02737961651995825 0
0.03107696859365944 0.02740743894563366 0
0.03297926712409099 0.02841313392850577 0
0.03403701860568446 0.02739593398457074 0
0.033052983235256 0.02738777525226449 0
0.03491065448884527 0.02844461686325385 0
0.03597300757984823 0.02746624836842061 0
0.03500501309276634 0.02743109117649568 0
0.03681602494014256 0.02851853353290709 0
0.03787088409314748 0.02757536162891568 0
0.03692194583649785 0.02752080499866815 0
0.03869002997330329 0.02862476598948363 0
0.03972972745899451 0.0277127659440391 0
0.03880030577607101 0.02764406378647739 0
0.04053066414020155 0.02875569232499633 0
0.04155080958841965 0.02787171647718054 0
0.04064026852370708 0.02779224121060982 0
0.04233796257425412 0.02890601431209736 0
0.04333645654745249 0.02804796844373967 0
0.04244363306793607 0.0279598424604601 0
0.04411339484021307 0.02907214138161501 0
0.04508967212795301 0.02823879962069399 0
0.04421306433770274 0.02814338403221683 0
0.04585952182320086 0.02925160812506426 0
0.04681396797152283 0.02844236475922998 0
0.04595182004973791 0.02834058218996199 0
0.04757964303347526 0.02944264661596594 0
0.04851312675039289 0.02865730760022792 0
0.04766354736095786 0.02854983617972895 0
0.04927739365940616 0.02964391613660921 0
0.05019095905644451 0.02888255957473693 0
0.0493520429034187 0.02876993358748242 0
0.05095642382049692 0.02985437067329014 0
0.05185113696169912 0.02911728404449759 0
0.05102104800907181 0.02899992180961726 0
0.05262021470700112 0.03007326033938891 0
0.05349711166544981 0.02936096121492408 0
0.05267412431357447 0.02923912262971084 0
0.05427200505277121 0.03030030704977162 0
0.0551320932402689 0.02961365643356879 0
0.05431460245285936 0.02948730882424643 0
0.05591478346942722 0.03053620509997597 0
0.05675906513815041 0.02987659166355564 0
0.05594557918920966 0.02974512404856221 0
0.05755131298470077 0.03078395967068322 0
0.05838081822441409 0.03015328769014594 0
0.05756994168128225 0.03001493967685079 0
0.05918417394528958 0.03105308276834659 0
0.05919040911220705 0.03030257517645146 0
0.03002353132895197 0.02945590510200734 0
0.03094203792033409 0.03043048697808906 0
0.03195115098269073 0.02940974436513476 0
0.03098734115582134 0.02943282473357105 0
0.03284707026978909 0.03041033978569295 0
0.03387518641118935 0.02941372934906395 0
0.03291316869694004 0.02941173685709936 0
0.03474795419446008 0.03042923450186503 0
0.03578342227211601 0.02946012201605493 0
0.03482930434165268 0.02943692568255944 0
0.03663554856556858 0.0304816748144617 0
0.03766815123359515 0.02954008633131387 0
0.03672578675285557 0.0295001041736844 0
0.0385028492340303 0.03056147651655991 0
0.03952472797373843 0.02964615617472967 0
0.03859643960366679 0.02959312125302177 0
0.04034479110603618 0.03066319890218105 0
0.04135072727249929 0.02977273505244771 0
0.04043772762311886 0.02970944561358869 0
0.04215848775498388 0.03078255293295526 0
0.0431457230567387 0.02991583219260491 0
0.042248225164619 0.02984428362252631 0
0.04394336112820487 0.03091631640647978 0
0.04491103291167924 0.03007262559548989 0
0.04402837798420896 0.0299942288940474 0
0.04570093114284014 0.03106208824781637 0
0.04664942005436176 0.03024107077739074 0
0.04578022648302051 0.03015684818644031 0
0.04743420496285353 0.03121803645869836 0
0.04836442794196702 0.03041961229727356 0
0.04750692399816439 0.03033034153733215 0
0.04914681563622124 0.03138269621882511 0
0.05005978135366038 0.03060700005816077 0
0.0492121046478137 0.03051330617771716 0
0.05084241471793373 0.03155483327121804 0
0.05173905718477027 0.03080220388634741 0
0.05089941926921532 0.03070460197225409 0
0.05252439603458851 0.03173337871446114 0
0.05340555355681936 0.03100443516750263 0
0.05257230537079483 0.03090331952692502 0
0.05419582218170896 0.03191745216100032 0
0.05506227367766082 0.03121332404326931 0
0.05423391361724009 0.03110887960538597 0
0.05585944093124477 0.03210651068230057 0
0.05671195072301118 0.03142939173900722 0
0.055887112200336 0.03132135789113827 0
0.05751772414622256 0.03230063113139198 0
0.05835708640791216 0.03165519906306798 0
0.05753451856546166 0.0315422954010376 0
0.05917291246262259 0.0325004676673757 0
0.05917854320395608 0.03177677521707395 0
0.02994963895172638 0.03142554094019274 0
0.03084453935718635 0.03238478045161319 0
0.03183693832579407 0.03138972648950951 0
0.03089328863876022 0.03140763371485113 0
0.03271902184027117 0.03236850373431192 0
0.03372915378426618 0.03138911703049536 0
0.03278304605503012 0.03138942176000244 0
0.03459854345363739 0.03238030654405161 0
0.03561734386383129 0.03142042401542127 0
0.03467324882404874 0.03140477052295832 0
0.03647536589364139 0.03241745470651476 0
0.03749357059537868 0.03147870550555519 0
0.03655545722960499 0.03144956476048823 0
0.03834102729121318 0.03247626636011329 0
0.03935030592986479 0.03155903737111801 0
0.03842193826262175 0.0315188714383366 0
0.040187163294929 0.0325530738342127 0
0.04118164847110039 0.03165723536527573 0
0.04026597720048259 0.03160813636819687 0
0.04200783621144031 0.03264468211106285 0
0.0429846754953238 0.03176999967874237 0
0.0420831619832121 0.03171361752200905 0
0.04380063077478241 0.03274848306353248 0
0.04475931640766349 0.03189479979126988 0
0.04387199595149364 0.03183239973500614 0
0.04556663665710132 0.03286239200102307 0
0.04650825139227796 0.03202968045756957 0
0.04563378389997073 0.03196224012441972 0
0.0473094300388775 0.03298471475218602 0
0.04823538360945307 0.03217307075331481 0
0.04737181750086552 0.03210137560544219 0
0.04903324920469156 0.03311399900877486 0
0.04994468123145972 0.03232362447428516 0
0.0490900324204564 0.03224834761379999 0
0.05074202338042823 0.03324888747829577 0
0.05163975686690223 0.03248009627522866 0
0.05079221904918098 0.03240186037475691 0
0.05243913253171022 0.03338796908623724 0
0.05332377169939649 0.03264125152546971 0
0.05248176428314937 0.0325606739003492 0
0.05412744670823138 0.033529612197468 0
0.05499949719054385 0.03280581283299861 0
0.05416163444497017 0.03272353217923416 0
0.05580943392762037 0.03367175433683403 0
0.05666937766832131 0.03297245218613599 0
0.05583443742943257 0.0328891325095673 0
0.05748723020632213 0.03381158650520844 0
0.05833557668422339 0.03313976545046442 0
0.05750247717627235 0.03305610881830021 0
0.05916266422160081 0.03394478542755736 0
0.0591677883421117 0.03322262654753434 0
0.02986164766651503 0.03336086867974501 0
0.03073491789382166 0.03431059185034698 0
0.03171780958449298 0.03333450362221517 0
0.03078972862550401 0.03334768615098009 0
0.03258593428047185 0.03429858815588997 0
0.03358714653625003 0.03333258826798674 0
0.03265247806037151 0.03333354594510095 0
0.03445183188617695 0.03430603323351474 0
0.03546322880356431 0.03335375150957962 0
0.03452518766990717 0.03334316988878318 0
0.03632634426414643 0.03433157110743247 0
0.03733848135422352 0.03339527430436762 0
0.03640085507889392 0.03337451290697362 0
0.03819873074225201 0.03437306038316579 0
0.03920127667924167 0.03345405243891147 0
0.03826987901673259 0.03342466337163955 0
0.04005499857102635 0.03442814796349359 0
0.04104088518671367 0.03352716935879482 0
0.04012108093297767 0.03349061089885314 0
0.04188506302106597 0.03449461861355096 0
0.0428520140457926 0.033612131365819 0
0.04194644961625314 0.0335696503623069 0
0.04368468910238316 0.03457054173556421 0
0.04463330583137297 0.03370689343327769 0
0.04374265993858278 0.03365951239954835 0
0.04545555467190521 0.03465428194055745 0
0.04638888549763356 0.03380978050830283 0
0.04551109566450327 0.03375833697079025 0
0.04720362933086367 0.03474443154024782 0
0.04812417387210761 0.033919365784131 0
0.04725652968487059 0.03386457314621692 0
0.04893472776323929 0.03483969758579253 0
0.04984380309582323 0.03403433081043639 0
0.04898398848396543 0.0339768482972837 0
0.05065329706737739 0.03493874854695295 0
0.05155151735198239 0.03415330521481234 0
0.05069766022390281 0.03409381801262436 0
0.05236266400359273 0.03503999795472405 0
0.05325027918332055 0.03427466182614895 0
0.05240089826765147 0.03421398352048064 0
0.05406539819188596 0.03514127320580039 0
0.05494256571679679 0.03439622357711944 0
0.05409642245005867 0.03433544270163419 0
0.05576361786468323 0.03523930796235911 0
0.05663048607550682 0.0345148387220737 0
0.0557865258961518 0.03445553114959657 0
0.05745909852984478 0.03532917512505038 0
0.05831584266066009 0.0346259229081851 0
0.05747316436808346 0.03457038081512941 0
0.05915317843905929 0.0354051590493137 0
0.05915792133033006 0.03467497223868604 0
0.02975595045643145 0.03527281650956331 0
0.03060653837202263 0.03621705571083576 0
0.03158550580941283 0.03525483105161944 0
0.03067072813292214 0.03526382378059138 0
0.03243796550161763 0.03620922380538626 0
0.03343839397267664 0.0352529809096568 0
0.03251194989104474 0.03525390598063811 0
0.03429650554645212 0.03621366712668493 0
0.03530994345995242 0.03526671945054287 0
0.03437416871631453 0.03525985018009983 0
0.03617944853451539 0.0362297361065346 0
0.0371958493387094 0.03529458776342419 0
0.03625289639933092 0.03528065360698354 0
0.03807255284262206 0.03625625610162381 0
0.03907543424616466 0.03533472872136541 0
0.03813564179243703 0.0353146582423948 0
0.03994903722585838 0.03629183902304488 0
0.04092860155072005 0.03538525826517307 0
0.04000201789844236 0.03535999349326924 0
0.04179272819941406 0.0363351026440832 0
0.04274918966975998 0.0354444629924611 0
0.04183889561024002 0.03541486062881708 0
0.04359750794177904 0.03638478332461596 0
0.04453300737440222 0.03551086206771908 0
0.0436410985220811 0.03547766253009009 0
0.04536726359727272 0.03643976248539471 0
0.04628981089477571 0.03558318235823307 0
0.04541140913458896 0.03554702221297608 0
0.04711480484943269 0.03649903188245528 0
0.04802862328552064 0.03566028106447001 0
0.04715921709014817 0.03562173171135155 0
0.04884873545002454 0.03656161124719452 0
0.04975483992774318 0.03574102776851704 0
0.04889173160663192 0.03570065441649352 0
0.0505737731222493 0.03662641116899944 0
0.0514722302618835 0.03582413194743536 0
0.05061353509481335 0.0357825798579762 0
0.05229282822339734 0.03669200097990561 0
0.05318326196510657 0.0359078669871943 0
0.05232774611349504 0.03586599946731483 0
0.05400786419103652 0.0367561747086504 0
0.0548900004178159 0.03598958092725649 0
0.05403663119146124 0.0359487239572254 0
0.05572054080938178 0.03681502918175165 0
0.05659415825624911 0.03606475621685427 0
0.05574207933703251 0.03602716857205538 0
0.05743236760931444 0.03686064698332024 0
0.05829730788291011 0.03612506589151634 0
0.05744573306957961 0.03609491105418532 0
0.05914412944385082 0.03687385998466715 0
0.05914865394145506 0.03613950951707599 0
0.02962736295176813 0.0371694702916404 0
0.03045069380379577 0.03811143774584713 0
0.03142986922405026 0.03715902316504249 0
0.0305286160879092 0.03716424672834144 0
0.03226288380752391 0.03810758422813437 0
0.03327098008509128 0.03715778486847814 0
0.03235042465457077 0.03715840401676032 0
0.03411677626349852 0.03810967536130412 0
0.03514230172485935 0.0371655576195109 0
0.03420664090497533 0.03716167124399453 0
0.03602239148484097 0.03811745009039717 0
0.03705953829449701 0.03718162857742087 0
0.03610092000967818 0.03717359309846589 0
0.03796299486786248 0.03813038889374998 0
0.03897600941598753 0.03720501641795293 0
0.03801777385524227 0.03719332249768689 0
0.03987586929037107 0.03814784938297895 0
0.04084889710024192 0.03723467198807091 0
0.03991245325811472 0.03721984420301191 0
0.04173930460895288 0.03816916961512098 0
0.04268313570812501 0.03726960027113325 0
0.04176601640418347 0.03725213612960208 0
0.04354535086804619 0.03819372643342177 0
0.04445972310170021 0.03730890948690448 0
0.04357142940491261 0.03728925487901887 0
0.04530118692597393 0.03822095279395013 0
0.04620872742154644 0.03735180579244037 0
0.04533422526162333 0.03733035763967242 0
0.04703959101956984 0.03825032225698406 0
0.04794566844745608 0.03739754834699896 0
0.04707719793450126 0.03737467706971967 0
0.04877163606517689 0.03828130435153082 0
0.04967470306774534 0.03744536725172637 0
0.04881018575760071 0.03742145779936266 0
0.05050023174819793 0.0383132839019447 0
0.05139930180270188 0.03749432781921778 0
0.05053700243522362 0.03746984753547208 0
0.05222701157671085 0.03834542008724856 0
0.05312053799740632 0.03754309324793639 0
0.05225991990005409 0.03751871053357709 0
0.05395268953948095 0.03837639546714396 0
0.05484001573311115 0.03758947692785795 0
0.05398027686525873 0.03756628508789718 0
0.05567831357249297 0.03840398707267684 0
0.05655883864876361 0.03762953932657054 0
0.05569942719093738 0.03760950812721425 0
0.05740570165418038 0.03842452364181177 0
0.05827923061473121 0.03765563129856148 0
0.05741903463174741 0.03764258531256601 0
0.05913510117088039 0.03843346051125002 0
0.05913961530736561 0.0376536602486473 0
0.0294717228360381 0.03905743129741512 0
0.03123562804992882 0.039054006448432 0
0.03035367544379798 0.03905571887292356 0
0.03307335541877886 0.03905357777970238 0
0.03215449173438135 0.03905379211406719 0
0.0349287450598967 0.03905609758160174 0
0.03400105023921354 0.03905483768065206 0
0.03692399269843176 0.03906135250879543 0
0.03592636887897405 0.03905872504519859 0
0.03892016802304654 0.03906903638495455 0
0.03792208036072142 0.03906519444687499 0
0.04080784172613511 0.0390788129980244 0
0.03986400487460674 0.03907392469148948 0
0.04267473296079794 0.03909035661709657 0
0.04174128734326252 0.03908458480756049 0
0.04441402190272719 0.0391033698163252 0
0.04354437743141368 0.03909686321671088 0
0.04613970724225373 0.03911758297762494 0
0.04527686457249046 0.03911047639697507 0
0.04787062001501192 0.03913273927935912 0
0.04700516362896677 0.03912516112849203 0
0.04959900209308022 0.0391485650721717 0
0.04873481105458677 0.0391406521757654 0
0.05132973588377238 0.039164718829773 0
0.05046436898867646 0.03915664195097235 0
0.05305957248870569 0.03918070125747556 0
0.05219465418599739 0.03917271004362428 0
0.05479068586845875 0.0391956942096684 0
0.05392512917846795 0.03918819773357198 0
0.05652194999096297 0.03920829286300845 0
0.05565631792955833 0.03920199353633842 0
0.05826077592725112 0.03921623077880332 0
0.05739136295893688 0.03921226182090588 0
0.05913038796329636 0.03921673025537711 0
0.02886536879369701 0.01962882839237696 0
0.02774273064274647 0.02127137115990684 0
0.02904247961017297 0.02213661206293911 0
0.02895392420193499 0.02088272022765804 0
0.02798184942690569 0.02343430264877384 0
0.02910377405425851 0.02438137037549929 0
0.02907312683221574 0.0232589912192192 0
0.02808149912927095 0.02553773880185334 0
0.02911110638444536 0.0264899200067654 0
0.02910744021935193 0.02543564519113235 0
0.02811409678675306 0.02757197228285939 0
0.02908797972479906 0.02851731364740307 0
0.02909954305462221 0.02750361682708424 0
0.02810834605889941 0.02955307373139279 0
0.02904389766305232 0.03049166518599707 0
0.02906593869392569 0.02950448941670007 0
0.02807643848564446 0.03149566348950913 0
0.02898217977431853 0.03242953924370481 0
0.02901303871868542 0.03146060221485094 0
0.02802319167340931 0.03341061364700883 0
0.02890265956560582 0.03434194308304903 0
0.02894241966996217 0.03338574116337692 0
0.02794928539802982 0.03530609601524842 0
0.02880257628885546 0.0362369694417627 0
0.02885261792723064 0.03528945626240586 0
0.02785190929055271 0.03718861019454067 0
0.02867669595346539 0.03812111104441837 0
0.02873963612116042 0.03717904024309054 0
0.02772196959806421 0.03906367974700324 0
0.02859684621695825 0.03906055552220918 0
0.02653353307187358 0.02055677243509318 0
0.02566462639356282 0.02189653787235359 0
0.02687382396443572 0.02261113659716724 0
0.02670367851815465 0.02158395451613021 0
0.02593876369807954 0.0238444208436706 0
0.02704678916054951 0.0246675868952772 0
0.02696030656249261 0.02363936174622222 0
0.02609666899399216 0.02581112869536881 0
0.0271313789627136 0.02668128060194496 0
0.02708908406163155 0.02567443374861108 0
0.0261815526363505 0.02776181522688234 0
0.02716427046038996 0.02865250690779677 0
0.02714782471155178 0.02766689375487087 0
0.02621931763424815 0.02968875405119531 0
0.0271633932327576 0.03058932087479132 0
0.02716383184657378 0.02962091389129405 0
0.02622457725854277 0.03159342563944216 0
0.02713762251142963 0.03249976825415997 0
0.02715050787209362 0.03154454456447565 0
0.02620539514344794 0.03347982640353273 0
0.02709096430542762 0.03439067179638158 0
0.02711429340842863 0.03344522002527078 0
0.02616609017172582 0.03535234370988084 0
0.02702441126432801 0.03626776792874768 0
0.02705768778487782 0.03532921986256463 0
0.02610901921434873 0.03721519472427069 0
0.02693651724057344 0.03813603699006368 0
0.02698046425245073 0.03720190245940568 0
0.02603656225161606 0.03907235724306044 0
0.02687926592502932 0.03906801849503184 0
0.02454920078261466 0.02122277085363856 0
0.02375706840419864 0.02240980797664447 0
0.02487249401514681 0.02308357499535949 0
0.02471084739888073 0.02215317292449903 0
0.02401190997785748 0.02423571415818619 0
0.02507817966079021 0.0249965600064973 0
0.02497533683796851 0.0240400675009284 0
0.02418486051226764 0.02610053990906896 0
0.02520334984546959 0.02691510859794047 0
0.02514076475312989 0.02595583430221889 0
0.02429612713040866 0.02797540587810588 0
0.02527432992128958 0.02882211250704776 0
0.02523883988337958 0.02786861055249411 0
0.02436279458319993 0.02984670160706395 0
0.0253077822961585 0.0307133431512115 0
0.02529105610872404 0.02976772782912963 0
0.02439715777083051 0.03170945861353149 0
0.02531395273321478 0.03258954110176214 0
0.02531086751468664 0.03165144212648682 0
0.02440772147011386 0.03356292261779906 0
0.02529916388034703 0.03445320791956964 0
0.02530655830678091 0.03352137451066589 0
0.02440066093107677 0.03540825769647157 0
0.02526758722245555 0.03630739348678277 0
0.02528337555140129 0.0353803007031762 0
0.02438151514350035 0.0372474677496008 0
0.02522294713539354 0.03815526898708872 0
0.02524526717892454 0.03723133123693574 0
0.02435809637100968 0.03908291174402827 0
0.02519732931126047 0.03907763449354436 0
0.0227119866661136 0.02174347110753502 0
0.02194368991466162 0.02283749565502541 0
0.02298877165274666 0.02350383252413486 0
0.02285037915943013 0.02262365181583494 0
0.0221669472968841 0.02458808790336072 0
0.02319008562199493 0.02531996953741206 0
0.02308942863737079 0.02441190103077346 0
0.02233473594681223 0.02637991090461494 0
0.02332951083708495 0.02716048127627184 0
0.02325979822953993 0.02624022540684195 0
0.02245530078981657 0.02819256676940828 0
0.02342191708314029 0.02900749137124232 0
0.02337571396011262 0.02808398632375708 0
0.02253857579731239 0.03001318788542314 0
0.02347945329737203 0.03085239812124477 0
0.02345068519025616 0.02992994474624355 0
0.02259353777146548 0.03183478458982077 0
0.02351124224492396 0.03269184508210748 0
0.023495347771148 0.03177212160167613 0
0.02262767203510026 0.0336541477576605 0
0.02352415126029017 0.03452522529335207 0
0.02351769675260706 0.03360853518772978 0
0.02264731693896704 0.03547029670860556 0
0.02352382660975363 0.03635332911172505 0
0.0235239889350219 0.03543927720253856 0
0.02265828405756623 0.03728350683363264 0
0.02351597259131295 0.0381776454715084 0
0.02351989960053329 0.03726548729161672 0
0.02266618059408151 0.03909473372748012 0
0.02351213848254322 0.0390888227357542 0
0.02094907743181782 0.02216727808943057 0
0.0201859078248875 0.023198096890638 0
0.02118052030773131 0.02386831445623284 0
0.02106479886977456 0.02301779627283171 0
0.02037745334820509 0.02489923089561633 0
0.02136388033735788 0.0256190043427442 0
0.02127220032254459 0.02474365939948852 0
0.02053183518828063 0.02663844903662179 0
0.02150269079773498 0.02739935559849252 0
0.02143328556754643 0.02650917997061836 0
0.020651764284733 0.02840176240948915 0
0.0216043742768146 0.02919497358040491 0
0.02155353253727479 0.02829716458944872 0
0.0207426700447676 0.03017869857539955 0
0.02167687156526539 0.03099691288041778 0
0.02164062292103999 0.03009594323041135 0
0.02081074548261876 0.03196234410266798 0
0.02172741168881885 0.03280021581207097 0
0.02170214162704212 0.03189856434624438 0
0.02086211195985466 0.0337485871144166 0
0.02176237230613607 0.03460251906000612 0
0.02174489199747746 0.03370136743603855 0
0.02090265073212487 0.03553527454665751 0
0.02178759536495584 0.03640305219525694 0
0.02177498383554595 0.03550278562763154 0
0.02093812355371604 0.03732152914884412 0
0.02180881224632644 0.03820198378721982 0
0.02179820380564114 0.03730251799123838 0
0.02097442490513062 0.0391072500597397 0
0.02182030274967539 0.03910099189360991 0
0.01922768192341966 0.02252015625009478 0
0.01846212590753502 0.02350520222807851 0
0.01942035180900286 0.02418314286862173 0
0.01932401686621126 0.02335164955935825 0
0.01862512308276809 0.0251722897518448 0
0.01958222462197032 0.02588837777883939 0
0.01950128821548659 0.02503576032373056 0
0.01876338717337217 0.02687289193676673 0
0.01971299773968248 0.02762296319454913 0
0.0196476111808264 0.02675567048669426 0
0.01887725111606722 0.028597335256527 0
0.01981601766111775 0.02937613447146702 0
0.01976450770040011 0.02849954883300807 0
0.01896959461440624 0.03033749990401795 0
0.01989624699805609 0.03114006400795048 0
0.01985613232958692 0.03025809923970875 0
0.01904466215438733 0.03208730613103501 0
0.01995916063895 0.0329095862257525 0
0.01992770381850304 0.03202482511685149 0
0.01910737958957474 0.03384258205068041 0
0.0200103309104794 0.0346815829393445 0
0.0199847457747147 0.03379558458254851 0
0.01916305047596176 0.0356006852147638 0
0.02005537029760723 0.03645437682207681 0
0.02003285060404332 0.03556797988071066 0
0.01921713452004245 0.03736008515534664 0
0.02009988777615126 0.03822723748211396 0
0.02007762903687924 0.03734080715209538 0
0.01927436897610767 0.03911998742237426 0
0.02012439694056849 0.03911361874105697 0
0.01753055088712303 0.02281855306816247 0
0.01675940536247817 0.02376907382940387 0
0.01769098038289017 0.02445572298931991 0
0.0176107656350066 0.02363713802874119 0
0.01689752590196011 0.02541183394691762 0
0.01783166860183805 0.0261284007094425 0
0.0177613244923641 0.02529206184938121 0
0.01701933930637276 0.02708349370207337 0
0.01795105787790689 0.0278279849293976 0
0.01789136323987247 0.02697819281942005 0
0.0171242583917575 0.02877718677583417 0
0.01805045162991784 0.02954653710296357 0
0.01800075475391236 0.02868726101618058 0
0.01721379514240282 0.03048665965311022 0
0.01813293812689123 0.03127762245416461 0
0.01809169487840453 0.03041207977856409 0
0.01729092893094956 0.03220679846677368 0
0.01820265295844566 0.03301648214364408 0
0.01816779554266845 0.03214705229890434 0
0.01735969376809523 0.03393374974250624 0
0.01826442039922431 0.03475984964954256 0
0.01823353667883499 0.03388816589659333 0
0.01742503706210499 0.0356647991063706 0
0.01832366713884245 0.03650563467159184 0
0.01829404376903338 0.0356327421605672 0
0.01749299507438434 0.03739813883540441 0
0.01838646245558435 0.03825258931915922 0
0.01835506479721339 0.03737911199537552 0
0.0175717364222597 0.03913260189678495 0
0.01842305269935517 0.03912629465957961 0
0.01584772606750512 0.02307387337070978 0
0.01506967093862367 0.02399759485235885 0
0.01598135023359672 0.02469279531105295 0
0.01591453815055092 0.02388333434088136 0
0.01518623585622144 0.02562247850434846 0
0.01610241152458483 0.02634151714021312 0
0.01604188087909078 0.02551715622563304 0
0.01529218575840127 0.02727206214877497 0
0.0162091135401892 0.02801403871063522 0
0.01615576253238702 0.02717777792542417 0
0.01538664800218718 0.02894125849162609 0
0.01630179285375547 0.02970440655682505 0
0.01625545319697234 0.02885922263373013 0
0.01547039863249797 0.03062515346581511 0
0.01638240092114532 0.0314074065621003 0
0.01634209688745039 0.03055590655946267 0
0.01554556465891286 0.03231947834044328 0
0.0164540926687171 0.03311887024511667 0
0.01641824679493121 0.03226313840360848 0
0.01561542948975161 0.03402081934620025 0
0.01652103058912974 0.03483569884358981 0
0.01648756162892342 0.03397728454435324 0
0.01568440892997864 0.03572662263280799 0
0.01658841540295389 0.03655572289558878 0
0.01655472299604182 0.03569571086958929 0
0.01575807229313022 0.03743506918311545 0
0.01666265196456066 0.03827748512293108 0
0.01662553368375728 0.03741660400925993 0
0.01584204355672816 0.03914488322614613 0
0.01670688998971691 0.03913874256146554 0
0.01417317334778014 0.02329440484153399 0
0.01338778536856325 0.02419687773314414 0
0.01428428295940678 0.024900067743969 0
0.01422872815359346 0.0240972362927515 0
0.0134855608259007 0.02580842306934239 0
0.01438751372271536 0.02653083382972184 0
0.01433589834106107 0.02571545078684542 0
0.01357651986882369 0.02744101789705196 0
0.01448119190450961 0.02818224621610509 0
0.01443435281361248 0.02735654002291346 0
0.01365974922609197 0.02909063157608011 0
0.01456520532376954 0.02984964385160111 0
0.01452319861413957 0.0290159450338531 0
0.01373558672648904 0.03075321737808085 0
0.01464078003521748 0.03152872699229485 0
0.01460299267949351 0.03068918542194798 0
0.01380550158245231 0.0324251420829841 0
0.01471028620614769 0.03321589343113253 0
0.01467553312068258 0.03237231021171369 0
0.01387205060201972 0.03410342666904349 0
0.01477719388562364 0.03490835258411122 0
0.01474374004588567 0.03406212300762188 0
0.01393909687492774 0.03578580289554562 0
0.01484631191928275 0.03660407294424238 0
0.01481175290245319 0.0357562127641768 0
0.01401284161142972 0.03747063203810326 0
0.0149246019852772 0.03830162827697633 0
0.01488545695227997 0.03745285061060936 0
0.01410591974308859 0.03915674505083021 0
0.01497398165000483 0.03915081413848816 0
0.01250317202248051 0.02348629745285331 0
0.01171048118745217 0.02437165671327639 0
0.01259509453353491 0.02508223699356722 0
0.01254913327800771 0.02428426722321026 0
0.01179170220999442 0.02597331814282501 0
0.01268216850236021 0.02669950421860019 0
0.01263863151794756 0.0258908706060837 0
0.01186858366490085 0.02759295479401039 0
0.01276293503136433 0.02833446847246217 0
0.01272255176686227 0.02751698634553117 0
0.01194024230686796 0.02922703253756152 0
0.0128370565015956 0.02998319564117946 0
0.01279999576647996 0.02915883205682081 0
0.01200669746491391 0.03087194238744408 0
0.01290522768980736 0.03164196412434547 0
0.01287114209570148 0.03081257988276247 0
0.0120688043423876 0.03252444594436873 0
0.01296907823503255 0.03330762390300734 0
0.01293715296241995 0.03247479401367641 0
0.01212817446094721 0.03418194235144403 0
0.01303114682793438 0.03497774511748018 0
0.01300011253148346 0.03414268451024376 0
0.01218708635628289 0.03584253024222779 0
0.01309503640327626 0.03665058802029324 0
0.01306309161560532 0.03581416656888671 0
0.01224827753457236 0.03750491102292183 0
0.01316608274272583 0.03832495504073186 0
0.01313055957300104 0.03748777153051255 0
0.01231411132500617 0.03916820998990166 0
0.01321001553409248 0.03916247752036593 0
0.01083544688443645 0.0236540982220245 0
0.0100357203468764 0.02452552006759449 0
0.01091075464989212 0.02524307855884638 0
0.01087310076716429 0.02444858839043544 0
0.01010218316172397 0.02612023799467088 0
0.01098313072182627 0.02685047757864951 0
0.0109469426858592 0.02604677806874794 0
0.01016587027391732 0.02773045059860307 0
0.0110513232169919 0.02847292781396395 0
0.01101722696940908 0.02766170269630673 0
0.01022593887156511 0.02935260139271151 0
0.01111485796144117 0.03010670611630909 0
0.01108309058921653 0.02928981696513652 0
0.01028215648391104 0.03098307368976522 0
0.01117399598738378 0.03174830996090022 0
0.01114442697441248 0.03092750803860465 0
0.01033484386123697 0.03261875695560271 0
0.01122965221624079 0.03339489293907122 0
0.01120182410181228 0.03257160144998572 0
0.01038475654309865 0.03425736655013611 0
0.01128327878780508 0.03504441596250893 0
0.01125646550202293 0.03421965445079007 0
0.01043279655468426 0.0358974646989997 0
0.01133660412316208 0.03669557897871857 0
0.01130994145548358 0.03586999747061374 0
0.01047907084557065 0.03753827182145461 0
0.01139074425698093 0.03834760386565787 0
0.01136367419007151 0.03752159142218822 0
0.01051952197560046 0.03917939387575622 0
0.01141681665035295 0.03917380193282893 0
0.009168655914578369 0.0238010154107808 0
0.008362282027472814 0.02466099678433058 0
0.009229346459770851 0.02538550144114427 0
0.009199001187174607 0.02459325842596254 0
0.008415439816107739 0.02625166316966095 0
0.00928827651806086 0.02698639972318756 0
0.009258811488915856 0.02618595058216591 0
0.008466775397479354 0.0278560082130195 0
0.009344369153335816 0.02860005908843501 0
0.009316322835698335 0.02779322940581128 0
0.008515486421564106 0.02946984874491623 0
0.009397056139793396 0.03022239104919273 0
0.009370712646564604 0.02941122506881386 0
0.008561145737928178 0.03108899402330258 0
0.009446246082045823 0.03184967666387507 0
0.00942165111091961 0.0310360338565339 0
0.008603658075550594 0.03271014163814077 0
0.009492255854741741 0.0334792219298684 0
0.009469250968393782 0.03266444929687175 0
0.00864321129552615 0.03433130219449804 0
0.009535711983883055 0.03510944681476574 0
0.009513983919312401 0.03429433437231708 0
0.008680272473784849 0.03595169018218029 0
0.009577357044586053 0.03673970806641425 0
0.009556534514234554 0.03592457744058999 0
0.008715687317425527 0.03757131768814068 0
0.009617401118410125 0.03836988144318104 0
0.009597379081498089 0.03755479475479764 0
0.008750779421325995 0.03919048756742483 0
0.009635150698556128 0.03918494072159052 0
0.007502064689047374 0.0239289586030421 0
0.006689481418126614 0.02477947389047387 0
0.007549698756552056 0.02551151207176235 0
0.007525881722799714 0.02472023533740222 0
0.006730518677754817 0.02636940968662285 0
0.007596259737310501 0.02710956078452145 0
0.007572979246931278 0.0263105364281419 0
0.006770305078328258 0.02797207033889776 0
0.007640820738497112 0.02871851776739581 0
0.007618540237903806 0.02791403927595863 0
0.006808085679283784 0.02958179135063133 0
0.007682751362350778 0.03033312232815174 0
0.007661786050423945 0.02952582004777378 0
0.006843281970686969 0.03119291202038812 0
0.007721676346264369 0.03194878371553896 0
0.007702213854307573 0.03114095302184535 0
0.006875431407511082 0.03280151337915978 0
0.007757413136797307 0.0335628713017616 0
0.007739544741530838 0.03275582750865028 0
0.006904158089670511 0.03440601040753496 0
0.007789956248399354 0.03517444130027141 0
0.007773684692598331 0.0343686563010165 0
0.006929394727503462 0.03600667614708274 0
0.007819710952888958 0.03678392502899162 0
0.007804833600644156 0.03597918316463151 0
0.006952626529020609 0.037604821181503 0
0.007848602893557179 0.03839221384065206 0
0.007834156923223068 0.03758806943482183 0
0.006981805503682735 0.03920172627322722 0
0.007866292462527357 0.03919610692032602 0
0.005835327320341007 0.0240383101205611 0
0.005016970042293891 0.02488086368842884 0
0.005871124140079498 0.02562202745834161 0
0.005853225730210253 0.02483016878945135 0
0.005046848398456662 0.02647443134745884 0
0.005906242936131982 0.02722181357574009 0
0.005888683538105741 0.02642192051704084 0
0.00507584055879508 0.02808107210531738 0
0.005939902700991356 0.02883132886847505 0
0.005923072818561668 0.02802657122210757 0
0.005103269246555803 0.02969233429832319 0
0.005971452224848232 0.03044279678047946 0
0.005955677462919793 0.02963706282447726 0
0.005128465058024832 0.03129934932845878 0
0.006000294803863569 0.03204946456836744 0
0.005985873514355901 0.03124613067442345 0
0.005150627494136254 0.03289698945057529 0
0.006025764097783767 0.03364903826136764 0
0.006013029450823668 0.03284925141486754 0
0.005168594928141351 0.03448454990939932 0
0.006046988920028095 0.03524152205556665 0
0.006036376508905931 0.03444528015846714 0
0.00518052181753788 0.03606418281711272 0
0.006062927625013247 0.03682933690862882 0
0.006054958272520671 0.03603542948209773 0
0.005183618567470715 0.03763956461756138 0
0.006073317471478078 0.03841504889043557 0
0.006068122548245662 0.0376221928995322 0
0.005175025294676342 0.03921332261720833 0
0.006078415399144639 0.03920752444521777 0
0.004168333903994436 0.024127221814875 0
0.003344591408993495 0.02496283219174906 0
0.00419322754729295 0.0257164740653029 0
0.004180780725643693 0.02492184794008895 0
0.003364064314982863 0.02656637990946631 0
0.004217685166146576 0.02732433719162225 0
0.004205456356719763 0.02652040562846257 0
0.003382939511839596 0.02818545243658973 0
0.004241094904488099 0.02894218735028485 0
0.004229390035317338 0.02813326227095355 0
0.00340068569011952 0.02980712440888529 0
0.004262860032187224 0.03055727135692362 0
0.004251977468337661 0.02974972935360424 0
0.003416681520720299 0.03141516154454851 0
0.004282286546557906 0.03215723951608367 0
0.004272573289372566 0.03135725543650365 0
0.003430018582867751 0.03300254518528328 0
0.004298359530446098 0.0337422951197749 0
0.004290323038502002 0.03294976731792928 0
0.003439072311220756 0.03457101696237429 0
0.004309307708916008 0.03531327175199871 0
0.004303833619681053 0.03452778343588681 0
0.003440479047035988 0.03612594059440742 0
0.004311693155657859 0.03687685165952144 0
0.004310500432286934 0.03609506170576007 0
0.003426300628648029 0.03767593185442145 0
0.004298226040460885 0.03843864481246138 0
0.004304959598059372 0.03765774823599141 0
0.003374694911010194 0.03922532219525304 0
0.004274860102784446 0.03921932240623069 0
0.002501104394165221 0.02418968217402195 0
0.001672279964123015 0.02501915977864563 0
0.002515766978951289 0.02579230979637274 0
0.002508435686558255 0.02499099598519734 0
0.0016818779406417 0.02664280366206761 0
0.002530175276673273 0.02741687377516117 0
0.002522971127812281 0.02660459178576696 0
0.00169116748346092 0.02828723332268995 0
0.002543931718627242 0.0290558119841185 0
0.002537053497650258 0.02823634287963984 0
0.001699852481362384 0.02993554935607973 0
0.002556606452854661 0.03068686178084652 0
0.002550269085740952 0.02987133688248251 0
0.001707556751869095 0.0315516272555667 0
0.002567631819734732 0.0322799270192687 0
0.002562119136294697 0.03148339440005761 0
0.001713693005393695 0.03312701278363503 0
0.002576079768526714 0.03384963094964961 0
0.002571855794130723 0.03306477898445916 0
0.001717196686837934 0.03467103216040713 0
0.002580189229531976 0.0353924181731318 0
0.002578134499029345 0.03462102456139071 0
0.001716021430737286 0.03619263074372124 0
0.002576311248241297 0.03692615316499687 0
0.002578250238886636 0.03615928566906433 0
0.001706409989075222 0.03771290001046392 0
0.002556399369481954 0.0384626786998885 0
0.002566355308861625 0.03769441593244268 0
0.001683317896915571 0.03923735650463546 0
0.002529006403946734 0.03923133934994425 0
0.0008337192664493006 0.02420910445450405 0
0.0008385606976737149 0.02584620917100493 0
0.0008361399820615077 0.02502765681300896 0
0.0008433172429679847 0.02749503612853122 0
0.0008409389703208498 0.02667062264964675 0
0.0008478502404929351 0.02917732503018147 0
0.0008455837417304598 0.02833618057932089 0
0.0008520022408694484 0.03085443676307525 0
0.0008499262406811918 0.03001588089640186 0
0.000855554510999646 0.03242597583049496 0
0.0008537783759345473 0.03164020629678511 0
0.0008581384943940492 0.03398388348642307 0
0.0008568465026968476 0.03320492965889253 0
0.0008590581924438852 0.035480616825882 0
0.0008585983434189672 0.03473225015615254 0
0.0008569632382934006 0.03697266412744572 0
0.0008580107153686429 0.03622664047654499 0
0.0008494467507818209 0.03848591682209578 0
0.0008532049945376108 0.03772929047477075 0
0.0008416589484882506 0.03924295841104788 0
0.02935619495615419 0.01812506932522603 0
0.02765015515185103 0.01775681575593975 0
0.02715932898939385 0.01926057482309067 0
0.02825776197277402 0.01869282207415835 0
0.02584573874674693 0.01876435389718994 0
0.02521994282922665 0.02006055150919244 0
0.02618963590931025 0.01966056316614156 0
0.02407878937732463 0.01950726487656657 0
0.02340804733071264 0.02066948422101269 0
0.02431399507996964 0.02036501786510257 0
0.02236089679727527 0.02008000296293612 0
0.02166483613267624 0.02115398984945845 0
0.02253644173169444 0.02091173703523557 0
0.0206761208300067 0.02053717054385963 0
0.01996036212914828 0.02155045878383174 0
0.02081259913091226 0.0213522243166451 0
0.01901074756573494 0.02091165097416434 0
0.01827806736000632 0.02188134844042738 0
0.0191192147445773 0.02171590361212956 0
0.01735581517467718 0.02122445966252542 0
0.01660829870179389 0.02216166429026052 0
0.0174431830309001 0.02202150636534395 0
0.01570582980152059 0.02148974026208968 0
0.01494525716723182 0.02240194934253894 0
0.01577677793451285 0.02228180681639973 0
0.01405751234172815 0.0217173807986039 0
0.01328542852227647 0.02260983629759895 0
0.01411534284475415 0.02250589282006894 0
0.01240897332417055 0.02191444975428753 0
0.0116267168243746 0.02279091090954189 0
0.01245607267332553 0.02270037360357042 0
0.01075920495079481 0.02208600146561751 0
0.00996793501085666 0.02294918877810012 0
0.01079732591761563 0.02287004984382101 0
0.0091077656250588 0.02223550337691233 0
0.008308486528780509 0.02308733000959302 0
0.009138210769818585 0.02301825939384657 0
0.007454576764718067 0.02236499680906412 0
0.006648154924984931 0.0232066254025132 0
0.007478320726882721 0.02314697770605311 0
0.00579978654824272 0.02247503260598568 0
0.004986958943598796 0.02330671732403358 0
0.005817556934291863 0.02325667136327339 0
0.004143676354178567 0.02256442089961404 0
0.003325051314574208 0.02338492539045546 0
0.004156005129086502 0.02334582135724452 0
0.002486597427265856 0.022630092630336 0
0.001662650506856869 0.02343484941390249 0
0.002493850910715538 0.02340988740217897 0
0.0008289312404075685 0.02266905830281458 0
0.0008313252534284345 0.02343908137865931 0
0.02795551226412072 0.01647272889541467 0
0.02662380464171779 0.01630122043751231 0
0.02631844752944811 0.01758530729803739 0
0.02713697989678441 0.01702901809672603 0
0.02512047738593848 0.01723656252116028 0
0.02464776860323731 0.01841560912031283 0
0.02548310806634271 0.01800045820917511 0
0.02355932118266169 0.01796193179250166 0
0.02299034195674901 0.0190535875487554 0
0.02381905527999316 0.01873459833453411 0
0.02197669031565615 0.01853210532378325 0
0.02134724515618242 0.01955852073796396 0
0.02216879355646571 0.01930605414335968 0
0.02038376152519879 0.01898975014890749 0
0.01971263719902307 0.01996839995480315 0
0.02052994117760274 0.01976346034638356 0
0.01878337233483623 0.01936481744017755 0
0.0180814827015481 0.02030806845953875 0
0.01889705995028559 0.02013823420717095 0
0.01717613244433015 0.01967789434568521 0
0.01645046491745923 0.02059428554867189 0
0.01726597380950366 0.02045117700410531 0
0.0155622656221719 0.01994324721651964 0
0.01481763050623326 0.02083870192993744 0
0.01563404771184625 0.02071649373930466 0
0.01394207289344132 0.02017092833650438 0
0.01318195472893621 0.02104960720517084 0
0.01399979261758474 0.02094415456755414 0
0.01231600398167874 0.02036811930007541 0
0.01154302257691309 0.0212329618491921 0
0.01236248865292465 0.02114128452718147 0
0.01068463396951341 0.02053995450924568 0
0.009900816343395132 0.02139299412567108 0
0.01072191946015411 0.0213129779874316 0
0.009048624870143972 0.02068999982218692 0
0.008255574151807641 0.02153250907342817 0
0.009078195247601386 0.02146275159954963 0
0.007408690196523371 0.02082049265031638 0
0.006607692809433796 0.02165298038595233 0
0.007431633480620719 0.02159274472969025 0
0.005765565753733231 0.02093240259470346 0
0.004957659492542154 0.02175445481473682 0
0.005782676150987976 0.02170371760034457 0
0.004119987537211258 0.02102533654725948 0
0.003306004398847672 0.0218353026321367 0
0.004131831945694912 0.02179487872343676 0
0.00247267772031207 0.02109720914489344 0
0.001653270748730254 0.02189199914309274 0
0.002479637573788963 0.02186365088761472 0
0.0008243395083226856 0.02114286096291274 0
0.000826635374365127 0.02190595963304458 0
0.0268577083794426 0.01521007783884464 0
0.02574508399876537 0.01510117375466372 0
0.02551118026104057 0.01619231635333139 0
0.02618444432024158 0.01570119709608802 0
0.02445304497262755 0.0159187439574372 0
0.02406234209752547 0.01696299012526609 0
0.02478676117928302 0.01657765323929874 0
0.02306132765172747 0.01657179444849654 0
0.02255830673686369 0.01757073611573211 0
0.02331032441719458 0.0172668631204991 0
0.02160278175748888 0.01709673639078773 0
0.02102116533628135 0.01805810559883886 0
0.02178973603657252 0.01781442085728549 0
0.02009886262029607 0.01752490728780954 0
0.01946145880921351 0.01845655183787816 0
0.02024131207274743 0.01825732871835851 0
0.01856284780408106 0.01787997429195318 0
0.01788476132970377 0.01878823989425256 0
0.01867311006945864 0.01862239586606537 0
0.01700307664563529 0.01817905306351821 0
0.01629444776026166 0.01906870751495086 0
0.01708960454498272 0.01892847370460171 0
0.01542502734939556 0.01843442592179929 0
0.0146928452113058 0.01930896562336808 0
0.01549364648578373 0.01918883656915946 0
0.0138325096281865 0.01865496603081858 0
0.01308173731032202 0.01951692874395489 0
0.01388729126081391 0.01941294718366148 0
0.01222833573958968 0.01884714460026405 0
0.0114626024109464 0.01969833515638458 0
0.01227216986063421 0.01960763195016973 0
0.01061470207543614 0.01901569744910286 0
0.009836733634003152 0.01985731680196396 0
0.01064966802247478 0.01977782597917427 0
0.008993409689480307 0.0191640487522733 0
0.008205300925621127 0.01999673177249627 0
0.00902101727981214 0.01992702428723011 0
0.007365993397498214 0.01929457137531099 0
0.006569382668400458 0.02011833225313111 0
0.007387341797010793 0.02005753201281368 0
0.005733798732955576 0.01940874857525231 0
0.00492998181828835 0.02022281891682466 0
0.005749682243344404 0.02017057558497789 0
0.004098030320621165 0.01950731354982698 0
0.003288036039544073 0.02030983118026181 0
0.004109008928916212 0.02026632504854323 0
0.002459786408448478 0.01959054643906555 0
0.001644428089216475 0.02037792440369719 0
0.002466232064380274 0.02034387779197949 0
0.0008200885808937896 0.01965945812399331 0
0.0008222140446082376 0.02040115954384038 0
0.02594471180331898 0.01418351400174065 0
0.02500585084229968 0.01409323039825438 0
0.02480622303774607 0.01501089015117744 0
0.02537546742053252 0.01459720207645905 0
0.02388529085407886 0.01476544510542826 0
0.02353211278896034 0.01567329891168801 0
0.0241691679133532 0.01534209453143273 0
0.02263016269413178 0.01530976565325958 0
0.02215937755689892 0.01620826119006811 0
0.02284574517292963 0.01594078005087806 0
0.02127424644227582 0.01575813850306158 0
0.02071765064286579 0.0166466137037812 0
0.02143851409988235 0.01642743744692466 0
0.01984605939441557 0.01613316831958975 0
0.01922727137184586 0.0170114619036181 0
0.01997246100735582 0.01682903780369965 0
0.01836607961555662 0.0164511193763074 0
0.01770165604779182 0.01731963176464248 0
0.01846446370981884 0.01716554683413029 0
0.01684829898473439 0.01672391769463517 0
0.01614971958257785 0.0175833389935109 0
0.01692568781518484 0.0174514853790767 0
0.01530225750158854 0.01696043737634072 0
0.01457756526840624 0.01781152430462912 0
0.01536364242549205 0.01769743164907001 0
0.01373460253031942 0.01716736526470657 0
0.01298954689009967 0.01801080699089604 0
0.01378355607925296 0.01791116564776258 0
0.01215012727305734 0.01734979562105936 0
0.01138891612254735 0.01818613323042738 0
0.01218923150632351 0.01809847011066171 0
0.01055242890316116 0.01751164193462842 0
0.00977821485604995 0.01834120615330391 0
0.01058356548929865 0.01826366969186564 0
0.008944318414842899 0.01765592636249242 0
0.008159513248273256 0.01847876896146182 0
0.008968864052161603 0.01840998755738286 0
0.007328074971033599 0.017784995523402 0
0.006534555120258557 0.01860079793725118 0
0.007347034184265907 0.01853978344935649 0
0.005705605459969697 0.01790070678116779 0
0.004904849072666717 0.01870865741916892 0
0.005719702096462637 0.01865472767821005 0
0.004078548603869348 0.0180046226377306 0
0.003271729851823796 0.01880327876838866 0
0.004088289462245257 0.01875596809377879 0
0.002448349011966891 0.01809820493754848 0
0.001636405568591574 0.01888547260822537 0
0.002454067710207685 0.01884437568830701 0
0.0008163169876977848 0.01818275150234508 0
0.0008182027842957872 0.01892110481314805 0
0.02519272327821213 0.01335411326692777 0
0.02442375973357688 0.01325531420662312 0
0.02423688729766443 0.01399443133794972 0
0.02471480528793828 0.01367427230243875 0
0.02345210490725645 0.01374004041276188 0
0.02310050846367089 0.01451105418024041 0
0.02366869788066765 0.01425274275909507 0
0.02229978582844496 0.01414368455605196 0
0.02182944005890585 0.01494239602907113 0
0.02246497426128836 0.01472672510465577 0
0.02101798192306706 0.01449288364860928 0
0.02046278830643703 0.01530862612259973 0
0.02114611418267144 0.01512551107583543 0
0.01964504889953377 0.0147985081111805 0
0.01902831998751231 0.01562305030817053 0
0.01974555414697467 0.01546583821538513 0
0.01820711227899549 0.01506741719905151 0
0.0175448719070398 0.01589548626718838 0
0.01828659594727605 0.01575926828767945 0
0.0167217821761571 0.01530506096237435 0
0.01602520925385169 0.01613349238982114 0
0.01678504058044575 0.01601448932850476 0
0.01520110114190479 0.01551604062422187 0
0.01447814938964164 0.01634298561074145 0
0.01525167932174666 0.01623823900028129 0
0.01365351571844528 0.01570426203060763 0
0.01290996885912305 0.01652864168457276 0
0.01369405912438235 0.0164358136476571 0
0.01208514191915909 0.01587303068463838 0
0.01132530033309337 0.01669418462112499 0
0.01211763459610821 0.01661141315284887 0
0.01050056784930826 0.01602514830585904 0
0.009727696419376044 0.01684260561936248 0
0.01052649837623471 0.01676839512024373 0
0.00890336009569654 0.01616301923966598 0
0.008119982091163398 0.01697633998279592 0
0.008923839255269721 0.0169094728010792 0
0.007296382611823591 0.01628877757463679 0
0.006504475491693793 0.01709743311524288 0
0.007312228791428595 0.01703688654901939 0
0.005681999532020265 0.01640446038828626 0
0.004883129500296169 0.01720773405421117 0
0.005693802495994981 0.01715258358472703 0
0.004062209622919638 0.01651226528237913 0
0.003257628726492817 0.01730915386589855 0
0.004070379113394493 0.01725844396005486 0
0.002438744047851954 0.01661489917105272 0
0.001629464333326028 0.01740395024270265 0
0.002443546529909423 0.0173565520543006 0
0.0008131473456282435 0.01671571762051244 0
0.0008147321666630142 0.01744923456151527 0
0.0246331055941142 0.01274616517700628 0
0.02405744027156593 0.01259251872383642 0
0.02384809441102861 0.01310166775345326 0
0.02424060000257141 0.01292391646522977 0
0.0231995832129251 0.01279571778294417 0
0.02280359370915295 0.01343409044225278 0
0.02332584406009078 0.01326787909785302 0
0.02209889378932456 0.0130320485095771 0
0.02159508590861658 0.01374164262337627 0
0.02219933980888476 0.01358786653281453 0
0.02085284652201369 0.01327120342414306 0
0.02027574253646418 0.01402244444937606 0
0.02093541422254037 0.01388204353637617 0
0.01950904200165695 0.01350056327747147 0
0.01887834836472654 0.01427662693927592 0
0.01957704545059536 0.01414953569432599 0
0.01809553842473446 0.01371498034634379 0
0.0174243023390034 0.01450577060611937 0
0.01815132535186497 0.01439119877269765 0
0.01663061629899376 0.01391286833158886 0
0.01592809613614746 0.01471215868784383 0
0.01667619923757543 0.0146089646469816 0
0.01512684917142824 0.01409440212756475 0
0.01439985417718558 0.01489828406394279 0
0.01516397515666652 0.01480522137589331 0
0.01359321728239784 0.01426061154886372 0
0.01284687882365754 0.01506658951552857 0
0.01362336650042156 0.01498243678973568 0
0.01203635683582549 0.0144129167810275 0
0.01127461993132704 0.01521935795013732 0
0.01206074937749229 0.01514297373283294 0
0.01046134047921624 0.01455290136450339 0
0.009687288397197461 0.01535869172022512 0
0.01048095416426225 0.01528902483518122 0
0.008872171506811414 0.01468222471567564 0
0.008088243205310494 0.0154865522351165 0
0.008887765801253975 0.01542262197767081 0
0.007272095848543956 0.01480263514719295 0
0.006480235255057051 0.01560486048671324 0
0.007284239230183773 0.01554570636091487 0
0.005663800433368135 0.01491609191496132 0
0.004865564710331348 0.01571569181653434 0
0.005672899982694201 0.01566027615162379 0
0.004049546307936985 0.01502507893244695 0
0.003246191220525275 0.01582165239829175 0
0.004055877965428311 0.01576867210741304 0
0.002431270210893044 0.01513340884377082 0
0.001623823038219722 0.0159266556165318 0
0.002435007129372499 0.01587415400741177 0
0.000810675692591479 0.01524867826450768 0
0.0008119115191098612 0.01598219794238818 0
0.03089397516135701 0.01783398121703454 0
0.03080348863044522 0.0160417721884883 0
0.0292657084252424 0.0163328602966798 0
0.03007984179329971 0.01708342075685717 0
0.02928969819143796 0.01497046111955063 0
0.02797950203031627 0.0151103297182855 0
0.02862260522777934 0.01572159500748265 0
0.02801942918929014 0.01399175210489184 0
0.02689763553841647 0.01409150022545098 0
0.02743856878436637 0.01460091497186824 0
0.02692219251787509 0.01315897475001275 0
0.0259692687827776 0.01325098852630242 0
0.02643345216059704 0.0136712443758767 0
0.02595618841775091 0.01249234255101444 0
0.02517964291318544 0.01259546729163978 0
0.02557445584798152 0.0129232279089711 0
0.02508270137875983 0.01202431431918076 0
0.0245361640596886 0.01217501220454725 0
0.02485790348643702 0.01238523974809352 0
0.03218199894663971 0.01556313650051785 0
0.03191771167363977 0.01415167880748894 0
0.03053920135744528 0.01463031449545939 0
0.0313606001520425 0.01509672549798862 0
0.03038036268189576 0.01337559128940769 0
0.02913085951588844 0.01371573791349893 0
0.02983503043666686 0.01417302620447916 0
0.02900811766840491 0.01262749471115935 0
0.02789668734180661 0.01290350890255226 0
0.02851377342884753 0.0133096234080256 0
0.02776844066114036 0.01196829034240407 0
0.02679394583720884 0.01222375618986456 0
0.02734531658950773 0.01256363254620841 0
0.02662713649615658 0.01143196786793647 0
0.02578937907669865 0.01170055422908635 0
0.02629166245695374 0.01196215520947545 0
0.02554399667186871 0.01104427201138723 0
0.02483731897392989 0.01136803210148164 0
0.02531334902531427 0.011534293165284 0
0.03319453381451289 0.01358942303911331 0
0.03285506068288366 0.01234726750276537 0
0.03157823854201054 0.012909523271141 0
0.03238638617826171 0.01324947315512716 0
0.03130592319410039 0.01175273051943186 0
0.03010804733398561 0.01221879853769856 0
0.03084314293799808 0.01256416090441978 0
0.02986423814129342 0.0111743451079338 0
0.02876430847571272 0.0115830412813946 0
0.02943617790484917 0.01190091990954658 0
0.02851631596212484 0.01065472404050771 0
0.02752044814755247 0.01103997310151718 0
0.0281423783116326 0.01131150719145589 0
0.02723992023386633 0.01022296656694015 0
0.02634660858247043 0.01061496133335944 0
0.02693352836501146 0.01082746721743831 0
0.02600612502121557 0.009897992237789838 0
0.02520351311061384 0.01032730291581763 0
0.02577506084654214 0.01047113212458853 0
0.03407322445374917 0.01172777382817869 0
0.03368933543296389 0.01058006333770604 0
0.03247117166209838 0.01119955701229273 0
0.03327219805792377 0.01146366542023571 0
0.03212403127032875 0.01011371817762058 0
0.03095878280233076 0.01066689168475972 0
0.03171497723221457 0.01093322434852622 0
0.03062659574054354 0.009662431160636297 0
0.02953205107950619 0.01016988458381038 0
0.03024541694091848 0.01041838813428505 0
0.02919266481219927 0.009253294144752814 0
0.02817692969481791 0.009738133601450139 0
0.02885449038716206 0.009954009092630261 0
0.02781010345596835 0.00890718212152657 0
0.02687309399501676 0.009392015087016575 0
0.02752501184491734 0.009565074344233357 0
0.02646111741299876 0.00863749578594343 0
0.02559414843919756 0.009143472936716692 0
0.02623362121710716 0.009267744011866634 0
0.03487768755074575 0.009912000009634565 0
0.0344627929680849 0.008825975937020027 0
0.03327444085030304 0.009494039265091507 0
0.03407606420052439 0.009703019637363036 0
0.03287427071370717 0.008459647692708126 0
0.03172386113373288 0.009079326605237203 0
0.03249915099201796 0.009286682935164355 0
0.03132544873835271 0.008108367212237982 0
0.03022818334516337 0.008691471767637076 0
0.03097602223944812 0.008885399186437139 0
0.02981764409016033 0.007788839256340685 0
0.02878212555719622 0.008350661633456423 0
0.02950515445117979 0.00852106670054675 0
0.02834671136480902 0.007514971988469883 0
0.02737468926358115 0.008071492476540029 0
0.02807840741038869 0.008211077054998227 0
0.02690389850346046 0.00729595773241408 0
0.02599032665287807 0.007861961041817481 0
0.02668250795822961 0.007966726759178755 0
0.03564172987154742 0.00811330610847827 0
0.03520397995809769 0.007072603604659781 0
0.03402504305463516 0.007785273433201538 0
0.03483338646309129 0.007949289770839904 0
0.03358480987806234 0.006790529443953917 0
0.03243403753713434 0.007464903703460505 0
0.03322954029588476 0.007625088568331021 0
0.03198328440899981 0.006522550739266825 0
0.03087469561021818 0.007166014248044301 0
0.03165436657367626 0.007315458975752405 0
0.03040575144528031 0.006278723679902064 0
0.02934869992522246 0.006901548688198448 0
0.03011169776772032 0.007033781468121375 0
0.02885519940964697 0.006067908843598202 0
0.02785321084923353 0.006681332143869637 0
0.028600955387228 0.006791440416034042 0
0.02733056178461966 0.005896197494289658 0
0.02638124943884659 0.0065108230828341 0
0.02711723014404006 0.00659607761335187 0
0.03638956341170822 0.006317735269436731 0
0.0359355474131664 0.005313976320552824 0
0.03474996395955587 0.006068844655775873 0
0.03556976368563205 0.006193289962606302 0
0.03427770443144467 0.005107315739180936 0
0.03311255034995114 0.00582900052735898 0
0.0339312571547535 0.005948922591567427 0
0.0326171275743039 0.004912582620973332 0
0.03148786163335258 0.005606132832881176 0
0.03230020599165186 0.005717566680120079 0
0.03096687787231416 0.004735595880402546 0
0.0298847676842419 0.005408186727423434 0
0.03068631465879724 0.005507159780152305 0
0.02933777304387887 0.004581742211731204 0
0.02830820476928394 0.005241464327905972 0
0.02909648622676292 0.005324825527664703 0
0.02773651707974383 0.004454872033409149 0
0.02675887409507956 0.005109605199792835 0
0.02753353943218174 0.005175534763849405 0
0.03714206431030014 0.004518752218488176 0
0.0366792159190627 0.003548145291041596 0
0.03547269902192897 0.004343369393106243 0
0.03630738166611455 0.00443106080579721 0
0.03497333286024605 0.003412174571243674 0
0.03377833826976175 0.004176120917318367 0
0.03462551864584536 0.004259745155212305 0
0.03324064358445693 0.003284868125043022 0
0.03207943288899909 0.004021329828697987 0
0.03292888557938042 0.004098725373008177 0
0.03150685942579355 0.003169335009003581 0
0.03039430440910862 0.003883601060708139 0
0.03123686864905385 0.003952465444703063 0
0.02979249781381052 0.00306859208951492 0
0.02873596644858077 0.003766733240537984 0
0.0295651354288447 0.003825167150623062 0
0.02811448486662337 0.00298487068106463 0
0.02711503549778643 0.003673009473935795 0
0.0279255009731836 0.003719871357236889 0
0.0379198951098314 0.002714307158840434 0
0.03746110873886683 0.001775921648641397 0
0.03622042954809813 0.002609759780842559 0
0.03707016232896476 0.002662033469841496 0
0.03569576750601988 0.001708369129709143 0
0.0344486708181678 0.002510783920110258 0
0.03533455018313297 0.002560271850476408 0
0.03386525447748426 0.0016453802989515 0
0.03265722724377339 0.002419464503884263 0
0.0335529490309706 0.002465124211997261 0
0.03202741843259259 0.001588283941053836 0
0.03087705061461275 0.002338154446173153 0
0.03176713892919307 0.002378809475028708 0
0.03021087391894631 0.001538420456260263 0
0.02912632111814408 0.00226885809960203 0
0.03000168586637841 0.002303506272887592 0
0.02845171291912574 0.0014968057944723 0
0.02743987666760502 0.0022128183759349 0
0.02828309889287455 0.002240838237768465 0
0.03874129784712544 0.000905342997328097 0
0.03704045324246437 0.0008705786513132997 0
0.03789087554479491 0.0008879608243206984 0
0.03513868821103794 0.0008377904783958428 0
0.03608957072675115 0.0008541845648545713 0
0.03322375465331392 0.000807589820555657 0
0.03418122143217593 0.00082269014947575 0
0.03133034968742492 0.0007806941204981789 0
0.03227705217036942 0.0007941419705269179 0
0.02945239074177778 0.0007577263357620847 0
0.03039137021460135 0.0007692102281301317 0
0.02772437144020463 0.0007390794587102152 0
0.0285883810909912 0.00074840289723615 0
0.001619636599027587 0.01444327955664446 0
0.0008089609064361079 0.01375412460446278 0
0.0008098182995137935 0.01450140143445485 0
0.001616974950833412 0.01295183100351772 0
0.0008080140443973038 0.01225757441482847 0
0.0008084874754167059 0.01300584950956518 0
0.00161580026107696 0.01145719554670102 0
0.0008077862166796565 0.01075825912650043 0
0.0008079001305384802 0.01150791677075507 0
0.0016159384099551 0.009960845323559758 0
0.0008081521932754433 0.009258419454208675 0
0.0008079692049775499 0.01000833929039917 0
0.001617037713079712 0.008463860362257911 0
0.0008088855198042684 0.007763474765121913 0
0.0008085188565398558 0.008510947109664694 0
0.001618505706334549 0.006963268111523722 0
0.0008096201865302807 0.006265033133276372 0
0.0008092528531672746 0.007014253949155118 0
0.001619416659534201 0.005448685251228763 0
0.0008097964730039199 0.004731273626564021 0
0.0008097083297671003 0.005498153379888998 0
0.001618401107229952 0.003915931144821238 0
0.0008086046342260322 0.003189836545095397 0
0.0008092005536149761 0.003960555085778842 0
0.001613618730674791 0.002361459443223638 0
0.0008050140964487585 0.001597091238493481 0
0.0008068093653373954 0.002393463891665887 0
0.001603347469023693 0.0007886017914515043 0
0.0008016737340263771 0.0007985456192629102 0
0.003237748407057214 0.01433510829420231 0
0.002426114795191757 0.01364497900707595 0
0.0024286925030424 0.01438919392542339 0
0.0032324629432291 0.01284698089495188 0
0.002423323098870755 0.01215383289139365 0
0.002424718947031256 0.0128994059492348 0
0.00323028768351933 0.01135746786509872 0
0.002422764845725535 0.01066083052040608 0
0.002423043972298145 0.01140733170589987 0
0.003230915665663727 0.00986649212813076 0
0.002424089229893292 0.00916650693128444 0
0.002423427037809414 0.009913668725845259 0
0.003233706736029198 0.008373294156875495 0
0.002426655219215618 0.007670647587848968 0
0.002425372224554454 0.008418577259566705 0
0.003237568452724285 0.006875287045733659 0
0.002429418939843216 0.006167907569408413 0
0.002428037079529417 0.00691927757862869 0
0.003240759824572302 0.005367920239958462 0
0.002430757544263286 0.004648697921778812 0
0.002430088242053251 0.005408302745593612 0
0.003240569038710817 0.00384840085799437 0
0.002428212601677483 0.003115634081036796 0
0.002429485072970384 0.003882166001407804 0
0.003232726346445518 0.002315836496256569 0
0.002418132475442826 0.001561661858443411 0
0.002423172538560155 0.002338647969740103 0
0.003209785133470503 0.0007730600669919066 0
0.002406566300605247 0.0007808309292217054 0
0.004852702865446895 0.01422852032692117 0
0.004040904964567124 0.01353854968867653 0
0.004045225636252055 0.01428181431056174 0
0.004844840731506447 0.01274351641698878 0
0.004036398710168423 0.01205194762326412 0
0.004038651837367774 0.01279524865597033 0
0.004841971864107532 0.01125920289061121 0
0.004035860837458438 0.01056472313244581 0
0.00403612977381343 0.01130833537785497 0
0.004843729833151282 0.009774361166989074 0
0.004038784661356571 0.00907613016267403 0
0.004037322749407504 0.009820426647559916 0
0.00484930511264907 0.008287537091379648 0
0.004044227187321696 0.007584701085581112 0
0.004041505924339134 0.008330415624127572 0
0.004857301543961093 0.006796665674576959 0
0.004050642809363681 0.006087251634729505 0
0.004047434998342689 0.006835976360155309 0
0.004865485147319905 0.005299307804877057 0
0.004055602162528526 0.004579976410106014 0
0.004053122485946103 0.00533361402241776 0
0.004870388876595497 0.003793915550941211 0
0.004055355752777789 0.003062339998829567 0
0.004055478957653158 0.00382115820446779 0
0.004866932482925961 0.002280425616816364 0
0.004044303076593691 0.001533922114243367 0
0.004049829414685739 0.002298131056536467 0
0.004849532562314709 0.00076086204725146 0
0.004029658848155278 0.0007669610571216833 0
0.006462657612892569 0.01411976477995925 0
0.00565156004497133 0.0134321931919191 0
0.005657680239169732 0.01417414255344021 0
0.006452225253242259 0.01263936155547084 0
0.005645505939777376 0.01195068478054051 0
0.005648532992374354 0.01269143898622981 0
0.00644902920825307 0.01116146611336829 0
0.005645495132583225 0.01046998422343899 0
0.005645500536180301 0.01121033450198975 0
0.006452726690184801 0.009684212557834677 0
0.005650961390752857 0.008988589501384765 0
0.005648228261668041 0.009729286862411875 0
0.006462482337454704 0.008205827367077064 0
0.005660826059350917 0.007504774957071947 0
0.005655893725051887 0.008246682229228357 0
0.006476847463151112 0.006724530756317472 0
0.005673322947761288 0.006016421473822484 0
0.005667074503556102 0.006760598215447215 0
0.006493490344150728 0.005238729754031598 0
0.005685652543709344 0.004521616085086172 0
0.005679487745735316 0.005269018779454328 0
0.006508568837425305 0.003747527924077052 0
0.005693305170311457 0.003019827389932092 0
0.0056894788570104 0.003770721737509132 0
0.00651508214634812 0.002251088372816216 0
0.005688709458962625 0.001511686599700489 0
0.005691007314637041 0.00226575699481629 0
0.006497553720031118 0.0007508245524490288 0
0.005673543141016774 0.0007558432998502444 0
0.00806546707782407 0.01400631675073174 0
0.007256028842172683 0.01332344638349804 0
0.00726406234535832 0.01406304076534549 0
0.008052373460316949 0.01253269891156705 0
0.007248569871386524 0.01184861408353985 0
0.007252299356779604 0.01258603023351895 0
0.008049193025477689 0.01106308744955642 0
0.007249652362344235 0.01037593947938486 0
0.007249111116865379 0.01111227678146235 0
0.008055665381880149 0.009595195583904285 0
0.007258739709720714 0.008903468662354103 0
0.007254196036032475 0.009639704070869481 0
0.008071050083833834 0.008127029062776462 0
0.007274792711567824 0.007429387767499423 0
0.00726676621064427 0.008166428214926764 0
0.008094115627037922 0.006656900229584263 0
0.00729617037862121 0.005952043218402311 0
0.007285481545094517 0.006690715492950867 0
0.008123059928706591 0.005183552530854811 0
0.007320379894236109 0.004470239066484097 0
0.00730827513642866 0.005211141142443204 0
0.008155313982606875 0.003706378018519184 0
0.00734350292579607 0.00298366687611214 0
0.00733194141001609 0.003726952971298118 0
0.008187273545010098 0.002225575397922419 0
0.007358852765562147 0.001492996894626496 0
0.007351177845679109 0.002238331885369318 0
0.00821471037355534 0.0007421723421774671 0
0.007356132046672629 0.0007464984473132479 0
0.009658594032776271 0.01388625107628417 0
0.008851889603788927 0.01321034311134026 0
0.00886203055530017 0.01394628391350795 0
0.009642608484723777 0.0124220298905092 0
0.0088430923412518 0.01174438569073599 0
0.008847490972520362 0.01247736440103812 0
0.009639704051460592 0.01096298918938607 0
0.008845804735686481 0.0102816909482065 0
0.00884444853846914 0.01101303831947124 0
0.009649691728024273 0.00950645326544958 0
0.008859552374217941 0.008819957901147365 0
0.00885267855495221 0.009550824424676932 0
0.00967193698896256 0.008050193070540234 0
0.008883434698578455 0.007357264232169331 0
0.008871493536398198 0.008088611066658348 0
0.009705505032460152 0.006592488568388309 0
0.00891618596091962 0.005892124565803241 0
0.008899810329749036 0.006624694398986286 0
0.009749319761030842 0.005132202121284199 0
0.008956193728817813 0.004423630086335768 0
0.008936189844868716 0.005157877326069505 0
0.009802353619285506 0.003668856221222458 0
0.009001473873074567 0.002951604153405874 0
0.00897883380094619 0.003687617119870821 0
0.009863987677530059 0.00220266285817681 0
0.009049787349465589 0.001476634102693355 0
0.009025630611270079 0.002214119128049615 0
0.009935195122649305 0.0007344617605158882 0
0.009074952748255779 0.0007383170513466776 0
0.01123901217135978 0.0137579659436706 0
0.01043626572491981 0.01309131565545138 0
0.01044880310206802 0.01382210850997739 0
0.0112197623943413 0.01230618038479952 0
0.01042610515414527 0.01163689461985734 0
0.01043118543953254 0.01236410513765436 0
0.01121732296761663 0.01086038615202906 0
0.01043092186493195 0.01018648072155779 0
0.01042851350953861 0.01091168767070757 0
0.01123146048979379 0.009417435217967736 0
0.01045023035288611 0.008737407761859526 0
0.01044057610890903 0.009461944241708658 0
0.01126150111153198 0.007974801385546588 0
0.01048320774760843 0.007287586694227298 0
0.01046671905024727 0.008012497228043411 0
0.01130664775280929 0.006530658852144542 0
0.01052894503766101 0.005835560726305555 0
0.01050607639263472 0.006561573710266425 0
0.01136636046367113 0.005083911164671219 0
0.01058673518704096 0.004380552559649864 0
0.01055784011235099 0.005108056642977709 0
0.01144079305597425 0.003634181886909639 0
0.0106564114882188 0.002922485548482233 0
0.01062157333762988 0.003651519054066048 0
0.01153112842317533 0.002181758053046475 0
0.01073870461248659 0.001461935362741053 0
0.0106975580503527 0.002192210455611643 0
0.01163859960570546 0.0007274736022251645 0
0.01078689736417738 0.0007309676813705263 0
0.0128030723269945 0.01362007436346142 0
0.01200572766252879 0.01296512352610452 0
0.01202104224917714 0.01368902015356601 0
0.01278010595366503 0.01218433955298921 0
0.01199414068547753 0.01152539641168421 0
0.01199993417400316 0.01224525996889437 0
0.01277836493487085 0.01075493981596294 0
0.01200154721700995 0.0100899295563078 0
0.01199784395124374 0.010807662983996 0
0.01279732615200228 0.009328100068845711 0
0.01202723942478612 0.008655605730505649 0
0.01201439332089804 0.009372767643406721 0
0.01283595921456229 0.007900918401533841 0
0.01207022090130815 0.007220114056574779 0
0.01204873016304713 0.007937859893540214 0
0.01289322440357389 0.006471434289972052 0
0.01212965125507503 0.005781979085541816 0
0.01209993607819159 0.006501046571058298 0
0.01296868128487012 0.005038601798346496 0
0.01220539049346622 0.0043405338774759 0
0.01216752087427062 0.005061256481508859 0
0.01306332971776504 0.003602202108698402 0
0.01229873228027308 0.002895850118132141 0
0.01225206138686965 0.00361819199780402 0
0.01318113335349155 0.002162713864874289 0
0.01241352949639381 0.001448621799788623 0
0.01235613088833344 0.002172235958960382 0
0.01333325711085448 0.0007211481975634587 0
0.01248592835842443 0.0007243108998943116 0
0.01434629235929567 0.0134714024416573 0
0.01355614740389234 0.012830865256255 0
0.01357468234314509 0.01354573840255936 0
0.01431922415845345 0.01205616364773296 0
0.01354318270822613 0.01140963794446718 0
0.01354966505605924 0.01212025160036109 0
0.01431870466619947 0.01064693348998778 0
0.01355388689284418 0.00999223536148354 0
0.01354853480053516 0.01070093665297536 0
0.01434351996878218 0.009239106839918326 0
0.01358695922794028 0.008574971547280496 0
0.01357042306039223 0.00928360345438202 0
0.01439178519114099 0.007829337861771007 0
0.01364078517776299 0.007155284716024352 0
0.01361387220285164 0.007865128131652424 0
0.01446160936205386 0.006415558107863331 0
0.01371404858786476 0.005731707681811031 0
0.01367741688281388 0.006443496198917692 0
0.01455181055447043 0.004996859630044312 0
0.01380644325147579 0.004303753746579777 0
0.01376024591967027 0.005017730714195404 0
0.01466271117672424 0.003573310884663183 0
0.01391959764301349 0.002871759246781807 0
0.01386302044724464 0.003587756496680792 0
0.01479681816217137 0.002145747100188819 0
0.01405835387264943 0.001436701718281299 0
0.01398897575783146 0.002154230482531554 0
0.01495736998010084 0.0007155535207178405 0
0.01414531354547766 0.0007183508591406497 0
0.01586301877454915 0.01331108769149202 0
0.01508246196241657 0.01268808800558456 0
0.01510465556692241 0.01339124506657466 0
0.01583179365465362 0.01192197910629756 0
0.01506855585069049 0.01129005474844596 0
0.01507550890655353 0.01198907137701526 0
0.01583370960269139 0.01053752365633688 0
0.01508385841820036 0.009894402397878692 0
0.01507620713444543 0.01059222857316233 0
0.015866263865786 0.009152055939068803 0
0.01512592541636782 0.008496760381108437 0
0.01510489191728409 0.009195581389493565 0
0.01592605221916563 0.007761768097768533 0
0.0151919119939388 0.007094345578431104 0
0.01515891870515331 0.00779555297976977 0
0.01600961729903014 0.006364600649665953 0
0.01527931466714521 0.00568581317909818 0
0.015235613330542 0.006390079378764643 0
0.01611424039423349 0.004959967729304237 0
0.01538673628155871 0.004271014180250369 0
0.01533302547435196 0.004978413679674274 0
0.01623888627249012 0.0035484346997212 0
0.01551486116765565 0.002850731404134014 0
0.01545079872460718 0.003560872792192192 0
0.01638605813836884 0.002131410130499962 0
0.01566801513288456 0.001426425826554766 0
0.0155914381502701 0.00213857861534439 0
0.01656757328299347 0.0007108723058369254 0
0.01576247163171314 0.0007132129132773829 0
0.01734589294809984 0.01313881053016938 0
0.01657829542365522 0.01253702989007254 0
0.01660445586132449 0.0132249491108307 0
0.01731122208292052 0.0117831414296284 0
0.01656472031391892 0.01116809064585342 0
0.01657150786878707 0.01185256026796298 0
0.01731807622412648 0.01042912608999337 0
0.01658706551289895 0.009798559100476823 0
0.01657589291340893 0.01048332487316512 0
0.01736177367250478 0.009069825162251478 0
0.01664097202539183 0.008423322000843458 0
0.01661401876914539 0.00911094055066014 0
0.01743654252070538 0.00770107794056837 0
0.01672162271447918 0.007039524037493446 0
0.01668129736993551 0.007731423019168452 0
0.01753656722066759 0.006321108663727709 0
0.01682456180521855 0.005646185275900216 0
0.01677309225984886 0.006342854656696831 0
0.01765664745094326 0.004929975937785481 0
0.01694632603995819 0.004243758391189503 0
0.01688544392258837 0.004944971833544859 0
0.01779253538063391 0.003529050054417418 0
0.01708509561316584 0.002833726362949115 0
0.01701571082656202 0.003538742377069309 0
0.0179409548358204 0.002120586416252904 0
0.0172419173610234 0.001418270183803751 0
0.01716350648709462 0.002125998273376433 0
0.01809898212944602 0.000707397877966825 0
0.01733327770626343 0.0007091350919018753 0
0.01878502859592627 0.01295524239343772 0
0.01803538311929165 0.01237907257726331 0
0.01806546077201306 0.01304702646180355 0
0.01874912550480214 0.01164264999205329 0
0.01802496446843101 0.01104671884441838 0
0.01803017379386133 0.01171289571084085 0
0.01876559953838922 0.01032601411175673 0
0.01805871129408469 0.009708421357331725 0
0.01804183788125785 0.01037757010087505 0
0.01882621207940129 0.008997040679375366 0
0.01812927445782139 0.008358444484295119 0
0.01809399287595304 0.009033432920813421 0
0.01892177697048353 0.007651609838525754 0
0.01822904503336752 0.006994243294799004 0
0.01817915974559445 0.007676343889547061 0
0.01904346161199157 0.00628878012689103 0
0.01835098379929163 0.005615645495819735 0
0.01829001441632958 0.006304944395309368 0
0.01918324680823803 0.004909777303692561 0
0.01848891045988966 0.004224107745658308 0
0.01841994712959064 0.004919876620739021 0
0.01933365296328186 0.003517203163910085 0
0.01863727788402612 0.002822145472669195 0
0.01856309417195789 0.003523126609163751 0
0.01948624369483283 0.002114487602127412 0
0.01878992064662711 0.001412928545711121 0
0.01871359926532662 0.002117537009190158 0
0.0196263414984404 0.0007055306677442959 0
0.01886266181378997 0.0007064642728555605 0
0.02016674756607658 0.01276288211225231 0
0.0194427341603459 0.01221756122821856 0
0.01947588808100143 0.01285906225284501 0
0.02013465180197255 0.01150620203339032 0
0.01944104314642878 0.01093129079722505 0
0.01944188865338734 0.01157442601272181 0
0.02016898434522697 0.0102352396856049 0
0.0194935407371874 0.009629963000136577 0
0.01946729194180809 0.01028062689868081 0
0.02025569813622764 0.008940713604967499 0
0.01958836947844153 0.008307791284206289 0
0.01954095510781446 0.008968877142171433 0
0.02038089166983588 0.007619540607268251 0
0.01971429916187788 0.006963359161587716 0
0.0196513343201597 0.007635575222897003 0
0.02053225544857712 0.0062726247016181 0
0.0198614178986908 0.005598045666921413 0
0.01978785853028434 0.006280702414254566 0
0.02069922520673545 0.00490314998618365 0
0.02002105411628268 0.004214881622954799 0
0.01994123600748674 0.004906463644938106 0
0.02087258596942269 0.00351549769540295 0
0.02018518481642187 0.002817819236358237 0
0.02010311946635228 0.003516350429656518 0
0.02104402548178867 0.002114630160602364 0
0.02034508436019963 0.001411298526371539 0
0.02026513458831075 0.002114558881364888 0
0.02120678826253545 0.0007057678586272429 0
0.02041656488060021 0.0007056492631857694 0
0.02147156732994334 0.01256763957280513 0
0.02078546837400623 0.01205931826091439 0
0.02081915744800996 0.01266526084252872 0
0.0214537497917845 0.01138403634365077 0
0.02080293321975082 0.0108309201161267 0
0.02079420079687853 0.01144511918852054 0
0.02151998790431846 0.01016802899230505 0
0.0208860390297946 0.009572348561783245 0
0.02084448612477271 0.01020163433895497 0
0.0216467044504464 0.008911033447621487 0
0.02101636355687943 0.008279398490805744 0
0.02095120129333702 0.008925873526294495 0
0.02181383612405524 0.007613214283961653 0
0.02117836423701169 0.006953356400424162 0
0.02109736389694556 0.007616377445614953 0
0.02200544330574557 0.006279028086129467 0
0.02135933451731101 0.005598296387323405 0
0.02126884937716135 0.006275826393873783 0
0.02220881260070396 0.004914700244020994 0
0.0215487032901284 0.00421955384288124 0
0.02145401890371971 0.004908925115102322 0
0.0224134402258848 0.003527007470915704 0
0.02173732290517908 0.002822951323437415 0
0.02164301309765374 0.003521252583159327 0
0.02261048400036372 0.002122767486251851 0
0.0219171865769733 0.001414446323416799 0
0.02182725474107619 0.002118698823427107 0
0.02279296363180126 0.0007086784647895557 0
0.02199987594719376 0.0007072231617083994 0
0.0226706860532957 0.01238199721194119 0
0.02204335959391448 0.01191758827516922 0
0.02207112669161952 0.01247481839237316 0
0.02268879213090366 0.01129427477610257 0
0.02209918232877368 0.01076072284458412 0
0.02207127096134408 0.01133915555987667 0
0.02281051302981596 0.01014180649234303 0
0.02223131860536074 0.009549112640063959 0
0.02216525046706721 0.01015491774232404 0
0.02299729563718426 0.008922176909251751 0
0.02241268148226992 0.008284097716809279 0
0.02232200004381533 0.008916605178436619 0
0.02322230507019312 0.007643254994827406 0
0.02262345971197844 0.006972371561979779 0
0.02251807059712418 0.007628234639394529 0
0.02346686904964598 0.006315573114917119 0
0.02284885264341312 0.005622229639066808 0
0.02273615617769578 0.006297300600523293 0
0.02371714166445002 0.004949615432855153 0
0.02307710162174086 0.00424208603780934 0
0.02296297713257699 0.004932157838438074 0
0.02396187833304884 0.003555064457987024 0
0.02329821693719278 0.002839985891093389 0
0.02318765927946682 0.003541035964451364 0
0.02419150666198016 0.00214075384869978 0
0.0235037737251511 0.001423535443858241 0
0.02340099533117194 0.002131760667475815 0
0.02439988570022313 0.0007148569790686854 0
0.02359642466601219 0.0007117677219291205 0
0.02371879104318284 0.01223198405660425 0
0.02318989388355344 0.01181826348560127 0
0.02319473854823927 0.01230699063427272 0
0.02382021964871846 0.01126925905647531 0
0.02331911789606867 0.01074527034697661 0
0.02325450588981106 0.01128176691628894 0
0.02403597644685746 0.01018274529171276 0
0.02352737158060474 0.009579281437079186 0
0.02342324473833671 0.0101622758920279 0
0.02430965999828157 0.008992612702215078 0
0.02377958405486109 0.008335508174387642 0
0.02365347781773292 0.008957394805733414 0
0.02461121946988699 0.007722055671179103 0
0.02405394048521902 0.007029802491618867 0
0.02391676227004006 0.007682655333003254 0
0.02492258615819521 0.006390393945856448 0
0.02433551472262217 0.0056761645691547 0
0.0241947276039206 0.006352983530386784 0
0.02523100667440129 0.005013123914495474 0
0.02461263361622914 0.004286574778195927 0
0.02447407416942566 0.004981369673675314 0
0.02552542477988038 0.003602881079477463 0
0.02487466949670009 0.002871370759268561 0
0.02474365155646461 0.003578972768732244 0
0.02579377861428497 0.002170326471491559 0
0.02511061577956505 0.001439709560922777 0
0.02499264263813257 0.002155540160095669 0
0.0260183063476743 0.0007248525818540918 0
0.02520909602331446 0.0007198547804613887 0
0.02419751483130551 0.01181447753731508 0
0.02412747755143572 0.01220349813057575 0
0.02446002379134284 0.01082281362064186 0
0.02432876931132418 0.01131864557897847 0
0.02477946576612845 0.009687234586888532 0
0.02461974477873564 0.0102550241037652 0
0.02512434267135067 0.008448851052043238 0
0.02495190421873957 0.009068042819465886 0
0.02547720345141439 0.007135165660953346 0
0.02530077306138253 0.007792008356498292 0
0.02582663214562742 0.005766051367737203 0
0.02565191779852091 0.006450608514345275 0
0.02616324862385343 0.004356677746551107 0
0.02599494038474042 0.005061364557144154 0
0.02647721165381338 0.002919212806862151 0
0.0263202301388334 0.003637945276706629 0
0.02675644362807662 0.001463932040564307 0
0.02661682764094499 0.00219157242371323 0
0.02687133889393946 0.0007319660202821535 0
0.04081816612436734 0.005973365178177028 0
0.04040205024139633 0.004886224258081497 0
0.04119790143540446 0.004984579367275448 0
0.04008283387265028 0.007936756304309331 0
0.03964769344317709 0.006824604336372159 0
0.04045049999850882 0.00695506074124318 0
0.0393658522732348 0.009892420504909698 0
0.03891092147204203 0.008756637846288329 0
0.03972434307294254 0.008914588404609514 0
0.03866111638380303 0.01185147484795088 0
0.03818360230204744 0.01069119236421021 0
0.03901348432851891 0.01087194767643029 0
0.03796523908816745 0.01382928777651534 0
0.03745876635377397 0.01264254778511236 0
0.03831317773598523 0.01284038131223311 0
0.03728190165947685 0.01584463582838102 0
0.03673436920721233 0.01463066868521124 0
0.03762357037382215 0.01483696180244818 0
0.036629879922534 0.01791598801137786 0
0.03602126561899122 0.01667961347943179 0
0.03695589079100543 0.01688031191987945 0
0.0353598918524892 0.01880794762172465 0
0.03634296340925591 0.01898260323544837 0
0.04077825971596443 0.001922258422889509 0
0.04041650493238055 0.0009418291764867517 0
0.04120072429718463 0.0009611292114447543 0
0.03997818421310116 0.003838876382728532 0
0.03957578873380189 0.002823373638702904 0
0.0403782219645328 0.002880567402809021 0
0.03920996572602711 0.005746944927922261 0
0.03878609969773195 0.004699597052569296 0
0.03959407496956414 0.004792910655325396 0
0.03846222322257943 0.007647697503454506 0
0.03802449550542945 0.006570038095004609 0
0.03883609447430326 0.006697321215688385 0
0.03772332371856317 0.009547156064474073 0
0.03727462546910057 0.008438215721640248 0
0.0380927734705713 0.008597426783964288 0
0.03698163361086761 0.01145691713652593 0
0.03652135502738335 0.01031288083678979 0
0.03735247866471539 0.0105020366005 0
0.03622663753054602 0.01339574590026057 0
0.03574950478763966 0.01221011525167414 0
0.03660413557070682 0.01242633151839325 0
0.03545240499231844 0.01539218134156639 0
0.03494467331565214 0.01415725855661571 0
0.03583952126143222 0.01439396362091348 0
0.03466914607991646 0.01748625938832957 0
0.03410028545324369 0.01619882725046417 0
0.03506077553611744 0.01643922036494798 0
0.0332532039316917 0.01839530046529132 0
0.03430654789209045 0.01860162404350799 0
0.03914880917966176 0.001847172173814849 0
0.039578901389753 0.0009235860869074243 0
0.03834687466397154 0.003690508623728489 0
0.03874784192181665 0.002768840398771669 0
0.03758128934406055 0.005527840647328983 0
0.03796408200401604 0.004609174635528736 0
0.03683276957307713 0.007359932717112357 0
0.03720702945856884 0.00644388668222067 0
0.03608358576757086 0.00919158911300616 0
0.036458177670324 0.008275760915059258 0
0.03531545681055824 0.01103329173341819 0
0.03569952128906455 0.01011244042321218 0
0.03450727243083059 0.01290459734643463 0
0.03491136462069441 0.01196894453992641 0
0.03363193469933444 0.01484208424929439 0
0.03406960356508251 0.01387334079786451 0
0.03265034970054897 0.01691987950168763 0
0.0331411421999417 0.01588098187549101 0
0.03207358954652436 0.01811464084116293 0
$EndNodes
$Elements
6 3608 1 3608
1 1 1 52
1 1 6 
2 6 7 
3 7 8 
4 8 9 
5 9 10 
6 10 11 
7 11 12 
8 12 13 
9 13 14 
10 14 15 
11 15 16 
12 16 17 
13 17 18 
14 18 19 
15 19 20 
16 20 21 
17 21 22 
18 22 23 
19 23 24 
20 24 25 
21 25 26 
22 26 27 
23 27 28 
24 28 29 
25 29 30 
26 30 31 
27 31 32 
28 32 33 
29 33 34 
30 34 35 
31 35 36 
32 36 37 
33 37 38 
34 38 39 
35 39 40 
36 40 41 
37 41 42 
38 42 43 
39 43 44 
40 44 45 
41 45 46 
42 46 47 
43 47 48 
44 48 49 
45 49 50 
46 50 51 
47 51 52 
48 52 53 
49 53 54 
50 54 55 
51 55 56 
52 56 2 
1 2 1 68
53 2 57 
54 57 58 
55 58 59 
56 59 60 
57 60 61 
58 61 62 
59 62 63 
60 63 64 
61 64 65 
62 65 66 
63 66 67 
64 67 68 
65 68 69 
66 69 70 
67 70 71 
68 71 72 
69 72 73 
70 73 74 
71 74 75 
72 75 76 
73 76 77 
74 77 78 
75 78 79 
76 79 80 
77 80 81 
78 81 82 
79 82 83 
80 83 84 
81 84 85 
82 85 86 
83 86 87 
84 87 88 
85 88 89 
86 89 90 
87 90 91 
88 91 92 
89 92 93 
90 93 94 
91 94 95 
92 95 96 
93 96 97 
94 97 98 
95 98 99 
96 99 100 
97 100 101 
98 101 102 
99 102 103 
100 103 104 
101 104 105 
102 105 106 
103 106 107 
104 107 108 
105 108 109 
106 109 110 
107 110 111 
108 111 112 
109 112 113 
110 113 114 
111 114 115 
112 115 116 
113 116 117 
114 117 118 
115 118 119 
116 119 120 
117 120 121 
118 121 122 
119 122 123 
120 123 3 
1 3 1 40
121 3 124 
122 124 125 
123 125 126 
124 126 127 
125 127 128 
126 128 129 
127 129 130 
128 130 131 
129 131 132 
130 132 133 
131 133 134 
132 134 135 
133 135 136 
134 136 137 
135 137 138 
136 138 139 
137 139 140 
138 140 141 
139 141 142 
140 142 143 
141 143 144 
142 144 145 
143 145 146 
144 146 147 
145 147 148 
146 148 149 
147 149 150 
148 150 151 
149 151 152 
150 152 153 
151 153 154 
152 154 155 
153 155 156 
154 156 157 
155 157 158 
156 158 159 
157 159 160 
158 160 161 
159 161 162 
160 162 4 
1 4 1 20
161 4 163 
162 163 164 
163 164 165 
164 165 166 
165 166 167 
166 167 168 
167 168 169 
168 169 170 
169 170 171 
170 171 172 
171 172 173 
172 173 174 
173 174 175 
174 175 176 
175 176 177 
176 177 178 
177 178 179 
178 179 180 
179 180 181 
180 181 5 
1 5 1 60
181 5 182 
182 182 183 
183 183 184 
184 184 185 
185 185 186 
186 186 187 
187 187 188 
188 188 189 
189 189 190 
190 190 191 
191 191 192 
192 192 193 
193 193 194 
194 194 195 
195 195 196 
196 196 197 
197 197 198 
198 198 199 
199 199 200 
200 200 201 
201 201 202 
202 202 203 
203 203 204 
204 204 205 
205 205 206 
206 206 207 
207 207 208 
208 208 209 
209 209 210 
210 210 211 
211 211 212 
212 212 213 
213 213 214 
214 214 215 
215 215 216 
216 216 217 
217 217 218 
218 218 219 
219 219 220 
220 220 221 
221 221 222 
222 222 223 
223 223 224 
224 224 225 
225 225 226 
226 226 227 
227 227 228 
228 228 229 
229 229 230 
230 230 231 
231 231 232 
232 232 233 
233 233 234 
234 234 235 
235 235 236 
236 236 237 
237 237 238 
238 238 239 
239 239 240 
240 240 1 
2 1 3 3368
241 339 1024 1028 1027 
242 1024 348 1025 1028 
243 1028 1025 349 1026 
244 1027 1028 1026 340 
245 340 1026 1031 1030 
246 1026 349 1029 1031 
247 1031 1029 189 190 
248 1030 1031 190 191 
249 245 1032 1036 1035 
250 1032 246 1033 1036 
251 1036 1033 350 1034 
252 1035 1036 1034 341 
253 341 1034 1040 1039 
254 1034 350 1037 1040 
255 1040 1037 351 1038 
256 1039 1040 1038 342 
257 342 1038 1044 1043 
258 1038 351 1041 1044 
259 1044 1041 352 1042 
260 1043 1044 1042 343 
261 343 1042 1048 1047 
262 1042 352 1045 1048 
263 1048 1045 353 1046 
264 1047 1048 1046 344 
265 344 1046 1052 1051 
266 1046 353 1049 1052 
267 1052 1049 354 1050 
268 1051 1052 1050 345 
269 345 1050 1056 1055 
270 1050 354 1053 1056 
271 1056 1053 355 1054 
272 1055 1056 1054 346 
273 346 1054 1060 1059 
274 1054 355 1057 1060 
275 1060 1057 356 1058 
276 1059 1060 1058 347 
277 347 1058 1064 1063 
278 1058 356 1061 1064 
279 1064 1061 357 1062 
280 1063 1064 1062 348 
281 348 1062 1067 1025 
282 1062 357 1065 1067 
283 1067 1065 358 1066 
284 1025 1067 1066 349 
285 349 1066 1069 1029 
286 1066 358 1068 1069 
287 1069 1068 187 188 
288 1029 1069 188 189 
289 246 1070 1073 1033 
290 1070 247 1071 1073 
291 1073 1071 359 1072 
292 1033 1073 1072 350 
293 350 1072 1076 1037 
294 1072 359 1074 1076 
295 1076 1074 360 1075 
296 1037 1076 1075 351 
297 351 1075 1079 1041 
298 1075 360 1077 1079 
299 1079 1077 361 1078 
300 1041 1079 1078 352 
301 352 1078 1082 1045 
302 1078 361 1080 1082 
303 1082 1080 362 1081 
304 1045 1082 1081 353 
305 353 1081 1085 1049 
306 1081 362 1083 1085 
307 1085 1083 363 1084 
308 1049 1085 1084 354 
309 354 1084 1088 1053 
310 1084 363 1086 1088 
311 1088 1086 364 1087 
312 1053 1088 1087 355 
313 355 1087 1091 1057 
314 1087 364 1089 1091 
315 1091 1089 365 1090 
316 1057 1091 1090 356 
317 356 1090 1094 1061 
318 1090 365 1092 1094 
319 1094 1092 366 1093 
320 1061 1094 1093 357 
321 357 1093 1097 1065 
322 1093 366 1095 1097 
323 1097 1095 367 1096 
324 1065 1097 1096 358 
325 358 1096 1099 1068 
326 1096 367 1098 1099 
327 1099 1098 185 186 
328 1068 1099 186 187 
329 247 1100 1103 1071 
330 1100 248 1101 1103 
331 1103 1101 368 1102 
332 1071 1103 1102 359 
333 359 1102 1106 1074 
334 1102 368 1104 1106 
335 1106 1104 369 1105 
336 1074 1106 1105 360 
337 360 1105 1109 1077 
338 1105 369 1107 1109 
339 1109 1107 370 1108 
340 1077 1109 1108 361 
341 361 1108 1112 1080 
342 1108 370 1110 1112 
343 1112 1110 371 1111 
344 1080 1112 1111 362 
345 362 1111 1115 1083 
346 1111 371 1113 1115 
347 1115 1113 372 1114 
348 1083 1115 1114 363 
349 363 1114 1118 1086 
350 1114 372 1116 1118 
351 1118 1116 373 1117 
352 1086 1118 1117 364 
353 364 1117 1121 1089 
354 1117 373 1119 1121 
355 1121 1119 374 1120 
356 1089 1121 1120 365 
357 365 1120 1124 1092 
358 1120 374 1122 1124 
359 1124 1122 375 1123 
360 1092 1124 1123 366 
361 366 1123 1127 1095 
362 1123 375 1125 1127 
363 1127 1125 376 1126 
364 1095 1127 1126 367 
365 367 1126 1129 1098 
366 1126 376 1128 1129 
367 1129 1128 183 184 
368 1098 1129 184 185 
369 248 1130 1133 1101 
370 1130 249 1131 1133 
371 1133 1131 377 1132 
372 1101 1133 1132 368 
373 368 1132 1136 1104 
374 1132 377 1134 1136 
375 1136 1134 378 1135 
376 1104 1136 1135 369 
377 369 1135 1139 1107 
378 1135 378 1137 1139 
379 1139 1137 379 1138 
380 1107 1139 1138 370 
381 370 1138 1142 1110 
382 1138 379 1140 1142 
383 1142 1140 380 1141 
384 1110 1142 1141 371 
385 371 1141 1145 1113 
386 1141 380 1143 1145 
387 1145 1143 381 1144 
388 1113 1145 1144 372 
389 372 1144 1148 1116 
390 1144 381 1146 1148 
391 1148 1146 382 1147 
392 1116 1148 1147 373 
393 373 1147 1151 1119 
394 1147 382 1149 1151 
395 1151 1149 383 1150 
396 1119 1151 1150 374 
397 374 1150 1154 1122 
398 1150 383 1152 1154 
399 1154 1152 384 1153 
400 1122 1154 1153 375 
401 375 1153 1157 1125 
402 1153 384 1155 1157 
403 1157 1155 385 1156 
404 1125 1157 1156 376 
405 376 1156 1159 1128 
406 1156 385 1158 1159 
407 1159 1158 5 182 
408 1128 1159 182 183 
409 249 1160 1163 1131 
410 1160 250 1161 1163 
411 1163 1161 386 1162 
412 1131 1163 1162 377 
413 377 1162 1166 1134 
414 1162 386 1164 1166 
415 1166 1164 387 1165 
416 1134 1166 1165 378 
417 378 1165 1169 1137 
418 1165 387 1167 1169 
419 1169 1167 388 1168 
420 1137 1169 1168 379 
421 379 1168 1172 1140 
422 1168 388 1170 1172 
423 1172 1170 389 1171 
424 1140 1172 1171 380 
425 380 1171 1175 1143 
426 1171 389 1173 1175 
427 1175 1173 390 1174 
428 1143 1175 1174 381 
429 381 1174 1178 1146 
430 1174 390 1176 1178 
431 1178 1176 391 1177 
432 1146 1178 1177 382 
433 382 1177 1181 1149 
434 1177 391 1179 1181 
435 1181 1179 392 1180 
436 1149 1181 1180 383 
437 383 1180 1184 1152 
438 1180 392 1182 1184 
439 1184 1182 393 1183 
440 1152 1184 1183 384 
441 384 1183 1187 1155 
442 1183 393 1185 1187 
443 1187 1185 394 1186 
444 1155 1187 1186 385 
445 385 1186 1189 1158 
446 1186 394 1188 1189 
447 1189 1188 180 181 
448 1158 1189 181 5 
449 250 1190 1193 1161 
450 1190 251 1191 1193 
451 1193 1191 395 1192 
452 1161 1193 1192 386 
453 386 1192 1196 1164 
454 1192 395 1194 1196 
455 1196 1194 396 1195 
456 1164 1196 1195 387 
457 387 1195 1199 1167 
458 1195 396 1197 1199 
459 1199 1197 397 1198 
460 1167 1199 1198 388 
461 388 1198 1202 1170 
462 1198 397 1200 1202 
463 1202 1200 398 1201 
464 1170 1202 1201 389 
465 389 1201 1205 1173 
466 1201 398 1203 1205 
467 1205 1203 399 1204 
468 1173 1205 1204 390 
469 390 1204 1208 1176 
470 1204 399 1206 1208 
471 1208 1206 400 1207 
472 1176 1208 1207 391 
473 391 1207 1211 1179 
474 1207 400 1209 1211 
475 1211 1209 401 1210 
476 1179 1211 1210 392 
477 392 1210 1214 1182 
478 1210 401 1212 1214 
479 1214 1212 402 1213 
480 1182 1214 1213 393 
481 393 1213 1217 1185 
482 1213 402 1215 1217 
483 1217 1215 403 1216 
484 1185 1217 1216 394 
485 394 1216 1219 1188 
486 1216 403 1218 1219 
487 1219 1218 178 179 
488 1188 1219 179 180 
489 251 1220 1223 1191 
490 1220 252 1221 1223 
491 1223 1221 404 1222 
492 1191 1223 1222 395 
493 395 1222 1226 1194 
494 1222 404 1224 1226 
495 1226 1224 405 1225 
496 1194 1226 1225 396 
497 396 1225 1229 1197 
498 1225 405 1227 1229 
499 1229 1227 406 1228 
500 1197 1229 1228 397 
501 397 1228 1232 1200 
502 1228 406 1230 1232 
503 1232 1230 407 1231 
504 1200 1232 1231 398 
505 398 1231 1235 1203 
506 1231 407 1233 1235 
507 1235 1233 408 1234 
508 1203 1235 1234 399 
509 399 1234 1238 1206 
510 1234 408 1236 1238 
511 1238 1236 409 1237 
512 1206 1238 1237 400 
513 400 1237 1241 1209 
514 1237 409 1239 1241 
515 1241 1239 410 1240 
516 1209 1241 1240 401 
517 401 1240 1244 1212 
518 1240 410 1242 1244 
519 1244 1242 411 1243 
520 1212 1244 1243 402 
521 402 1243 1247 1215 
522 1243 411 1245 1247 
523 1247 1245 412 1246 
524 1215 1247 1246 403 
525 403 1246 1249 1218 
526 1246 412 1248 1249 
527 1249 1248 176 177 
528 1218 1249 177 178 
529 252 1250 1253 1221 
530 1250 253 1251 1253 
531 1253 1251 413 1252 
532 1221 1253 1252 404 
533 404 1252 1256 1224 
534 1252 413 1254 1256 
535 1256 1254 414 1255 
536 1224 1256 1255 405 
537 405 1255 1259 1227 
538 1255 414 1257 1259 
539 1259 1257 415 1258 
540 1227 1259 1258 406 
541 406 1258 1262 1230 
542 1258 415 1260 1262 
543 1262 1260 416 1261 
544 1230 1262 1261 407 
545 407 1261 1265 1233 
546 1261 416 1263 1265 
547 1265 1263 417 1264 
548 1233 1265 1264 408 
549 408 1264 1268 1236 
550 1264 417 1266 1268 
551 1268 1266 418 1267 
552 1236 1268 1267 409 
553 409 1267 1271 1239 
554 1267 418 1269 1271 
555 1271 1269 419 1270 
556 1239 1271 1270 410 
557 410 1270 1274 1242 
558 1270 419 1272 1274 
559 1274 1272 420 1273 
560 1242 1274 1273 411 
561 411 1273 1277 1245 
562 1273 420 1275 1277 
563 1277 1275 421 1276 
564 1245 1277 1276 412 
565 412 1276 1279 1248 
566 1276 421 1278 1279 
567 1279 1278 174 175 
568 1248 1279 175 176 
569 253 1280 1283 1251 
570 1280 254 1281 1283 
571 1283 1281 422 1282 
572 1251 1283 1282 413 
573 413 1282 1286 1254 
574 1282 422 1284 1286 
575 1286 1284 423 1285 
576 1254 1286 1285 414 
577 414 1285 1289 1257 
578 1285 423 1287 1289 
579 1289 1287 424 1288 
580 1257 1289 1288 415 
581 415 1288 1292 1260 
582 1288 424 1290 1292 
583 1292 1290 425 1291 
584 1260 1292 1291 416 
585 416 1291 1295 1263 
586 1291 425 1293 1295 
587 1295 1293 426 1294 
588 1263 1295 1294 417 
589 417 1294 1298 1266 
590 1294 426 1296 1298 
591 1298 1296 427 1297 
592 1266 1298 1297 418 
593 418 1297 1301 1269 
594 1297 427 1299 1301 
595 1301 1299 428 1300 
596 1269 1301 1300 419 
597 419 1300 1304 1272 
598 1300 428 1302 1304 
599 1304 1302 429 1303 
600 1272 1304 1303 420 
601 420 1303 1307 1275 
602 1303 429 1305 1307 
603 1307 1305 430 1306 
604 1275 1307 1306 421 
605 421 1306 1309 1278 
606 1306 430 1308 1309 
607 1309 1308 172 173 
608 1278 1309 173 174 
609 254 1310 1313 1281 
610 1310 255 1311 1313 
611 1313 1311 431 1312 
612 1281 1313 1312 422 
613 422 1312 1316 1284 
614 1312 431 1314 1316 
615 1316 1314 432 1315 
616 1284 1316 1315 423 
617 423 1315 1319 1287 
618 1315 432 1317 1319 
619 1319 1317 433 1318 
620 1287 1319 1318 424 
621 424 1318 1322 1290 
622 1318 433 1320 1322 
623 1322 1320 434 1321 
624 1290 1322 1321 425 
625 425 1321 1325 1293 
626 1321 434 1323 1325 
627 1325 1323 435 1324 
628 1293 1325 1324 426 
629 426 1324 1328 1296 
630 1324 435 1326 1328 
631 1328 1326 436 1327 
632 1296 1328 1327 427 
633 427 1327 1331 1299 
634 1327 436 1329 1331 
635 1331 1329 437 1330 
636 1299 1331 1330 428 
637 428 1330 1334 1302 
638 1330 437 1332 1334 
639 1334 1332 438 1333 
640 1302 1334 1333 429 
641 429 1333 1337 1305 
642 1333 438 1335 1337 
643 1337 1335 439 1336 
644 1305 1337 1336 430 
645 430 1336 1339 1308 
646 1336 439 1338 1339 
647 1339 1338 170 171 
648 1308 1339 171 172 
649 255 1340 1343 1311 
650 1340 256 1341 1343 
651 1343 1341 440 1342 
652 1311 1343 1342 431 
653 431 1342 1346 1314 
654 1342 440 1344 1346 
655 1346 1344 441 1345 
656 1314 1346 1345 432 
657 432 1345 1349 1317 
658 1345 441 1347 1349 
659 1349 1347 442 1348 
660 1317 1349 1348 433 
661 433 1348 1352 1320 
662 1348 442 1350 1352 
663 1352 1350 443 1351 
664 1320 1352 1351 434 
665 434 1351 1355 1323 
666 1351 443 1353 1355 
667 1355 1353 444 1354 
668 1323 1355 1354 435 
669 435 1354 1358 1326 
670 1354 444 1356 1358 
671 1358 1356 445 1357 
672 1326 1358 1357 436 
673 436 1357 1361 1329 
674 1357 445 1359 1361 
675 1361 1359 446 1360 
676 1329 1361 1360 437 
677 437 1360 1364 1332 
678 1360 446 1362 1364 
679 1364 1362 447 1363 
680 1332 1364 1363 438 
681 438 1363 1367 1335 
682 1363 447 1365 1367 
683 1367 1365 448 1366 
684 1335 1367 1366 439 
685 439 1366 1369 1338 
686 1366 448 1368 1369 
687 1369 1368 168 169 
688 1338 1369 169 170 
689 256 1370 1373 1341 
690 1370 257 1371 1373 
691 1373 1371 449 1372 
692 1341 1373 1372 440 
693 440 1372 1376 1344 
694 1372 449 1374 1376 
695 1376 1374 450 1375 
696 1344 1376 1375 441 
697 441 1375 1379 1347 
698 1375 450 1377 1379 
699 1379 1377 451 1378 
700 1347 1379 1378 442 
701 442 1378 1382 1350 
702 1378 451 1380 1382 
703 1382 1380 452 1381 
704 1350 1382 1381 443 
705 443 1381 1385 1353 
706 1381 452 1383 1385 
707 1385 1383 453 1384 
708 1353 1385 1384 444 
709 444 1384 1388 1356 
710 1384 453 1386 1388 
711 1388 1386 454 1387 
712 1356 1388 1387 445 
713 445 1387 1391 1359 
714 1387 454 1389 1391 
715 1391 1389 455 1390 
716 1359 1391 1390 446 
717 446 1390 1394 1362 
718 1390 455 1392 1394 
719 1394 1392 456 1393 
720 1362 1394 1393 447 
721 447 1393 1397 1365 
722 1393 456 1395 1397 
723 1397 1395 457 1396 
724 1365 1397 1396 448 
725 448 1396 1399 1368 
726 1396 457 1398 1399 
727 1399 1398 166 167 
728 1368 1399 167 168 
729 257 1400 1403 1371 
730 1400 258 1401 1403 
731 1403 1401 458 1402 
732 1371 1403 1402 449 
733 449 1402 1406 1374 
734 1402 458 1404 1406 
735 1406 1404 459 1405 
736 1374 1406 1405 450 
737 450 1405 1409 1377 
738 1405 459 1407 1409 
739 1409 1407 460 1408 
740 1377 1409 1408 451 
741 451 1408 1412 1380 
742 1408 460 1410 1412 
743 1412 1410 461 1411 
744 1380 1412 1411 452 
745 452 1411 1415 1383 
746 1411 461 1413 1415 
747 1415 1413 462 1414 
748 1383 1415 1414 453 
749 453 1414 1418 1386 
750 1414 462 1416 1418 
751 1418 1416 463 1417 
752 1386 1418 1417 454 
753 454 1417 1421 1389 
754 1417 463 1419 1421 
755 1421 1419 464 1420 
756 1389 1421 1420 455 
757 455 1420 1424 1392 
758 1420 464 1422 1424 
759 1424 1422 465 1423 
760 1392 1424 1423 456 
761 456 1423 1427 1395 
762 1423 465 1425 1427 
763 1427 1425 466 1426 
764 1395 1427 1426 457 
765 457 1426 1429 1398 
766 1426 466 1428 1429 
767 1429 1428 164 165 
768 1398 1429 165 166 
769 258 1430 1432 1401 
770 1430 143 144 1432 
771 1432 144 145 1431 
772 1401 1432 1431 458 
773 458 1431 1434 1404 
774 1431 145 146 1434 
775 1434 146 147 1433 
776 1404 1434 1433 459 
777 459 1433 1436 1407 
778 1433 147 148 1436 
779 1436 148 149 1435 
780 1407 1436 1435 460 
781 460 1435 1438 1410 
782 1435 149 150 1438 
783 1438 150 151 1437 
784 1410 1438 1437 461 
785 461 1437 1440 1413 
786 1437 151 152 1440 
787 1440 152 153 1439 
788 1413 1440 1439 462 
789 462 1439 1442 1416 
790 1439 153 154 1442 
791 1442 154 155 1441 
792 1416 1442 1441 463 
793 463 1441 1444 1419 
794 1441 155 156 1444 
795 1444 156 157 1443 
796 1419 1444 1443 464 
797 464 1443 1446 1422 
798 1443 157 158 1446 
799 1446 158 159 1445 
800 1422 1446 1445 465 
801 465 1445 1448 1425 
802 1445 159 160 1448 
803 1448 160 161 1447 
804 1425 1448 1447 466 
805 466 1447 1449 1428 
806 1447 161 162 1449 
807 1449 162 4 163 
808 1428 1449 163 164 
809 241 1450 1454 1453 
810 1450 268 1451 1454 
811 1454 1451 467 1452 
812 1453 1454 1452 243 
813 243 1452 1458 1457 
814 1452 467 1455 1458 
815 1458 1455 468 1456 
816 1457 1458 1456 244 
817 244 1456 1462 1461 
818 1456 468 1459 1462 
819 1462 1459 469 1460 
820 1461 1462 1460 245 
821 245 1460 1465 1032 
822 1460 469 1463 1465 
823 1465 1463 470 1464 
824 1032 1465 1464 246 
825 246 1464 1468 1070 
826 1464 470 1466 1468 
827 1468 1466 471 1467 
828 1070 1468 1467 247 
829 247 1467 1471 1100 
830 1467 471 1469 1471 
831 1471 1469 472 1470 
832 1100 1471 1470 248 
833 248 1470 1474 1130 
834 1470 472 1472 1474 
835 1474 1472 473 1473 
836 1130 1474 1473 249 
837 249 1473 1477 1160 
838 1473 473 1475 1477 
839 1477 1475 474 1476 
840 1160 1477 1476 250 
841 250 1476 1480 1190 
842 1476 474 1478 1480 
843 1480 1478 475 1479 
844 1190 1480 1479 251 
845 251 1479 1483 1220 
846 1479 475 1481 1483 
847 1483 1481 476 1482 
848 1220 1483 1482 252 
849 252 1482 1486 1250 
850 1482 476 1484 1486 
851 1486 1484 477 1485 
852 1250 1486 1485 253 
853 253 1485 1489 1280 
854 1485 477 1487 1489 
855 1489 1487 478 1488 
856 1280 1489 1488 254 
857 254 1488 1492 1310 
858 1488 478 1490 1492 
859 1492 1490 479 1491 
860 1310 1492 1491 255 
861 255 1491 1495 1340 
862 1491 479 1493 1495 
863 1495 1493 480 1494 
864 1340 1495 1494 256 
865 256 1494 1498 1370 
866 1494 480 1496 1498 
867 1498 1496 481 1497 
868 1370 1498 1497 257 
869 257 1497 1501 1400 
870 1497 481 1499 1501 
871 1501 1499 482 1500 
872 1400 1501 1500 258 
873 258 1500 1503 1430 
874 1500 482 1502 1503 
875 1503 1502 141 142 
876 1430 1503 142 143 
877 268 1504 1507 1451 
878 1504 269 1505 1507 
879 1507 1505 483 1506 
880 1451 1507 1506 467 
881 467 1506 1510 1455 
882 1506 483 1508 1510 
883 1510 1508 484 1509 
884 1455 1510 1509 468 
885 468 1509 1513 1459 
886 1509 484 1511 1513 
887 1513 1511 485 1512 
888 1459 1513 1512 469 
889 469 1512 1516 1463 
890 1512 485 1514 1516 
891 1516 1514 486 1515 
892 1463 1516 1515 470 
893 470 1515 1519 1466 
894 1515 486 1517 1519 
895 1519 1517 487 1518 
896 1466 1519 1518 471 
897 471 1518 1522 1469 
898 1518 487 1520 1522 
899 1522 1520 488 1521 
900 1469 1522 1521 472 
901 472 1521 1525 1472 
902 1521 488 1523 1525 
903 1525 1523 489 1524 
904 1472 1525 1524 473 
905 473 1524 1528 1475 
906 1524 489 1526 1528 
907 1528 1526 490 1527 
908 1475 1528 1527 474 
909 474 1527 1531 1478 
910 1527 490 1529 1531 
911 1531 1529 491 1530 
912 1478 1531 1530 475 
913 475 1530 1534 1481 
914 1530 491 1532 1534 
915 1534 1532 492 1533 
916 1481 1534 1533 476 
917 476 1533 1537 1484 
918 1533 492 1535 1537 
919 1537 1535 493 1536 
920 1484 1537 1536 477 
921 477 1536 1540 1487 
922 1536 493 1538 1540 
923 1540 1538 494 1539 
924 1487 1540 1539 478 
925 478 1539 1543 1490 
926 1539 494 1541 1543 
927 1543 1541 495 1542 
928 1490 1543 1542 479 
929 479 1542 1546 1493 
930 1542 495 1544 1546 
931 1546 1544 496 1545 
932 1493 1546 1545 480 
933 480 1545 1549 1496 
934 1545 496 1547 1549 
935 1549 1547 497 1548 
936 1496 1549 1548 481 
937 481 1548 1552 1499 
938 1548 497 1550 1552 
939 1552 1550 498 1551 
940 1499 1552 1551 482 
941 482 1551 1554 1502 
942 1551 498 1553 1554 
943 1554 1553 139 140 
944 1502 1554 140 141 
945 269 1555 1558 1505 
946 1555 270 1556 1558 
947 1558 1556 499 1557 
948 1505 1558 1557 483 
949 483 1557 1561 1508 
950 1557 499 1559 1561 
951 1561 1559 500 1560 
952 1508 1561 1560 484 
953 484 1560 1564 1511 
954 1560 500 1562 1564 
955 1564 1562 501 1563 
956 1511 1564 1563 485 
957 485 1563 1567 1514 
958 1563 501 1565 1567 
959 1567 1565 502 1566 
960 1514 1567 1566 486 
961 486 1566 1570 1517 
962 1566 502 1568 1570 
963 1570 1568 503 1569 
964 1517 1570 1569 487 
965 487 1569 1573 1520 
966 1569 503 1571 1573 
967 1573 1571 504 1572 
968 1520 1573 1572 488 
969 488 1572 1576 1523 
970 1572 504 1574 1576 
971 1576 1574 505 1575 
972 1523 1576 1575 489 
973 489 1575 1579 1526 
974 1575 505 1577 1579 
975 1579 1577 506 1578 
976 1526 1579 1578 490 
977 490 1578 1582 1529 
978 1578 506 1580 1582 
979 1582 1580 507 1581 
980 1529 1582 1581 491 
981 491 1581 1585 1532 
982 1581 507 1583 1585 
983 1585 1583 508 1584 
984 1532 1585 1584 492 
985 492 1584 1588 1535 
986 1584 508 1586 1588 
987 1588 1586 509 1587 
988 1535 1588 1587 493 
989 493 1587 1591 1538 
990 1587 509 1589 1591 
991 1591 1589 510 1590 
992 1538 1591 1590 494 
993 494 1590 1594 1541 
994 1590 510 1592 1594 
995 1594 1592 511 1593 
996 1541 1594 1593 495 
997 495 1593 1597 1544 
998 1593 511 1595 1597 
999 1597 1595 512 1596 
1000 1544 1597 1596 496 
1001 496 1596 1600 1547 
1002 1596 512 1598 1600 
1003 1600 1598 513 1599 
1004 1547 1600 1599 497 
1005 497 1599 1603 1550 
1006 1599 513 1601 1603 
1007 1603 1601 514 1602 
1008 1550 1603 1602 498 
1009 498 1602 1605 1553 
1010 1602 514 1604 1605 
1011 1605 1604 137 138 
1012 1553 1605 138 139 
1013 270 1606 1609 1556 
1014 1606 271 1607 1609 
1015 1609 1607 515 1608 
1016 1556 1609 1608 499 
1017 499 1608 1612 1559 
1018 1608 515 1610 1612 
1019 1612 1610 516 1611 
1020 1559 1612 1611 500 
1021 500 1611 1615 1562 
1022 1611 516 1613 1615 
1023 1615 1613 517 1614 
1024 1562 1615 1614 501 
1025 501 1614 1618 1565 
1026 1614 517 1616 1618 
1027 1618 1616 518 1617 
1028 1565 1618 1617 502 
1029 502 1617 1621 1568 
1030 1617 518 1619 1621 
1031 1621 1619 519 1620 
1032 1568 1621 1620 503 
1033 503 1620 1624 1571 
1034 1620 519 1622 1624 
1035 1624 1622 520 1623 
1036 1571 1624 1623 504 
1037 504 1623 1627 1574 
1038 1623 520 1625 1627 
1039 1627 1625 521 1626 
1040 1574 1627 1626 505 
1041 505 1626 1630 1577 
1042 1626 521 1628 1630 
1043 1630 1628 522 1629 
1044 1577 1630 1629 506 
1045 506 1629 1633 1580 
1046 1629 522 1631 1633 
1047 1633 1631 523 1632 
1048 1580 1633 1632 507 
1049 507 1632 1636 1583 
1050 1632 523 1634 1636 
1051 1636 1634 524 1635 
1052 1583 1636 1635 508 
1053 508 1635 1639 1586 
1054 1635 524 1637 1639 
1055 1639 1637 525 1638 
1056 1586 1639 1638 509 
1057 509 1638 1642 1589 
1058 1638 525 1640 1642 
1059 1642 1640 526 1641 
1060 1589 1642 1641 510 
1061 510 1641 1645 1592 
1062 1641 526 1643 1645 
1063 1645 1643 527 1644 
1064 1592 1645 1644 511 
1065 511 1644 1648 1595 
1066 1644 527 1646 1648 
1067 1648 1646 528 1647 
1068 1595 1648 1647 512 
1069 512 1647 1651 1598 
1070 1647 528 1649 1651 
1071 1651 1649 529 1650 
1072 1598 1651 1650 513 
1073 513 1650 1654 1601 
1074 1650 529 1652 1654 
1075 1654 1652 530 1653 
1076 1601 1654 1653 514 
1077 514 1653 1656 1604 
1078 1653 530 1655 1656 
1079 1656 1655 135 136 
1080 1604 1656 136 137 
1081 271 1657 1660 1607 
1082 1657 272 1658 1660 
1083 1660 1658 531 1659 
1084 1607 1660 1659 515 
1085 515 1659 1663 1610 
1086 1659 531 1661 1663 
1087 1663 1661 532 1662 
1088 1610 1663 1662 516 
1089 516 1662 1666 1613 
1090 1662 532 1664 1666 
1091 1666 1664 533 1665 
1092 1613 1666 1665 517 
1093 517 1665 1669 1616 
1094 1665 533 1667 1669 
1095 1669 1667 534 1668 
1096 1616 1669 1668 518 
1097 518 1668 1672 1619 
1098 1668 534 1670 1672 
1099 1672 1670 535 1671 
1100 1619 1672 1671 519 
1101 519 1671 1675 1622 
1102 1671 535 1673 1675 
1103 1675 1673 536 1674 
1104 1622 1675 1674 520 
1105 520 1674 1678 1625 
1106 1674 536 1676 1678 
1107 1678 1676 537 1677 
1108 1625 1678 1677 521 
1109 521 1677 1681 1628 
1110 1677 537 1679 1681 
1111 1681 1679 538 1680 
1112 1628 1681 1680 522 
1113 522 1680 1684 1631 
1114 1680 538 1682 1684 
1115 1684 1682 539 1683 
1116 1631 1684 1683 523 
1117 523 1683 1687 1634 
1118 1683 539 1685 1687 
1119 1687 1685 540 1686 
1120 1634 1687 1686 524 
1121 524 1686 1690 1637 
1122 1686 540 1688 1690 
1123 1690 1688 541 1689 
1124 1637 1690 1689 525 
1125 525 1689 1693 1640 
1126 1689 541 1691 1693 
1127 1693 1691 542 1692 
1128 1640 1693 1692 526 
1129 526 1692 1696 1643 
1130 1692 542 1694 1696 
1131 1696 1694 543 1695 
1132 1643 1696 1695 527 
1133 527 1695 1699 1646 
1134 1695 543 1697 1699 
1135 1699 1697 544 1698 
1136 1646 1699 1698 528 
1137 528 1698 1702 1649 
1138 1698 544 1700 1702 
1139 1702 1700 545 1701 
1140 1649 1702 1701 529 
1141 529 1701 1705 1652 
1142 1701 545 1703 1705 
1143 1705 1703 546 1704 
1144 1652 1705 1704 530 
1145 530 1704 1707 1655 
1146 1704 546 1706 1707 
1147 1707 1706 133 134 
1148 1655 1707 134 135 
1149 272 1708 1711 1658 
1150 1708 273 1709 1711 
1151 1711 1709 547 1710 
1152 1658 1711 1710 531 
1153 531 1710 1714 1661 
1154 1710 547 1712 1714 
1155 1714 1712 548 1713 
1156 1661 1714 1713 532 
1157 532 1713 1717 1664 
1158 1713 548 1715 1717 
1159 1717 1715 549 1716 
1160 1664 1717 1716 533 
1161 533 1716 1720 1667 
1162 1716 549 1718 1720 
1163 1720 1718 550 1719 
1164 1667 1720 1719 534 
1165 534 1719 1723 1670 
1166 1719 550 1721 1723 
1167 1723 1721 551 1722 
1168 1670 1723 1722 535 
1169 535 1722 1726 1673 
1170 1722 551 1724 1726 
1171 1726 1724 552 1725 
1172 1673 1726 1725 536 
1173 536 1725 1729 1676 
1174 1725 552 1727 1729 
1175 1729 1727 553 1728 
1176 1676 1729 1728 537 
1177 537 1728 1732 1679 
1178 1728 553 1730 1732 
1179 1732 1730 554 1731 
1180 1679 1732 1731 538 
1181 538 1731 1735 1682 
1182 1731 554 1733 1735 
1183 1735 1733 555 1734 
1184 1682 1735 1734 539 
1185 539 1734 1738 1685 
1186 1734 555 1736 1738 
1187 1738 1736 556 1737 
1188 1685 1738 1737 540 
1189 540 1737 1741 1688 
1190 1737 556 1739 1741 
1191 1741 1739 557 1740 
1192 1688 1741 1740 541 
1193 541 1740 1744 1691 
1194 1740 557 1742 1744 
1195 1744 1742 558 1743 
1196 1691 1744 1743 542 
1197 542 1743 1747 1694 
1198 1743 558 1745 1747 
1199 1747 1745 559 1746 
1200 1694 1747 1746 543 
1201 543 1746 1750 1697 
1202 1746 559 1748 1750 
1203 1750 1748 560 1749 
1204 1697 1750 1749 544 
1205 544 1749 1753 1700 
1206 1749 560 1751 1753 
1207 1753 1751 561 1752 
1208 1700 1753 1752 545 
1209 545 1752 1756 1703 
1210 1752 561 1754 1756 
1211 1756 1754 562 1755 
1212 1703 1756 1755 546 
1213 546 1755 1758 1706 
1214 1755 562 1757 1758 
1215 1758 1757 131 132 
1216 1706 1758 132 133 
1217 273 1759 1762 1709 
1218 1759 274 1760 1762 
1219 1762 1760 563 1761 
1220 1709 1762 1761 547 
1221 547 1761 1765 1712 
1222 1761 563 1763 1765 
1223 1765 1763 564 1764 
1224 1712 1765 1764 548 
1225 548 1764 1768 1715 
1226 1764 564 1766 1768 
1227 1768 1766 565 1767 
1228 1715 1768 1767 549 
1229 549 1767 1771 1718 
1230 1767 565 1769 1771 
1231 1771 1769 566 1770 
1232 1718 1771 1770 550 
1233 550 1770 1774 1721 
1234 1770 566 1772 1774 
1235 1774 1772 567 1773 
1236 1721 1774 1773 551 
1237 551 1773 1777 1724 
1238 1773 567 1775 1777 
1239 1777 1775 568 1776 
1240 1724 1777 1776 552 
1241 552 1776 1780 1727 
1242 1776 568 1778 1780 
1243 1780 1778 569 1779 
1244 1727 1780 1779 553 
1245 553 1779 1783 1730 
1246 1779 569 1781 1783 
1247 1783 1781 570 1782 
1248 1730 1783 1782 554 
1249 554 1782 1786 1733 
1250 1782 570 1784 1786 
1251 1786 1784 571 1785 
1252 1733 1786 1785 555 
1253 555 1785 1789 1736 
1254 1785 571 1787 1789 
1255 1789 1787 572 1788 
1256 1736 1789 1788 556 
1257 556 1788 1792 1739 
1258 1788 572 1790 1792 
1259 1792 1790 573 1791 
1260 1739 1792 1791 557 
1261 557 1791 1795 1742 
1262 1791 573 1793 1795 
1263 1795 1793 574 1794 
1264 1742 1795 1794 558 
1265 558 1794 1798 1745 
1266 1794 574 1796 1798 
1267 1798 1796 575 1797 
1268 1745 1798 1797 559 
1269 559 1797 1801 1748 
1270 1797 575 1799 1801 
1271 1801 1799 576 1800 
1272 1748 1801 1800 560 
1273 560 1800 1804 1751 
1274 1800 576 1802 1804 
1275 1804 1802 577 1803 
1276 1751 1804 1803 561 
1277 561 1803 1807 1754 
1278 1803 577 1805 1807 
1279 1807 1805 578 1806 
1280 1754 1807 1806 562 
1281 562 1806 1809 1757 
1282 1806 578 1808 1809 
1283 1809 1808 129 130 
1284 1757 1809 130 131 
1285 274 1810 1813 1760 
1286 1810 275 1811 1813 
1287 1813 1811 579 1812 
1288 1760 1813 1812 563 
1289 563 1812 1816 1763 
1290 1812 579 1814 1816 
1291 1816 1814 580 1815 
1292 1763 1816 1815 564 
1293 564 1815 1819 1766 
1294 1815 580 1817 1819 
1295 1819 1817 581 1818 
1296 1766 1819 1818 565 
1297 565 1818 1822 1769 
1298 1818 581 1820 1822 
1299 1822 1820 582 1821 
1300 1769 1822 1821 566 
1301 566 1821 1825 1772 
1302 1821 582 1823 1825 
1303 1825 1823 583 1824 
1304 1772 1825 1824 567 
1305 567 1824 1828 1775 
1306 1824 583 1826 1828 
1307 1828 1826 584 1827 
1308 1775 1828 1827 568 
1309 568 1827 1831 1778 
1310 1827 584 1829 1831 
1311 1831 1829 585 1830 
1312 1778 1831 1830 569 
1313 569 1830 1834 1781 
1314 1830 585 1832 1834 
1315 1834 1832 586 1833 
1316 1781 1834 1833 570 
1317 570 1833 1837 1784 
1318 1833 586 1835 1837 
1319 1837 1835 587 1836 
1320 1784 1837 1836 571 
1321 571 1836 1840 1787 
1322 1836 587 1838 1840 
1323 1840 1838 588 1839 
1324 1787 1840 1839 572 
1325 572 1839 1843 1790 
1326 1839 588 1841 1843 
1327 1843 1841 589 1842 
1328 1790 1843 1842 573 
1329 573 1842 1846 1793 
1330 1842 589 1844 1846 
1331 1846 1844 590 1845 
1332 1793 1846 1845 574 
1333 574 1845 1849 1796 
1334 1845 590 1847 1849 
1335 1849 1847 591 1848 
1336 1796 1849 1848 575 
1337 575 1848 1852 1799 
1338 1848 591 1850 1852 
1339 1852 1850 592 1851 
1340 1799 1852 1851 576 
1341 576 1851 1855 1802 
1342 1851 592 1853 1855 
1343 1855 1853 593 1854 
1344 1802 1855 1854 577 
1345 577 1854 1858 1805 
1346 1854 593 1856 1858 
1347 1858 1856 594 1857 
1348 1805 1858 1857 578 
1349 578 1857 1860 1808 
1350 1857 594 1859 1860 
1351 1860 1859 127 128 
1352 1808 1860 128 129 
1353 275 1861 1864 1811 
1354 1861 276 1862 1864 
1355 1864 1862 595 1863 
1356 1811 1864 1863 579 
1357 579 1863 1867 1814 
1358 1863 595 1865 1867 
1359 1867 1865 596 1866 
1360 1814 1867 1866 580 
1361 580 1866 1870 1817 
1362 1866 596 1868 1870 
1363 1870 1868 597 1869 
1364 1817 1870 1869 581 
1365 581 1869 1873 1820 
1366 1869 597 1871 1873 
1367 1873 1871 598 1872 
1368 1820 1873 1872 582 
1369 582 1872 1876 1823 
1370 1872 598 1874 1876 
1371 1876 1874 599 1875 
1372 1823 1876 1875 583 
1373 583 1875 1879 1826 
1374 1875 599 1877 1879 
1375 1879 1877 600 1878 
1376 1826 1879 1878 584 
1377 584 1878 1882 1829 
1378 1878 600 1880 1882 
1379 1882 1880 601 1881 
1380 1829 1882 1881 585 
1381 585 1881 1885 1832 
1382 1881 601 1883 1885 
1383 1885 1883 602 1884 
1384 1832 1885 1884 586 
1385 586 1884 1888 1835 
1386 1884 602 1886 1888 
1387 1888 1886 603 1887 
1388 1835 1888 1887 587 
1389 587 1887 1891 1838 
1390 1887 603 1889 1891 
1391 1891 1889 604 1890 
1392 1838 1891 1890 588 
1393 588 1890 1894 1841 
1394 1890 604 1892 1894 
1395 1894 1892 605 1893 
1396 1841 1894 1893 589 
1397 589 1893 1897 1844 
1398 1893 605 1895 1897 
1399 1897 1895 606 1896 
1400 1844 1897 1896 590 
1401 590 1896 1900 1847 
1402 1896 606 1898 1900 
1403 1900 1898 607 1899 
1404 1847 1900 1899 591 
1405 591 1899 1903 1850 
1406 1899 607 1901 1903 
1407 1903 1901 608 1902 
1408 1850 1903 1902 592 
1409 592 1902 1906 1853 
1410 1902 608 1904 1906 
1411 1906 1904 609 1905 
1412 1853 1906 1905 593 
1413 593 1905 1909 1856 
1414 1905 609 1907 1909 
1415 1909 1907 610 1908 
1416 1856 1909 1908 594 
1417 594 1908 1911 1859 
1418 1908 610 1910 1911 
1419 1911 1910 125 126 
1420 1859 1911 126 127 
1421 276 1912 1914 1862 
1422 1912 90 91 1914 
1423 1914 91 92 1913 
1424 1862 1914 1913 595 
1425 595 1913 1916 1865 
1426 1913 92 93 1916 
1427 1916 93 94 1915 
1428 1865 1916 1915 596 
1429 596 1915 1918 1868 
1430 1915 94 95 1918 
1431 1918 95 96 1917 
1432 1868 1918 1917 597 
1433 597 1917 1920 1871 
1434 1917 96 97 1920 
1435 1920 97 98 1919 
1436 1871 1920 1919 598 
1437 598 1919 1922 1874 
1438 1919 98 99 1922 
1439 1922 99 100 1921 
1440 1874 1922 1921 599 
1441 599 1921 1924 1877 
1442 1921 100 101 1924 
1443 1924 101 102 1923 
1444 1877 1924 1923 600 
1445 600 1923 1926 1880 
1446 1923 102 103 1926 
1447 1926 103 104 1925 
1448 1880 1926 1925 601 
1449 601 1925 1928 1883 
1450 1925 104 105 1928 
1451 1928 105 106 1927 
1452 1883 1928 1927 602 
1453 602 1927 1930 1886 
1454 1927 106 107 1930 
1455 1930 107 108 1929 
1456 1886 1930 1929 603 
1457 603 1929 1932 1889 
1458 1929 108 109 1932 
1459 1932 109 110 1931 
1460 1889 1932 1931 604 
1461 604 1931 1934 1892 
1462 1931 110 111 1934 
1463 1934 111 112 1933 
1464 1892 1934 1933 605 
1465 605 1933 1936 1895 
1466 1933 112 113 1936 
1467 1936 113 114 1935 
1468 1895 1936 1935 606 
1469 606 1935 1938 1898 
1470 1935 114 115 1938 
1471 1938 115 116 1937 
1472 1898 1938 1937 607 
1473 607 1937 1940 1901 
1474 1937 116 117 1940 
1475 1940 117 118 1939 
1476 1901 1940 1939 608 
1477 608 1939 1942 1904 
1478 1939 118 119 1942 
1479 1942 119 120 1941 
1480 1904 1942 1941 609 
1481 609 1941 1944 1907 
1482 1941 120 121 1944 
1483 1944 121 122 1943 
1484 1907 1944 1943 610 
1485 610 1943 1945 1910 
1486 1943 122 123 1945 
1487 1945 123 3 124 
1488 1910 1945 124 125 
1489 241 1946 1949 1450 
1490 1946 277 1947 1949 
1491 1949 1947 611 1948 
1492 1450 1949 1948 268 
1493 268 1948 1952 1504 
1494 1948 611 1950 1952 
1495 1952 1950 612 1951 
1496 1504 1952 1951 269 
1497 269 1951 1955 1555 
1498 1951 612 1953 1955 
1499 1955 1953 613 1954 
1500 1555 1955 1954 270 
1501 270 1954 1958 1606 
1502 1954 613 1956 1958 
1503 1958 1956 614 1957 
1504 1606 1958 1957 271 
1505 271 1957 1961 1657 
1506 1957 614 1959 1961 
1507 1961 1959 615 1960 
1508 1657 1961 1960 272 
1509 272 1960 1964 1708 
1510 1960 615 1962 1964 
1511 1964 1962 616 1963 
1512 1708 1964 1963 273 
1513 273 1963 1967 1759 
1514 1963 616 1965 1967 
1515 1967 1965 617 1966 
1516 1759 1967 1966 274 
1517 274 1966 1970 1810 
1518 1966 617 1968 1970 
1519 1970 1968 618 1969 
1520 1810 1970 1969 275 
1521 275 1969 1973 1861 
1522 1969 618 1971 1973 
1523 1973 1971 619 1972 
1524 1861 1973 1972 276 
1525 276 1972 1975 1912 
1526 1972 619 1974 1975 
1527 1975 1974 88 89 
1528 1912 1975 89 90 
1529 277 1976 1979 1947 
1530 1976 278 1977 1979 
1531 1979 1977 620 1978 
1532 1947 1979 1978 611 
1533 611 1978 1982 1950 
1534 1978 620 1980 1982 
1535 1982 1980 621 1981 
1536 1950 1982 1981 612 
1537 612 1981 1985 1953 
1538 1981 621 1983 1985 
1539 1985 1983 622 1984 
1540 1953 1985 1984 613 
1541 613 1984 1988 1956 
1542 1984 622 1986 1988 
1543 1988 1986 623 1987 
1544 1956 1988 1987 614 
1545 614 1987 1991 1959 
1546 1987 623 1989 1991 
1547 1991 1989 624 1990 
1548 1959 1991 1990 615 
1549 615 1990 1994 1962 
1550 1990 624 1992 1994 
1551 1994 1992 625 1993 
1552 1962 1994 1993 616 
1553 616 1993 1997 1965 
1554 1993 625 1995 1997 
1555 1997 1995 626 1996 
1556 1965 1997 1996 617 
1557 617 1996 2000 1968 
1558 1996 626 1998 2000 
1559 2000 1998 627 1999 
1560 1968 2000 1999 618 
1561 618 1999 2003 1971 
1562 1999 627 2001 2003 
1563 2003 2001 628 2002 
1564 1971 2003 2002 619 
1565 619 2002 2005 1974 
1566 2002 628 2004 2005 
1567 2005 2004 86 87 
1568 1974 2005 87 88 
1569 278 2006 2009 1977 
1570 2006 279 2007 2009 
1571 2009 2007 629 2008 
1572 1977 2009 2008 620 
1573 620 2008 2012 1980 
1574 2008 629 2010 2012 
1575 2012 2010 630 2011 
1576 1980 2012 2011 621 
1577 621 2011 2015 1983 
1578 2011 630 2013 2015 
1579 2015 2013 631 2014 
1580 1983 2015 2014 622 
1581 622 2014 2018 1986 
1582 2014 631 2016 2018 
1583 2018 2016 632 2017 
1584 1986 2018 2017 623 
1585 623 2017 2021 1989 
1586 2017 632 2019 2021 
1587 2021 2019 633 2020 
1588 1989 2021 2020 624 
1589 624 2020 2024 1992 
1590 2020 633 2022 2024 
1591 2024 2022 634 2023 
1592 1992 2024 2023 625 
1593 625 2023 2027 1995 
1594 2023 634 2025 2027 
1595 2027 2025 635 2026 
1596 1995 2027 2026 626 
1597 626 2026 2030 1998 
1598 2026 635 2028 2030 
1599 2030 2028 636 2029 
1600 1998 2030 2029 627 
1601 627 2029 2033 2001 
1602 2029 636 2031 2033 
1603 2033 2031 637 2032 
1604 2001 2033 2032 628 
1605 628 2032 2035 2004 
1606 2032 637 2034 2035 
1607 2035 2034 84 85 
1608 2004 2035 85 86 
1609 279 2036 2039 2007 
1610 2036 280 2037 2039 
1611 2039 2037 638 2038 
1612 2007 2039 2038 629 
1613 629 2038 2042 2010 
1614 2038 638 2040 2042 
1615 2042 2040 639 2041 
1616 2010 2042 2041 630 
1617 630 2041 2045 2013 
1618 2041 639 2043 2045 
1619 2045 2043 640 2044 
1620 2013 2045 2044 631 
1621 631 2044 2048 2016 
1622 2044 640 2046 2048 
1623 2048 2046 641 2047 
1624 2016 2048 2047 632 
1625 632 2047 2051 2019 
1626 2047 641 2049 2051 
1627 2051 2049 642 2050 
1628 2019 2051 2050 633 
1629 633 2050 2054 2022 
1630 2050 642 2052 2054 
1631 2054 2052 643 2053 
1632 2022 2054 2053 634 
1633 634 2053 2057 2025 
1634 2053 643 2055 2057 
1635 2057 2055 644 2056 
1636 2025 2057 2056 635 
1637 635 2056 2060 2028 
1638 2056 644 2058 2060 
1639 2060 2058 645 2059 
1640 2028 2060 2059 636 
1641 636 2059 2063 2031 
1642 2059 645 2061 2063 
1643 2063 2061 646 2062 
1644 2031 2063 2062 637 
1645 637 2062 2065 2034 
1646 2062 646 2064 2065 
1647 2065 2064 82 83 
1648 2034 2065 83 84 
1649 280 2066 2069 2037 
1650 2066 281 2067 2069 
1651 2069 2067 647 2068 
1652 2037 2069 2068 638 
1653 638 2068 2072 2040 
1654 2068 647 2070 2072 
1655 2072 2070 648 2071 
1656 2040 2072 2071 639 
1657 639 2071 2075 2043 
1658 2071 648 2073 2075 
1659 2075 2073 649 2074 
1660 2043 2075 2074 640 
1661 640 2074 2078 2046 
1662 2074 649 2076 2078 
1663 2078 2076 650 2077 
1664 2046 2078 2077 641 
1665 641 2077 2081 2049 
1666 2077 650 2079 2081 
1667 2081 2079 651 2080 
1668 2049 2081 2080 642 
1669 642 2080 2084 2052 
1670 2080 651 2082 2084 
1671 2084 2082 652 2083 
1672 2052 2084 2083 643 
1673 643 2083 2087 2055 
1674 2083 652 2085 2087 
1675 2087 2085 653 2086 
1676 2055 2087 2086 644 
1677 644 2086 2090 2058 
1678 2086 653 2088 2090 
1679 2090 2088 654 2089 
1680 2058 2090 2089 645 
1681 645 2089 2093 2061 
1682 2089 654 2091 2093 
1683 2093 2091 655 2092 
1684 2061 2093 2092 646 
1685 646 2092 2095 2064 
1686 2092 655 2094 2095 
1687 2095 2094 80 81 
1688 2064 2095 81 82 
1689 281 2096 2099 2067 
1690 2096 282 2097 2099 
1691 2099 2097 656 2098 
1692 2067 2099 2098 647 
1693 647 2098 2102 2070 
1694 2098 656 2100 2102 
1695 2102 2100 657 2101 
1696 2070 2102 2101 648 
1697 648 2101 2105 2073 
1698 2101 657 2103 2105 
1699 2105 2103 658 2104 
1700 2073 2105 2104 649 
1701 649 2104 2108 2076 
1702 2104 658 2106 2108 
1703 2108 2106 659 2107 
1704 2076 2108 2107 650 
1705 650 2107 2111 2079 
1706 2107 659 2109 2111 
1707 2111 2109 660 2110 
1708 2079 2111 2110 651 
1709 651 2110 2114 2082 
1710 2110 660 2112 2114 
1711 2114 2112 661 2113 
1712 2082 2114 2113 652 
1713 652 2113 2117 2085 
1714 2113 661 2115 2117 
1715 2117 2115 662 2116 
1716 2085 2117 2116 653 
1717 653 2116 2120 2088 
1718 2116 662 2118 2120 
1719 2120 2118 663 2119 
1720 2088 2120 2119 654 
1721 654 2119 2123 2091 
1722 2119 663 2121 2123 
1723 2123 2121 664 2122 
1724 2091 2123 2122 655 
1725 655 2122 2125 2094 
1726 2122 664 2124 2125 
1727 2125 2124 78 79 
1728 2094 2125 79 80 
1729 282 2126 2129 2097 
1730 2126 283 2127 2129 
1731 2129 2127 665 2128 
1732 2097 2129 2128 656 
1733 656 2128 2132 2100 
1734 2128 665 2130 2132 
1735 2132 2130 666 2131 
1736 2100 2132 2131 657 
1737 657 2131 2135 2103 
1738 2131 666 2133 2135 
1739 2135 2133 667 2134 
1740 2103 2135 2134 658 
1741 658 2134 2138 2106 
1742 2134 667 2136 2138 
1743 2138 2136 668 2137 
1744 2106 2138 2137 659 
1745 659 2137 2141 2109 
1746 2137 668 2139 2141 
1747 2141 2139 669 2140 
1748 2109 2141 2140 660 
1749 660 2140 2144 2112 
1750 2140 669 2142 2144 
1751 2144 2142 670 2143 
1752 2112 2144 2143 661 
1753 661 2143 2147 2115 
1754 2143 670 2145 2147 
1755 2147 2145 671 2146 
1756 2115 2147 2146 662 
1757 662 2146 2150 2118 
1758 2146 671 2148 2150 
1759 2150 2148 672 2149 
1760 2118 2150 2149 663 
1761 663 2149 2153 2121 
1762 2149 672 2151 2153 
1763 2153 2151 673 2152 
1764 2121 2153 2152 664 
1765 664 2152 2155 2124 
1766 2152 673 2154 2155 
1767 2155 2154 76 77 
1768 2124 2155 77 78 
1769 283 2156 2159 2127 
1770 2156 284 2157 2159 
1771 2159 2157 674 2158 
1772 2127 2159 2158 665 
1773 665 2158 2162 2130 
1774 2158 674 2160 2162 
1775 2162 2160 675 2161 
1776 2130 2162 2161 666 
1777 666 2161 2165 2133 
1778 2161 675 2163 2165 
1779 2165 2163 676 2164 
1780 2133 2165 2164 667 
1781 667 2164 2168 2136 
1782 2164 676 2166 2168 
1783 2168 2166 677 2167 
1784 2136 2168 2167 668 
1785 668 2167 2171 2139 
1786 2167 677 2169 2171 
1787 2171 2169 678 2170 
1788 2139 2171 2170 669 
1789 669 2170 2174 2142 
1790 2170 678 2172 2174 
1791 2174 2172 679 2173 
1792 2142 2174 2173 670 
1793 670 2173 2177 2145 
1794 2173 679 2175 2177 
1795 2177 2175 680 2176 
1796 2145 2177 2176 671 
1797 671 2176 2180 2148 
1798 2176 680 2178 2180 
1799 2180 2178 681 2179 
1800 2148 2180 2179 672 
1801 672 2179 2183 2151 
1802 2179 681 2181 2183 
1803 2183 2181 682 2182 
1804 2151 2183 2182 673 
1805 673 2182 2185 2154 
1806 2182 682 2184 2185 
1807 2185 2184 74 75 
1808 2154 2185 75 76 
1809 284 2186 2189 2157 
1810 2186 285 2187 2189 
1811 2189 2187 683 2188 
1812 2157 2189 2188 674 
1813 674 2188 2192 2160 
1814 2188 683 2190 2192 
1815 2192 2190 684 2191 
1816 2160 2192 2191 675 
1817 675 2191 2195 2163 
1818 2191 684 2193 2195 
1819 2195 2193 685 2194 
1820 2163 2195 2194 676 
1821 676 2194 2198 2166 
1822 2194 685 2196 2198 
1823 2198 2196 686 2197 
1824 2166 2198 2197 677 
1825 677 2197 2201 2169 
1826 2197 686 2199 2201 
1827 2201 2199 687 2200 
1828 2169 2201 2200 678 
1829 678 2200 2204 2172 
1830 2200 687 2202 2204 
1831 2204 2202 688 2203 
1832 2172 2204 2203 679 
1833 679 2203 2207 2175 
1834 2203 688 2205 2207 
1835 2207 2205 689 2206 
1836 2175 2207 2206 680 
1837 680 2206 2210 2178 
1838 2206 689 2208 2210 
1839 2210 2208 690 2209 
1840 2178 2210 2209 681 
1841 681 2209 2213 2181 
1842 2209 690 2211 2213 
1843 2213 2211 691 2212 
1844 2181 2213 2212 682 
1845 682 2212 2215 2184 
1846 2212 691 2214 2215 
1847 2215 2214 72 73 
1848 2184 2215 73 74 
1849 285 2216 2219 2187 
1850 2216 286 2217 2219 
1851 2219 2217 692 2218 
1852 2187 2219 2218 683 
1853 683 2218 2222 2190 
1854 2218 692 2220 2222 
1855 2222 2220 693 2221 
1856 2190 2222 2221 684 
1857 684 2221 2225 2193 
1858 2221 693 2223 2225 
1859 2225 2223 694 2224 
1860 2193 2225 2224 685 
1861 685 2224 2228 2196 
1862 2224 694 2226 2228 
1863 2228 2226 695 2227 
1864 2196 2228 2227 686 
1865 686 2227 2231 2199 
1866 2227 695 2229 2231 
1867 2231 2229 696 2230 
1868 2199 2231 2230 687 
1869 687 2230 2234 2202 
1870 2230 696 2232 2234 
1871 2234 2232 697 2233 
1872 2202 2234 2233 688 
1873 688 2233 2237 2205 
1874 2233 697 2235 2237 
1875 2237 2235 698 2236 
1876 2205 2237 2236 689 
1877 689 2236 2240 2208 
1878 2236 698 2238 2240 
1879 2240 2238 699 2239 
1880 2208 2240 2239 690 
1881 690 2239 2243 2211 
1882 2239 699 2241 2243 
1883 2243 2241 700 2242 
1884 2211 2243 2242 691 
1885 691 2242 2245 2214 
1886 2242 700 2244 2245 
1887 2245 2244 70 71 
1888 2214 2245 71 72 
1889 286 2246 2249 2217 
1890 2246 287 2247 2249 
1891 2249 2247 701 2248 
1892 2217 2249 2248 692 
1893 692 2248 2252 2220 
1894 2248 701 2250 2252 
1895 2252 2250 702 2251 
1896 2220 2252 2251 693 
1897 693 2251 2255 2223 
1898 2251 702 2253 2255 
1899 2255 2253 703 2254 
1900 2223 2255 2254 694 
1901 694 2254 2258 2226 
1902 2254 703 2256 2258 
1903 2258 2256 704 2257 
1904 2226 2258 2257 695 
1905 695 2257 2261 2229 
1906 2257 704 2259 2261 
1907 2261 2259 705 2260 
1908 2229 2261 2260 696 
1909 696 2260 2264 2232 
1910 2260 705 2262 2264 
1911 2264 2262 706 2263 
1912 2232 2264 2263 697 
1913 697 2263 2267 2235 
1914 2263 706 2265 2267 
1915 2267 2265 707 2266 
1916 2235 2267 2266 698 
1917 698 2266 2270 2238 
1918 2266 707 2268 2270 
1919 2270 2268 708 2269 
1920 2238 2270 2269 699 
1921 699 2269 2273 2241 
1922 2269 708 2271 2273 
1923 2273 2271 709 2272 
1924 2241 2273 2272 700 
1925 700 2272 2275 2244 
1926 2272 709 2274 2275 
1927 2275 2274 68 69 
1928 2244 2275 69 70 
1929 287 2276 2279 2247 
1930 2276 288 2277 2279 
1931 2279 2277 710 2278 
1932 2247 2279 2278 701 
1933 701 2278 2282 2250 
1934 2278 710 2280 2282 
1935 2282 2280 711 2281 
1936 2250 2282 2281 702 
1937 702 2281 2285 2253 
1938 2281 711 2283 2285 
1939 2285 2283 712 2284 
1940 2253 2285 2284 703 
1941 703 2284 2288 2256 
1942 2284 712 2286 2288 
1943 2288 2286 713 2287 
1944 2256 2288 2287 704 
1945 704 2287 2291 2259 
1946 2287 713 2289 2291 
1947 2291 2289 714 2290 
1948 2259 2291 2290 705 
1949 705 2290 2294 2262 
1950 2290 714 2292 2294 
1951 2294 2292 715 2293 
1952 2262 2294 2293 706 
1953 706 2293 2297 2265 
1954 2293 715 2295 2297 
1955 2297 2295 716 2296 
1956 2265 2297 2296 707 
1957 707 2296 2300 2268 
1958 2296 716 2298 2300 
1959 2300 2298 717 2299 
1960 2268 2300 2299 708 
1961 708 2299 2303 2271 
1962 2299 717 2301 2303 
1963 2303 2301 718 2302 
1964 2271 2303 2302 709 
1965 709 2302 2305 2274 
1966 2302 718 2304 2305 
1967 2305 2304 66 67 
1968 2274 2305 67 68 
1969 288 2306 2309 2277 
1970 2306 289 2307 2309 
1971 2309 2307 719 2308 
1972 2277 2309 2308 710 
1973 710 2308 2312 2280 
1974 2308 719 2310 2312 
1975 2312 2310 720 2311 
1976 2280 2312 2311 711 
1977 711 2311 2315 2283 
1978 2311 720 2313 2315 
1979 2315 2313 721 2314 
1980 2283 2315 2314 712 
1981 712 2314 2318 2286 
1982 2314 721 2316 2318 
1983 2318 2316 722 2317 
1984 2286 2318 2317 713 
1985 713 2317 2321 2289 
1986 2317 722 2319 2321 
1987 2321 2319 723 2320 
1988 2289 2321 2320 714 
1989 714 2320 2324 2292 
1990 2320 723 2322 2324 
1991 2324 2322 724 2323 
1992 2292 2324 2323 715 
1993 715 2323 2327 2295 
1994 2323 724 2325 2327 
1995 2327 2325 725 2326 
1996 2295 2327 2326 716 
1997 716 2326 2330 2298 
1998 2326 725 2328 2330 
1999 2330 2328 726 2329 
2000 2298 2330 2329 717 
2001 717 2329 2333 2301 
2002 2329 726 2331 2333 
2003 2333 2331 727 2332 
2004 2301 2333 2332 718 
2005 718 2332 2335 2304 
2006 2332 727 2334 2335 
2007 2335 2334 64 65 
2008 2304 2335 65 66 
2009 289 2336 2339 2307 
2010 2336 290 2337 2339 
2011 2339 2337 728 2338 
2012 2307 2339 2338 719 
2013 719 2338 2342 2310 
2014 2338 728 2340 2342 
2015 2342 2340 729 2341 
2016 2310 2342 2341 720 
2017 720 2341 2345 2313 
2018 2341 729 2343 2345 
2019 2345 2343 730 2344 
2020 2313 2345 2344 721 
2021 721 2344 2348 2316 
2022 2344 730 2346 2348 
2023 2348 2346 731 2347 
2024 2316 2348 2347 722 
2025 722 2347 2351 2319 
2026 2347 731 2349 2351 
2027 2351 2349 732 2350 
2028 2319 2351 2350 723 
2029 723 2350 2354 2322 
2030 2350 732 2352 2354 
2031 2354 2352 733 2353 
2032 2322 2354 2353 724 
2033 724 2353 2357 2325 
2034 2353 733 2355 2357 
2035 2357 2355 734 2356 
2036 2325 2357 2356 725 
2037 725 2356 2360 2328 
2038 2356 734 2358 2360 
2039 2360 2358 735 2359 
2040 2328 2360 2359 726 
2041 726 2359 2363 2331 
2042 2359 735 2361 2363 
2043 2363 2361 736 2362 
2044 2331 2363 2362 727 
2045 727 2362 2365 2334 
2046 2362 736 2364 2365 
2047 2365 2364 62 63 
2048 2334 2365 63 64 
2049 290 2366 2369 2337 
2050 2366 291 2367 2369 
2051 2369 2367 737 2368 
2052 2337 2369 2368 728 
2053 728 2368 2372 2340 
2054 2368 737 2370 2372 
2055 2372 2370 738 2371 
2056 2340 2372 2371 729 
2057 729 2371 2375 2343 
2058 2371 738 2373 2375 
2059 2375 2373 739 2374 
2060 2343 2375 2374 730 
2061 730 2374 2378 2346 
2062 2374 739 2376 2378 
2063 2378 2376 740 2377 
2064 2346 2378 2377 731 
2065 731 2377 2381 2349 
2066 2377 740 2379 2381 
2067 2381 2379 741 2380 
2068 2349 2381 2380 732 
2069 732 2380 2384 2352 
2070 2380 741 2382 2384 
2071 2384 2382 742 2383 
2072 2352 2384 2383 733 
2073 733 2383 2387 2355 
2074 2383 742 2385 2387 
2075 2387 2385 743 2386 
2076 2355 2387 2386 734 
2077 734 2386 2390 2358 
2078 2386 743 2388 2390 
2079 2390 2388 744 2389 
2080 2358 2390 2389 735 
2081 735 2389 2393 2361 
2082 2389 744 2391 2393 
2083 2393 2391 745 2392 
2084 2361 2393 2392 736 
2085 736 2392 2395 2364 
2086 2392 745 2394 2395 
2087 2395 2394 60 61 
2088 2364 2395 61 62 
2089 291 2396 2399 2367 
2090 2396 292 2397 2399 
2091 2399 2397 746 2398 
2092 2367 2399 2398 737 
2093 737 2398 2402 2370 
2094 2398 746 2400 2402 
2095 2402 2400 747 2401 
2096 2370 2402 2401 738 
2097 738 2401 2405 2373 
2098 2401 747 2403 2405 
2099 2405 2403 748 2404 
2100 2373 2405 2404 739 
2101 739 2404 2408 2376 
2102 2404 748 2406 2408 
2103 2408 2406 749 2407 
2104 2376 2408 2407 740 
2105 740 2407 2411 2379 
2106 2407 749 2409 2411 
2107 2411 2409 750 2410 
2108 2379 2411 2410 741 
2109 741 2410 2414 2382 
2110 2410 750 2412 2414 
2111 2414 2412 751 2413 
2112 2382 2414 2413 742 
2113 742 2413 2417 2385 
2114 2413 751 2415 2417 
2115 2417 2415 752 2416 
2116 2385 2417 2416 743 
2117 743 2416 2420 2388 
2118 2416 752 2418 2420 
2119 2420 2418 753 2419 
2120 2388 2420 2419 744 
2121 744 2419 2423 2391 
2122 2419 753 2421 2423 
2123 2423 2421 754 2422 
2124 2391 2423 2422 745 
2125 745 2422 2425 2394 
2126 2422 754 2424 2425 
2127 2425 2424 58 59 
2128 2394 2425 59 60 
2129 292 2426 2428 2397 
2130 2426 37 38 2428 
2131 2428 38 39 2427 
2132 2397 2428 2427 746 
2133 746 2427 2430 2400 
2134 2427 39 40 2430 
2135 2430 40 41 2429 
2136 2400 2430 2429 747 
2137 747 2429 2432 2403 
2138 2429 41 42 2432 
2139 2432 42 43 2431 
2140 2403 2432 2431 748 
2141 748 2431 2434 2406 
2142 2431 43 44 2434 
2143 2434 44 45 2433 
2144 2406 2434 2433 749 
2145 749 2433 2436 2409 
2146 2433 45 46 2436 
2147 2436 46 47 2435 
2148 2409 2436 2435 750 
2149 750 2435 2438 2412 
2150 2435 47 48 2438 
2151 2438 48 49 2437 
2152 2412 2438 2437 751 
2153 751 2437 2440 2415 
2154 2437 49 50 2440 
2155 2440 50 51 2439 
2156 2415 2440 2439 752 
2157 752 2439 2442 2418 
2158 2439 51 52 2442 
2159 2442 52 53 2441 
2160 2418 2442 2441 753 
2161 753 2441 2444 2421 
2162 2441 53 54 2444 
2163 2444 54 55 2443 
2164 2421 2444 2443 754 
2165 754 2443 2445 2424 
2166 2443 55 56 2445 
2167 2445 56 2 57 
2168 2424 2445 57 58 
2169 241 2446 2449 1946 
2170 2446 293 2447 2449 
2171 2449 2447 755 2448 
2172 1946 2449 2448 277 
2173 277 2448 2452 1976 
2174 2448 755 2450 2452 
2175 2452 2450 756 2451 
2176 1976 2452 2451 278 
2177 278 2451 2455 2006 
2178 2451 756 2453 2455 
2179 2455 2453 757 2454 
2180 2006 2455 2454 279 
2181 279 2454 2458 2036 
2182 2454 757 2456 2458 
2183 2458 2456 758 2457 
2184 2036 2458 2457 280 
2185 280 2457 2461 2066 
2186 2457 758 2459 2461 
2187 2461 2459 759 2460 
2188 2066 2461 2460 281 
2189 281 2460 2464 2096 
2190 2460 759 2462 2464 
2191 2464 2462 760 2463 
2192 2096 2464 2463 282 
2193 282 2463 2467 2126 
2194 2463 760 2465 2467 
2195 2467 2465 761 2466 
2196 2126 2467 2466 283 
2197 283 2466 2470 2156 
2198 2466 761 2468 2470 
2199 2470 2468 762 2469 
2200 2156 2470 2469 284 
2201 284 2469 2473 2186 
2202 2469 762 2471 2473 
2203 2473 2471 763 2472 
2204 2186 2473 2472 285 
2205 285 2472 2476 2216 
2206 2472 763 2474 2476 
2207 2476 2474 764 2475 
2208 2216 2476 2475 286 
2209 286 2475 2479 2246 
2210 2475 764 2477 2479 
2211 2479 2477 765 2478 
2212 2246 2479 2478 287 
2213 287 2478 2482 2276 
2214 2478 765 2480 2482 
2215 2482 2480 766 2481 
2216 2276 2482 2481 288 
2217 288 2481 2485 2306 
2218 2481 766 2483 2485 
2219 2485 2483 767 2484 
2220 2306 2485 2484 289 
2221 289 2484 2488 2336 
2222 2484 767 2486 2488 
2223 2488 2486 768 2487 
2224 2336 2488 2487 290 
2225 290 2487 2491 2366 
2226 2487 768 2489 2491 
2227 2491 2489 769 2490 
2228 2366 2491 2490 291 
2229 291 2490 2494 2396 
2230 2490 769 2492 2494 
2231 2494 2492 770 2493 
2232 2396 2494 2493 292 
2233 292 2493 2496 2426 
2234 2493 770 2495 2496 
2235 2496 2495 35 36 
2236 2426 2496 36 37 
2237 293 2497 2500 2447 
2238 2497 294 2498 2500 
2239 2500 2498 771 2499 
2240 2447 2500 2499 755 
2241 755 2499 2503 2450 
2242 2499 771 2501 2503 
2243 2503 2501 772 2502 
2244 2450 2503 2502 756 
2245 756 2502 2506 2453 
2246 2502 772 2504 2506 
2247 2506 2504 773 2505 
2248 2453 2506 2505 757 
2249 757 2505 2509 2456 
2250 2505 773 2507 2509 
2251 2509 2507 774 2508 
2252 2456 2509 2508 758 
2253 758 2508 2512 2459 
2254 2508 774 2510 2512 
2255 2512 2510 775 2511 
2256 2459 2512 2511 759 
2257 759 2511 2515 2462 
2258 2511 775 2513 2515 
2259 2515 2513 776 2514 
2260 2462 2515 2514 760 
2261 760 2514 2518 2465 
2262 2514 776 2516 2518 
2263 2518 2516 777 2517 
2264 2465 2518 2517 761 
2265 761 2517 2521 2468 
2266 2517 777 2519 2521 
2267 2521 2519 778 2520 
2268 2468 2521 2520 762 
2269 762 2520 2524 2471 
2270 2520 778 2522 2524 
2271 2524 2522 779 2523 
2272 2471 2524 2523 763 
2273 763 2523 2527 2474 
2274 2523 779 2525 2527 
2275 2527 2525 780 2526 
2276 2474 2527 2526 764 
2277 764 2526 2530 2477 
2278 2526 780 2528 2530 
2279 2530 2528 781 2529 
2280 2477 2530 2529 765 
2281 765 2529 2533 2480 
2282 2529 781 2531 2533 
2283 2533 2531 782 2532 
2284 2480 2533 2532 766 
2285 766 2532 2536 2483 
2286 2532 782 2534 2536 
2287 2536 2534 783 2535 
2288 2483 2536 2535 767 
2289 767 2535 2539 2486 
2290 2535 783 2537 2539 
2291 2539 2537 784 2538 
2292 2486 2539 2538 768 
2293 768 2538 2542 2489 
2294 2538 784 2540 2542 
2295 2542 2540 785 2541 
2296 2489 2542 2541 769 
2297 769 2541 2545 2492 
2298 2541 785 2543 2545 
2299 2545 2543 786 2544 
2300 2492 2545 2544 770 
2301 770 2544 2547 2495 
2302 2544 786 2546 2547 
2303 2547 2546 33 34 
2304 2495 2547 34 35 
2305 294 2548 2551 2498 
2306 2548 295 2549 2551 
2307 2551 2549 787 2550 
2308 2498 2551 2550 771 
2309 771 2550 2554 2501 
2310 2550 787 2552 2554 
2311 2554 2552 788 2553 
2312 2501 2554 2553 772 
2313 772 2553 2557 2504 
2314 2553 788 2555 2557 
2315 2557 2555 789 2556 
2316 2504 2557 2556 773 
2317 773 2556 2560 2507 
2318 2556 789 2558 2560 
2319 2560 2558 790 2559 
2320 2507 2560 2559 774 
2321 774 2559 2563 2510 
2322 2559 790 2561 2563 
2323 2563 2561 791 2562 
2324 2510 2563 2562 775 
2325 775 2562 2566 2513 
2326 2562 791 2564 2566 
2327 2566 2564 792 2565 
2328 2513 2566 2565 776 
2329 776 2565 2569 2516 
2330 2565 792 2567 2569 
2331 2569 2567 793 2568 
2332 2516 2569 2568 777 
2333 777 2568 2572 2519 
2334 2568 793 2570 2572 
2335 2572 2570 794 2571 
2336 2519 2572 2571 778 
2337 778 2571 2575 2522 
2338 2571 794 2573 2575 
2339 2575 2573 795 2574 
2340 2522 2575 2574 779 
2341 779 2574 2578 2525 
2342 2574 795 2576 2578 
2343 2578 2576 796 2577 
2344 2525 2578 2577 780 
2345 780 2577 2581 2528 
2346 2577 796 2579 2581 
2347 2581 2579 797 2580 
2348 2528 2581 2580 781 
2349 781 2580 2584 2531 
2350 2580 797 2582 2584 
2351 2584 2582 798 2583 
2352 2531 2584 2583 782 
2353 782 2583 2587 2534 
2354 2583 798 2585 2587 
2355 2587 2585 799 2586 
2356 2534 2587 2586 783 
2357 783 2586 2590 2537 
2358 2586 799 2588 2590 
2359 2590 2588 800 2589 
2360 2537 2590 2589 784 
2361 784 2589 2593 2540 
2362 2589 800 2591 2593 
2363 2593 2591 801 2592 
2364 2540 2593 2592 785 
2365 785 2592 2596 2543 
2366 2592 801 2594 2596 
2367 2596 2594 802 2595 
2368 2543 2596 2595 786 
2369 786 2595 2598 2546 
2370 2595 802 2597 2598 
2371 2598 2597 31 32 
2372 2546 2598 32 33 
2373 295 2599 2602 2549 
2374 2599 296 2600 2602 
2375 2602 2600 803 2601 
2376 2549 2602 2601 787 
2377 787 2601 2605 2552 
2378 2601 803 2603 2605 
2379 2605 2603 804 2604 
2380 2552 2605 2604 788 
2381 788 2604 2608 2555 
2382 2604 804 2606 2608 
2383 2608 2606 805 2607 
2384 2555 2608 2607 789 
2385 789 2607 2611 2558 
2386 2607 805 2609 2611 
2387 2611 2609 806 2610 
2388 2558 2611 2610 790 
2389 790 2610 2614 2561 
2390 2610 806 2612 2614 
2391 2614 2612 807 2613 
2392 2561 2614 2613 791 
2393 791 2613 2617 2564 
2394 2613 807 2615 2617 
2395 2617 2615 808 2616 
2396 2564 2617 2616 792 
2397 792 2616 2620 2567 
2398 2616 808 2618 2620 
2399 2620 2618 809 2619 
2400 2567 2620 2619 793 
2401 793 2619 2623 2570 
2402 2619 809 2621 2623 
2403 2623 2621 810 2622 
2404 2570 2623 2622 794 
2405 794 2622 2626 2573 
2406 2622 810 2624 2626 
2407 2626 2624 811 2625 
2408 2573 2626 2625 795 
2409 795 2625 2629 2576 
2410 2625 811 2627 2629 
2411 2629 2627 812 2628 
2412 2576 2629 2628 796 
2413 796 2628 2632 2579 
2414 2628 812 2630 2632 
2415 2632 2630 813 2631 
2416 2579 2632 2631 797 
2417 797 2631 2635 2582 
2418 2631 813 2633 2635 
2419 2635 2633 814 2634 
2420 2582 2635 2634 798 
2421 798 2634 2638 2585 
2422 2634 814 2636 2638 
2423 2638 2636 815 2637 
2424 2585 2638 2637 799 
2425 799 2637 2641 2588 
2426 2637 815 2639 2641 
2427 2641 2639 816 2640 
2428 2588 2641 2640 800 
2429 800 2640 2644 2591 
2430 2640 816 2642 2644 
2431 2644 2642 817 2643 
2432 2591 2644 2643 801 
2433 801 2643 2647 2594 
2434 2643 817 2645 2647 
2435 2647 2645 818 2646 
2436 2594 2647 2646 802 
2437 802 2646 2649 2597 
2438 2646 818 2648 2649 
2439 2649 2648 29 30 
2440 2597 2649 30 31 
2441 296 2650 2653 2600 
2442 2650 297 2651 2653 
2443 2653 2651 819 2652 
2444 2600 2653 2652 803 
2445 803 2652 2656 2603 
2446 2652 819 2654 2656 
2447 2656 2654 820 2655 
2448 2603 2656 2655 804 
2449 804 2655 2659 2606 
2450 2655 820 2657 2659 
2451 2659 2657 821 2658 
2452 2606 2659 2658 805 
2453 805 2658 2662 2609 
2454 2658 821 2660 2662 
2455 2662 2660 822 2661 
2456 2609 2662 2661 806 
2457 806 2661 2665 2612 
2458 2661 822 2663 2665 
2459 2665 2663 823 2664 
2460 2612 2665 2664 807 
2461 807 2664 2668 2615 
2462 2664 823 2666 2668 
2463 2668 2666 824 2667 
2464 2615 2668 2667 808 
2465 808 2667 2671 2618 
2466 2667 824 2669 2671 
2467 2671 2669 825 2670 
2468 2618 2671 2670 809 
2469 809 2670 2674 2621 
2470 2670 825 2672 2674 
2471 2674 2672 826 2673 
2472 2621 2674 2673 810 
2473 810 2673 2677 2624 
2474 2673 826 2675 2677 
2475 2677 2675 827 2676 
2476 2624 2677 2676 811 
2477 811 2676 2680 2627 
2478 2676 827 2678 2680 
2479 2680 2678 828 2679 
2480 2627 2680 2679 812 
2481 812 2679 2683 2630 
2482 2679 828 2681 2683 
2483 2683 2681 829 2682 
2484 2630 2683 2682 813 
2485 813 2682 2686 2633 
2486 2682 829 2684 2686 
2487 2686 2684 830 2685 
2488 2633 2686 2685 814 
2489 814 2685 2689 2636 
2490 2685 830 2687 2689 
2491 2689 2687 831 2688 
2492 2636 2689 2688 815 
2493 815 2688 2692 2639 
2494 2688 831 2690 2692 
2495 2692 2690 832 2691 
2496 2639 2692 2691 816 
2497 816 2691 2695 2642 
2498 2691 832 2693 2695 
2499 2695 2693 833 2694 
2500 2642 2695 2694 817 
2501 817 2694 2698 2645 
2502 2694 833 2696 2698 
2503 2698 2696 834 2697 
2504 2645 2698 2697 818 
2505 818 2697 2700 2648 
2506 2697 834 2699 2700 
2507 2700 2699 27 28 
2508 2648 2700 28 29 
2509 297 2701 2704 2651 
2510 2701 242 2702 2704 
2511 2704 2702 313 2703 
2512 2651 2704 2703 819 
2513 819 2703 2707 2654 
2514 2703 313 2705 2707 
2515 2707 2705 312 2706 
2516 2654 2707 2706 820 
2517 820 2706 2710 2657 
2518 2706 312 2708 2710 
2519 2710 2708 311 2709 
2520 2657 2710 2709 821 
2521 821 2709 2713 2660 
2522 2709 311 2711 2713 
2523 2713 2711 310 2712 
2524 2660 2713 2712 822 
2525 822 2712 2716 2663 
2526 2712 310 2714 2716 
2527 2716 2714 309 2715 
2528 2663 2716 2715 823 
2529 823 2715 2719 2666 
2530 2715 309 2717 2719 
2531 2719 2717 308 2718 
2532 2666 2719 2718 824 
2533 824 2718 2722 2669 
2534 2718 308 2720 2722 
2535 2722 2720 307 2721 
2536 2669 2722 2721 825 
2537 825 2721 2725 2672 
2538 2721 307 2723 2725 
2539 2725 2723 306 2724 
2540 2672 2725 2724 826 
2541 826 2724 2728 2675 
2542 2724 306 2726 2728 
2543 2728 2726 305 2727 
2544 2675 2728 2727 827 
2545 827 2727 2731 2678 
2546 2727 305 2729 2731 
2547 2731 2729 304 2730 
2548 2678 2731 2730 828 
2549 828 2730 2734 2681 
2550 2730 304 2732 2734 
2551 2734 2732 303 2733 
2552 2681 2734 2733 829 
2553 829 2733 2737 2684 
2554 2733 303 2735 2737 
2555 2737 2735 302 2736 
2556 2684 2737 2736 830 
2557 830 2736 2740 2687 
2558 2736 302 2738 2740 
2559 2740 2738 301 2739 
2560 2687 2740 2739 831 
2561 831 2739 2743 2690 
2562 2739 301 2741 2743 
2563 2743 2741 300 2742 
2564 2690 2743 2742 832 
2565 832 2742 2746 2693 
2566 2742 300 2744 2746 
2567 2746 2744 299 2745 
2568 2693 2746 2745 833 
2569 833 2745 2749 2696 
2570 2745 299 2747 2749 
2571 2749 2747 298 2748 
2572 2696 2749 2748 834 
2573 834 2748 2751 2699 
2574 2748 298 2750 2751 
2575 2751 2750 25 26 
2576 2699 2751 26 27 
2577 241 2752 2755 2446 
2578 2752 259 2753 2755 
2579 2755 2753 835 2754 
2580 2446 2755 2754 293 
2581 293 2754 2758 2497 
2582 2754 835 2756 2758 
2583 2758 2756 836 2757 
2584 2497 2758 2757 294 
2585 294 2757 2761 2548 
2586 2757 836 2759 2761 
2587 2761 2759 837 2760 
2588 2548 2761 2760 295 
2589 295 2760 2764 2599 
2590 2760 837 2762 2764 
2591 2764 2762 838 2763 
2592 2599 2764 2763 296 
2593 296 2763 2767 2650 
2594 2763 838 2765 2767 
2595 2767 2765 839 2766 
2596 2650 2767 2766 297 
2597 297 2766 2770 2701 
2598 2766 839 2768 2770 
2599 2770 2768 314 2769 
2600 2701 2770 2769 242 
2601 259 2771 2774 2753 
2602 2771 260 2772 2774 
2603 2774 2772 840 2773 
2604 2753 2774 2773 835 
2605 835 2773 2777 2756 
2606 2773 840 2775 2777 
2607 2777 2775 841 2776 
2608 2756 2777 2776 836 
2609 836 2776 2780 2759 
2610 2776 841 2778 2780 
2611 2780 2778 842 2779 
2612 2759 2780 2779 837 
2613 837 2779 2783 2762 
2614 2779 842 2781 2783 
2615 2783 2781 843 2782 
2616 2762 2783 2782 838 
2617 838 2782 2786 2765 
2618 2782 843 2784 2786 
2619 2786 2784 844 2785 
2620 2765 2786 2785 839 
2621 839 2785 2789 2768 
2622 2785 844 2787 2789 
2623 2789 2787 315 2788 
2624 2768 2789 2788 314 
2625 260 2790 2793 2772 
2626 2790 261 2791 2793 
2627 2793 2791 845 2792 
2628 2772 2793 2792 840 
2629 840 2792 2796 2775 
2630 2792 845 2794 2796 
2631 2796 2794 846 2795 
2632 2775 2796 2795 841 
2633 841 2795 2799 2778 
2634 2795 846 2797 2799 
2635 2799 2797 847 2798 
2636 2778 2799 2798 842 
2637 842 2798 2802 2781 
2638 2798 847 2800 2802 
2639 2802 2800 848 2801 
2640 2781 2802 2801 843 
2641 843 2801 2805 2784 
2642 2801 848 2803 2805 
2643 2805 2803 849 2804 
2644 2784 2805 2804 844 
2645 844 2804 2808 2787 
2646 2804 849 2806 2808 
2647 2808 2806 316 2807 
2648 2787 2808 2807 315 
2649 261 2809 2812 2791 
2650 2809 262 2810 2812 
2651 2812 2810 850 2811 
2652 2791 2812 2811 845 
2653 845 2811 2815 2794 
2654 2811 850 2813 2815 
2655 2815 2813 851 2814 
2656 2794 2815 2814 846 
2657 846 2814 2818 2797 
2658 2814 851 2816 2818 
2659 2818 2816 852 2817 
2660 2797 2818 2817 847 
2661 847 2817 2821 2800 
2662 2817 852 2819 2821 
2663 2821 2819 853 2820 
2664 2800 2821 2820 848 
2665 848 2820 2824 2803 
2666 2820 853 2822 2824 
2667 2824 2822 854 2823 
2668 2803 2824 2823 849 
2669 849 2823 2827 2806 
2670 2823 854 2825 2827 
2671 2827 2825 317 2826 
2672 2806 2827 2826 316 
2673 262 2828 2831 2810 
2674 2828 263 2829 2831 
2675 2831 2829 855 2830 
2676 2810 2831 2830 850 
2677 850 2830 2834 2813 
2678 2830 855 2832 2834 
2679 2834 2832 856 2833 
2680 2813 2834 2833 851 
2681 851 2833 2837 2816 
2682 2833 856 2835 2837 
2683 2837 2835 857 2836 
2684 2816 2837 2836 852 
2685 852 2836 2840 2819 
2686 2836 857 2838 2840 
2687 2840 2838 858 2839 
2688 2819 2840 2839 853 
2689 853 2839 2843 2822 
2690 2839 858 2841 2843 
2691 2843 2841 859 2842 
2692 2822 2843 2842 854 
2693 854 2842 2846 2825 
2694 2842 859 2844 2846 
2695 2846 2844 318 2845 
2696 2825 2846 2845 317 
2697 263 2847 2850 2829 
2698 2847 264 2848 2850 
2699 2850 2848 860 2849 
2700 2829 2850 2849 855 
2701 855 2849 2853 2832 
2702 2849 860 2851 2853 
2703 2853 2851 861 2852 
2704 2832 2853 2852 856 
2705 856 2852 2856 2835 
2706 2852 861 2854 2856 
2707 2856 2854 862 2855 
2708 2835 2856 2855 857 
2709 857 2855 2859 2838 
2710 2855 862 2857 2859 
2711 2859 2857 863 2858 
2712 2838 2859 2858 858 
2713 858 2858 2862 2841 
2714 2858 863 2860 2862 
2715 2862 2860 864 2861 
2716 2841 2862 2861 859 
2717 859 2861 2865 2844 
2718 2861 864 2863 2865 
2719 2865 2863 319 2864 
2720 2844 2865 2864 318 
2721 264 2866 2869 2848 
2722 2866 265 2867 2869 
2723 2869 2867 865 2868 
2724 2848 2869 2868 860 
2725 860 2868 2872 2851 
2726 2868 865 2870 2872 
2727 2872 2870 866 2871 
2728 2851 2872 2871 861 
2729 861 2871 2875 2854 
2730 2871 866 2873 2875 
2731 2875 2873 867 2874 
2732 2854 2875 2874 862 
2733 862 2874 2878 2857 
2734 2874 867 2876 2878 
2735 2878 2876 868 2877 
2736 2857 2878 2877 863 
2737 863 2877 2881 2860 
2738 2877 868 2879 2881 
2739 2881 2879 869 2880 
2740 2860 2881 2880 864 
2741 864 2880 2884 2863 
2742 2880 869 2882 2884 
2743 2884 2882 320 2883 
2744 2863 2884 2883 319 
2745 265 2885 2888 2867 
2746 2885 266 2886 2888 
2747 2888 2886 870 2887 
2748 2867 2888 2887 865 
2749 865 2887 2891 2870 
2750 2887 870 2889 2891 
2751 2891 2889 871 2890 
2752 2870 2891 2890 866 
2753 866 2890 2894 2873 
2754 2890 871 2892 2894 
2755 2894 2892 872 2893 
2756 2873 2894 2893 867 
2757 867 2893 2897 2876 
2758 2893 872 2895 2897 
2759 2897 2895 873 2896 
2760 2876 2897 2896 868 
2761 868 2896 2900 2879 
2762 2896 873 2898 2900 
2763 2900 2898 874 2899 
2764 2879 2900 2899 869 
2765 869 2899 2903 2882 
2766 2899 874 2901 2903 
2767 2903 2901 321 2902 
2768 2882 2903 2902 320 
2769 266 2904 2907 2886 
2770 2904 267 2905 2907 
2771 2907 2905 875 2906 
2772 2886 2907 2906 870 
2773 870 2906 2910 2889 
2774 2906 875 2908 2910 
2775 2910 2908 876 2909 
2776 2889 2910 2909 871 
2777 871 2909 2913 2892 
2778 2909 876 2911 2913 
2779 2913 2911 877 2912 
2780 2892 2913 2912 872 
2781 872 2912 2916 2895 
2782 2912 877 2914 2916 
2783 2916 2914 878 2915 
2784 2895 2916 2915 873 
2785 873 2915 2919 2898 
2786 2915 878 2917 2919 
2787 2919 2917 879 2918 
2788 2898 2919 2918 874 
2789 874 2918 2922 2901 
2790 2918 879 2920 2922 
2791 2922 2920 322 2921 
2792 2901 2922 2921 321 
2793 267 2923 2925 2905 
2794 2923 195 196 2925 
2795 2925 196 197 2924 
2796 2905 2925 2924 875 
2797 875 2924 2927 2908 
2798 2924 197 198 2927 
2799 2927 198 199 2926 
2800 2908 2927 2926 876 
2801 876 2926 2929 2911 
2802 2926 199 200 2929 
2803 2929 200 201 2928 
2804 2911 2929 2928 877 
2805 877 2928 2931 2914 
2806 2928 201 202 2931 
2807 2931 202 203 2930 
2808 2914 2931 2930 878 
2809 878 2930 2933 2917 
2810 2930 203 204 2933 
2811 2933 204 205 2932 
2812 2917 2933 2932 879 
2813 879 2932 2935 2920 
2814 2932 205 206 2935 
2815 2935 206 207 2934 
2816 2920 2935 2934 322 
2817 25 2750 2938 24 
2818 2750 298 2936 2938 
2819 2938 2936 880 2937 
2820 24 2938 2937 23 
2821 23 2937 2941 22 
2822 2937 880 2939 2941 
2823 2941 2939 881 2940 
2824 22 2941 2940 21 
2825 21 2940 2944 20 
2826 2940 881 2942 2944 
2827 2944 2942 882 2943 
2828 20 2944 2943 19 
2829 19 2943 2947 18 
2830 2943 882 2945 2947 
2831 2947 2945 883 2946 
2832 18 2947 2946 17 
2833 17 2946 2950 16 
2834 2946 883 2948 2950 
2835 2950 2948 884 2949 
2836 16 2950 2949 15 
2837 15 2949 2953 14 
2838 2949 884 2951 2953 
2839 2953 2951 885 2952 
2840 14 2953 2952 13 
2841 13 2952 2956 12 
2842 2952 885 2954 2956 
2843 2956 2954 886 2955 
2844 12 2956 2955 11 
2845 11 2955 2959 10 
2846 2955 886 2957 2959 
2847 2959 2957 887 2958 
2848 10 2959 2958 9 
2849 9 2958 2962 8 
2850 2958 887 2960 2962 
2851 2962 2960 888 2961 
2852 8 2962 2961 7 
2853 7 2961 2964 6 
2854 2961 888 2963 2964 
2855 2964 2963 239 240 
2856 6 2964 240 1 
2857 298 2747 2967 2936 
2858 2747 299 2965 2967 
2859 2967 2965 889 2966 
2860 2936 2967 2966 880 
2861 880 2966 2970 2939 
2862 2966 889 2968 2970 
2863 2970 2968 890 2969 
2864 2939 2970 2969 881 
2865 881 2969 2973 2942 
2866 2969 890 2971 2973 
2867 2973 2971 891 2972 
2868 2942 2973 2972 882 
2869 882 2972 2976 2945 
2870 2972 891 2974 2976 
2871 2976 2974 892 2975 
2872 2945 2976 2975 883 
2873 883 2975 2979 2948 
2874 2975 892 2977 2979 
2875 2979 2977 893 2978 
2876 2948 2979 2978 884 
2877 884 2978 2982 2951 
2878 2978 893 2980 2982 
2879 2982 2980 894 2981 
2880 2951 2982 2981 885 
2881 885 2981 2985 2954 
2882 2981 894 2983 2985 
2883 2985 2983 895 2984 
2884 2954 2985 2984 886 
2885 886 2984 2988 2957 
2886 2984 895 2986 2988 
2887 2988 2986 896 2987 
2888 2957 2988 2987 887 
2889 887 2987 2991 2960 
2890 2987 896 2989 2991 
2891 2991 2989 897 2990 
2892 2960 2991 2990 888 
2893 888 2990 2993 2963 
2894 2990 897 2992 2993 
2895 2993 2992 237 238 
2896 2963 2993 238 239 
2897 299 2744 2996 2965 
2898 2744 300 2994 2996 
2899 2996 2994 898 2995 
2900 2965 2996 2995 889 
2901 889 2995 2999 2968 
2902 2995 898 2997 2999 
2903 2999 2997 899 2998 
2904 2968 2999 2998 890 
2905 890 2998 3002 2971 
2906 2998 899 3000 3002 
2907 3002 3000 900 3001 
2908 2971 3002 3001 891 
2909 891 3001 3005 2974 
2910 3001 900 3003 3005 
2911 3005 3003 901 3004 
2912 2974 3005 3004 892 
2913 892 3004 3008 2977 
2914 3004 901 3006 3008 
2915 3008 3006 902 3007 
2916 2977 3008 3007 893 
2917 893 3007 3011 2980 
2918 3007 902 3009 3011 
2919 3011 3009 903 3010 
2920 2980 3011 3010 894 
2921 894 3010 3014 2983 
2922 3010 903 3012 3014 
2923 3014 3012 904 3013 
2924 2983 3014 3013 895 
2925 895 3013 3017 2986 
2926 3013 904 3015 3017 
2927 3017 3015 905 3016 
2928 2986 3017 3016 896 
2929 896 3016 3020 2989 
2930 3016 905 3018 3020 
2931 3020 3018 906 3019 
2932 2989 3020 3019 897 
2933 897 3019 3022 2992 
2934 3019 906 3021 3022 
2935 3022 3021 235 236 
2936 2992 3022 236 237 
2937 300 2741 3025 2994 
2938 2741 301 3023 3025 
2939 3025 3023 907 3024 
2940 2994 3025 3024 898 
2941 898 3024 3028 2997 
2942 3024 907 3026 3028 
2943 3028 3026 908 3027 
2944 2997 3028 3027 899 
2945 899 3027 3031 3000 
2946 3027 908 3029 3031 
2947 3031 3029 909 3030 
2948 3000 3031 3030 900 
2949 900 3030 3034 3003 
2950 3030 909 3032 3034 
2951 3034 3032 910 3033 
2952 3003 3034 3033 901 
2953 901 3033 3037 3006 
2954 3033 910 3035 3037 
2955 3037 3035 911 3036 
2956 3006 3037 3036 902 
2957 902 3036 3040 3009 
2958 3036 911 3038 3040 
2959 3040 3038 912 3039 
2960 3009 3040 3039 903 
2961 903 3039 3043 3012 
2962 3039 912 3041 3043 
2963 3043 3041 913 3042 
2964 3012 3043 3042 904 
2965 904 3042 3046 3015 
2966 3042 913 3044 3046 
2967 3046 3044 914 3045 
2968 3015 3046 3045 905 
2969 905 3045 3049 3018 
2970 3045 914 3047 3049 
2971 3049 3047 915 3048 
2972 3018 3049 3048 906 
2973 906 3048 3051 3021 
2974 3048 915 3050 3051 
2975 3051 3050 233 234 
2976 3021 3051 234 235 
2977 301 2738 3054 3023 
2978 2738 302 3052 3054 
2979 3054 3052 916 3053 
2980 3023 3054 3053 907 
2981 907 3053 3057 3026 
2982 3053 916 3055 3057 
2983 3057 3055 917 3056 
2984 3026 3057 3056 908 
2985 908 3056 3060 3029 
2986 3056 917 3058 3060 
2987 3060 3058 918 3059 
2988 3029 3060 3059 909 
2989 909 3059 3063 3032 
2990 3059 918 3061 3063 
2991 3063 3061 919 3062 
2992 3032 3063 3062 910 
2993 910 3062 3066 3035 
2994 3062 919 3064 3066 
2995 3066 3064 920 3065 
2996 3035 3066 3065 911 
2997 911 3065 3069 3038 
2998 3065 920 3067 3069 
2999 3069 3067 921 3068 
3000 3038 3069 3068 912 
3001 912 3068 3072 3041 
3002 3068 921 3070 3072 
3003 3072 3070 922 3071 
3004 3041 3072 3071 913 
3005 913 3071 3075 3044 
3006 3071 922 3073 3075 
3007 3075 3073 923 3074 
3008 3044 3075 3074 914 
3009 914 3074 3078 3047 
3010 3074 923 3076 3078 
3011 3078 3076 924 3077 
3012 3047 3078 3077 915 
3013 915 3077 3080 3050 
3014 3077 924 3079 3080 
3015 3080 3079 231 232 
3016 3050 3080 232 233 
3017 302 2735 3083 3052 
3018 2735 303 3081 3083 
3019 3083 3081 925 3082 
3020 3052 3083 3082 916 
3021 916 3082 3086 3055 
3022 3082 925 3084 3086 
3023 3086 3084 926 3085 
3024 3055 3086 3085 917 
3025 917 3085 3089 3058 
3026 3085 926 3087 3089 
3027 3089 3087 927 3088 
3028 3058 3089 3088 918 
3029 918 3088 3092 3061 
3030 3088 927 3090 3092 
3031 3092 3090 928 3091 
3032 3061 3092 3091 919 
3033 919 3091 3095 3064 
3034 3091 928 3093 3095 
3035 3095 3093 929 3094 
3036 3064 3095 3094 920 
3037 920 3094 3098 3067 
3038 3094 929 3096 3098 
3039 3098 3096 930 3097 
3040 3067 3098 3097 921 
3041 921 3097 3101 3070 
3042 3097 930 3099 3101 
3043 3101 3099 931 3100 
3044 3070 3101 3100 922 
3045 922 3100 3104 3073 
3046 3100 931 3102 3104 
3047 3104 3102 932 3103 
3048 3073 3104 3103 923 
3049 923 3103 3107 3076 
3050 3103 932 3105 3107 
3051 3107 3105 933 3106 
3052 3076 3107 3106 924 
3053 924 3106 3109 3079 
3054 3106 933 3108 3109 
3055 3109 3108 229 230 
3056 3079 3109 230 231 
3057 303 2732 3112 3081 
3058 2732 304 3110 3112 
3059 3112 3110 934 3111 
3060 3081 3112 3111 925 
3061 925 3111 3115 3084 
3062 3111 934 3113 3115 
3063 3115 3113 935 3114 
3064 3084 3115 3114 926 
3065 926 3114 3118 3087 
3066 3114 935 3116 3118 
3067 3118 3116 936 3117 
3068 3087 3118 3117 927 
3069 927 3117 3121 3090 
3070 3117 936 3119 3121 
3071 3121 3119 937 3120 
3072 3090 3121 3120 928 
3073 928 3120 3124 3093 
3074 3120 937 3122 3124 
3075 3124 3122 938 3123 
3076 3093 3124 3123 929 
3077 929 3123 3127 3096 
3078 3123 938 3125 3127 
3079 3127 3125 939 3126 
3080 3096 3127 3126 930 
3081 930 3126 3130 3099 
3082 3126 939 3128 3130 
3083 3130 3128 940 3129 
3084 3099 3130 3129 931 
3085 931 3129 3133 3102 
3086 3129 940 3131 3133 
3087 3133 3131 941 3132 
3088 3102 3133 3132 932 
3089 932 3132 3136 3105 
3090 3132 941 3134 3136 
3091 3136 3134 942 3135 
3092 3105 3136 3135 933 
3093 933 3135 3138 3108 
3094 3135 942 3137 3138 
3095 3138 3137 227 228 
3096 3108 3138 228 229 
3097 304 2729 3141 3110 
3098 2729 305 3139 3141 
3099 3141 3139 943 3140 
3100 3110 3141 3140 934 
3101 934 3140 3144 3113 
3102 3140 943 3142 3144 
3103 3144 3142 944 3143 
3104 3113 3144 3143 935 
3105 935 3143 3147 3116 
3106 3143 944 3145 3147 
3107 3147 3145 945 3146 
3108 3116 3147 3146 936 
3109 936 3146 3150 3119 
3110 3146 945 3148 3150 
3111 3150 3148 946 3149 
3112 3119 3150 3149 937 
3113 937 3149 3153 3122 
3114 3149 946 3151 3153 
3115 3153 3151 947 3152 
3116 3122 3153 3152 938 
3117 938 3152 3156 3125 
3118 3152 947 3154 3156 
3119 3156 3154 948 3155 
3120 3125 3156 3155 939 
3121 939 3155 3159 3128 
3122 3155 948 3157 3159 
3123 3159 3157 949 3158 
3124 3128 3159 3158 940 
3125 940 3158 3162 3131 
3126 3158 949 3160 3162 
3127 3162 3160 950 3161 
3128 3131 3162 3161 941 
3129 941 3161 3165 3134 
3130 3161 950 3163 3165 
3131 3165 3163 951 3164 
3132 3134 3165 3164 942 
3133 942 3164 3167 3137 
3134 3164 951 3166 3167 
3135 3167 3166 225 226 
3136 3137 3167 226 227 
3137 305 2726 3170 3139 
3138 2726 306 3168 3170 
3139 3170 3168 952 3169 
3140 3139 3170 3169 943 
3141 943 3169 3173 3142 
3142 3169 952 3171 3173 
3143 3173 3171 953 3172 
3144 3142 3173 3172 944 
3145 944 3172 3176 3145 
3146 3172 953 3174 3176 
3147 3176 3174 954 3175 
3148 3145 3176 3175 945 
3149 945 3175 3179 3148 
3150 3175 954 3177 3179 
3151 3179 3177 955 3178 
3152 3148 3179 3178 946 
3153 946 3178 3182 3151 
3154 3178 955 3180 3182 
3155 3182 3180 956 3181 
3156 3151 3182 3181 947 
3157 947 3181 3185 3154 
3158 3181 956 3183 3185 
3159 3185 3183 957 3184 
3160 3154 3185 3184 948 
3161 948 3184 3188 3157 
3162 3184 957 3186 3188 
3163 3188 3186 958 3187 
3164 3157 3188 3187 949 
3165 949 3187 3191 3160 
3166 3187 958 3189 3191 
3167 3191 3189 959 3190 
3168 3160 3191 3190 950 
3169 950 3190 3194 3163 
3170 3190 959 3192 3194 
3171 3194 3192 960 3193 
3172 3163 3194 3193 951 
3173 951 3193 3196 3166 
3174 3193 960 3195 3196 
3175 3196 3195 223 224 
3176 3166 3196 224 225 
3177 306 2723 3199 3168 
3178 2723 307 3197 3199 
3179 3199 3197 961 3198 
3180 3168 3199 3198 952 
3181 952 3198 3202 3171 
3182 3198 961 3200 3202 
3183 3202 3200 962 3201 
3184 3171 3202 3201 953 
3185 953 3201 3205 3174 
3186 3201 962 3203 3205 
3187 3205 3203 963 3204 
3188 3174 3205 3204 954 
3189 954 3204 3208 3177 
3190 3204 963 3206 3208 
3191 3208 3206 964 3207 
3192 3177 3208 3207 955 
3193 955 3207 3211 3180 
3194 3207 964 3209 3211 
3195 3211 3209 965 3210 
3196 3180 3211 3210 956 
3197 956 3210 3214 3183 
3198 3210 965 3212 3214 
3199 3214 3212 966 3213 
3200 3183 3214 3213 957 
3201 957 3213 3217 3186 
3202 3213 966 3215 3217 
3203 3217 3215 967 3216 
3204 3186 3217 3216 958 
3205 958 3216 3220 3189 
3206 3216 967 3218 3220 
3207 3220 3218 968 3219 
3208 3189 3220 3219 959 
3209 959 3219 3223 3192 
3210 3219 968 3221 3223 
3211 3223 3221 969 3222 
3212 3192 3223 3222 960 
3213 960 3222 3225 3195 
3214 3222 969 3224 3225 
3215 3225 3224 221 222 
3216 3195 3225 222 223 
3217 307 2720 3228 3197 
3218 2720 308 3226 3228 
3219 3228 3226 970 3227 
3220 3197 3228 3227 961 
3221 961 3227 3231 3200 
3222 3227 970 3229 3231 
3223 3231 3229 971 3230 
3224 3200 3231 3230 962 
3225 962 3230 3234 3203 
3226 3230 971 3232 3234 
3227 3234 3232 972 3233 
3228 3203 3234 3233 963 
3229 963 3233 3237 3206 
3230 3233 972 3235 3237 
3231 3237 3235 973 3236 
3232 3206 3237 3236 964 
3233 964 3236 3240 3209 
3234 3236 973 3238 3240 
3235 3240 3238 974 3239 
3236 3209 3240 3239 965 
3237 965 3239 3243 3212 
3238 3239 974 3241 3243 
3239 3243 3241 975 3242 
3240 3212 3243 3242 966 
3241 966 3242 3246 3215 
3242 3242 975 3244 3246 
3243 3246 3244 976 3245 
3244 3215 3246 3245 967 
3245 967 3245 3249 3218 
3246 3245 976 3247 3249 
3247 3249 3247 977 3248 
3248 3218 3249 3248 968 
3249 968 3248 3252 3221 
3250 3248 977 3250 3252 
3251 3252 3250 978 3251 
3252 3221 3252 3251 969 
3253 969 3251 3254 3224 
3254 3251 978 3253 3254 
3255 3254 3253 219 220 
3256 3224 3254 220 221 
3257 308 2717 3257 3226 
3258 2717 309 3255 3257 
3259 3257 3255 979 3256 
3260 3226 3257 3256 970 
3261 970 3256 3260 3229 
3262 3256 979 3258 3260 
3263 3260 3258 980 3259 
3264 3229 3260 3259 971 
3265 971 3259 3263 3232 
3266 3259 980 3261 3263 
3267 3263 3261 981 3262 
3268 3232 3263 3262 972 
3269 972 3262 3266 3235 
3270 3262 981 3264 3266 
3271 3266 3264 982 3265 
3272 3235 3266 3265 973 
3273 973 3265 3269 3238 
3274 3265 982 3267 3269 
3275 3269 3267 983 3268 
3276 3238 3269 3268 974 
3277 974 3268 3272 3241 
3278 3268 983 3270 3272 
3279 3272 3270 984 3271 
3280 3241 3272 3271 975 
3281 975 3271 3275 3244 
3282 3271 984 3273 3275 
3283 3275 3273 985 3274 
3284 3244 3275 3274 976 
3285 976 3274 3278 3247 
3286 3274 985 3276 3278 
3287 3278 3276 986 3277 
3288 3247 3278 3277 977 
3289 977 3277 3281 3250 
3290 3277 986 3279 3281 
3291 3281 3279 987 3280 
3292 3250 3281 3280 978 
3293 978 3280 3283 3253 
3294 3280 987 3282 3283 
3295 3283 3282 217 218 
3296 3253 3283 218 219 
3297 309 2714 3286 3255 
3298 2714 310 3284 3286 
3299 3286 3284 988 3285 
3300 3255 3286 3285 979 
3301 979 3285 3289 3258 
3302 3285 988 3287 3289 
3303 3289 3287 989 3288 
3304 3258 3289 3288 980 
3305 980 3288 3292 3261 
3306 3288 989 3290 3292 
3307 3292 3290 990 3291 
3308 3261 3292 3291 981 
3309 981 3291 3295 3264 
3310 3291 990 3293 3295 
3311 3295 3293 991 3294 
3312 3264 3295 3294 982 
3313 982 3294 3298 3267 
3314 3294 991 3296 3298 
3315 3298 3296 992 3297 
3316 3267 3298 3297 983 
3317 983 3297 3301 3270 
3318 3297 992 3299 3301 
3319 3301 3299 993 3300 
3320 3270 3301 3300 984 
3321 984 3300 3304 3273 
3322 3300 993 3302 3304 
3323 3304 3302 994 3303 
3324 3273 3304 3303 985 
3325 985 3303 3307 3276 
3326 3303 994 3305 3307 
3327 3307 3305 995 3306 
3328 3276 3307 3306 986 
3329 986 3306 3310 3279 
3330 3306 995 3308 3310 
3331 3310 3308 996 3309 
3332 3279 3310 3309 987 
3333 987 3309 3312 3282 
3334 3309 996 3311 3312 
3335 3312 3311 215 216 
3336 3282 3312 216 217 
3337 310 2711 3315 3284 
3338 2711 311 3313 3315 
3339 3315 3313 997 3314 
3340 3284 3315 3314 988 
3341 988 3314 3318 3287 
3342 3314 997 3316 3318 
3343 3318 3316 998 3317 
3344 3287 3318 3317 989 
3345 989 3317 3321 3290 
3346 3317 998 3319 3321 
3347 3321 3319 999 3320 
3348 3290 3321 3320 990 
3349 990 3320 3324 3293 
3350 3320 999 3322 3324 
3351 3324 3322 1000 3323 
3352 3293 3324 3323 991 
3353 991 3323 3327 3296 
3354 3323 1000 3325 3327 
3355 3327 3325 1001 3326 
3356 3296 3327 3326 992 
3357 992 3326 3330 3299 
3358 3326 1001 3328 3330 
3359 3330 3328 1002 3329 
3360 3299 3330 3329 993 
3361 993 3329 3333 3302 
3362 3329 1002 3331 3333 
3363 3333 3331 1003 3332 
3364 3302 3333 3332 994 
3365 994 3332 3336 3305 
3366 3332 1003 3334 3336 
3367 3336 3334 1004 3335 
3368 3305 3336 3335 995 
3369 995 3335 3339 3308 
3370 3335 1004 3337 3339 
3371 3339 3337 1005 3338 
3372 3308 3339 3338 996 
3373 996 3338 3341 3311 
3374 3338 1005 3340 3341 
3375 3341 3340 213 214 
3376 3311 3341 214 215 
3377 311 2708 3344 3313 
3378 2708 312 3342 3344 
3379 3344 3342 1006 3343 
3380 3313 3344 3343 997 
3381 997 3343 3347 3316 
3382 3343 1006 3345 3347 
3383 3347 3345 1007 3346 
3384 3316 3347 3346 998 
3385 998 3346 3350 3319 
3386 3346 1007 3348 3350 
3387 3350 3348 1008 3349 
3388 3319 3350 3349 999 
3389 999 3349 3353 3322 
3390 3349 1008 3351 3353 
3391 3353 3351 1009 3352 
3392 3322 3353 3352 1000 
3393 1000 3352 3356 3325 
3394 3352 1009 3354 3356 
3395 3356 3354 1010 3355 
3396 3325 3356 3355 1001 
3397 1001 3355 3359 3328 
3398 3355 1010 3357 3359 
3399 3359 3357 1011 3358 
3400 3328 3359 3358 1002 
3401 1002 3358 3362 3331 
3402 3358 1011 3360 3362 
3403 3362 3360 1012 3361 
3404 3331 3362 3361 1003 
3405 1003 3361 3365 3334 
3406 3361 1012 3363 3365 
3407 3365 3363 1013 3364 
3408 3334 3365 3364 1004 
3409 1004 3364 3368 3337 
3410 3364 1013 3366 3368 
3411 3368 3366 1014 3367 
3412 3337 3368 3367 1005 
3413 1005 3367 3370 3340 
3414 3367 1014 3369 3370 
3415 3370 3369 211 212 
3416 3340 3370 212 213 
3417 312 2705 3373 3342 
3418 2705 313 3371 3373 
3419 3373 3371 1015 3372 
3420 3342 3373 3372 1006 
3421 1006 3372 3376 3345 
3422 3372 1015 3374 3376 
3423 3376 3374 1016 3375 
3424 3345 3376 3375 1007 
3425 1007 3375 3379 3348 
3426 3375 1016 3377 3379 
3427 3379 3377 1017 3378 
3428 3348 3379 3378 1008 
3429 1008 3378 3382 3351 
3430 3378 1017 3380 3382 
3431 3382 3380 1018 3381 
3432 3351 3382 3381 1009 
3433 1009 3381 3385 3354 
3434 3381 1018 3383 3385 
3435 3385 3383 1019 3384 
3436 3354 3385 3384 1010 
3437 1010 3384 3388 3357 
3438 3384 1019 3386 3388 
3439 3388 3386 1020 3387 
3440 3357 3388 3387 1011 
3441 1011 3387 3391 3360 
3442 3387 1020 3389 3391 
3443 3391 3389 1021 3390 
3444 3360 3391 3390 1012 
3445 1012 3390 3394 3363 
3446 3390 1021 3392 3394 
3447 3394 3392 1022 3393 
3448 3363 3394 3393 1013 
3449 1013 3393 3397 3366 
3450 3393 1022 3395 3397 
3451 3397 3395 1023 3396 
3452 3366 3397 3396 1014 
3453 1014 3396 3399 3369 
3454 3396 1023 3398 3399 
3455 3399 3398 209 210 
3456 3369 3399 210 211 
3457 313 2702 3401 3371 
3458 2702 242 2769 3401 
3459 3401 2769 314 3400 
3460 3371 3401 3400 1015 
3461 1015 3400 3403 3374 
3462 3400 314 2788 3403 
3463 3403 2788 315 3402 
3464 3374 3403 3402 1016 
3465 1016 3402 3405 3377 
3466 3402 315 2807 3405 
3467 3405 2807 316 3404 
3468 3377 3405 3404 1017 
3469 1017 3404 3407 3380 
3470 3404 316 2826 3407 
3471 3407 2826 317 3406 
3472 3380 3407 3406 1018 
3473 1018 3406 3409 3383 
3474 3406 317 2845 3409 
3475 3409 2845 318 3408 
3476 3383 3409 3408 1019 
3477 1019 3408 3411 3386 
3478 3408 318 2864 3411 
3479 3411 2864 319 3410 
3480 3386 3411 3410 1020 
3481 1020 3410 3413 3389 
3482 3410 319 2883 3413 
3483 3413 2883 320 3412 
3484 3389 3413 3412 1021 
3485 1021 3412 3415 3392 
3486 3412 320 2902 3415 
3487 3415 2902 321 3414 
3488 3392 3415 3414 1022 
3489 1022 3414 3417 3395 
3490 3414 321 2921 3417 
3491 3417 2921 322 3416 
3492 3395 3417 3416 1023 
3493 1023 3416 3418 3398 
3494 3416 322 2934 3418 
3495 3418 2934 207 208 
3496 3398 3418 208 209 
3497 338 3419 3421 3420 
3498 3419 347 1063 3421 
3499 3421 1063 348 1024 
3500 3420 3421 1024 339 
3501 337 3422 3424 3423 
3502 3422 346 1059 3424 
3503 3424 1059 347 3419 
3504 3423 3424 3419 338 
3505 336 3425 3427 3426 
3506 3425 345 1055 3427 
3507 3427 1055 346 3422 
3508 3426 3427 3422 337 
3509 335 3428 3430 3429 
3510 3428 344 1051 3430 
3511 3430 1051 345 3425 
3512 3429 3430 3425 336 
3513 334 3431 3433 3432 
3514 3431 343 1047 3433 
3515 3433 1047 344 3428 
3516 3432 3433 3428 335 
3517 333 3434 3436 3435 
3518 3434 342 1043 3436 
3519 3436 1043 343 3431 
3520 3435 3436 3431 334 
3521 332 3437 3439 3438 
3522 3437 341 1039 3439 
3523 3439 1039 342 3434 
3524 3438 3439 3434 333 
3525 244 1461 3441 3440 
3526 1461 245 1035 3441 
3527 3441 1035 341 3437 
3528 3440 3441 3437 332 
3529 331 3442 3444 3443 
3530 3442 340 1030 3444 
3531 3444 1030 191 192 
3532 3443 3444 192 193 
3533 330 3445 3447 3446 
3534 3445 339 1027 3447 
3535 3447 1027 340 3442 
3536 3446 3447 3442 331 
3537 329 3448 3450 3449 
3538 3448 338 3420 3450 
3539 3450 3420 339 3445 
3540 3449 3450 3445 330 
3541 328 3451 3453 3452 
3542 3451 337 3423 3453 
3543 3453 3423 338 3448 
3544 3452 3453 3448 329 
3545 327 3454 3456 3455 
3546 3454 336 3426 3456 
3547 3456 3426 337 3451 
3548 3455 3456 3451 328 
3549 326 3457 3459 3458 
3550 3457 335 3429 3459 
3551 3459 3429 336 3454 
3552 3458 3459 3454 327 
3553 325 3460 3462 3461 
3554 3460 334 3432 3462 
3555 3462 3432 335 3457 
3556 3461 3462 3457 326 
3557 324 3463 3465 3464 
3558 3463 333 3435 3465 
3559 3465 3435 334 3460 
3560 3464 3465 3460 325 
3561 323 3466 3468 3467 
3562 3466 332 3438 3468 
3563 3468 3438 333 3463 
3564 3467 3468 3463 324 
3565 243 1457 3470 3469 
3566 1457 244 3440 3470 
3567 3470 3440 332 3466 
3568 3469 3470 3466 323 
3569 267 3471 3472 2923 
3570 3471 331 3443 3472 
3571 3472 3443 193 194 
3572 2923 3472 194 195 
3573 266 3473 3474 2904 
3574 3473 330 3446 3474 
3575 3474 3446 331 3471 
3576 2904 3474 3471 267 
3577 265 3475 3476 2885 
3578 3475 329 3449 3476 
3579 3476 3449 330 3473 
3580 2885 3476 3473 266 
3581 264 3477 3478 2866 
3582 3477 328 3452 3478 
3583 3478 3452 329 3475 
3584 2866 3478 3475 265 
3585 263 3479 3480 2847 
3586 3479 327 3455 3480 
3587 3480 3455 328 3477 
3588 2847 3480 3477 264 
3589 262 3481 3482 2828 
3590 3481 326 3458 3482 
3591 3482 3458 327 3479 
3592 2828 3482 3479 263 
3593 261 3483 3484 2809 
3594 3483 325 3461 3484 
3595 3484 3461 326 3481 
3596 2809 3484 3481 262 
3597 260 3485 3486 2790 
3598 3485 324 3464 3486 
3599 3486 3464 325 3483 
3600 2790 3486 3483 261 
3601 259 3487 3488 2771 
3602 3487 323 3467 3488 
3603 3488 3467 324 3485 
3604 2771 3488 3485 260 
3605 241 1453 3489 2752 
3606 1453 243 3469 3489 
3607 3489 3469 323 3487 
3608 2752 3489 3487 259 
$EndElements
